feature,activation_frequency,auroc,status,mean_active_positive,mean_active_negative,abs_auroc_gap
13065,0.26753304951826123,0.58767513141737,ranked,1.0297430753707886,0.5420867204666138,0.08767513141737004
30934,0.1779632534169841,0.42667804907979984,ranked,0.08741718530654907,0.532141923904419,0.07332195092020016
8361,0.28655052655164687,0.43056453603458344,ranked,0.38554540276527405,0.7786096930503845,0.06943546396541656
12826,0.3430427963253417,0.5680027428871237,ranked,1.3236613273620605,0.8860536813735962,0.06800274288712371
14837,0.49532265292404215,0.5677218812841822,ranked,9.0397310256958,6.6671953201293945,0.06772188128418222
11672,0.3159870042572261,0.43603236430210657,ranked,0.5727985501289368,1.0046195983886719,0.06396763569789343
26488,0.45569123907685416,0.4412914041554599,ranked,5.478878021240234,7.555655002593994,0.05870859584454008
4642,0.20630741653596235,0.5529779446325132,ranked,0.5624260902404785,0.35324761271476746,0.05297794463251315
18865,0.21896706251400402,0.5522322484547697,ranked,1.5490690469741821,1.189515233039856,0.0522322484547697
7669,0.22638920008962582,0.552072206264249,ranked,0.7187405228614807,0.4605052173137665,0.05207220626424902
6389,0.2050750616177459,0.4497914514272485,ranked,0.24708294868469238,0.485830694437027,0.05020854857275148
8059,0.12429979834192248,0.5495453533494309,ranked,2.5131139755249023,1.2821987867355347,0.04954535334943089
8796,0.38463477481514674,0.4521048735641419,ranked,1.1996967792510986,1.6525498628616333,0.04789512643585808
15408,0.1917712301142729,0.4528814458139483,ranked,0.38641422986984253,0.8307271003723145,0.04711855418605171
32328,0.241681604302039,0.546976629290499,ranked,2.1953952312469482,1.5626590251922607,0.04697662929049895
22051,0.2318227649563074,0.45393636048926833,ranked,0.3531518876552582,0.6188905835151672,0.04606363951073167
27103,0.21765068339681828,0.5432275793321268,ranked,1.1798462867736816,0.8902398943901062,0.04322757933212684
19319,0.273834864440959,0.45898264640055,ranked,0.504173219203949,0.8260836601257324,0.041017353599450024
14267,0.268569347972216,0.45954347371167303,ranked,0.809163510799408,1.2681992053985596,0.040456526288326966
12546,0.41919672865785346,0.46000236841996467,ranked,2.192089080810547,3.0741565227508545,0.03999763158003533
26280,0.11340466054223616,0.46003542103885775,ranked,0.07081267237663269,0.2851449251174927,0.03996457896114225
18887,0.3825341698409142,0.539110782829808,ranked,2.0789592266082764,1.680084228515625,0.039110782829807955
6765,0.19017477033385616,0.5388119892894349,ranked,1.6338444948196411,1.0457990169525146,0.038811989289434856
27831,0.16073829262827694,0.5384405468285482,ranked,0.28674790263175964,0.1865687519311905,0.03844054682854825
29014,0.17398610799910375,0.4634740841854837,ranked,0.3581336736679077,0.672421395778656,0.03652591581451631
11211,0.34441519157517364,0.5358494647188893,ranked,1.184066653251648,0.9736986756324768,0.03584946471888928
16186,0.1436813802375084,0.5355620313487448,ranked,0.5641704797744751,0.32766860723495483,0.035562031348744805
29521,0.3048117857943088,0.5353437756579766,ranked,1.2352354526519775,0.9553982615470886,0.03534377565797664
23426,0.2315426842930764,0.5352130480426963,ranked,0.7869720458984375,0.5549819469451904,0.035213048042696315
10388,0.24081335424602285,0.4648529757501116,ranked,1.5492218732833862,2.3205559253692627,0.035147024249888414
22556,0.27784001792516244,0.5347009894228024,ranked,0.4320676326751709,0.34517595171928406,0.03470098942280242
175,0.11822204794980955,0.4662507569327763,ranked,0.16167759895324707,0.45661377906799316,0.03374924306722371
24175,0.2338393457315707,0.5337048443203395,ranked,0.6938352584838867,0.5356956124305725,0.03370484432033949
2336,0.20409477929643738,0.5332040812763814,ranked,0.5134209394454956,0.39803600311279297,0.033204081276381414
28603,0.2443423706027336,0.5331691020624879,ranked,0.6951884627342224,0.5355449914932251,0.03316910206248791
24079,0.2290219583239973,0.46695198976934243,ranked,0.6204729080200195,0.8762170076370239,0.033048010230657565
8977,0.25414519381581896,0.4670650045060979,ranked,0.43001788854599,0.6198703050613403,0.03293499549390211
18332,0.19034281873179476,0.4679472698699684,ranked,1.1088825464248657,1.929917812347412,0.032052730130031626
2524,0.18014788259018596,0.4689669441457754,ranked,0.21714340150356293,0.323067843914032,0.03103305585422461
21867,0.32391328702666367,0.5301904457693726,ranked,0.7950064539909363,0.6563204526901245,0.030190445769372576
10931,0.12948129061169616,0.5300545730782311,ranked,0.3176426589488983,0.208464115858078,0.030054573078231117
27684,0.19476809321084473,0.5299353488640033,ranked,3.1738529205322266,2.309957265853882,0.029935348864003286
23258,0.1943479722159982,0.5298992996316038,ranked,0.49184468388557434,0.37846454977989197,0.02989929963160376
29965,0.30223504369258347,0.4701885233308745,ranked,0.7020874619483948,0.8783020973205566,0.02981147666912548
22544,0.19079094779296438,0.5296784826366945,ranked,1.380792260169983,0.9801720976829529,0.02967848263669448
26197,0.15634102621555007,0.4704625154711756,ranked,0.28178471326828003,0.5150988101959229,0.029537484528824376
2373,0.1617745910822317,0.4707051204019648,ranked,0.7225550413131714,1.2978934049606323,0.029294879598035173
11109,0.4026159533945776,0.5292199586434757,ranked,1.9388151168823242,1.7455297708511353,0.029219958643475707
409,0.13250616177459107,0.4709405076226209,ranked,0.18047800660133362,0.3111647665500641,0.029059492377379093
12717,0.11662558816939278,0.4710511267536395,ranked,0.16544845700263977,0.3003791570663452,0.028948873246360474
5095,0.11508514452162223,0.528928658041093,ranked,1.241094946861267,0.6918925046920776,0.028928658041093014
24130,0.13060161326462022,0.47115300599596804,ranked,0.21339592337608337,0.45419105887413025,0.028846994004031956
3687,0.40880573605198295,0.4712892578275253,ranked,1.474653720855713,1.7532802820205688,0.028710742172474712
18993,0.20403876316379116,0.47148974727926596,ranked,0.3759671151638031,0.6028926372528076,0.02851025272073404
29769,0.4873963701546045,0.4716241118340878,ranked,4.799460411071777,5.789169788360596,0.02837588816591219
16069,0.13261819403988348,0.4718796328150332,ranked,0.3120536804199219,0.508501410484314,0.0281203671849668
32139,0.08724512659645978,0.5275851388730117,ranked,0.6215857267379761,0.29812851548194885,0.027585138873011728
30496,0.1011371274927179,0.5275119226460986,ranked,0.28682583570480347,0.16938114166259766,0.027511922646098586
24601,0.1784673986107999,0.47264189321626465,ranked,0.2741850018501282,0.4250059127807617,0.027358106783735348
8488,0.1490869370378669,0.5269750233078676,ranked,1.7584620714187622,1.172647476196289,0.026975023307867607
10453,0.09948465157965494,0.47310872740570264,ranked,0.13741539418697357,0.3650943636894226,0.026891272594297355
29265,0.0987004257226081,0.4731145437005219,ranked,0.13726767897605896,0.2699194848537445,0.026885456299478083
16889,0.12847300022406452,0.5268762080817863,ranked,0.21232081949710846,0.14661933481693268,0.026876208081786257
6283,0.15824557472552095,0.5264869263622365,ranked,0.8362491726875305,0.6353870630264282,0.026486926362236485
16149,0.1379677347075958,0.5263831738854102,ranked,1.9096918106079102,1.2852141857147217,0.026383173885410227
32692,0.2207315706923594,0.5256702663324929,ranked,0.6549198031425476,0.5385834574699402,0.02567026633249292
14403,0.21714653820300248,0.4745445855198781,ranked,1.1291393041610718,1.6062041521072388,0.025455414480121896
4507,0.1516636791395922,0.47462879962728977,ranked,0.33225739002227783,0.523834764957428,0.025371200372710234
32068,0.12177907237284338,0.5248785537420922,ranked,0.2174747735261917,0.14960473775863647,0.024878553742092246
9460,0.12110687878108896,0.47534277439026584,ranked,0.190675288438797,0.41485360264778137,0.024657225609734157
14168,0.12253529016356711,0.5245513359043436,ranked,1.3642600774765015,0.8873135447502136,0.024551335904343552
12885,0.11500112032265293,0.5245285846709631,ranked,0.838666558265686,0.5091747641563416,0.024528584670963083
9884,0.45608335200537753,0.5244779399367888,ranked,3.3997228145599365,3.014180898666382,0.024477939936788817
9816,0.24593883038315034,0.47560843667521524,ranked,3.856126546859741,5.1261749267578125,0.02439156332478476
32348,0.2579262827694376,0.4757678806664136,ranked,0.8861767053604126,1.1137290000915527,0.024232119333586377
9515,0.18378893121218912,0.47596184328611185,ranked,1.0481679439544678,1.4902303218841553,0.024038156713888148
7429,0.08853349764732243,0.523888963556147,ranked,0.16078071296215057,0.09854172170162201,0.023888963556147003
30721,0.162138695944432,0.47627836093879977,ranked,0.3505799472332001,0.580970048904419,0.023721639061200228
12280,0.1117241765628501,0.4768494306580376,ranked,0.9145020246505737,1.5149729251861572,0.023150569341962413
13949,0.07948689222496079,0.4769398570513691,ranked,0.10024606436491013,0.33493471145629883,0.023060142948630902
2465,0.15482859063410262,0.5229213157706954,ranked,0.5338504910469055,0.42418989539146423,0.02292131577069545
30409,0.11348868474120546,0.4774832832216425,ranked,0.3956550359725952,0.7110600471496582,0.022516716778357482
4506,0.06335424602285458,0.5219564371145011,ranked,0.388963520526886,0.1812058389186859,0.021956437114501126
2089,0.041031817163343046,0.5218908430141644,ranked,0.1486608237028122,0.0608532540500164,0.02189084301416444
8293,0.10738292628276944,0.5215866067024926,ranked,0.27743130922317505,0.18653984367847443,0.021586606702492572
1362,0.45076181940398835,0.5208768867375131,ranked,6.067524433135986,5.478572368621826,0.02087688673751309
3376,0.06951602061393682,0.47929331079924914,ranked,0.08286953717470169,0.19528977572917938,0.02070668920075086
3642,0.11586937037866905,0.5206159398359542,ranked,0.6984301209449768,0.4340158700942993,0.020615939835954222
435,0.09393905444768093,0.5203887364313788,ranked,0.27247849106788635,0.18094366788864136,0.02038873643137884
19665,0.05436365673313914,0.5201812567537547,ranked,0.3797723650932312,0.1834411770105362,0.020181256753754706
26893,0.19754089177683173,0.4798284211564081,ranked,0.5188120007514954,0.6733637452125549,0.020171578843591886
2976,0.05402755993726193,0.5200341446556277,ranked,0.36099421977996826,0.18188032507896423,0.020034144655627695
19184,0.13449473448353125,0.5200284126142343,ranked,1.0175167322158813,0.7364303469657898,0.02002841261423427
7610,0.07480954514900291,0.519990049221076,ranked,0.6858089566230774,0.4284272789955139,0.019990049221075945
11801,0.16816043020389873,0.48036913436637474,ranked,0.5027456879615784,0.7315419316291809,0.01963086563362526
14466,0.13917208155948912,0.5194915582111636,ranked,0.2930448055267334,0.2204589545726776,0.01949155821116355
27336,0.11455299126148331,0.4812690620567146,ranked,0.7041060328483582,0.9858902096748352,0.018730937943285397
24098,0.0637743670177011,0.4814859556504346,ranked,0.22796928882598877,0.5342528223991394,0.018514044349565384
2038,0.10057696616625589,0.4815251587694021,ranked,0.2870222330093384,0.6112143397331238,0.018474841230597894
13027,0.11231234595563522,0.481712041292896,ranked,0.13934560120105743,0.20591683685779572,0.01828795870710398
32657,0.17322989020838,0.5182724420345418,ranked,0.7215524315834045,0.5380593538284302,0.018272442034541814
20985,0.0504985435805512,0.5180215662257989,ranked,0.22700604796409607,0.1063125729560852,0.01802156622579887
32196,0.17073717230562402,0.4825415527785028,ranked,0.4426753520965576,0.5698928833007812,0.017458447221497198
24005,0.24325005601613264,0.5173458874532404,ranked,1.0396519899368286,0.8495396971702576,0.017345887453240394
28009,0.11382478153708268,0.48270110910760206,ranked,0.26178598403930664,0.4165498912334442,0.017298890892397945
13096,0.44983755321532604,0.5171026590471014,ranked,3.834728240966797,3.3573997020721436,0.0171026590471014
3429,0.13337441183060722,0.51671849151049,ranked,0.7330368161201477,0.5785507559776306,0.016718491510489986
31093,0.11295653148106655,0.5166213220346568,ranked,0.3606203496456146,0.25494280457496643,0.016621322034656827
7678,0.055119874523862876,0.48357010736537615,ranked,0.04797884821891785,0.14395399391651154,0.016429892634623855
20325,0.2739468967062514,0.5164263820752207,ranked,0.9632332921028137,0.8356434106826782,0.016426382075220736
22535,0.1544364777055792,0.48368728141291245,ranked,0.2292560338973999,0.3079074025154114,0.01631271858708755
31228,0.0774423033833744,0.516267345308913,ranked,0.2918318510055542,0.1870221346616745,0.01626734530891305
27522,0.041956083352005374,0.5159664847511634,ranked,0.2957545220851898,0.14669430255889893,0.015966484751163357
12543,0.047473672417656286,0.5157754541506787,ranked,0.2537907361984253,0.13682405650615692,0.015775454150678714
7521,0.1302935245350661,0.5157557163814903,ranked,1.6674164533615112,1.3456661701202393,0.015755716381490315
11245,0.06999215774142953,0.5157295051407622,ranked,0.33646997809410095,0.18859633803367615,0.015729505140762212
16827,0.07511763387855702,0.4842884633064872,ranked,0.12184121459722519,0.23718827962875366,0.015711536693512773
5916,0.1593378893121219,0.48433569577692176,ranked,0.22609540820121765,0.2900925278663635,0.01566430422307824
20728,0.08990589289715438,0.5155883244838029,ranked,0.263791561126709,0.1874849796295166,0.015588324483802873
10846,0.09707595787586824,0.4844138267869994,ranked,0.08595563471317291,0.12632198631763458,0.015586173213000598
8281,0.05436365673313914,0.4845023350106729,ranked,0.04141295328736305,0.08914145082235336,0.015497664989327087
25307,0.058984987676450815,0.5154006555950026,ranked,0.34318268299102783,0.1852961778640747,0.015400655595002588
28884,0.15001120322652925,0.5153941147207225,ranked,0.966091513633728,0.7791748046875,0.015394114720722496
6732,0.05744454402868026,0.4847477820903549,ranked,0.05125316232442856,0.10445452481508255,0.015252217909645094
24059,0.17608671297333633,0.5152147251352189,ranked,0.9894295930862427,1.0134018659591675,0.015214725135218932
30366,0.07021622227201434,0.4848255620444922,ranked,0.109498992562294,0.22536812722682953,0.015174437955507825
22548,0.1645753977145418,0.4848691126402247,ranked,0.46727028489112854,0.5460778474807739,0.015130887359775302
18987,0.06453058480842483,0.5150701125553871,ranked,0.2779812216758728,0.1748277246952057,0.01507011255538715
14154,0.1889144073493166,0.48505142862804684,ranked,0.31212538480758667,0.3864870071411133,0.014948571371953157
5973,0.061057584584360294,0.4852568384798472,ranked,0.09978064149618149,0.22211307287216187,0.014743161520152814
10642,0.17160542236164014,0.5147031664189841,ranked,0.4280889332294464,0.3808286488056183,0.01470316641898406
1581,0.11906228993950257,0.5145236279857617,ranked,0.33058732748031616,0.28696200251579285,0.014523627985761678
22338,0.41928075285682276,0.4854950847000812,ranked,2.675631523132324,3.019237518310547,0.014504915299918819
12526,0.2997983419224737,0.5144032523080495,ranked,0.8229327201843262,0.7410542368888855,0.014403252308049508
32033,0.13877996863096573,0.48559946907759977,ranked,0.719696581363678,0.9617090821266174,0.014400530922400234
13830,0.0638303831503473,0.485626556553955,ranked,0.10876476764678955,0.19990567862987518,0.01437344344604502
23276,0.15502464709836433,0.48566065672377384,ranked,0.33144527673721313,0.4047020673751831,0.014339343276226157
16728,0.18404100380909702,0.5142889456854337,ranked,0.46629035472869873,0.3995377719402313,0.014288945685433707
4646,0.10290163567107327,0.4858125993516395,ranked,0.10871255397796631,0.1488751322031021,0.014187400648360493
3899,0.06528680259914856,0.48588595600092893,ranked,0.17043735086917877,0.3149692416191101,0.014114043999071069
25782,0.15059937261931436,0.5140605093723962,ranked,0.7145376205444336,0.5430935025215149,0.014060509372396224
18225,0.04943423706027336,0.4859701981928156,ranked,0.05368560552597046,0.11830992996692657,0.014029801807184383
26678,0.24120546717454627,0.5139346010530643,ranked,1.3269871473312378,1.397146224975586,0.013934601053064322
6772,0.15499663903204122,0.48607127983604775,ranked,0.48211950063705444,0.7060880661010742,0.013928720163952246
11011,0.09029800582567779,0.4860858584871375,ranked,0.2515251338481903,0.32373911142349243,0.013914141512862521
18285,0.06030136679363657,0.48622004891821297,ranked,0.13304902613162994,0.2675668001174927,0.013779951081787034
9374,0.04327246246919113,0.5136727835327736,ranked,0.24913331866264343,0.11996299028396606,0.01367278353277357
29378,0.07814250504145194,0.4865140961822728,ranked,0.11435716599225998,0.28637465834617615,0.013485903817727185
8153,0.0425722608111136,0.4866460089624075,ranked,0.02911810204386711,0.06777461618185043,0.013353991037592494
20101,0.05895697961012772,0.48665137309717577,ranked,0.12681153416633606,0.21421633660793304,0.013348626902824234
513,0.055427963253416986,0.5133413530237408,ranked,0.177686870098114,0.11379504203796387,0.013341353023740843
12439,0.08674098140264395,0.4867476859965145,ranked,0.25881826877593994,0.40097343921661377,0.013252314003485477
28714,0.16037418776607662,0.48682881362009867,ranked,0.23518861830234528,0.29628825187683105,0.013171186379901334
611,0.10220143401299574,0.48708516870995827,ranked,0.1349068284034729,0.1937423050403595,0.012914831290041728
24423,0.11853013667936366,0.5126896387338926,ranked,0.3788236677646637,0.30466651916503906,0.012689638733892616
17092,0.05455971319740085,0.4873222381906804,ranked,0.12232556939125061,0.23018701374530792,0.012677761809319621
9494,0.12418776607663007,0.5126691426838728,ranked,0.2725493907928467,0.240299254655838,0.012669142683872758
23920,0.1573213085368586,0.48756447802329145,ranked,0.664599597454071,0.7880569100379944,0.012435521976708552
4119,0.18967062514004032,0.4876011479225936,ranked,0.38799527287483215,0.4617517590522766,0.012398852077406375
15718,0.06805960116513556,0.4876793379100693,ranked,0.11522351950407028,0.17725004255771637,0.012320662089930712
24353,0.05912502800806632,0.5122295869452215,ranked,0.08595942705869675,0.06031535565853119,0.012229586945221471
27457,0.07349316603181716,0.48779700905281714,ranked,0.14716604351997375,0.20188011229038239,0.012202990947182857
25498,0.05002240645305848,0.48792088124769484,ranked,0.06733207404613495,0.16619597375392914,0.012079118752305162
23538,0.06794756889984316,0.5118456188083842,ranked,0.27317947149276733,0.21190594136714935,0.011845618808384195
500,0.11021174098140264,0.5117986924587297,ranked,0.4134169816970825,0.35408103466033936,0.011798692458729665
21410,0.18014788259018596,0.48820479844154085,ranked,0.3186335563659668,0.3747093975543976,0.011795201558459145
24660,0.10813914407349316,0.48826920456857575,ranked,0.12843872606754303,0.16656175255775452,0.011730795431424246
3024,0.07775039211292853,0.4882747147426149,ranked,0.14892351627349854,0.29372596740722656,0.011725285257385087
29411,0.1600100829038763,0.5116877278886658,ranked,0.6961138844490051,0.5913247466087341,0.011687727888665789
25170,0.06887183508850549,0.5116765474590784,ranked,0.2190956324338913,0.15848731994628906,0.011676547459078424
4945,0.031088953618642168,0.48843960712200724,ranked,0.014353879727423191,0.042367756366729736,0.011560392877992764
10502,0.18028792292180149,0.5115516754568827,ranked,0.2634866535663605,0.23475712537765503,0.011551675456882737
1797,0.05937710060497423,0.48851844305241304,ranked,0.09132672846317291,0.17998896539211273,0.011481556947586957
5636,0.053523414743446115,0.5114807818160707,ranked,0.24809475243091583,0.15942716598510742,0.011480781816070706
23821,0.1415807752632758,0.5114046167192586,ranked,0.6866489052772522,0.5720583200454712,0.011404616719258631
24845,0.04425274479049966,0.48864222818541747,ranked,0.060427311807870865,0.17364156246185303,0.011357771814582529
28128,0.06674322204794982,0.5112664804194139,ranked,0.260919988155365,0.18149951100349426,0.011266480419413916
2668,0.2132254089177683,0.5111208876913969,ranked,0.6038691401481628,0.5101193189620972,0.011120887691396852
2441,0.07111248039435357,0.5110959318267113,ranked,0.4923924505710602,0.34922200441360474,0.011095931826711314
4456,0.1247479274030921,0.48901214004240445,ranked,0.2071201205253601,0.2736766040325165,0.010987859957595547
10643,0.11231234595563522,0.4891290107776084,ranked,0.33481475710868835,0.43561840057373047,0.010870989222391603
8860,0.05747255209500336,0.4891914678420627,ranked,0.05348819121718407,0.08189380913972855,0.010808532157937312
16747,0.20392673089849878,0.5108018087345684,ranked,1.5896918773651123,1.3282102346420288,0.010801808734568374
16932,0.17336993053999553,0.5107529782574934,ranked,1.4000500440597534,1.2126482725143433,0.01075297825749344
30983,0.08366009410710284,0.5107078015706458,ranked,0.3975958824157715,0.3046041429042816,0.01070780157064577
17257,0.172669728881918,0.5107009124488728,ranked,0.719612181186676,0.6366644501686096,0.010700912448872835
23474,0.04105982522966614,0.510685586750742,ranked,0.06360635161399841,0.04152832552790642,0.010685586750742049
27011,0.11738180596011652,0.5106735497446603,ranked,0.47407644987106323,0.38980287313461304,0.010673549744660282
26895,0.03963141384718799,0.48941675588542766,ranked,0.05469602718949318,0.13866083323955536,0.010583244114572343
15817,0.12642841138247815,0.5105624953042757,ranked,1.3048924207687378,1.057390570640564,0.010562495304275665
24222,0.04142393009186646,0.4894593796934774,ranked,0.03953932225704193,0.11705711483955383,0.010540620306522586
20604,0.06097356038539099,0.48952868375299174,ranked,0.10599220544099808,0.17595557868480682,0.010471316247008255
13729,0.4281593098812458,0.4895389935638471,ranked,5.699874401092529,5.954085350036621,0.010461006436152887
19002,0.1063186197624916,0.48955193769847855,ranked,0.3379284739494324,0.3951537013053894,0.010448062301521455
19915,0.07119650459332287,0.5104164195232846,ranked,0.3754558563232422,0.2668428421020508,0.010416419523284648
7088,0.12698857270894018,0.5102696360135179,ranked,0.243080735206604,0.20978952944278717,0.010269636013517935
5678,0.04450481738740757,0.4901415965318684,ranked,0.04071355238556862,0.07097392529249191,0.009858403468131605
12815,0.027587945328254537,0.5097560467897242,ranked,0.1685323715209961,0.08210916817188263,0.009756046789724193
16542,0.04100380909701994,0.4902506822505397,ranked,0.04416010156273842,0.10565026104450226,0.009749317749460307
31937,0.08147546493390097,0.49028116513994957,ranked,0.21873411536216736,0.3000028133392334,0.00971883486005043
24309,0.02960452610351781,0.5096489831532691,ranked,0.05619920417666435,0.03299664705991745,0.00964898315326912
32173,0.04727761595339458,0.4904024816475818,ranked,0.10223349928855896,0.174011692404747,0.009597518352418177
5777,0.07242885951153932,0.4904959580149228,ranked,0.06776052713394165,0.09526702016592026,0.009504041985077205
22965,0.04111584136231235,0.4905503267505121,ranked,0.061015430837869644,0.172424778342247,0.009449673249487922
11824,0.03579430876092315,0.4905814022223493,ranked,0.022998148575425148,0.045565392822027206,0.009418597777650695
18228,0.10318171633430429,0.5093106129704084,ranked,0.3360505700111389,0.2831994295120239,0.00931061297040836
22895,0.05299126148330719,0.4906904317720702,ranked,0.05196855217218399,0.07863207161426544,0.009309568227929776
24401,0.1198745238628725,0.5092955456494496,ranked,0.6370750665664673,0.5118107795715332,0.009295545649449566
24125,0.05464373739637016,0.5091742600347403,ranked,0.1098884716629982,0.08022021502256393,0.009174260034740311
21783,0.051450817835536636,0.4908261106803327,ranked,0.07428928464651108,0.13436490297317505,0.009173889319667283
31947,0.033077526327582346,0.5090968311365431,ranked,0.19918012619018555,0.10697523504495621,0.009096831136543138
26954,0.21938718350885056,0.5090767788212321,ranked,1.1428649425506592,0.9299196004867554,0.009076778821232145
18994,0.1781032937485996,0.509030343949894,ranked,1.1993489265441895,1.0254343748092651,0.009030343949893993
4434,0.04290835760699081,0.5089811876929067,ranked,0.06169523671269417,0.04389740526676178,0.008981187692906678
8308,0.31797557696616624,0.49104163936855677,ranked,0.997520923614502,1.0669249296188354,0.00895836063144323
18010,0.17098924490253192,0.5089395693090699,ranked,1.0752378702163696,0.9730395674705505,0.008939569309069917
26244,0.06999215774142953,0.5089375893535665,ranked,0.09441184252500534,0.07695630192756653,0.008937589353566477
7544,0.0800470535514228,0.49106567406245477,ranked,0.23291313648223877,0.25660115480422974,0.008934325937545229
13314,0.08027111808200761,0.4910703445106849,ranked,0.13265648484230042,0.17694875597953796,0.008929655489315125
11494,0.12704458884158637,0.5089180678348371,ranked,0.3869450092315674,0.35727831721305847,0.008918067834837062
4368,0.03218126820524311,0.4910830330765918,ranked,0.026784010231494904,0.05541599541902542,0.00891696692340821
9248,0.023274703114496975,0.5089091706730855,ranked,0.0987948402762413,0.04794524610042572,0.008909170673085498
22999,0.04366457539771454,0.5088327500075492,ranked,0.06988996267318726,0.04752792418003082,0.00883275000754924
10335,0.04559713197400851,0.49118364851753515,ranked,0.09856408834457397,0.166328564286232,0.008816351482464846
13770,0.020053775487340355,0.5087143065417324,ranked,0.05729595199227333,0.025905132293701172,0.008714306541732442
24683,0.21437373963701545,0.5086755527743686,ranked,1.400377869606018,1.340235710144043,0.0086755527743686
18997,0.05699641496751064,0.5086010053433297,ranked,0.41765424609184265,0.2528042793273926,0.008601005343329748
14463,0.26481626708492045,0.5085849803417659,ranked,1.4583572149276733,1.3301339149475098,0.008584980341765913
2052,0.0636343266860856,0.49146503810861086,ranked,0.191779226064682,0.26217934489250183,0.008534961891389137
18882,0.08290387631637912,0.5084736928002369,ranked,0.5122063755989075,0.39375144243240356,0.00847369280023691
22605,0.1382478153708268,0.49169077550357937,ranked,0.39712047576904297,0.4811357855796814,0.00830922449642063
30014,0.045317051310777505,0.49169184833053303,ranked,0.03849362954497337,0.05929666385054588,0.008308151669466968
25346,0.11077190230786467,0.5082520164203859,ranked,0.13714993000030518,0.12049122154712677,0.008252016420385866
20096,0.10088505489581,0.49181283344135757,ranked,0.3206700086593628,0.4106411933898926,0.008187166558642434
23861,0.0505825677795205,0.508161758533906,ranked,0.08165480941534042,0.06263147294521332,0.008161758533905994
18744,0.06679923818059601,0.4918531936407042,ranked,0.2066885083913803,0.2779251039028168,0.008146806359295822
23938,0.1037698857270894,0.5080989588388539,ranked,0.9655911922454834,0.8322675228118896,0.00809895883885392
18393,0.12522406453058482,0.5080622777057616,ranked,0.8644957542419434,0.7584109306335449,0.008062277705761622
20746,0.05783665695720368,0.49198197781029884,ranked,0.1395721584558487,0.21926015615463257,0.008018022189701157
29713,0.06158973784449922,0.49198223899591836,ranked,0.1462230533361435,0.22525864839553833,0.008017761004081636
14600,0.046829486892224964,0.508000651941774,ranked,0.1599113941192627,0.10403432697057724,0.008000651941774017
17551,0.049770333856150574,0.507986022738629,ranked,0.2089599221944809,0.1538705676794052,0.007986022738629028
27224,0.04761371274927179,0.49203860172924874,ranked,0.14146354794502258,0.26632389426231384,0.007961398270751263
2755,0.029464485771902308,0.49206226009117887,ranked,0.03462184965610504,0.08676648885011673,0.007937739908821129
22355,0.044028680259914854,0.5078838429924156,ranked,0.06132177636027336,0.04500135779380798,0.007883842992415624
20209,0.048313914407349313,0.4921348696934272,ranked,0.08118291199207306,0.12744159996509552,0.00786513030657282
25368,0.04935021286130405,0.5078632205622574,ranked,0.19688721001148224,0.13356490433216095,0.007863220562257411
29151,0.074277391888864,0.5078210657649439,ranked,0.18318702280521393,0.14900460839271545,0.007821065764943902
14074,0.07615393233251176,0.4922912974119865,ranked,0.14099286496639252,0.17745354771614075,0.007708702588013483
32161,0.16121442975576966,0.49233542654790846,ranked,0.5056121349334717,0.5558595657348633,0.007664573452091539
19406,0.046913511091194265,0.4923613709861219,ranked,0.09614750742912292,0.14809682965278625,0.007638629013878073
3885,0.04472888191799238,0.5075710184482202,ranked,0.06268917769193649,0.04774351790547371,0.007571018448220168
29413,0.18238852789603405,0.49244166450079196,ranked,0.5323523283004761,0.6283886432647705,0.007558335499208035
4315,0.020389872283217567,0.49253866266132623,ranked,0.01655186153948307,0.0565655380487442,0.007461337338673768
8652,0.0774423033833744,0.4925396175334839,ranked,0.1748007982969284,0.21893225610256195,0.007460382466516091
25582,0.04016356710732691,0.49257811292367554,ranked,0.11772359162569046,0.24118199944496155,0.007421887076324463
30512,0.06845171409365898,0.49257872516523554,ranked,0.06674294173717499,0.08732879906892776,0.0074212748347644575
7759,0.04828590634102622,0.5074066147386966,ranked,0.08408913761377335,0.06317324936389923,0.0074066147386966374
18664,0.03697064754649339,0.5072949536736471,ranked,0.14629967510700226,0.10555655509233475,0.0072949536736470755
1313,0.03912726865337217,0.5072534672868438,ranked,0.19140824675559998,0.11051397770643234,0.00725346728684384
23860,0.048565987004257224,0.5072507796025647,ranked,0.19430126249790192,0.14217901229858398,0.007250779602564705
9305,0.13082567779520501,0.5071910017970469,ranked,0.6357951760292053,0.6310003399848938,0.007191001797046903
11843,0.07634998879677347,0.5071700002264732,ranked,0.2551804184913635,0.16206398606300354,0.007170000226473183
27461,0.04640936589737844,0.5071543066217171,ranked,0.09773506224155426,0.07056903839111328,0.007154306621717121
25736,0.03708267981178579,0.4929084116283568,ranked,0.0558876171708107,0.09408409148454666,0.007091588371643198
20607,0.05441967286578535,0.49291095608181223,ranked,0.15471151471138,0.20470169186592102,0.007089043918187765
5827,0.053831503473000225,0.5070884260597328,ranked,0.2528393864631653,0.189411923289299,0.007088426059732811
14590,0.13883598476361192,0.5070787481495701,ranked,0.5684126019477844,0.4681074917316437,0.007078748149570102
28234,0.02736388079766973,0.4929257622171511,ranked,0.03243585303425789,0.08498676866292953,0.00707423778284888
29984,0.19751288371050862,0.5070636780201639,ranked,1.0649617910385132,0.9848732948303223,0.007063678020163944
17417,0.04218014788259018,0.4929672317532693,ranked,0.04328404739499092,0.0735078901052475,0.007032768246730714
23025,0.03683060721487789,0.4930538021481523,ranked,0.06176912784576416,0.10792514681816101,0.006946197851847691
18479,0.015824557472552094,0.5069182341398656,ranked,0.030158990994095802,0.015351373702287674,0.006918234139865587
885,0.13623123459556352,0.49310413795309926,ranked,0.9766068458557129,1.0459264516830444,0.006895862046900736
14458,0.07018821420569124,0.5068905596979784,ranked,0.756745457649231,0.5817027688026428,0.00689055969797836
13783,0.03335760699081335,0.49313753039414243,ranked,0.04548722878098488,0.08456609398126602,0.0068624696058575685
15783,0.0794588841586377,0.4931393671188223,ranked,0.12875473499298096,0.15787388384342194,0.0068606328811777195
25493,0.04394465606094555,0.49320359069676817,ranked,0.03955571725964546,0.05667606368660927,0.006796409303231832
21605,0.4117745910822317,0.49321088704343186,ranked,2.2657546997070312,2.4793617725372314,0.006789112956568144
17390,0.04178803495406677,0.4932194275323479,ranked,0.06329668313264847,0.14517728984355927,0.006780572467652124
22481,0.07632198073045036,0.49323990392323486,ranked,0.16195949912071228,0.19573187828063965,0.006760096076765143
13947,0.01750504145193816,0.506759225458033,ranked,0.09378045797348022,0.0406736359000206,0.00675922545803298
16502,0.14289715438046158,0.5067083363889242,ranked,0.2371787428855896,0.227083221077919,0.006708336388924208
19814,0.5156285010082904,0.506648496797561,ranked,5.963005542755127,5.95858097076416,0.0066484967975609655
1660,0.08332399731122564,0.4933536348141087,ranked,0.3060741126537323,0.37175384163856506,0.00664636518589129
13787,0.09673986107999104,0.49336248142380473,ranked,0.2682185173034668,0.3258098065853119,0.006637518576195267
20538,0.039267308984987676,0.506632221844168,ranked,0.055584464222192764,0.04132186248898506,0.006632221844168007
18308,0.02534730002240645,0.4933726957474443,ranked,0.037170372903347015,0.07467003166675568,0.006627304252555699
27203,0.049070132198073046,0.4933828988372938,ranked,0.10078740864992142,0.15594428777694702,0.006617101162706196
4184,0.03475801030696841,0.5065817371915021,ranked,0.05000840127468109,0.03700553625822067,0.006581737191502124
16169,0.05363544700873852,0.5065589606820942,ranked,0.21300958096981049,0.16682551801204681,0.0065589606820941615
19496,0.02977257450145642,0.5065478841650652,ranked,0.08046820014715195,0.05663711205124855,0.006547884165065243
13018,0.10057696616625589,0.5065468394225868,ranked,0.23771801590919495,0.22511042654514313,0.006546839422586825
26499,0.03753080887295541,0.5065027917316429,ranked,0.14644421637058258,0.10615899413824081,0.006502791731642921
10480,0.25140040331615504,0.5064776898276863,ranked,0.6701339483261108,0.6689513325691223,0.0064776898276862616
27071,0.055119874523862876,0.49353227735257127,ranked,0.19126397371292114,0.26960131525993347,0.006467722647428731
26434,0.017421017252968855,0.4935358721654002,ranked,0.009045879356563091,0.027683937922120094,0.00646412783459982
9703,0.032265292404212415,0.49360585867766255,ranked,0.04807353392243385,0.13523270189762115,0.006394141322337454
8505,0.031200985883934572,0.5062800621839711,ranked,0.13898323476314545,0.08779149502515793,0.006280062183971147
3340,0.07929083576069908,0.49375235853422944,ranked,0.16918060183525085,0.1962258219718933,0.006247641465770559
22459,0.054699753529016355,0.49375735476237215,ranked,0.09853806346654892,0.1332898586988449,0.006242645237627853
31977,0.08183956979610128,0.49375863260599484,ranked,0.12695731222629547,0.16630315780639648,0.0062413673940051595
30021,0.025431324221375756,0.5062375282462418,ranked,0.10773548483848572,0.06316357851028442,0.006237528246241797
13631,0.01436813802375084,0.5062174927816158,ranked,0.03828563541173935,0.01916254498064518,0.006217492781615763
16162,0.062345955635222945,0.49389935548600794,ranked,0.09936883300542831,0.14833028614521027,0.0061006445139920595
21936,0.05775263275823437,0.4939070759082475,ranked,0.10907179862260818,0.1459379494190216,0.006092924091752494
10190,0.032657405332735825,0.4939075701950114,ranked,0.04896209388971329,0.08413080126047134,0.006092429804988586
8078,0.04654940622899395,0.4939191999762023,ranked,0.1318042129278183,0.18736931681632996,0.006080800023797683
863,0.04304839793860632,0.5059873685916172,ranked,0.169831320643425,0.12301721423864365,0.005987368591617193
10608,0.10732691015012323,0.4940390813671504,ranked,0.6896868944168091,0.7842546701431274,0.005960918632849588
18179,0.03590634102621555,0.5059345192261375,ranked,0.05997644364833832,0.045875441282987595,0.005934519226137525
28964,0.09811225632982298,0.5059007055179657,ranked,0.4867394268512726,0.4856816828250885,0.005900705517965732
5666,0.10360183732915079,0.494163883158158,ranked,0.2785281836986542,0.3044971823692322,0.005836116841841987
840,0.01753304951826126,0.4941778214832126,ranked,0.01235741376876831,0.0327843613922596,0.005822178516787402
23032,0.04176002688774367,0.494184783624621,ranked,0.08646178245544434,0.12954188883304596,0.005815216375379018
16146,0.02501120322652924,0.4941968459067304,ranked,0.04797697812318802,0.08413349837064743,0.005803154093269591
2648,0.047137575621779074,0.5057952033783333,ranked,0.16188110411167145,0.13433952629566193,0.00579520337833328
18199,0.06198185077302263,0.49422318914449215,ranked,0.14958791434764862,0.17345556616783142,0.005776810855507852
2120,0.035822316827246244,0.4942334287441593,ranked,0.07674350589513779,0.12943263351917267,0.00576657125584068
4073,0.044588841586376875,0.5057484062172648,ranked,0.204640731215477,0.15713420510292053,0.005748406217264801
18320,0.07245686757786242,0.4942539669208919,ranked,0.2542422413825989,0.29040125012397766,0.005746033079108093
30654,0.03260138920008963,0.5055992832707117,ranked,0.0844525694847107,0.05780857428908348,0.005599283270711686
2101,0.1143009186645754,0.4944082237095162,ranked,0.22116132080554962,0.24554204940795898,0.005591776290483796
9611,0.04338449473448353,0.49441313849268065,ranked,0.11212009191513062,0.1935386061668396,0.005586861507319352
13148,0.06307416535962357,0.5055765095697513,ranked,0.22617720067501068,0.22889010608196259,0.005576509569751309
5086,0.04041563970423482,0.5055344839610236,ranked,0.16385316848754883,0.1231890469789505,0.0055344839610236285
4048,0.043160430203898724,0.4944659794328176,ranked,0.04741080105304718,0.06412068009376526,0.005534020567182385
15725,0.07298902083800135,0.4944687794549976,ranked,0.2258942872285843,0.2774595618247986,0.00553122054500238
11474,0.06458660094107103,0.4945103500952265,ranked,0.32078877091407776,0.3708615303039551,0.005489649904773519
6730,0.08200761819403989,0.4945131332667215,ranked,0.09041819721460342,0.10426269471645355,0.005486866733278473
17076,0.04974232578982747,0.4945207188834799,ranked,0.04779830947518349,0.06155475229024887,0.005479281116520074
32065,0.018317275375308088,0.5054629191012537,ranked,0.04177040234208107,0.023826410993933678,0.005462919101253738
17256,0.015040331615505265,0.4945489213135015,ranked,0.006554636172950268,0.024292856454849243,0.005451078686498523
14746,0.04215213981626709,0.49458707407309543,ranked,0.101573646068573,0.13253052532672882,0.005412925926904566
16071,0.029660542236164014,0.5053912362866877,ranked,0.039689455181360245,0.029163485392928123,0.005391236286687695
31773,0.05778064082455747,0.49463473061910596,ranked,0.12501196563243866,0.1776193380355835,0.005365269380894044
21037,0.04615729330047053,0.4946436979920454,ranked,0.09659019112586975,0.1250179260969162,0.005356302007954616
7741,0.028428187317947568,0.5053164192446866,ranked,0.07971451431512833,0.05416785553097725,0.005316419244686621
7645,0.014032041227873628,0.505309723905793,ranked,0.05670525133609772,0.02702338993549347,0.005309723905792985
16922,0.02291059825229666,0.4948006536987389,ranked,0.02017158828675747,0.04112454131245613,0.005199346301261121
23723,0.049042124131749944,0.5051717504959046,ranked,0.15737338364124298,0.1254538893699646,0.00517175049590457
1415,0.02478713869594443,0.5051396499407215,ranked,0.09355230629444122,0.067122682929039,0.005139649940721469
32152,0.10685077302263052,0.5050654788416508,ranked,0.3035472333431244,0.25282543897628784,0.005065478841650761
27927,0.048173874075733814,0.494981464358689,ranked,0.12979671359062195,0.172286719083786,0.005018535641310995
2890,0.058620882814250506,0.49499498141661513,ranked,0.1507863849401474,0.19257676601409912,0.005005018583384868
17917,0.03220927627156621,0.5049623554570697,ranked,0.1703079342842102,0.09261305630207062,0.004962355457069689
29292,0.19305960116513557,0.5049206640535971,ranked,0.8699451684951782,0.8053677678108215,0.004920664053597146
31129,0.16146650235267757,0.495099270306918,ranked,0.5090735554695129,0.5794233083724976,0.004900729693081973
11426,0.05803271342146538,0.5049005752284683,ranked,0.17500902712345123,0.1449670046567917,0.004900575228468318
16659,0.040135559041003806,0.49511005193695706,ranked,0.05066576600074768,0.0696946233510971,0.004889948063042937
19374,0.01728097692135335,0.49511566602355467,ranked,0.019967783242464066,0.04970334842801094,0.004884333976445332
461,0.015068339681828366,0.5048829634540544,ranked,0.028721632435917854,0.016599921509623528,0.004882963454054368
3273,0.024619090298005825,0.4951178172943569,ranked,0.04587267339229584,0.08335088938474655,0.004882182705643112
27512,0.028792292180147883,0.49514669656023147,ranked,0.05346148833632469,0.11070546507835388,0.00485330343976853
16607,0.021874299798341924,0.504851059490198,ranked,0.17405617237091064,0.09427262842655182,0.00485105949019804
10947,0.025179251624467845,0.5048416399572074,ranked,0.08369371294975281,0.05560053884983063,0.004841639957207433
12913,0.027671969527223842,0.4951695264301423,ranked,0.028967155143618584,0.046275075525045395,0.004830473569857718
22018,0.10816715213981627,0.504809165878504,ranked,0.5393549799919128,0.4915931522846222,0.004809165878503996
26752,0.01814922697736948,0.4951971418946317,ranked,0.013338341377675533,0.029419779777526855,0.004802858105368291
22244,0.0265796549406229,0.49522672327238687,ranked,0.024006595835089684,0.03741854429244995,0.004773276727613129
21664,0.16591978489805065,0.4952619496296623,ranked,0.6501029133796692,0.7126061916351318,0.004738050370337699
6239,0.01722496078870715,0.49526576630984553,ranked,0.010769868269562721,0.02172773890197277,0.004734233690154466
19361,0.05402755993726193,0.5046988135499998,ranked,0.14107176661491394,0.11003034561872482,0.004698813549999792
8185,0.02047389648218687,0.495311074993727,ranked,0.03193866088986397,0.06355873495340347,0.004688925006272993
5605,0.12267533049518262,0.49534305759411407,ranked,0.7070423364639282,0.7865740060806274,0.004656942405885933
25067,0.015208380013443872,0.4953616017731054,ranked,0.00998933706432581,0.023569907993078232,0.004638398226894602
26551,0.024535066099036523,0.4953694907021964,ranked,0.01952475868165493,0.03103792667388916,0.00463050929780362
29181,0.05019045485099709,0.4953800813578039,ranked,0.13307133316993713,0.19299663603305817,0.004619918642196075
20937,0.01728097692135335,0.5045664401844714,ranked,0.0295788012444973,0.018505588173866272,0.0045664401844713876
20233,0.010278960340578087,0.5045464665056908,ranked,0.020444635301828384,0.010298443026840687,0.004546466505690794
20655,0.03299350212861304,0.5044646058773034,ranked,0.12409229576587677,0.07870308309793472,0.0044646058773033515
1433,0.027587945328254537,0.5044512208164107,ranked,0.03953143209218979,0.02970268577337265,0.004451220816410695
13845,0.017729105982522968,0.5044503445807839,ranked,0.024725662544369698,0.016566738486289978,0.00445034458078386
26632,0.028568227649563075,0.4955645345741908,ranked,0.0648362785577774,0.09521771967411041,0.004435465425809193
22782,0.05937710060497423,0.4955783352853167,ranked,0.12475807964801788,0.14801472425460815,0.004421664714683304
9747,0.08127940846963926,0.495580368601323,ranked,0.2625586688518524,0.3474583923816681,0.004419631398677015
19805,0.08651691687205915,0.49559612960881966,ranked,0.13198162615299225,0.15471474826335907,0.004403870391180342
11547,0.03921129285234148,0.49559796071660445,ranked,0.038641903549432755,0.04925813153386116,0.0044020392833955535
31826,0.16877660766300695,0.504394389072344,ranked,0.41477862000465393,0.38875338435173035,0.004394389072344018
7278,0.025907461348868475,0.49560894174641756,ranked,0.06205318495631218,0.11337463557720184,0.004391058253582436
10932,0.16129845395473896,0.5043440841603201,ranked,0.27443283796310425,0.2704141438007355,0.004344084160320061
736,0.05257114048846068,0.49567143251224216,ranked,0.18574361503124237,0.24077391624450684,0.0043285674877578395
24986,0.039183284786018374,0.49569367541662074,ranked,0.09248064458370209,0.12166305631399155,0.004306324583379262
3698,0.08926170737172305,0.5043053388182989,ranked,0.30394497513771057,0.2608663737773895,0.004305338818298865
504,0.01834528344163119,0.5042927766325304,ranked,0.04092223197221756,0.029856301844120026,0.00429277663253036
7699,0.07077638359847636,0.5042850000413404,ranked,0.0844549685716629,0.07683469355106354,0.004285000041340359
20201,0.04304839793860632,0.4957193362016345,ranked,0.10464648902416229,0.14407984912395477,0.004280663798365503
29899,0.07094443199641497,0.49572061966215236,ranked,0.1910932958126068,0.2098986953496933,0.004279380337847638
21598,0.04761371274927179,0.5042782260659159,ranked,0.2690056562423706,0.19660377502441406,0.00427822606591588
10881,0.03641048622003137,0.5042675904751479,ranked,0.1254352182149887,0.10662135481834412,0.004267590475147909
26966,0.01842930764060049,0.5042466591157623,ranked,0.056101638823747635,0.03910218924283981,0.004246659115762275
23847,0.01223952498319516,0.49575534611576877,ranked,0.007267031352967024,0.019397258758544922,0.004244653884231231
9036,0.048650011203226526,0.5042418117353383,ranked,0.10992711782455444,0.09218378365039825,0.00424181173533833
8024,0.0318171633430428,0.4957818382012491,ranked,0.06234804540872574,0.0907026156783104,0.004218161798750897
18601,0.06576293972664127,0.504195390906238,ranked,0.1863618642091751,0.17509163916110992,0.004195390906237995
18133,0.2338113376652476,0.4958079708054467,ranked,2.154603958129883,2.503293514251709,0.004192029194553304
9827,0.048089849876764505,0.5041897094168998,ranked,0.1336461454629898,0.12542876601219177,0.004189709416899778
28189,0.027027784001792517,0.5041842273273357,ranked,0.08573740720748901,0.07519719749689102,0.004184227327335699
15810,0.07301702890432445,0.5041622596508144,ranked,0.22953647375106812,0.1985476315021515,0.004162259650814404
29889,0.08847748151467623,0.495854197851668,ranked,0.2729913592338562,0.3521115183830261,0.00414580214833199
15692,0.04119986556128165,0.4958672796002281,ranked,0.08697375655174255,0.11164163053035736,0.004132720399771916
32704,0.048565987004257224,0.4958740816601277,ranked,0.13203801214694977,0.17034880816936493,0.004125918339872303
4573,0.08682500560161327,0.49589056724708513,ranked,0.20764026045799255,0.2271646410226822,0.0041094327529148655
10212,0.011371274927179027,0.5041037231791015,ranked,0.023786477744579315,0.012123985216021538,0.0041037231791014595
1256,0.02156621106878781,0.504101619651907,ranked,0.037086136639118195,0.025891045108437538,0.004101619651907029
21735,0.0769381581895586,0.4959055138048002,ranked,0.17259398102760315,0.19737836718559265,0.004094486195199809
1683,0.02685973560385391,0.4959208591620635,ranked,0.04244835674762726,0.0833071619272232,0.004079140837936479
4937,0.017897154380461574,0.4959540044597248,ranked,0.030132966116070747,0.05636778101325035,0.004045995540275182
23272,0.026243558144745688,0.49597283229191613,ranked,0.023386772722005844,0.032882340252399445,0.0040271677080838675
465,0.02506721935917544,0.5040259488418591,ranked,0.14840048551559448,0.09787675738334656,0.004025948841859139
28750,0.01221151691687206,0.49597467744193835,ranked,0.008304653689265251,0.020158052444458008,0.00402532255806165
30974,0.039827470311449696,0.4959761827698106,ranked,0.05152328684926033,0.06316244602203369,0.004023817230189408
22161,0.08486444095899619,0.49598321793085454,ranked,0.41460123658180237,0.4945811927318573,0.004016782069145464
31689,0.040303607438942415,0.5040134343996986,ranked,0.0937921404838562,0.08781179040670395,0.00401343439969859
18076,0.03134102621555008,0.4960027815762967,ranked,0.0688081830739975,0.12159977108240128,0.003997218423703319
4414,0.16143849428635448,0.4960254569815938,ranked,0.7363230586051941,0.7334377765655518,0.003974543018406218
24063,0.06551086712973336,0.503950620662409,ranked,0.20641811192035675,0.19263644516468048,0.003950620662409032
6319,0.03593434909253865,0.49605090151614817,ranked,0.08187434077262878,0.10727565735578537,0.003949098483851832
15273,0.11432892673089849,0.4960720547428881,ranked,0.21669287979602814,0.23575526475906372,0.003927945257111876
23142,0.02024983195160206,0.4961046636270726,ranked,0.016569385305047035,0.029207903891801834,0.0038953363729273827
22057,0.019801702890432444,0.4961136422338023,ranked,0.026036618277430534,0.044250406324863434,0.0038863577661977233
13388,0.015600492941967286,0.4961415525852816,ranked,0.013088230974972248,0.024234017357230186,0.0038584474147184133
21213,0.1091194263948017,0.49615025315570643,ranked,0.7151675820350647,0.7666221261024475,0.0038497468442935667
28951,0.06290611696168497,0.49617255784593073,ranked,0.17067188024520874,0.22104665637016296,0.0038274421540692716
28282,0.14508178355366347,0.5037397371463872,ranked,1.0293188095092773,0.9830386638641357,0.003739737146387201
13566,0.050638583912166704,0.49626800574343244,ranked,0.18569503724575043,0.20845381915569305,0.0037319942565675612
14852,0.01649675106430652,0.49626918248294444,ranked,0.016689931973814964,0.047083284705877304,0.0037308175170555624
27792,0.03562626036298454,0.5037299047716107,ranked,0.12003842741250992,0.08911032229661942,0.003729904771610726
30665,0.1809041003809097,0.4962788351170794,ranked,1.753002643585205,1.719517469406128,0.0037211648829206245
5077,0.010222944207931885,0.5036819589555056,ranked,0.017720473930239677,0.009785491041839123,0.0036819589555056043
7660,0.1141328702666368,0.496368902029128,ranked,0.36094242334365845,0.363576740026474,0.0036310979708720215
20815,0.031705131077750394,0.49638971824216527,ranked,0.036289557814598083,0.046953149139881134,0.0036102817578347324
21697,0.08595675554559713,0.5036003454704998,ranked,0.39854592084884644,0.3083731532096863,0.0036003454704998106
24304,0.010306968406901188,0.49640928188760747,ranked,0.00518886698409915,0.014771560207009315,0.0035907181123925325
9247,0.0558480842482635,0.4964352544102961,ranked,0.14639392495155334,0.23872868716716766,0.003564745589703877
12347,0.031032937485995966,0.503515280403489,ranked,0.051401227712631226,0.041693393141031265,0.0035152804034890295
19638,0.014172081559489133,0.496499477988242,ranked,0.01076511386781931,0.019737983122467995,0.0035005220117579894
17252,0.08032713421465382,0.49650940585023434,ranked,0.21170155704021454,0.29019486904144287,0.003490594149765658
861,0.02473112256329823,0.5034654641613338,ranked,0.03085976094007492,0.024368658661842346,0.0034654641613337533
8056,0.07870266636791395,0.4965452107476994,ranked,0.4844522178173065,0.49013346433639526,0.003454789252300583
8377,0.03904324445440287,0.5034541433093703,ranked,0.1083194762468338,0.12314021587371826,0.0034541433093703278
24876,0.45025767421017254,0.4965556665978261,ranked,3.374671459197998,3.408449172973633,0.003444333402173927
26489,0.025907461348868475,0.5034231745585389,ranked,0.11768129467964172,0.08463485538959503,0.0034231745585389106
9543,0.010671073269101501,0.4965952067304961,ranked,0.007454338017851114,0.0184587724506855,0.0034047932695038807
10700,0.06242997983419225,0.4965982623214007,ranked,0.114202581346035,0.13062599301338196,0.0034017376785993036
23873,0.05509186645753977,0.4966082407354483,ranked,0.15836641192436218,0.1718938648700714,0.003391759264551708
18833,0.03694263948017029,0.5033912425102074,ranked,0.10831346362829208,0.10532727837562561,0.003391242510207393
19943,0.015880573605198296,0.4966700743245526,ranked,0.018352653831243515,0.030636660754680634,0.003329925675447376
12318,0.015824557472552094,0.5033118561240872,ranked,0.0400354377925396,0.03021707385778427,0.0033118561240872424
24848,0.04736164015236388,0.49670066674341595,ranked,0.12656278908252716,0.16197803616523743,0.003299333256584047
19386,0.016608783329598923,0.49671010031864415,ranked,0.015660738572478294,0.043196991086006165,0.0032898996813558457
20475,0.29086376876540443,0.4967264595254632,ranked,0.7374802231788635,0.7903449535369873,0.003273540474536818
13952,0.14244902531929196,0.49677374816484804,ranked,0.28204718232154846,0.3109746277332306,0.003226251835151961
13762,0.12301142729105982,0.5031914467450047,ranked,0.4496304392814636,0.5169933438301086,0.0031914467450047113
5142,0.08898162670849205,0.5031878350814908,ranked,0.2957249581813812,0.26395782828330994,0.0031878350814907863
14197,0.018569347972216,0.49685502744459853,ranked,0.030416816473007202,0.051941245794296265,0.0031449725554014707
9346,0.15317611472103965,0.4968630455622754,ranked,0.9850479364395142,1.0512844324111938,0.003136954437724604
21236,0.05433564866681604,0.49690384387943576,ranked,0.17857426404953003,0.18025900423526764,0.003096156120564242
23254,0.022658525655388752,0.4969241236789962,ranked,0.04584445059299469,0.06019557639956474,0.003075876321003812
4677,0.010727089401747703,0.5029856605612366,ranked,0.022567300125956535,0.013609015382826328,0.002985660561236614
32497,0.08352005377548734,0.502977794099726,ranked,0.19211000204086304,0.18569929897785187,0.0029777940997259833
23919,0.018513331839569797,0.497048389056527,ranked,0.01353489886969328,0.021093180403113365,0.0029516109434730153
17260,0.012603629845395474,0.5029514115436989,ranked,0.032402027398347855,0.021242637187242508,0.002951411543698934
18712,0.01994174322204795,0.502925610336309,ranked,0.029057089239358902,0.023352766409516335,0.0029256103363090036
5528,0.034113824781537086,0.49708202583250466,ranked,0.06928902864456177,0.09291732311248779,0.0029179741674953408
16664,0.02473112256329823,0.49709074606206227,ranked,0.026266271248459816,0.03342998027801514,0.002909253937937728
21399,0.02741989693031593,0.49711949894779833,ranked,0.05782012641429901,0.09660348296165466,0.002880501052201667
2217,0.04820188214205691,0.4971304069579759,ranked,0.10700281709432602,0.1302669793367386,0.00286959304202411
13406,0.013611920233027111,0.5028388124571768,ranked,0.018046332523226738,0.012816137634217739,0.0028388124571767648
22853,0.033301590858167154,0.502835857970383,ranked,0.04290374368429184,0.03691777586936951,0.0028358579703829934
23423,0.029660542236164014,0.49717256175528957,ranked,0.05435453727841377,0.07820619642734528,0.002827438244710434
789,0.022378444992157742,0.5028145025354214,ranked,0.07732176780700684,0.054496150463819504,0.0028145025354213704
25004,0.07909477929643738,0.4971898926849513,ranked,0.1413107067346573,0.17907015979290009,0.0028101073150487155
31816,0.03534617969975353,0.5028090316796476,ranked,0.048629678785800934,0.04178879037499428,0.0028090316796476333
2028,0.01011091194263948,0.49723310065008597,ranked,0.00668675871565938,0.013380182906985283,0.0027668993499140315
3391,0.18499327806408244,0.502760428686822,ranked,0.694408118724823,0.6687321066856384,0.002760428686822025
30406,0.011231234595563522,0.4972621849326297,ranked,0.00800666306167841,0.014558661729097366,0.0027378150673703083
19116,0.015488460676674882,0.49728053532874206,ranked,0.028506331145763397,0.06483554095029831,0.002719464671257943
27022,0.056212189110463814,0.4973026827459049,ranked,0.13772884011268616,0.16013728082180023,0.0026973172540951107
32186,0.10791507954290835,0.5026600210709954,ranked,0.45209816098213196,0.43383505940437317,0.0026600210709953886
19385,0.018961460900739413,0.5026511126754539,ranked,0.029905110597610474,0.02329198643565178,0.002651112675453926
20068,0.015264396146090074,0.5026366070439997,ranked,0.04544927924871445,0.04171875864267349,0.002636607043999706
11654,0.029828590634102623,0.5026310378925625,ranked,0.04294906184077263,0.036571916192770004,0.002631037892562471
4352,0.031088953618642168,0.4974446497681705,ranked,0.09306862950325012,0.10733173787593842,0.002555350231829512
4626,0.02999663903204123,0.4974599389564833,ranked,0.02647779881954193,0.03278985247015953,0.0025400610435166726
32663,0.10724288595115393,0.5025250246154808,ranked,0.13356013596057892,0.130426824092865,0.0025250246154807643
7404,0.45126596459780416,0.5024942131377108,ranked,2.917595148086548,2.9722378253936768,0.00249421313771081
27739,0.29470087385166926,0.5024714899888058,ranked,1.730325698852539,1.9013829231262207,0.002471489988805753
32305,0.010531032937485996,0.49757601490103837,ranked,0.007230963557958603,0.01350391935557127,0.002423985098961634
22084,0.041395922025543354,0.5024188652991282,ranked,0.13794878125190735,0.1204988956451416,0.002418865299128159
964,0.01568451714093659,0.49758442058447344,ranked,0.015000410377979279,0.022127991542220116,0.0024155794155265586
26973,0.045149002912838895,0.49760105221070206,ranked,0.07795418053865433,0.08150430768728256,0.002398947789297945
11408,0.013667936365673313,0.4976013330554543,ranked,0.0120547479018569,0.018199477344751358,0.002398666944545713
28945,0.011483307192471431,0.4976106542927816,ranked,0.009043809026479721,0.014988712035119534,0.002389345707218382
1006,0.13757562177907237,0.5023789544513848,ranked,0.31881338357925415,0.30736157298088074,0.002378954451384807
21839,0.021902307864665023,0.49763123178777957,ranked,0.03909904137253761,0.059936150908470154,0.002368768212220429
2658,0.06845171409365898,0.5023561021138937,ranked,0.2738306522369385,0.23707419633865356,0.002356102113893699
28617,0.08710508626484427,0.5023403382979496,ranked,0.343257874250412,0.352388858795166,0.0023403382979495513
19004,0.04161998655612816,0.5023350865010825,ranked,0.17739684879779816,0.14705908298492432,0.002335086501082495
3006,0.011511315258794532,0.4976844911865973,ranked,0.013012994080781937,0.025091953575611115,0.0023155088134027
58,0.11827806408245575,0.4976953261771394,ranked,0.2734183073043823,0.2800438106060028,0.0023046738228605923
318,0.026915751736500113,0.4977138394632082,ranked,0.02702542580664158,0.03362574428319931,0.0022861605367918147
10648,0.014788259018597356,0.4977330969878704,ranked,0.014378281310200691,0.020321983844041824,0.0022669030121296174
5094,0.01223952498319516,0.4977516973358123,ranked,0.022495143115520477,0.04201730340719223,0.0022483026641876847
390,0.02335872731346628,0.5022279919717045,ranked,0.05110544338822365,0.03716505318880081,0.002227991971704535
4360,0.013863992829935022,0.49779036965819795,ranked,0.012870583683252335,0.01844020187854767,0.002209630341802049
25342,0.027531929195608335,0.5022084451769475,ranked,0.0867643877863884,0.06746040284633636,0.0022084451769475155
11679,0.04456083352005378,0.4977930095988692,ranked,0.161449134349823,0.15526147186756134,0.002206990401130815
27052,0.045625140040331615,0.5021856799013296,ranked,0.21666860580444336,0.21426968276500702,0.0021856799013295625
25281,0.011399282993502128,0.5021716517059543,ranked,0.036483995616436005,0.025196922942996025,0.002171651705954347
4446,0.02044588841586377,0.4978352963932165,ranked,0.022702746093273163,0.02942800521850586,0.0021647036067835024
29914,0.01011091194263948,0.5021516752187265,ranked,0.0161072239279747,0.010776184499263763,0.002151675218726501
29185,0.02999663903204123,0.5021497710913061,ranked,0.04012991115450859,0.03653016313910484,0.0021497710913060963
13316,0.027671969527223842,0.49785634009050295,ranked,0.09228383004665375,0.11479546874761581,0.002143659909497053
27850,0.03002464709836433,0.502141918672033,ranked,0.09114926308393478,0.07160472869873047,0.0021419186720329497
26975,0.10942751512435582,0.502130783177606,ranked,0.33022183179855347,0.3086772561073303,0.002130783177605955
8246,0.050246470983643286,0.4978759093528402,ranked,0.059221360832452774,0.06619757413864136,0.002124090647159793
21655,0.01546045261035178,0.5021234812140474,ranked,0.021533548831939697,0.01727934181690216,0.0021234812140473736
1127,0.026831727537530808,0.4978923865144551,ranked,0.03961681202054024,0.05030641704797745,0.0021076134855448903
31598,0.03030472776159534,0.49789682105309324,ranked,0.09813180565834045,0.12559399008750916,0.0021031789469067586
22814,0.03419784898050639,0.49789891053804997,ranked,0.03574732691049576,0.042698439210653305,0.002101089461950034
8646,0.031537082679811784,0.502096371270112,ranked,0.036564577370882034,0.03367916867136955,0.002096371270111974
7884,0.015264396146090074,0.49792097931868234,ranked,0.01641949824988842,0.029117712751030922,0.002079020681317656
19208,0.011735379789379342,0.5020771109370024,ranked,0.02408859319984913,0.01727288030087948,0.0020771109370023577
26162,0.013555904100380909,0.502076695286769,ranked,0.046107832342386246,0.03849714994430542,0.0020766952867690147
7370,0.012631637911718575,0.49792427643607384,ranked,0.011329113505780697,0.016524696722626686,0.0020757235639261573
9266,0.013079766972888191,0.497925922186322,ranked,0.012045828625559807,0.024881554767489433,0.0020740778136780214
4656,0.20042572260811115,0.4979432559244312,ranked,0.5485435128211975,0.6170607805252075,0.0020567440755687727
22247,0.0159926058704907,0.4980065695653799,ranked,0.038301944732666016,0.053484223783016205,0.0019934304346200804
20343,0.01039099260587049,0.5019822696641655,ranked,0.018024848774075508,0.012759463861584663,0.0019822696641654813
19909,0.04204010755097468,0.4980302391611002,ranked,0.14679960906505585,0.17566904425621033,0.0019697608388998256
23415,0.01652475913062962,0.5019670675377257,ranked,0.03176150470972061,0.031185723841190338,0.0019670675377256863
19488,0.02344275151243558,0.5019590101017837,ranked,0.029985511675477028,0.025578007102012634,0.001959010101783676
14504,0.1224232578982747,0.5019532359336771,ranked,0.4927452504634857,0.4780970811843872,0.0019532359336771332
14659,0.017897154380461574,0.49805869435139866,ranked,0.035889722406864166,0.04437270388007164,0.0019413056486013436
17299,0.02685973560385391,0.5019376939850873,ranked,0.032426830381155014,0.029521729797124863,0.001937693985087252
5449,0.02534730002240645,0.5019362111247955,ranked,0.07309325039386749,0.058832112699747086,0.0019362111247954727
8526,0.024086937037866907,0.49807161321000254,ranked,0.029584184288978577,0.03502439334988594,0.0019283867899974605
27219,0.020641944880125475,0.5019063208178128,ranked,0.04770071804523468,0.043035026639699936,0.0019063208178128344
25977,0.03534617969975353,0.4981025229834358,ranked,0.03861388564109802,0.04348691552877426,0.0018974770165641752
10598,0.040135559041003806,0.5018857882579751,ranked,0.13560278713703156,0.11867226660251617,0.0018857882579751406
28014,0.01487228321756666,0.5018823113999423,ranked,0.025344183668494225,0.02073425054550171,0.0018823113999423269
16235,0.012295541115841363,0.4981204858137902,ranked,0.02761349081993103,0.04644595459103584,0.0018795141862097964
21609,0.03699865561281649,0.5018560215226837,ranked,0.18536849319934845,0.15729911625385284,0.0018560215226837151
25058,0.012267533049518262,0.4981474665691394,ranked,0.024259360507130623,0.029144225642085075,0.0018525334308606145
32011,0.028372171185301366,0.5018490593812752,ranked,0.06924013048410416,0.07035723328590393,0.0018490593812752198
26142,0.045877212637239526,0.5018310207228378,ranked,0.15483586490154266,0.1401735246181488,0.0018310207228378061
32598,0.03873515572484876,0.5018256790556498,ranked,0.14725369215011597,0.11753619462251663,0.001825679055649787
8055,0.01089513779968631,0.4981743462203779,ranked,0.011620552279055119,0.016195310279726982,0.0018256537796221273
25329,0.0345059377100605,0.501812507436769,ranked,0.039898332208395004,0.03769366070628166,0.001812507436768973
15265,0.015516468742997983,0.49819190182584144,ranked,0.014554114080965519,0.019027410075068474,0.0018080981741585567
9423,0.07536970647546494,0.5017969402121515,ranked,0.1891433447599411,0.18627332150936127,0.0017969402121514877
18703,0.046829486892224964,0.5017885822723244,ranked,0.1666489988565445,0.15004189312458038,0.0017885822723243683
11140,0.011987452386287251,0.49821270961353603,ranked,0.020505541935563087,0.026251472532749176,0.0017872903864639689
5796,0.042432220479498094,0.5017763205904407,ranked,0.18032942712306976,0.18589530885219574,0.0017763205904407497
11468,0.014816267084920457,0.4982262463305948,ranked,0.0250987745821476,0.030864670872688293,0.001773753669405187
32384,0.028316155052655164,0.5017725993974735,ranked,0.10814331471920013,0.08364719897508621,0.00177259939747354
26452,0.011231234595563522,0.5017685018725379,ranked,0.018874822184443474,0.014678302221000195,0.0017685018725378532
8026,0.04091978489805064,0.5017683052812114,ranked,0.09785011410713196,0.08538571745157242,0.001768305281211413
21464,0.01092314586600941,0.4982381316805104,ranked,0.00933858472853899,0.014508035033941269,0.0017618683194896012
26970,0.012435581447456868,0.5017578747071126,ranked,0.020841339603066444,0.015755562111735344,0.0017578747071126388
19657,0.011567331391440734,0.4982568359410106,ranked,0.00945872999727726,0.013894668780267239,0.0017431640589893882
19605,0.10489020838001345,0.5017260774642622,ranked,0.565742552280426,0.6074584126472473,0.0017260774642622323
16545,0.03851109119426395,0.5017144111732533,ranked,0.16842707991600037,0.1607270985841751,0.0017144111732533274
15234,0.045317051310777505,0.49830340000093465,ranked,0.1235886663198471,0.1344376504421234,0.0016965999990653513
22266,0.03341362312345956,0.5016924434967319,ranked,0.10975328087806702,0.09370250999927521,0.0016924434967319213
8049,0.02845619538427067,0.49831468434308035,ranked,0.04416709393262863,0.05322162061929703,0.0016853156569196504
9753,0.013611920233027111,0.49831822017851113,ranked,0.01161399856209755,0.01655963808298111,0.0016817798214888713
18017,0.018765404436477704,0.49834236440186264,ranked,0.020458290353417397,0.024896986782550812,0.0016576355981373636
26448,0.01277167824333408,0.5016474942941334,ranked,0.057829562574625015,0.04558552801609039,0.001647494294133356
2295,0.019157517365001122,0.4983631441050821,ranked,0.04336175695061684,0.07563904672861099,0.0016368558949179102
15675,0.03262939726641273,0.49837315341205246,ranked,0.061140306293964386,0.08462454378604889,0.0016268465879475391
18853,0.014228097692135335,0.49837396505338655,ranked,0.025336602702736855,0.031981777399778366,0.0016260349466134527
12159,0.1307416535962357,0.4983769083063902,ranked,0.3151879608631134,0.30591389536857605,0.0016230916936098017
29308,0.13180596011651355,0.5016095268920757,ranked,0.4467179775238037,0.5091126561164856,0.0016095268920757189
25997,0.011847412054671746,0.4983974605253604,ranked,0.0115124536678195,0.015643756836652756,0.0016025394746396193
19094,0.013527896034057808,0.5015999248099962,ranked,0.022332169115543365,0.018067581579089165,0.001599924809996156
21914,0.019633654492493838,0.49840618356336547,ranked,0.03835270553827286,0.052879977971315384,0.001593816436634532
29941,0.019353573829262827,0.501581796281238,ranked,0.025781702250242233,0.022519396618008614,0.0015817962812380015
476,0.013723952498319515,0.5015701749253897,ranked,0.01649920456111431,0.01361810602247715,0.001570174925389689
24663,0.01358391216670401,0.4984501807022539,ranked,0.014100266620516777,0.018541207537055016,0.0015498192977461134
23770,0.012099484651579655,0.5015485891977313,ranked,0.031044749543070793,0.024522410705685616,0.001548589197731265
31050,0.023582791844051088,0.49845781967951514,ranked,0.024631470441818237,0.028401212766766548,0.001542180320484865
29843,0.026523638807976698,0.49846534912732327,ranked,0.1154690831899643,0.15866872668266296,0.001534650872676735
25070,0.03811897826574053,0.4984718169819677,ranked,0.17316345870494843,0.17798884212970734,0.0015281830180323142
17428,0.3185637463589514,0.49850621484722407,ranked,0.883141279220581,0.8870677351951599,0.0014937851527759283
10892,0.07520165807752632,0.49850778757783665,ranked,0.295720636844635,0.31559205055236816,0.0014922124221633526
5004,0.024030920905220705,0.49851565403934744,ranked,0.08000710606575012,0.07943142205476761,0.0014843459606525555
13036,0.01408805736051983,0.4985286431091393,ranked,0.02625337615609169,0.04244236275553703,0.0014713568908606978
6572,0.035458211965045935,0.5014537451164467,ranked,0.04440648481249809,0.040806882083415985,0.001453745116446692
29157,0.03136903428187318,0.5014537170319715,ranked,0.06693948060274124,0.06392979621887207,0.001453717031971502
5000,0.13379453282545373,0.501437773475386,ranked,0.4548497796058655,0.4348365366458893,0.0014377734753859839
7737,0.01966166255881694,0.4985829641011206,ranked,0.02719861827790737,0.0366402342915535,0.0014170358988794263
13808,0.031228993950257675,0.5014164517417946,ranked,0.06636066734790802,0.06702551990747452,0.001416451741794611
18004,0.012715662110687878,0.5014000897265283,ranked,0.02221408486366272,0.01714678853750229,0.0014000897265282752
31986,0.013359847636119202,0.5013824639098767,ranked,0.01648773066699505,0.014111759141087532,0.00138246390987673
25629,0.04072372843378893,0.5013635405904696,ranked,0.1194307953119278,0.11441580206155777,0.001363540590469614
3903,0.013555904100380909,0.4986692059076434,ranked,0.014706064946949482,0.018522517755627632,0.0013307940923565909
4338,0.08416423930091867,0.49867273050928435,ranked,0.24118797481060028,0.33664199709892273,0.0013272694907156546
11239,0.08200761819403989,0.498682961683609,ranked,0.17641115188598633,0.1982838362455368,0.001317038316391017
30156,0.017365001120322653,0.4986942544510972,ranked,0.02119910717010498,0.024561157450079918,0.0013057455489027814
14576,0.0159926058704907,0.5013011172273856,ranked,0.019789831712841988,0.017527081072330475,0.0013011172273855731
16690,0.16729218014788258,0.5012975673497171,ranked,0.6736655831336975,0.6897422075271606,0.001297567349717088
26574,0.025627380685637465,0.4987063392007868,ranked,0.02554682083427906,0.02919648215174675,0.0012936607992132254
29004,0.03005265516468743,0.49870694020855666,ranked,0.07990336418151855,0.08282865583896637,0.0012930597914433406
9863,0.010727089401747703,0.5012784165460606,ranked,0.019128326326608658,0.015236612409353256,0.0012784165460606456
8511,0.02741989693031593,0.49872444807041233,ranked,0.05086478218436241,0.05920594930648804,0.0012755519295876705
12591,0.02414295317051311,0.49872682401701646,ranked,0.08343517780303955,0.09067516028881073,0.0012731759829835432
10115,0.012575621779072373,0.5012713504920939,ranked,0.0202143806964159,0.016675101593136787,0.0012713504920939256
32558,0.08455635222944208,0.4987319297746124,ranked,0.16606402397155762,0.17335347831249237,0.0012680702253876075
27137,0.0426002688774367,0.49875033353122783,ranked,0.1406746804714203,0.14825600385665894,0.0012496664687721704
22097,0.024395025767421016,0.49877337122625526,ranked,0.026370182633399963,0.029451364651322365,0.0012266287737447423
32762,0.03873515572484876,0.49878211673184064,ranked,0.16630671918392181,0.1799023598432541,0.0012178832681593588
1039,0.017673089849876766,0.49878334683185555,ranked,0.01621011085808277,0.01936597190797329,0.0012166531681444548
11637,0.030612816491149452,0.501188827070091,ranked,0.12139842659235,0.0892447903752327,0.0011888270700910475
5681,0.010306968406901188,0.49882141814647135,ranked,0.00954462680965662,0.012084024026989937,0.0011785818535286485
21404,0.025879453282545373,0.49882528537871,ranked,0.11622601002454758,0.08921679854393005,0.001174714621289985
15130,0.014032041227873628,0.5011717292415736,ranked,0.016633138060569763,0.014989376068115234,0.0011717292415736047
31895,0.022938606318619763,0.5011684096566018,ranked,0.08044299483299255,0.06954427808523178,0.0011684096566018098
12636,0.07021622227201434,0.49884034427432594,ranked,0.1466366946697235,0.160982146859169,0.001159655725674058
10566,0.01223952498319516,0.5011587317464391,ranked,0.016538232564926147,0.014390791766345501,0.0011587317464391012
3995,0.04486892224960789,0.49884744122121544,ranked,0.11488384753465652,0.12103696167469025,0.0011525587787845626
26605,0.02904436477705579,0.4988521706468435,ranked,0.029216567054390907,0.03233211860060692,0.0011478293531564931
23555,0.0318171633430428,0.5011474979563488,ranked,0.08228764683008194,0.09048956632614136,0.0011474979563488308
11668,0.07136455299126149,0.49885852335513947,ranked,0.22619180381298065,0.22374379634857178,0.0011414766448605285
10983,0.014452162222720144,0.5011363877379498,ranked,0.04410126060247421,0.03938442841172218,0.0011363877379497733
5098,0.020894017477033386,0.49886966165801394,ranked,0.025488635525107384,0.02893591858446598,0.001130338341986059
14789,0.0638583912166704,0.4988736299943634,ranked,0.1685515195131302,0.1720544695854187,0.00112637000563659
14242,0.016160654268429307,0.5011196184977924,ranked,0.024473896250128746,0.021480867639183998,0.0011196184977924073
25721,0.021314138471879903,0.501098145108035,ranked,0.024917617440223694,0.023450447246432304,0.0010981451080349647
8757,0.014172081559489133,0.49890405952327027,ranked,0.029725950211286545,0.03214005380868912,0.0010959404767297287
9208,0.051198745238628725,0.5010834007585415,ranked,0.13955682516098022,0.12532033026218414,0.0010834007585415195
21259,0.04668944656060946,0.5010557459757867,ranked,0.1431889683008194,0.13074801862239838,0.001055745975786726
11779,0.11740981402643962,0.5010534964093212,ranked,0.5420196652412415,0.5139705538749695,0.0010534964093211752
4113,0.014312121891104639,0.5010235583587307,ranked,0.022368691861629486,0.019646763801574707,0.0010235583587306918
31169,0.011035178131301815,0.49898689749139574,ranked,0.0242915078997612,0.02963368594646454,0.0010131025086042578
6173,0.03515012323549182,0.4989891049311485,ranked,0.03827314451336861,0.04109014570713043,0.0010108950688514917
1545,0.07660206139368138,0.5009839171219498,ranked,0.29909181594848633,0.3142069876194,0.0009839171219497844
2042,0.01753304951826126,0.4990201663607481,ranked,0.021970432251691818,0.0237276591360569,0.0009798336392519147
5362,0.09153036074389424,0.500974739115446,ranked,0.31301817297935486,0.3030315637588501,0.0009747391154459883
14261,0.06220591530360744,0.5009658026354292,ranked,0.3118770122528076,0.2847651243209839,0.0009658026354292248
27924,0.010755097468070804,0.4990434849005279,ranked,0.01173209398984909,0.016450388357043266,0.0009565150994720883
31328,0.4415751736500112,0.49905342680475784,ranked,2.3434455394744873,2.442089796066284,0.0009465731952421619
5266,0.030808872955411157,0.5009461322689812,ranked,0.11622564494609833,0.10633380711078644,0.0009461322689812146
10085,0.0319011875420121,0.4990602990758455,ranked,0.0809917002916336,0.08749115467071533,0.0009397009241545184
3001,0.05363544700873852,0.49907302415157023,ranked,0.16638633608818054,0.1596955507993698,0.0009269758484297674
14273,0.04657741429531705,0.4990833058779503,ranked,0.10663510113954544,0.10674820095300674,0.0009166941220496994
14171,0.02744790499663903,0.5009156521880189,ranked,0.053629275411367416,0.05101938545703888,0.0009156521880189228
27465,0.012827694375980282,0.5009085889424996,ranked,0.03149458020925522,0.026869913563132286,0.0009085889424995663
9761,0.041900067219359176,0.5008866886687187,ranked,0.22787407040596008,0.20407822728157043,0.0008866886687186604
25693,0.06304615729330047,0.49912179003435203,ranked,0.20668604969978333,0.19000065326690674,0.0008782099656479692
4121,0.06402643961460901,0.50087815098825,ranked,0.1380453109741211,0.15743732452392578,0.0008781509882499483
13654,0.013359847636119202,0.5008698492173732,ranked,0.016225047409534454,0.015547789633274078,0.0008698492173732086
16534,0.08153148106654716,0.49913491110117747,ranked,0.20695912837982178,0.21143080294132233,0.0008650888988225303
17597,0.04836993053999552,0.500858545216095,ranked,0.11774206906557083,0.1201830506324768,0.0008585452160949636
17615,0.03618642168944656,0.5008478955830894,ranked,0.11735129356384277,0.10585892200469971,0.0008478955830893975
5507,0.019773694824109345,0.4991562749614816,ranked,0.025370165705680847,0.02725191041827202,0.0008437250385183725
24808,0.012883710508626484,0.49916466379423147,ranked,0.0165483970195055,0.02188332937657833,0.0008353362057685332
25775,0.012799686309657181,0.5008333618671601,ranked,0.029712533578276634,0.024777254089713097,0.0008333618671600984
19572,0.022686533721711852,0.4991949866021326,ranked,0.026404136791825294,0.028574787080287933,0.0008050133978674268
29582,0.04839793860631862,0.49920370402324266,ranked,0.3120727241039276,0.322541207075119,0.0007962959767573441
31234,0.032909477929643736,0.5007826413049027,ranked,0.08749428391456604,0.08765236288309097,0.000782641304902687
20010,0.13662334752408695,0.4992398318921729,ranked,0.2804875373840332,0.27559173107147217,0.0007601681078270861
32069,0.017757114048846067,0.49924592903174425,ranked,0.024903293699026108,0.029885293915867805,0.0007540709682557489
19667,0.06937598028232131,0.5007523774743994,ranked,0.1423402577638626,0.13611078262329102,0.0007523774743993794
2952,0.020081783553663454,0.49925677806452406,ranked,0.021293258294463158,0.023205813020467758,0.0007432219354759351
6674,0.08074725520950034,0.4992646585682723,ranked,0.16764846444129944,0.18028123676776886,0.0007353414317277096
3456,0.017953170513107776,0.5007192827287936,ranked,0.022622957825660706,0.021834230050444603,0.0007192827287936243
23708,0.014788259018597356,0.5007173055817377,ranked,0.016374558210372925,0.015489235520362854,0.0007173055817376595
21472,0.014844275151243558,0.4993132727948879,ranked,0.017527565360069275,0.018718421459197998,0.0006867272051120921
13506,0.03904324445440287,0.4993154437248229,ranked,0.13706809282302856,0.15731830894947052,0.0006845562751771062
10616,0.04128388976025095,0.5006703595729506,ranked,0.12764713168144226,0.11800001561641693,0.0006703595729505851
10268,0.019297557696616625,0.4993342631316716,ranked,0.02287703938782215,0.024403609335422516,0.0006657368683283815
23073,0.01546045261035178,0.49933658852622026,ranked,0.05553323030471802,0.060467448085546494,0.0006634114737797403
27579,0.02075397714541788,0.5006616533856306,ranked,0.0444834940135479,0.041307829320430756,0.0006616533856306228
18215,0.01988572708940175,0.49935055493575,ranked,0.02079070545732975,0.023147838190197945,0.0006494450642500205
29946,0.027251848532377325,0.5006410618483953,ranked,0.031302664428949356,0.030346781015396118,0.0006410618483952968
5649,0.016076630069460005,0.4993673578772774,ranked,0.03437367081642151,0.03793643042445183,0.0006326421227226264
4730,0.06262603629845395,0.4993697450576715,ranked,0.17360106110572815,0.17380550503730774,0.0006302549423284898
25341,0.011791395922025544,0.5006296314669784,ranked,0.014021576382219791,0.012958411127328873,0.0006296314669783643
23876,0.19076293972664127,0.49937626346437153,ranked,1.065362811088562,1.019511342048645,0.0006237365356284719
19198,0.014172081559489133,0.4993866940384703,ranked,0.01589534990489483,0.01978505775332451,0.0006133059615296976
9443,0.020361864216894465,0.500602021619384,ranked,0.027186905965209007,0.0252674650400877,0.0006020216193840522
12991,0.08993390096347748,0.5005675900527574,ranked,0.2925596237182617,0.2843807637691498,0.0005675900527574163
10346,0.11248039435357383,0.500533717367188,ranked,0.30549338459968567,0.3115703761577606,0.0005337173671879913
28303,0.09687990141160654,0.49947637057631317,ranked,0.14685840904712677,0.15519388020038605,0.0005236294236868333
30700,0.01994174322204795,0.5005195206649614,ranked,0.06697218120098114,0.07350611686706543,0.0005195206649614148
3918,0.025207259690790948,0.4994827345183993,ranked,0.0739544928073883,0.07864005118608475,0.0005172654816006927
29798,0.014956307416535962,0.5005152799092022,ranked,0.01898973435163498,0.018813345581293106,0.0005152799092021931
12941,0.010531032937485996,0.5004943260822363,ranked,0.021321427077054977,0.018061896786093712,0.0004943260822363182
17948,0.013219807304503697,0.5004927280755961,ranked,0.03852413594722748,0.03116687387228012,0.0004927280755960828
6692,0.03890320412278736,0.4995079038250965,ranked,0.11276306957006454,0.11648664623498917,0.000492096174903478
31592,0.01621667040107551,0.5004896303579787,ranked,0.021233823150396347,0.019843656569719315,0.0004896303579786654
17887,0.041339905892897155,0.500486821910456,ranked,0.19788700342178345,0.2407529056072235,0.00048682191045601453
32721,0.04652139816267085,0.5004689489504225,ranked,0.1253218650817871,0.12313703447580338,0.0004689489504224875
24092,0.013920008962581224,0.500453586742474,ranked,0.017377519980072975,0.016961554065346718,0.000453586742473977
10224,0.05030248711628949,0.5004365141899844,ranked,0.14047089219093323,0.1511460542678833,0.00043651418998436053
23162,0.022378444992157742,0.5004253618448723,ranked,0.07252949476242065,0.06120013818144798,0.0004253618448722962
5233,0.07357719023078646,0.5004033548500856,ranked,0.17134936153888702,0.1950342357158661,0.0004033548500855799
20127,0.03786690566883262,0.4996031579397193,ranked,0.0855666846036911,0.08491086214780807,0.0003968420602806777
20362,0.04192807528568228,0.4996151780951159,ranked,0.11965936422348022,0.12274067103862762,0.00038482190488409174
17574,0.03380573605198297,0.49961656827663947,ranked,0.12380833923816681,0.13192473351955414,0.0003834317233605278
25640,0.07559377100604975,0.49963101212224814,ranked,0.2197192758321762,0.25303202867507935,0.0003689878777518585
28685,0.010783105534393905,0.4996357331225335,ranked,0.013267568312585354,0.014288731850683689,0.00036426687746649034
19628,0.01092314586600941,0.49964813522679313,ranked,0.030870096758008003,0.03359464555978775,0.00035186477320686693
18222,0.012575621779072373,0.5003479160959902,ranked,0.026959646493196487,0.03991756588220596,0.00034791609599016393
18134,0.010615057136455299,0.5003470061589929,ranked,0.030179306864738464,0.02619236893951893,0.00034700615899285747
18611,0.01145529912614833,0.5003288748217872,ranked,0.013734208419919014,0.013295506127178669,0.0003288748217872284
11841,0.017701097916199865,0.4996761101725654,ranked,0.041786253452301025,0.05037829652428627,0.00032388982743458694
6594,0.08598476361192023,0.4996761691499634,ranked,0.30822646617889404,0.2889389097690582,0.0003238308500366216
633,0.013667936365673313,0.5003120100944142,ranked,0.019174806773662567,0.01837238483130932,0.0003120100944141724
9555,0.011511315258794532,0.499694923962519,ranked,0.019053630530834198,0.02197095938026905,0.000305076037480978
394,0.031957203674658305,0.4997043996644602,ranked,0.03383742645382881,0.0353500135242939,0.0002956003355398251
27082,0.021622227201434013,0.5002943224919171,ranked,0.02146984450519085,0.0218353234231472,0.00029432249191707616
9876,0.01518037194712077,0.49971094334718774,ranked,0.06870827078819275,0.0588955394923687,0.00028905665281225845
21233,0.04548509970871611,0.5002885005802028,ranked,0.1538495123386383,0.1397297978401184,0.00028850058020279956
30646,0.03484203450593771,0.5002810188760026,ranked,0.12905165553092957,0.13518503308296204,0.00028101887600262554
31593,0.01677683172753753,0.4997283613387227,ranked,0.020012972876429558,0.02199932001531124,0.00027163866127727365
27530,0.014816267084920457,0.499732630178957,ranked,0.017372768372297287,0.017143614590168,0.00026736982104297313
360,0.013611920233027111,0.49973289136457655,ranked,0.01553491409868002,0.01665322668850422,0.000267108635423452
15319,0.016300694600044813,0.4997334979892414,ranked,0.03434530273079872,0.037580572068691254,0.000266502010758618
30902,0.018765404436477704,0.5002541869683721,ranked,0.019942261278629303,0.01945946365594864,0.0002541869683720943
15904,0.10609455523190679,0.5002436356310299,ranked,0.26339030265808105,0.26673614978790283,0.0002436356310299148
21393,0.02971655836881022,0.5002097123934048,ranked,0.16378873586654663,0.15148478746414185,0.00020971239340483727
11104,0.03851109119426395,0.5002025564691173,ranked,0.14871712028980255,0.12011744827032089,0.00020255646911726544
24495,0.037278736276047504,0.4998257077467497,ranked,0.11675253510475159,0.11455361545085907,0.00017429225325027442
12224,0.019577638359847636,0.5001735957582646,ranked,0.046480003744363785,0.04345504939556122,0.00017359575826458862
3480,0.02100604974232579,0.5001653389225484,ranked,0.023234985768795013,0.02452543005347252,0.0001653389225484414
5023,0.02812009858839346,0.5001434442656625,ranked,0.041412103921175,0.041561756283044815,0.00014344426566248458
23069,0.011623347524086936,0.5001349908386195,ranked,0.015067465603351593,0.01481123548001051,0.00013499083861945316
2471,0.01145529912614833,0.5001348616500335,ranked,0.02801620028913021,0.026163162663578987,0.00013486165003351314
9012,0.010811113600717006,0.5001193477859188,ranked,0.014704675413668156,0.015134413726627827,0.00011934778591882189
11553,0.04058368810217343,0.4998818486127257,ranked,0.04464264214038849,0.04629093036055565,0.00011815138727427899
16755,0.012855702442303383,0.49989124567813625,ranked,0.01403025072067976,0.01443038322031498,0.00010875432186374656
5078,0.034814026439614607,0.500101011432044,ranked,0.08363892138004303,0.10689562559127808,0.00010101143204399587
21034,0.023834864440958996,0.5000987618655786,ranked,0.025084026157855988,0.025188064202666283,9.876186557855604e-05
7680,0.07251288371050862,0.4999234754219052,ranked,0.21687881648540497,0.22728422284126282,7.65245780948165e-05
31716,0.05203898722832176,0.4999375260848606,ranked,0.11996598541736603,0.14083003997802734,6.247391513941603e-05
5323,0.011903428187317948,0.5000497544563096,ranked,0.01691911183297634,0.01955965720117092,4.975445630961417e-05
28371,0.012575621779072373,0.49996144001551523,ranked,0.030750393867492676,0.03079729713499546,3.855998448476505e-05
24359,0.011735379789379342,0.4999651359324549,ranked,0.014820132404565811,0.015139405615627766,3.486406754510396e-05
27575,0.038399058928971545,0.5000075687660733,ranked,0.047926437109708786,0.049213021993637085,7.568766073329236e-06
11299,0.028232130853685863,0.4999932597259459,ranked,0.10786617547273636,0.11234775930643082,6.740274054117812e-06
0,0.0,,too_rare,,,
1,2.8008066323101054e-05,,too_rare,,,
2,0.0,,too_rare,,,
3,0.0,,too_rare,,,
4,0.0,,too_rare,,,
5,0.0,,too_rare,,,
6,0.0,,too_rare,,,
7,0.0,,too_rare,,,
8,2.8008066323101054e-05,,too_rare,,,
9,0.0,,too_rare,,,
10,0.0,,too_rare,,,
11,2.8008066323101054e-05,,too_rare,,,
12,0.0,,too_rare,,,
13,0.0,,too_rare,,,
14,0.0,,too_rare,,,
15,0.00011203226529240422,,too_rare,,,
16,0.0,,too_rare,,,
17,0.0,,too_rare,,,
18,0.0,,too_rare,,,
19,0.0,,too_rare,,,
20,0.0,,too_rare,,,
21,0.0,,too_rare,,,
22,0.0,,too_rare,,,
23,0.0,,too_rare,,,
24,0.0,,too_rare,,,
25,2.8008066323101054e-05,,too_rare,,,
26,0.0,,too_rare,,,
27,0.0,,too_rare,,,
28,0.0,,too_rare,,,
29,0.00016804839793860632,,too_rare,,,
30,0.0,,too_rare,,,
31,0.0,,too_rare,,,
32,0.0,,too_rare,,,
33,2.8008066323101054e-05,,too_rare,,,
34,0.0,,too_rare,,,
35,0.0008962581223392337,,too_rare,,,
36,0.0,,too_rare,,,
37,0.0,,too_rare,,,
38,0.0,,too_rare,,,
39,2.8008066323101054e-05,,too_rare,,,
40,0.0,,too_rare,,,
41,0.0,,too_rare,,,
42,0.0,,too_rare,,,
43,0.0,,too_rare,,,
44,5.601613264620211e-05,,too_rare,,,
45,2.8008066323101054e-05,,too_rare,,,
46,0.0,,too_rare,,,
47,0.0,,too_rare,,,
48,0.0,,too_rare,,,
49,0.0,,too_rare,,,
50,0.0,,too_rare,,,
51,0.0,,too_rare,,,
52,5.601613264620211e-05,,too_rare,,,
53,0.00011203226529240422,,too_rare,,,
54,0.0,,too_rare,,,
55,0.0,,too_rare,,,
56,0.0,,too_rare,,,
57,0.0,,too_rare,,,
59,0.0,,too_rare,,,
60,0.0,,too_rare,,,
61,5.601613264620211e-05,,too_rare,,,
62,0.00159645978041676,,too_rare,,,
63,5.601613264620211e-05,,too_rare,,,
64,0.0,,too_rare,,,
65,0.0,,too_rare,,,
66,0.0,,too_rare,,,
67,0.0,,too_rare,,,
68,0.0,,too_rare,,,
69,0.0,,too_rare,,,
70,0.0,,too_rare,,,
71,0.0,,too_rare,,,
72,2.8008066323101054e-05,,too_rare,,,
73,0.0,,too_rare,,,
74,0.0,,too_rare,,,
75,0.0,,too_rare,,,
76,0.0,,too_rare,,,
77,2.8008066323101054e-05,,too_rare,,,
78,0.0,,too_rare,,,
79,0.0,,too_rare,,,
80,0.0,,too_rare,,,
81,2.8008066323101054e-05,,too_rare,,,
82,5.601613264620211e-05,,too_rare,,,
83,0.0,,too_rare,,,
84,2.8008066323101054e-05,,too_rare,,,
85,0.0,,too_rare,,,
86,0.0,,too_rare,,,
87,2.8008066323101054e-05,,too_rare,,,
88,0.0,,too_rare,,,
89,0.0,,too_rare,,,
90,0.0,,too_rare,,,
91,0.0,,too_rare,,,
92,0.0,,too_rare,,,
93,0.0,,too_rare,,,
94,0.0,,too_rare,,,
95,0.0,,too_rare,,,
96,0.0,,too_rare,,,
97,0.0,,too_rare,,,
98,0.00016804839793860632,,too_rare,,,
99,0.0,,too_rare,,,
100,0.0,,too_rare,,,
101,0.0,,too_rare,,,
102,0.0,,too_rare,,,
103,0.0,,too_rare,,,
104,0.0,,too_rare,,,
105,2.8008066323101054e-05,,too_rare,,,
106,0.0,,too_rare,,,
107,0.0,,too_rare,,,
108,0.00019605646426170737,,too_rare,,,
109,0.0,,too_rare,,,
110,0.0,,too_rare,,,
111,0.0,,too_rare,,,
112,0.0,,too_rare,,,
113,0.0,,too_rare,,,
114,5.601613264620211e-05,,too_rare,,,
115,0.0,,too_rare,,,
116,2.8008066323101054e-05,,too_rare,,,
117,0.0,,too_rare,,,
118,0.0,,too_rare,,,
119,0.0,,too_rare,,,
120,0.0,,too_rare,,,
121,0.0,,too_rare,,,
122,0.0,,too_rare,,,
123,0.0,,too_rare,,,
124,0.0,,too_rare,,,
125,0.0,,too_rare,,,
126,0.00016804839793860632,,too_rare,,,
127,0.0,,too_rare,,,
128,0.0,,too_rare,,,
129,0.0,,too_rare,,,
130,0.0,,too_rare,,,
131,0.0,,too_rare,,,
132,0.0,,too_rare,,,
133,0.0,,too_rare,,,
134,0.0,,too_rare,,,
135,0.0,,too_rare,,,
136,0.0,,too_rare,,,
137,0.0,,too_rare,,,
138,0.0,,too_rare,,,
139,0.0,,too_rare,,,
140,0.0,,too_rare,,,
141,2.8008066323101054e-05,,too_rare,,,
142,0.0,,too_rare,,,
143,0.0,,too_rare,,,
144,0.0,,too_rare,,,
145,0.0,,too_rare,,,
146,2.8008066323101054e-05,,too_rare,,,
147,0.0,,too_rare,,,
148,0.0,,too_rare,,,
149,0.0,,too_rare,,,
150,0.0,,too_rare,,,
151,0.0,,too_rare,,,
152,2.8008066323101054e-05,,too_rare,,,
153,0.0,,too_rare,,,
154,0.0,,too_rare,,,
155,2.8008066323101054e-05,,too_rare,,,
156,0.0,,too_rare,,,
157,0.0,,too_rare,,,
158,0.0,,too_rare,,,
159,2.8008066323101054e-05,,too_rare,,,
160,0.0,,too_rare,,,
161,0.0,,too_rare,,,
162,0.0,,too_rare,,,
163,0.0,,too_rare,,,
164,2.8008066323101054e-05,,too_rare,,,
165,5.601613264620211e-05,,too_rare,,,
166,0.0,,too_rare,,,
167,0.0,,too_rare,,,
168,0.005405556800358503,,too_rare,,,
169,0.0,,too_rare,,,
170,0.0,,too_rare,,,
171,0.0,,too_rare,,,
172,5.601613264620211e-05,,too_rare,,,
173,0.0,,too_rare,,,
174,2.8008066323101054e-05,,too_rare,,,
176,2.8008066323101054e-05,,too_rare,,,
177,0.0,,too_rare,,,
178,0.0,,too_rare,,,
179,0.00011203226529240422,,too_rare,,,
180,0.0,,too_rare,,,
181,0.0,,too_rare,,,
182,0.0,,too_rare,,,
183,0.0,,too_rare,,,
184,0.0,,too_rare,,,
185,0.0,,too_rare,,,
186,5.601613264620211e-05,,too_rare,,,
187,0.0,,too_rare,,,
188,0.00016804839793860632,,too_rare,,,
189,0.0,,too_rare,,,
190,5.601613264620211e-05,,too_rare,,,
191,0.0,,too_rare,,,
192,2.8008066323101054e-05,,too_rare,,,
193,0.0,,too_rare,,,
194,0.0,,too_rare,,,
195,0.0,,too_rare,,,
196,0.0029128388976025093,,too_rare,,,
197,0.0,,too_rare,,,
198,0.0,,too_rare,,,
199,0.0,,too_rare,,,
200,0.0,,too_rare,,,
201,0.0,,too_rare,,,
202,0.0,,too_rare,,,
203,0.0,,too_rare,,,
204,0.0,,too_rare,,,
205,0.0,,too_rare,,,
206,5.601613264620211e-05,,too_rare,,,
207,0.0,,too_rare,,,
208,0.0,,too_rare,,,
209,2.8008066323101054e-05,,too_rare,,,
210,0.0,,too_rare,,,
211,0.0,,too_rare,,,
212,0.0,,too_rare,,,
213,0.0,,too_rare,,,
214,0.0,,too_rare,,,
215,0.0,,too_rare,,,
216,0.0,,too_rare,,,
217,5.601613264620211e-05,,too_rare,,,
218,2.8008066323101054e-05,,too_rare,,,
219,0.0,,too_rare,,,
220,0.0,,too_rare,,,
221,0.0,,too_rare,,,
222,0.0,,too_rare,,,
223,0.0,,too_rare,,,
224,0.0,,too_rare,,,
225,0.0,,too_rare,,,
226,0.0,,too_rare,,,
227,0.0,,too_rare,,,
228,0.0,,too_rare,,,
229,0.0,,too_rare,,,
230,0.0,,too_rare,,,
231,0.0,,too_rare,,,
232,0.0,,too_rare,,,
233,8.402419896930316e-05,,too_rare,,,
234,0.0,,too_rare,,,
235,0.0,,too_rare,,,
236,5.601613264620211e-05,,too_rare,,,
237,0.0,,too_rare,,,
238,2.8008066323101054e-05,,too_rare,,,
239,2.8008066323101054e-05,,too_rare,,,
240,2.8008066323101054e-05,,too_rare,,,
241,0.0,,too_rare,,,
242,0.0,,too_rare,,,
243,2.8008066323101054e-05,,too_rare,,,
244,0.0,,too_rare,,,
245,0.0,,too_rare,,,
246,0.00033609679587721263,,too_rare,,,
247,0.0,,too_rare,,,
248,0.0,,too_rare,,,
249,8.402419896930316e-05,,too_rare,,,
250,0.0,,too_rare,,,
251,0.0,,too_rare,,,
252,2.8008066323101054e-05,,too_rare,,,
253,0.0,,too_rare,,,
254,0.0,,too_rare,,,
255,0.0,,too_rare,,,
256,0.0,,too_rare,,,
257,0.0,,too_rare,,,
258,0.0,,too_rare,,,
259,5.601613264620211e-05,,too_rare,,,
260,0.0,,too_rare,,,
261,0.0002800806632310105,,too_rare,,,
262,0.0,,too_rare,,,
263,5.601613264620211e-05,,too_rare,,,
264,0.0,,too_rare,,,
265,0.0,,too_rare,,,
266,5.601613264620211e-05,,too_rare,,,
267,0.0007562177907237285,,too_rare,,,
268,0.0,,too_rare,,,
269,0.0,,too_rare,,,
270,0.0,,too_rare,,,
271,0.000980282321308537,,too_rare,,,
272,0.0011763387855702441,,too_rare,,,
273,0.0,,too_rare,,,
274,0.0,,too_rare,,,
275,0.0,,too_rare,,,
276,2.8008066323101054e-05,,too_rare,,,
277,0.0,,too_rare,,,
278,0.0,,too_rare,,,
279,0.0,,too_rare,,,
280,0.0,,too_rare,,,
281,0.0,,too_rare,,,
282,0.0,,too_rare,,,
283,0.0,,too_rare,,,
284,0.00019605646426170737,,too_rare,,,
285,0.0,,too_rare,,,
286,0.0,,too_rare,,,
287,0.0,,too_rare,,,
288,0.0,,too_rare,,,
289,0.0007842258570468295,,too_rare,,,
290,0.0,,too_rare,,,
291,0.0,,too_rare,,,
292,0.0,,too_rare,,,
293,0.0,,too_rare,,,
294,0.0,,too_rare,,,
295,0.0,,too_rare,,,
296,2.8008066323101054e-05,,too_rare,,,
297,0.0,,too_rare,,,
298,0.0,,too_rare,,,
299,0.0,,too_rare,,,
300,0.0,,too_rare,,,
301,0.00011203226529240422,,too_rare,,,
302,0.0,,too_rare,,,
303,0.0,,too_rare,,,
304,0.0,,too_rare,,,
305,0.0,,too_rare,,,
306,2.8008066323101054e-05,,too_rare,,,
307,2.8008066323101054e-05,,too_rare,,,
308,0.0,,too_rare,,,
309,0.0,,too_rare,,,
310,0.0,,too_rare,,,
311,2.8008066323101054e-05,,too_rare,,,
312,0.0,,too_rare,,,
313,0.0,,too_rare,,,
314,0.0,,too_rare,,,
315,0.0,,too_rare,,,
316,2.8008066323101054e-05,,too_rare,,,
317,0.0,,too_rare,,,
319,2.8008066323101054e-05,,too_rare,,,
320,0.0,,too_rare,,,
321,0.0,,too_rare,,,
322,0.0,,too_rare,,,
323,0.001512435581447457,,too_rare,,,
324,0.0,,too_rare,,,
325,0.0,,too_rare,,,
326,0.0,,too_rare,,,
327,0.0,,too_rare,,,
328,0.0,,too_rare,,,
329,0.00011203226529240422,,too_rare,,,
330,0.0,,too_rare,,,
331,0.0,,too_rare,,,
332,0.0,,too_rare,,,
333,8.402419896930316e-05,,too_rare,,,
334,0.0,,too_rare,,,
335,2.8008066323101054e-05,,too_rare,,,
336,0.0,,too_rare,,,
337,0.0003080887295541116,,too_rare,,,
338,0.0,,too_rare,,,
339,0.0,,too_rare,,,
340,5.601613264620211e-05,,too_rare,,,
341,0.0,,too_rare,,,
342,0.0,,too_rare,,,
343,0.001008290387631638,,too_rare,,,
344,0.0,,too_rare,,,
345,5.601613264620211e-05,,too_rare,,,
346,0.0002800806632310105,,too_rare,,,
347,0.0,,too_rare,,,
348,0.0,,too_rare,,,
349,0.0,,too_rare,,,
350,2.8008066323101054e-05,,too_rare,,,
351,0.0,,too_rare,,,
352,0.00033609679587721263,,too_rare,,,
353,0.0,,too_rare,,,
354,0.0,,too_rare,,,
355,2.8008066323101054e-05,,too_rare,,,
356,0.0,,too_rare,,,
357,0.0,,too_rare,,,
358,0.0,,too_rare,,,
359,0.0,,too_rare,,,
361,0.0,,too_rare,,,
362,0.0,,too_rare,,,
363,0.0,,too_rare,,,
364,2.8008066323101054e-05,,too_rare,,,
365,0.0,,too_rare,,,
366,0.0,,too_rare,,,
367,5.601613264620211e-05,,too_rare,,,
368,0.0,,too_rare,,,
369,0.0,,too_rare,,,
370,0.0,,too_rare,,,
371,5.601613264620211e-05,,too_rare,,,
372,0.0,,too_rare,,,
373,0.0,,too_rare,,,
374,0.0,,too_rare,,,
375,0.0,,too_rare,,,
376,0.0,,too_rare,,,
377,0.0,,too_rare,,,
378,0.0,,too_rare,,,
379,0.0,,too_rare,,,
380,0.0,,too_rare,,,
381,0.0,,too_rare,,,
382,2.8008066323101054e-05,,too_rare,,,
383,0.0,,too_rare,,,
384,5.601613264620211e-05,,too_rare,,,
385,0.0,,too_rare,,,
386,5.601613264620211e-05,,too_rare,,,
387,0.0,,too_rare,,,
388,0.0,,too_rare,,,
389,0.0,,too_rare,,,
391,0.0,,too_rare,,,
392,0.0007562177907237285,,too_rare,,,
393,0.0,,too_rare,,,
395,0.0,,too_rare,,,
396,0.0,,too_rare,,,
397,0.0,,too_rare,,,
398,0.0,,too_rare,,,
399,0.0,,too_rare,,,
400,2.8008066323101054e-05,,too_rare,,,
401,0.0,,too_rare,,,
402,0.0,,too_rare,,,
403,0.0,,too_rare,,,
404,0.0,,too_rare,,,
405,0.0,,too_rare,,,
406,0.0,,too_rare,,,
407,0.0,,too_rare,,,
408,0.0,,too_rare,,,
410,0.0,,too_rare,,,
411,0.0,,too_rare,,,
412,0.0,,too_rare,,,
413,0.0,,too_rare,,,
414,0.0,,too_rare,,,
415,0.0,,too_rare,,,
416,0.0,,too_rare,,,
417,0.0,,too_rare,,,
418,0.0,,too_rare,,,
419,2.8008066323101054e-05,,too_rare,,,
420,0.0,,too_rare,,,
421,2.8008066323101054e-05,,too_rare,,,
422,0.0,,too_rare,,,
423,0.0,,too_rare,,,
424,0.0,,too_rare,,,
425,0.0,,too_rare,,,
426,0.0,,too_rare,,,
427,0.0,,too_rare,,,
428,0.0,,too_rare,,,
429,0.0,,too_rare,,,
430,0.0,,too_rare,,,
431,0.0,,too_rare,,,
432,2.8008066323101054e-05,,too_rare,,,
433,0.0,,too_rare,,,
434,0.0,,too_rare,,,
436,0.00011203226529240422,,too_rare,,,
437,2.8008066323101054e-05,,too_rare,,,
438,0.0,,too_rare,,,
439,0.0,,too_rare,,,
440,2.8008066323101054e-05,,too_rare,,,
441,0.0,,too_rare,,,
442,2.8008066323101054e-05,,too_rare,,,
443,0.0,,too_rare,,,
444,0.0,,too_rare,,,
445,0.0,,too_rare,,,
446,0.0,,too_rare,,,
447,2.8008066323101054e-05,,too_rare,,,
448,0.0,,too_rare,,,
449,0.0,,too_rare,,,
450,0.0,,too_rare,,,
451,0.0,,too_rare,,,
452,0.0,,too_rare,,,
453,0.0,,too_rare,,,
454,0.0,,too_rare,,,
455,0.0,,too_rare,,,
456,0.0,,too_rare,,,
457,2.8008066323101054e-05,,too_rare,,,
458,0.0,,too_rare,,,
459,0.0,,too_rare,,,
460,0.0,,too_rare,,,
462,0.00016804839793860632,,too_rare,,,
463,0.0,,too_rare,,,
464,0.0,,too_rare,,,
466,0.0,,too_rare,,,
467,0.0,,too_rare,,,
468,0.0,,too_rare,,,
469,0.0,,too_rare,,,
470,8.402419896930316e-05,,too_rare,,,
471,0.0,,too_rare,,,
472,0.0,,too_rare,,,
473,0.0,,too_rare,,,
474,0.0,,too_rare,,,
475,0.0,,too_rare,,,
477,0.0,,too_rare,,,
478,0.0,,too_rare,,,
479,0.0,,too_rare,,,
480,2.8008066323101054e-05,,too_rare,,,
481,0.0002520725969079095,,too_rare,,,
482,0.0,,too_rare,,,
483,0.0,,too_rare,,,
484,0.0,,too_rare,,,
485,0.0,,too_rare,,,
486,0.0,,too_rare,,,
487,0.0,,too_rare,,,
488,0.0,,too_rare,,,
489,0.0,,too_rare,,,
490,0.0,,too_rare,,,
491,0.0,,too_rare,,,
492,0.0,,too_rare,,,
493,0.0,,too_rare,,,
494,0.0,,too_rare,,,
495,2.8008066323101054e-05,,too_rare,,,
496,8.402419896930316e-05,,too_rare,,,
497,5.601613264620211e-05,,too_rare,,,
498,0.0,,too_rare,,,
499,0.0,,too_rare,,,
501,0.00011203226529240422,,too_rare,,,
502,0.0,,too_rare,,,
503,0.0,,too_rare,,,
505,0.0,,too_rare,,,
506,0.0,,too_rare,,,
507,0.00022406453058480843,,too_rare,,,
508,0.0,,too_rare,,,
509,0.0,,too_rare,,,
510,0.0,,too_rare,,,
511,0.0,,too_rare,,,
512,0.002184629173201882,,too_rare,,,
514,0.0,,too_rare,,,
515,0.0,,too_rare,,,
516,0.0,,too_rare,,,
517,0.00011203226529240422,,too_rare,,,
518,0.0,,too_rare,,,
519,2.8008066323101054e-05,,too_rare,,,
520,0.0,,too_rare,,,
521,0.0,,too_rare,,,
522,0.0,,too_rare,,,
523,0.0,,too_rare,,,
524,0.0,,too_rare,,,
525,0.0,,too_rare,,,
526,0.0,,too_rare,,,
527,0.0,,too_rare,,,
528,0.0,,too_rare,,,
529,0.0,,too_rare,,,
530,0.0,,too_rare,,,
531,0.0,,too_rare,,,
532,0.0,,too_rare,,,
533,0.0002800806632310105,,too_rare,,,
534,0.0,,too_rare,,,
535,0.0,,too_rare,,,
536,2.8008066323101054e-05,,too_rare,,,
537,2.8008066323101054e-05,,too_rare,,,
538,0.0006721935917544253,,too_rare,,,
539,0.0,,too_rare,,,
540,0.0,,too_rare,,,
541,0.0,,too_rare,,,
542,2.8008066323101054e-05,,too_rare,,,
543,0.000560161326462021,,too_rare,,,
544,0.0,,too_rare,,,
545,0.0,,too_rare,,,
546,0.0,,too_rare,,,
547,0.0,,too_rare,,,
548,0.005657629397266412,,too_rare,,,
549,0.0,,too_rare,,,
550,0.0,,too_rare,,,
551,0.0,,too_rare,,,
552,5.601613264620211e-05,,too_rare,,,
553,2.8008066323101054e-05,,too_rare,,,
554,0.0,,too_rare,,,
555,0.0,,too_rare,,,
556,0.0,,too_rare,,,
557,0.00011203226529240422,,too_rare,,,
558,2.8008066323101054e-05,,too_rare,,,
559,0.0,,too_rare,,,
560,0.0,,too_rare,,,
561,0.0,,too_rare,,,
562,0.0,,too_rare,,,
563,0.0,,too_rare,,,
564,0.0,,too_rare,,,
565,2.8008066323101054e-05,,too_rare,,,
566,0.0,,too_rare,,,
567,0.0,,too_rare,,,
568,0.0,,too_rare,,,
569,0.0,,too_rare,,,
570,0.0,,too_rare,,,
571,0.0,,too_rare,,,
572,0.0,,too_rare,,,
573,0.0,,too_rare,,,
574,2.8008066323101054e-05,,too_rare,,,
575,0.0,,too_rare,,,
576,2.8008066323101054e-05,,too_rare,,,
577,0.0,,too_rare,,,
578,0.0,,too_rare,,,
579,0.0,,too_rare,,,
580,0.0,,too_rare,,,
581,0.0,,too_rare,,,
582,0.00011203226529240422,,too_rare,,,
583,0.002044588841586377,,too_rare,,,
584,2.8008066323101054e-05,,too_rare,,,
585,0.0,,too_rare,,,
586,0.0,,too_rare,,,
587,0.0,,too_rare,,,
588,0.0,,too_rare,,,
589,2.8008066323101054e-05,,too_rare,,,
590,0.0,,too_rare,,,
591,2.8008066323101054e-05,,too_rare,,,
592,2.8008066323101054e-05,,too_rare,,,
593,0.0,,too_rare,,,
594,0.0,,too_rare,,,
595,2.8008066323101054e-05,,too_rare,,,
596,0.0,,too_rare,,,
597,0.0,,too_rare,,,
598,2.8008066323101054e-05,,too_rare,,,
599,2.8008066323101054e-05,,too_rare,,,
600,0.0,,too_rare,,,
601,0.0,,too_rare,,,
602,0.0,,too_rare,,,
603,2.8008066323101054e-05,,too_rare,,,
604,2.8008066323101054e-05,,too_rare,,,
605,0.0,,too_rare,,,
606,0.0,,too_rare,,,
607,0.0,,too_rare,,,
608,0.0,,too_rare,,,
609,0.0,,too_rare,,,
610,0.0,,too_rare,,,
612,0.0,,too_rare,,,
613,0.0,,too_rare,,,
614,2.8008066323101054e-05,,too_rare,,,
615,0.0,,too_rare,,,
616,0.0,,too_rare,,,
617,0.0,,too_rare,,,
618,0.0,,too_rare,,,
619,0.0,,too_rare,,,
620,0.003332959892449025,,too_rare,,,
621,0.0,,too_rare,,,
622,0.0,,too_rare,,,
623,2.8008066323101054e-05,,too_rare,,,
624,0.0,,too_rare,,,
625,0.0,,too_rare,,,
626,5.601613264620211e-05,,too_rare,,,
627,2.8008066323101054e-05,,too_rare,,,
628,2.8008066323101054e-05,,too_rare,,,
629,0.0,,too_rare,,,
630,0.0,,too_rare,,,
631,0.0,,too_rare,,,
632,5.601613264620211e-05,,too_rare,,,
634,0.0,,too_rare,,,
635,0.0,,too_rare,,,
636,0.0,,too_rare,,,
637,0.0,,too_rare,,,
638,0.0,,too_rare,,,
639,0.0,,too_rare,,,
640,0.0,,too_rare,,,
641,0.0,,too_rare,,,
642,2.8008066323101054e-05,,too_rare,,,
643,0.0,,too_rare,,,
644,2.8008066323101054e-05,,too_rare,,,
645,0.0019045485099708716,,too_rare,,,
646,2.8008066323101054e-05,,too_rare,,,
647,5.601613264620211e-05,,too_rare,,,
648,2.8008066323101054e-05,,too_rare,,,
649,0.0,,too_rare,,,
650,2.8008066323101054e-05,,too_rare,,,
651,2.8008066323101054e-05,,too_rare,,,
652,0.0,,too_rare,,,
653,0.0,,too_rare,,,
654,0.0,,too_rare,,,
655,0.0,,too_rare,,,
656,0.0,,too_rare,,,
657,2.8008066323101054e-05,,too_rare,,,
658,0.0,,too_rare,,,
659,0.0,,too_rare,,,
660,0.0,,too_rare,,,
661,0.0,,too_rare,,,
662,0.0,,too_rare,,,
663,2.8008066323101054e-05,,too_rare,,,
664,0.0,,too_rare,,,
665,0.0,,too_rare,,,
666,0.0,,too_rare,,,
667,5.601613264620211e-05,,too_rare,,,
668,0.0,,too_rare,,,
669,0.0,,too_rare,,,
670,0.0006161774591082232,,too_rare,,,
671,0.0,,too_rare,,,
672,0.0,,too_rare,,,
673,0.0,,too_rare,,,
674,2.8008066323101054e-05,,too_rare,,,
675,0.0,,too_rare,,,
676,0.0,,too_rare,,,
677,0.0,,too_rare,,,
678,0.0,,too_rare,,,
679,2.8008066323101054e-05,,too_rare,,,
680,0.0,,too_rare,,,
681,0.00019605646426170737,,too_rare,,,
682,0.0,,too_rare,,,
683,0.0002520725969079095,,too_rare,,,
684,2.8008066323101054e-05,,too_rare,,,
685,0.0,,too_rare,,,
686,0.0,,too_rare,,,
687,0.0,,too_rare,,,
688,0.0,,too_rare,,,
689,0.0,,too_rare,,,
690,5.601613264620211e-05,,too_rare,,,
691,0.0,,too_rare,,,
692,5.601613264620211e-05,,too_rare,,,
693,0.0016804839793860631,,too_rare,,,
694,0.0,,too_rare,,,
695,0.0,,too_rare,,,
696,0.0,,too_rare,,,
697,2.8008066323101054e-05,,too_rare,,,
698,0.00011203226529240422,,too_rare,,,
699,0.0,,too_rare,,,
700,2.8008066323101054e-05,,too_rare,,,
701,0.0,,too_rare,,,
702,0.0,,too_rare,,,
703,0.0,,too_rare,,,
704,2.8008066323101054e-05,,too_rare,,,
705,0.0,,too_rare,,,
706,0.0,,too_rare,,,
707,0.0,,too_rare,,,
708,0.0,,too_rare,,,
709,0.0,,too_rare,,,
710,0.0,,too_rare,,,
711,0.0,,too_rare,,,
712,2.8008066323101054e-05,,too_rare,,,
713,0.0,,too_rare,,,
714,0.0,,too_rare,,,
715,0.0,,too_rare,,,
716,0.0,,too_rare,,,
717,0.0,,too_rare,,,
718,0.0,,too_rare,,,
719,0.0,,too_rare,,,
720,0.0,,too_rare,,,
721,0.0,,too_rare,,,
722,0.0,,too_rare,,,
723,0.0,,too_rare,,,
724,0.0,,too_rare,,,
725,0.0,,too_rare,,,
726,0.0,,too_rare,,,
727,0.0,,too_rare,,,
728,0.0,,too_rare,,,
729,0.0,,too_rare,,,
730,0.0,,too_rare,,,
731,0.0,,too_rare,,,
732,0.0,,too_rare,,,
733,0.0,,too_rare,,,
734,0.0,,too_rare,,,
735,0.0,,too_rare,,,
737,2.8008066323101054e-05,,too_rare,,,
738,0.0,,too_rare,,,
739,0.00014004033161550526,,too_rare,,,
740,0.0,,too_rare,,,
741,0.0,,too_rare,,,
742,2.8008066323101054e-05,,too_rare,,,
743,8.402419896930316e-05,,too_rare,,,
744,0.0,,too_rare,,,
745,0.0,,too_rare,,,
746,0.0,,too_rare,,,
747,0.0003080887295541116,,too_rare,,,
748,0.0,,too_rare,,,
749,0.0,,too_rare,,,
750,0.0,,too_rare,,,
751,0.0,,too_rare,,,
752,0.0,,too_rare,,,
753,0.0,,too_rare,,,
754,0.0,,too_rare,,,
755,0.0,,too_rare,,,
756,0.0,,too_rare,,,
757,0.0,,too_rare,,,
758,0.001624467846739861,,too_rare,,,
759,0.0,,too_rare,,,
760,0.0,,too_rare,,,
761,0.0,,too_rare,,,
762,0.0,,too_rare,,,
763,0.0,,too_rare,,,
764,0.0,,too_rare,,,
765,0.0,,too_rare,,,
766,0.00014004033161550526,,too_rare,,,
767,0.007814250504145194,,too_rare,,,
768,0.0,,too_rare,,,
769,0.0,,too_rare,,,
770,0.0,,too_rare,,,
771,0.0,,too_rare,,,
772,0.0,,too_rare,,,
773,0.0,,too_rare,,,
774,0.0,,too_rare,,,
775,0.0,,too_rare,,,
776,0.0,,too_rare,,,
777,0.0,,too_rare,,,
778,0.0,,too_rare,,,
779,0.0,,too_rare,,,
780,2.8008066323101054e-05,,too_rare,,,
781,2.8008066323101054e-05,,too_rare,,,
782,0.0,,too_rare,,,
783,0.0,,too_rare,,,
784,0.004761371274927179,,too_rare,,,
785,0.0,,too_rare,,,
786,0.0,,too_rare,,,
787,0.0,,too_rare,,,
788,2.8008066323101054e-05,,too_rare,,,
790,0.0,,too_rare,,,
791,2.8008066323101054e-05,,too_rare,,,
792,0.0,,too_rare,,,
793,0.0,,too_rare,,,
794,0.0,,too_rare,,,
795,0.0,,too_rare,,,
796,0.0,,too_rare,,,
797,0.0,,too_rare,,,
798,0.0,,too_rare,,,
799,0.0,,too_rare,,,
800,0.00019605646426170737,,too_rare,,,
801,2.8008066323101054e-05,,too_rare,,,
802,0.0,,too_rare,,,
803,0.0,,too_rare,,,
804,0.0,,too_rare,,,
805,0.0,,too_rare,,,
806,0.0,,too_rare,,,
807,0.0,,too_rare,,,
808,0.0,,too_rare,,,
809,0.0,,too_rare,,,
810,0.0,,too_rare,,,
811,2.8008066323101054e-05,,too_rare,,,
812,0.0,,too_rare,,,
813,0.007842258570468295,,too_rare,,,
814,0.0,,too_rare,,,
815,0.0,,too_rare,,,
816,0.0,,too_rare,,,
817,2.8008066323101054e-05,,too_rare,,,
818,0.0,,too_rare,,,
819,0.0,,too_rare,,,
820,0.00022406453058480843,,too_rare,,,
821,2.8008066323101054e-05,,too_rare,,,
822,2.8008066323101054e-05,,too_rare,,,
823,0.0,,too_rare,,,
824,0.0,,too_rare,,,
825,0.0,,too_rare,,,
826,0.0,,too_rare,,,
827,0.0,,too_rare,,,
828,0.0,,too_rare,,,
829,0.0,,too_rare,,,
830,2.8008066323101054e-05,,too_rare,,,
831,0.0,,too_rare,,,
832,0.0,,too_rare,,,
833,0.0,,too_rare,,,
834,5.601613264620211e-05,,too_rare,,,
835,0.0,,too_rare,,,
836,0.0,,too_rare,,,
837,0.0,,too_rare,,,
838,0.0,,too_rare,,,
839,0.0,,too_rare,,,
841,0.0,,too_rare,,,
842,2.8008066323101054e-05,,too_rare,,,
843,0.0,,too_rare,,,
844,0.0,,too_rare,,,
845,2.8008066323101054e-05,,too_rare,,,
846,0.0,,too_rare,,,
847,5.601613264620211e-05,,too_rare,,,
848,0.0,,too_rare,,,
849,0.0,,too_rare,,,
850,0.0,,too_rare,,,
851,0.0005881693927851221,,too_rare,,,
852,0.009018597356038539,,too_rare,,,
853,0.0,,too_rare,,,
854,0.0,,too_rare,,,
855,0.0,,too_rare,,,
856,0.0,,too_rare,,,
857,0.0,,too_rare,,,
858,0.004341250280080663,,too_rare,,,
859,0.0,,too_rare,,,
860,0.0005881693927851221,,too_rare,,,
862,0.0,,too_rare,,,
864,2.8008066323101054e-05,,too_rare,,,
865,2.8008066323101054e-05,,too_rare,,,
866,0.00014004033161550526,,too_rare,,,
867,0.0,,too_rare,,,
868,0.0,,too_rare,,,
869,0.0,,too_rare,,,
870,2.8008066323101054e-05,,too_rare,,,
871,0.0,,too_rare,,,
872,0.0,,too_rare,,,
873,0.0,,too_rare,,,
874,0.0,,too_rare,,,
875,0.0,,too_rare,,,
876,0.0,,too_rare,,,
877,0.0,,too_rare,,,
878,5.601613264620211e-05,,too_rare,,,
879,0.0,,too_rare,,,
880,0.0,,too_rare,,,
881,0.0,,too_rare,,,
882,0.0,,too_rare,,,
883,0.0,,too_rare,,,
884,0.0,,too_rare,,,
886,0.0,,too_rare,,,
887,0.0,,too_rare,,,
888,0.0,,too_rare,,,
889,0.0,,too_rare,,,
890,0.0,,too_rare,,,
891,2.8008066323101054e-05,,too_rare,,,
892,0.0,,too_rare,,,
893,0.0,,too_rare,,,
894,2.8008066323101054e-05,,too_rare,,,
895,0.0,,too_rare,,,
896,5.601613264620211e-05,,too_rare,,,
897,0.0,,too_rare,,,
898,0.0,,too_rare,,,
899,0.0,,too_rare,,,
900,0.0,,too_rare,,,
901,0.0,,too_rare,,,
902,2.8008066323101054e-05,,too_rare,,,
903,5.601613264620211e-05,,too_rare,,,
904,2.8008066323101054e-05,,too_rare,,,
905,0.0,,too_rare,,,
906,0.0,,too_rare,,,
907,0.0,,too_rare,,,
908,0.0,,too_rare,,,
909,0.0,,too_rare,,,
910,0.0,,too_rare,,,
911,0.0,,too_rare,,,
912,0.0,,too_rare,,,
913,0.0,,too_rare,,,
914,2.8008066323101054e-05,,too_rare,,,
915,2.8008066323101054e-05,,too_rare,,,
916,0.0,,too_rare,,,
917,0.0,,too_rare,,,
918,5.601613264620211e-05,,too_rare,,,
919,0.0,,too_rare,,,
920,0.0,,too_rare,,,
921,5.601613264620211e-05,,too_rare,,,
922,5.601613264620211e-05,,too_rare,,,
923,2.8008066323101054e-05,,too_rare,,,
924,5.601613264620211e-05,,too_rare,,,
925,0.0,,too_rare,,,
926,0.0,,too_rare,,,
927,0.0,,too_rare,,,
928,2.8008066323101054e-05,,too_rare,,,
929,0.0,,too_rare,,,
930,0.0,,too_rare,,,
931,0.0,,too_rare,,,
932,0.0,,too_rare,,,
933,8.402419896930316e-05,,too_rare,,,
934,0.0,,too_rare,,,
935,0.00019605646426170737,,too_rare,,,
936,0.0,,too_rare,,,
937,0.0,,too_rare,,,
938,0.0,,too_rare,,,
939,2.8008066323101054e-05,,too_rare,,,
940,2.8008066323101054e-05,,too_rare,,,
941,0.0,,too_rare,,,
942,0.0,,too_rare,,,
943,5.601613264620211e-05,,too_rare,,,
944,0.0,,too_rare,,,
945,2.8008066323101054e-05,,too_rare,,,
946,0.0,,too_rare,,,
947,0.0,,too_rare,,,
948,0.0,,too_rare,,,
949,2.8008066323101054e-05,,too_rare,,,
950,0.0,,too_rare,,,
951,0.0,,too_rare,,,
952,0.0,,too_rare,,,
953,0.0,,too_rare,,,
954,5.601613264620211e-05,,too_rare,,,
955,0.0,,too_rare,,,
956,2.8008066323101054e-05,,too_rare,,,
957,2.8008066323101054e-05,,too_rare,,,
958,0.0,,too_rare,,,
959,0.0,,too_rare,,,
960,5.601613264620211e-05,,too_rare,,,
961,0.0,,too_rare,,,
962,0.0,,too_rare,,,
963,0.0,,too_rare,,,
965,0.0,,too_rare,,,
966,0.0,,too_rare,,,
967,0.0,,too_rare,,,
968,0.0,,too_rare,,,
969,0.0,,too_rare,,,
970,0.0,,too_rare,,,
971,0.0,,too_rare,,,
972,0.0,,too_rare,,,
973,2.8008066323101054e-05,,too_rare,,,
974,0.0,,too_rare,,,
975,0.0,,too_rare,,,
976,5.601613264620211e-05,,too_rare,,,
977,2.8008066323101054e-05,,too_rare,,,
978,2.8008066323101054e-05,,too_rare,,,
979,0.0,,too_rare,,,
980,5.601613264620211e-05,,too_rare,,,
981,0.0,,too_rare,,,
982,2.8008066323101054e-05,,too_rare,,,
983,0.0,,too_rare,,,
984,0.0,,too_rare,,,
985,0.0,,too_rare,,,
986,0.0,,too_rare,,,
987,0.0,,too_rare,,,
988,0.0,,too_rare,,,
989,2.8008066323101054e-05,,too_rare,,,
990,0.0,,too_rare,,,
991,0.0,,too_rare,,,
992,0.0,,too_rare,,,
993,0.0,,too_rare,,,
994,0.0,,too_rare,,,
995,0.0003080887295541116,,too_rare,,,
996,0.0,,too_rare,,,
997,0.0,,too_rare,,,
998,0.0,,too_rare,,,
999,0.0,,too_rare,,,
1000,0.0,,too_rare,,,
1001,2.8008066323101054e-05,,too_rare,,,
1002,0.0,,too_rare,,,
1003,0.0,,too_rare,,,
1004,0.0,,too_rare,,,
1005,2.8008066323101054e-05,,too_rare,,,
1007,0.0,,too_rare,,,
1008,0.0,,too_rare,,,
1009,2.8008066323101054e-05,,too_rare,,,
1010,0.0,,too_rare,,,
1011,8.402419896930316e-05,,too_rare,,,
1012,0.0,,too_rare,,,
1013,0.0,,too_rare,,,
1014,2.8008066323101054e-05,,too_rare,,,
1015,0.0,,too_rare,,,
1016,2.8008066323101054e-05,,too_rare,,,
1017,0.0,,too_rare,,,
1018,0.0,,too_rare,,,
1019,0.0,,too_rare,,,
1020,5.601613264620211e-05,,too_rare,,,
1021,0.0,,too_rare,,,
1022,0.0,,too_rare,,,
1023,0.0,,too_rare,,,
1024,0.0003080887295541116,,too_rare,,,
1025,8.402419896930316e-05,,too_rare,,,
1026,0.0,,too_rare,,,
1027,0.0,,too_rare,,,
1028,0.0,,too_rare,,,
1029,0.0,,too_rare,,,
1030,0.0,,too_rare,,,
1031,0.0,,too_rare,,,
1032,0.0,,too_rare,,,
1033,5.601613264620211e-05,,too_rare,,,
1034,0.0002520725969079095,,too_rare,,,
1035,0.0,,too_rare,,,
1036,0.0,,too_rare,,,
1037,2.8008066323101054e-05,,too_rare,,,
1038,0.0,,too_rare,,,
1040,2.8008066323101054e-05,,too_rare,,,
1041,0.0,,too_rare,,,
1042,0.0,,too_rare,,,
1043,0.0,,too_rare,,,
1044,2.8008066323101054e-05,,too_rare,,,
1045,0.0,,too_rare,,,
1046,0.0,,too_rare,,,
1047,0.0,,too_rare,,,
1048,0.0,,too_rare,,,
1049,0.0,,too_rare,,,
1050,0.0,,too_rare,,,
1051,0.0,,too_rare,,,
1052,0.0,,too_rare,,,
1053,0.0,,too_rare,,,
1054,0.0,,too_rare,,,
1055,0.0,,too_rare,,,
1056,0.0,,too_rare,,,
1057,0.0,,too_rare,,,
1058,0.0,,too_rare,,,
1059,0.0,,too_rare,,,
1060,0.0,,too_rare,,,
1061,0.0,,too_rare,,,
1062,0.0,,too_rare,,,
1063,0.0,,too_rare,,,
1064,0.0,,too_rare,,,
1065,0.0,,too_rare,,,
1066,0.0,,too_rare,,,
1067,0.0,,too_rare,,,
1068,0.0,,too_rare,,,
1069,0.0,,too_rare,,,
1070,0.0,,too_rare,,,
1071,2.8008066323101054e-05,,too_rare,,,
1072,0.0,,too_rare,,,
1073,0.008822540891776831,,too_rare,,,
1074,0.0,,too_rare,,,
1075,0.0,,too_rare,,,
1076,0.0,,too_rare,,,
1077,8.402419896930316e-05,,too_rare,,,
1078,0.0,,too_rare,,,
1079,0.0,,too_rare,,,
1080,0.0,,too_rare,,,
1081,0.0,,too_rare,,,
1082,0.0,,too_rare,,,
1083,0.0,,too_rare,,,
1084,0.0005881693927851221,,too_rare,,,
1085,0.0,,too_rare,,,
1086,2.8008066323101054e-05,,too_rare,,,
1087,0.0,,too_rare,,,
1088,0.0,,too_rare,,,
1089,0.0,,too_rare,,,
1090,0.0,,too_rare,,,
1091,0.0,,too_rare,,,
1092,2.8008066323101054e-05,,too_rare,,,
1093,2.8008066323101054e-05,,too_rare,,,
1094,0.0,,too_rare,,,
1095,0.0,,too_rare,,,
1096,0.00014004033161550526,,too_rare,,,
1097,0.0,,too_rare,,,
1098,0.0,,too_rare,,,
1099,0.0,,too_rare,,,
1100,0.0,,too_rare,,,
1101,0.0,,too_rare,,,
1102,0.0,,too_rare,,,
1103,0.0,,too_rare,,,
1104,0.0,,too_rare,,,
1105,0.0,,too_rare,,,
1106,0.0,,too_rare,,,
1107,0.0,,too_rare,,,
1108,0.0,,too_rare,,,
1109,2.8008066323101054e-05,,too_rare,,,
1110,2.8008066323101054e-05,,too_rare,,,
1111,0.0,,too_rare,,,
1112,0.0,,too_rare,,,
1113,0.0,,too_rare,,,
1114,5.601613264620211e-05,,too_rare,,,
1115,0.0,,too_rare,,,
1116,0.0,,too_rare,,,
1117,0.0,,too_rare,,,
1118,0.0,,too_rare,,,
1119,0.0,,too_rare,,,
1120,0.0,,too_rare,,,
1121,0.0,,too_rare,,,
1122,0.0007842258570468295,,too_rare,,,
1123,0.0,,too_rare,,,
1124,0.0,,too_rare,,,
1125,0.0,,too_rare,,,
1126,0.0,,too_rare,,,
1128,0.0,,too_rare,,,
1129,8.402419896930316e-05,,too_rare,,,
1130,0.0,,too_rare,,,
1131,0.0,,too_rare,,,
1132,2.8008066323101054e-05,,too_rare,,,
1133,0.0,,too_rare,,,
1134,0.0,,too_rare,,,
1135,0.0,,too_rare,,,
1136,2.8008066323101054e-05,,too_rare,,,
1137,0.0,,too_rare,,,
1138,0.0,,too_rare,,,
1139,0.0,,too_rare,,,
1140,0.0,,too_rare,,,
1141,0.00011203226529240422,,too_rare,,,
1142,2.8008066323101054e-05,,too_rare,,,
1143,0.0,,too_rare,,,
1144,0.003052879229218015,,too_rare,,,
1145,2.8008066323101054e-05,,too_rare,,,
1146,0.0,,too_rare,,,
1147,5.601613264620211e-05,,too_rare,,,
1148,0.0,,too_rare,,,
1149,2.8008066323101054e-05,,too_rare,,,
1150,0.0,,too_rare,,,
1151,0.0,,too_rare,,,
1152,0.0,,too_rare,,,
1153,0.0,,too_rare,,,
1154,0.0,,too_rare,,,
1155,0.0,,too_rare,,,
1156,0.0,,too_rare,,,
1157,0.0,,too_rare,,,
1158,0.0,,too_rare,,,
1159,0.0,,too_rare,,,
1160,0.0,,too_rare,,,
1161,0.0,,too_rare,,,
1162,5.601613264620211e-05,,too_rare,,,
1163,0.00014004033161550526,,too_rare,,,
1164,0.0,,too_rare,,,
1165,2.8008066323101054e-05,,too_rare,,,
1166,5.601613264620211e-05,,too_rare,,,
1167,0.0,,too_rare,,,
1168,0.0,,too_rare,,,
1169,0.0,,too_rare,,,
1170,2.8008066323101054e-05,,too_rare,,,
1171,0.0,,too_rare,,,
1172,0.0,,too_rare,,,
1173,0.0,,too_rare,,,
1174,0.0,,too_rare,,,
1175,0.0,,too_rare,,,
1176,0.00014004033161550526,,too_rare,,,
1177,0.0,,too_rare,,,
1178,0.0,,too_rare,,,
1179,0.0,,too_rare,,,
1180,0.0,,too_rare,,,
1181,0.0,,too_rare,,,
1182,0.0,,too_rare,,,
1183,0.0,,too_rare,,,
1184,0.0,,too_rare,,,
1185,0.0,,too_rare,,,
1186,0.0,,too_rare,,,
1187,0.0,,too_rare,,,
1188,0.0,,too_rare,,,
1189,0.0,,too_rare,,,
1190,0.0,,too_rare,,,
1191,2.8008066323101054e-05,,too_rare,,,
1192,0.0,,too_rare,,,
1193,0.0,,too_rare,,,
1194,2.8008066323101054e-05,,too_rare,,,
1195,2.8008066323101054e-05,,too_rare,,,
1196,0.0,,too_rare,,,
1197,0.0,,too_rare,,,
1198,0.0,,too_rare,,,
1199,0.0,,too_rare,,,
1200,0.0,,too_rare,,,
1201,0.0,,too_rare,,,
1202,2.8008066323101054e-05,,too_rare,,,
1203,0.0,,too_rare,,,
1204,5.601613264620211e-05,,too_rare,,,
1205,0.0,,too_rare,,,
1206,0.001008290387631638,,too_rare,,,
1207,2.8008066323101054e-05,,too_rare,,,
1208,0.0,,too_rare,,,
1209,5.601613264620211e-05,,too_rare,,,
1210,0.0,,too_rare,,,
1211,0.0,,too_rare,,,
1212,0.0,,too_rare,,,
1213,2.8008066323101054e-05,,too_rare,,,
1214,0.0,,too_rare,,,
1215,0.0,,too_rare,,,
1216,0.0,,too_rare,,,
1217,0.0,,too_rare,,,
1218,0.0,,too_rare,,,
1219,5.601613264620211e-05,,too_rare,,,
1220,0.0,,too_rare,,,
1221,2.8008066323101054e-05,,too_rare,,,
1222,5.601613264620211e-05,,too_rare,,,
1223,0.0,,too_rare,,,
1224,0.0,,too_rare,,,
1225,0.00014004033161550526,,too_rare,,,
1226,0.000504145193815819,,too_rare,,,
1227,0.0,,too_rare,,,
1228,0.0,,too_rare,,,
1229,0.001568451714093659,,too_rare,,,
1230,0.0069179923818059605,,too_rare,,,
1231,0.0,,too_rare,,,
1232,2.8008066323101054e-05,,too_rare,,,
1233,0.0,,too_rare,,,
1234,0.0,,too_rare,,,
1235,0.0,,too_rare,,,
1236,0.0,,too_rare,,,
1237,5.601613264620211e-05,,too_rare,,,
1238,0.00022406453058480843,,too_rare,,,
1239,0.0,,too_rare,,,
1240,0.0,,too_rare,,,
1241,0.0,,too_rare,,,
1242,2.8008066323101054e-05,,too_rare,,,
1243,0.0,,too_rare,,,
1244,0.0,,too_rare,,,
1245,0.0,,too_rare,,,
1246,0.0,,too_rare,,,
1247,0.0,,too_rare,,,
1248,0.001008290387631638,,too_rare,,,
1249,0.0,,too_rare,,,
1250,0.0,,too_rare,,,
1251,0.0,,too_rare,,,
1252,0.0,,too_rare,,,
1253,0.0,,too_rare,,,
1254,0.0,,too_rare,,,
1255,0.0,,too_rare,,,
1257,2.8008066323101054e-05,,too_rare,,,
1258,0.0,,too_rare,,,
1259,0.0,,too_rare,,,
1260,2.8008066323101054e-05,,too_rare,,,
1261,0.0,,too_rare,,,
1262,0.0,,too_rare,,,
1263,0.0,,too_rare,,,
1264,0.0,,too_rare,,,
1265,0.0,,too_rare,,,
1266,0.0,,too_rare,,,
1267,2.8008066323101054e-05,,too_rare,,,
1268,0.0,,too_rare,,,
1269,0.0,,too_rare,,,
1270,0.0,,too_rare,,,
1271,0.0,,too_rare,,,
1272,0.0,,too_rare,,,
1273,0.0,,too_rare,,,
1274,0.0,,too_rare,,,
1275,0.004425274479049966,,too_rare,,,
1276,0.00014004033161550526,,too_rare,,,
1277,0.0,,too_rare,,,
1278,2.8008066323101054e-05,,too_rare,,,
1279,2.8008066323101054e-05,,too_rare,,,
1280,0.0,,too_rare,,,
1281,0.0,,too_rare,,,
1282,0.0,,too_rare,,,
1283,2.8008066323101054e-05,,too_rare,,,
1284,0.0,,too_rare,,,
1285,0.0,,too_rare,,,
1286,0.0,,too_rare,,,
1287,0.0,,too_rare,,,
1288,0.0,,too_rare,,,
1289,0.0,,too_rare,,,
1290,0.0,,too_rare,,,
1291,0.0,,too_rare,,,
1292,0.0,,too_rare,,,
1293,0.0,,too_rare,,,
1294,0.0,,too_rare,,,
1295,0.0,,too_rare,,,
1296,0.0,,too_rare,,,
1297,2.8008066323101054e-05,,too_rare,,,
1298,0.0,,too_rare,,,
1299,0.0,,too_rare,,,
1300,0.0013163791171857495,,too_rare,,,
1301,0.0,,too_rare,,,
1302,0.0,,too_rare,,,
1303,0.0,,too_rare,,,
1304,0.0,,too_rare,,,
1305,0.0,,too_rare,,,
1306,0.0,,too_rare,,,
1307,0.0,,too_rare,,,
1308,0.0,,too_rare,,,
1309,0.00014004033161550526,,too_rare,,,
1310,0.0,,too_rare,,,
1311,0.0,,too_rare,,,
1312,0.0,,too_rare,,,
1314,0.0,,too_rare,,,
1315,0.0,,too_rare,,,
1316,0.0,,too_rare,,,
1317,0.0,,too_rare,,,
1318,0.0,,too_rare,,,
1319,2.8008066323101054e-05,,too_rare,,,
1320,0.0,,too_rare,,,
1321,0.0,,too_rare,,,
1322,0.00011203226529240422,,too_rare,,,
1323,0.0,,too_rare,,,
1324,2.8008066323101054e-05,,too_rare,,,
1325,0.0,,too_rare,,,
1326,0.0,,too_rare,,,
1327,0.0,,too_rare,,,
1328,2.8008066323101054e-05,,too_rare,,,
1329,0.0,,too_rare,,,
1330,0.0,,too_rare,,,
1331,0.0,,too_rare,,,
1332,2.8008066323101054e-05,,too_rare,,,
1333,0.0,,too_rare,,,
1334,0.0,,too_rare,,,
1335,2.8008066323101054e-05,,too_rare,,,
1336,2.8008066323101054e-05,,too_rare,,,
1337,0.001120322652924042,,too_rare,,,
1338,0.0,,too_rare,,,
1339,0.0,,too_rare,,,
1340,0.0,,too_rare,,,
1341,5.601613264620211e-05,,too_rare,,,
1342,2.8008066323101054e-05,,too_rare,,,
1343,0.0,,too_rare,,,
1344,0.0,,too_rare,,,
1345,0.0,,too_rare,,,
1346,0.0,,too_rare,,,
1347,2.8008066323101054e-05,,too_rare,,,
1348,0.0,,too_rare,,,
1349,0.0,,too_rare,,,
1350,0.0,,too_rare,,,
1351,0.0,,too_rare,,,
1352,0.00016804839793860632,,too_rare,,,
1353,0.00014004033161550526,,too_rare,,,
1354,0.0,,too_rare,,,
1355,5.601613264620211e-05,,too_rare,,,
1356,0.0,,too_rare,,,
1357,0.0,,too_rare,,,
1358,5.601613264620211e-05,,too_rare,,,
1359,0.0,,too_rare,,,
1360,0.0,,too_rare,,,
1361,2.8008066323101054e-05,,too_rare,,,
1363,0.0,,too_rare,,,
1364,0.0,,too_rare,,,
1365,0.0,,too_rare,,,
1366,0.0,,too_rare,,,
1367,0.000560161326462021,,too_rare,,,
1368,0.0,,too_rare,,,
1369,0.0,,too_rare,,,
1370,0.0,,too_rare,,,
1371,0.0,,too_rare,,,
1372,2.8008066323101054e-05,,too_rare,,,
1373,0.0,,too_rare,,,
1374,8.402419896930316e-05,,too_rare,,,
1375,0.0,,too_rare,,,
1376,0.0,,too_rare,,,
1377,0.0,,too_rare,,,
1378,0.0,,too_rare,,,
1379,0.0,,too_rare,,,
1380,0.0,,too_rare,,,
1381,0.0,,too_rare,,,
1382,0.0,,too_rare,,,
1383,0.0,,too_rare,,,
1384,0.0,,too_rare,,,
1385,0.0,,too_rare,,,
1386,0.0,,too_rare,,,
1387,0.0,,too_rare,,,
1388,0.0,,too_rare,,,
1389,0.0,,too_rare,,,
1390,0.0,,too_rare,,,
1391,0.0,,too_rare,,,
1392,0.0,,too_rare,,,
1393,0.0,,too_rare,,,
1394,0.0,,too_rare,,,
1395,0.0,,too_rare,,,
1396,0.0,,too_rare,,,
1397,0.0,,too_rare,,,
1398,0.0,,too_rare,,,
1399,0.0,,too_rare,,,
1400,0.0,,too_rare,,,
1401,0.0,,too_rare,,,
1402,2.8008066323101054e-05,,too_rare,,,
1403,0.0,,too_rare,,,
1404,0.0,,too_rare,,,
1405,0.0,,too_rare,,,
1406,0.0,,too_rare,,,
1407,0.0,,too_rare,,,
1408,0.0,,too_rare,,,
1409,2.8008066323101054e-05,,too_rare,,,
1410,5.601613264620211e-05,,too_rare,,,
1411,5.601613264620211e-05,,too_rare,,,
1412,0.0,,too_rare,,,
1413,0.0,,too_rare,,,
1414,0.0,,too_rare,,,
1416,0.0,,too_rare,,,
1417,0.0,,too_rare,,,
1418,0.0,,too_rare,,,
1419,0.0,,too_rare,,,
1420,0.0,,too_rare,,,
1421,0.0,,too_rare,,,
1422,0.0,,too_rare,,,
1423,0.0,,too_rare,,,
1424,0.0,,too_rare,,,
1425,0.0,,too_rare,,,
1426,2.8008066323101054e-05,,too_rare,,,
1427,0.00983083127940847,,too_rare,,,
1428,2.8008066323101054e-05,,too_rare,,,
1429,5.601613264620211e-05,,too_rare,,,
1430,0.0,,too_rare,,,
1431,0.0002520725969079095,,too_rare,,,
1432,8.402419896930316e-05,,too_rare,,,
1434,2.8008066323101054e-05,,too_rare,,,
1435,0.0,,too_rare,,,
1436,2.8008066323101054e-05,,too_rare,,,
1437,2.8008066323101054e-05,,too_rare,,,
1438,0.001092314586600941,,too_rare,,,
1439,2.8008066323101054e-05,,too_rare,,,
1440,0.008206363432668609,,too_rare,,,
1441,0.0,,too_rare,,,
1442,0.0,,too_rare,,,
1443,0.0,,too_rare,,,
1444,0.0,,too_rare,,,
1445,0.0,,too_rare,,,
1446,0.0,,too_rare,,,
1447,0.0,,too_rare,,,
1448,8.402419896930316e-05,,too_rare,,,
1449,0.0,,too_rare,,,
1450,0.0,,too_rare,,,
1451,2.8008066323101054e-05,,too_rare,,,
1452,0.0,,too_rare,,,
1453,0.0,,too_rare,,,
1454,5.601613264620211e-05,,too_rare,,,
1455,0.007562177907237284,,too_rare,,,
1456,2.8008066323101054e-05,,too_rare,,,
1457,0.00011203226529240422,,too_rare,,,
1458,0.0,,too_rare,,,
1459,0.0,,too_rare,,,
1460,0.00036410486220031366,,too_rare,,,
1461,0.002100604974232579,,too_rare,,,
1462,0.0,,too_rare,,,
1463,0.0,,too_rare,,,
1464,2.8008066323101054e-05,,too_rare,,,
1465,0.0,,too_rare,,,
1466,0.00011203226529240422,,too_rare,,,
1467,0.0,,too_rare,,,
1468,0.0,,too_rare,,,
1469,0.0,,too_rare,,,
1470,0.0,,too_rare,,,
1471,0.0,,too_rare,,,
1472,0.0,,too_rare,,,
1473,0.0,,too_rare,,,
1474,0.0,,too_rare,,,
1475,2.8008066323101054e-05,,too_rare,,,
1476,2.8008066323101054e-05,,too_rare,,,
1477,0.0,,too_rare,,,
1478,0.0,,too_rare,,,
1479,0.0,,too_rare,,,
1480,2.8008066323101054e-05,,too_rare,,,
1481,0.0,,too_rare,,,
1482,0.0,,too_rare,,,
1483,0.0,,too_rare,,,
1484,0.0,,too_rare,,,
1485,0.0,,too_rare,,,
1486,0.0,,too_rare,,,
1487,0.0,,too_rare,,,
1488,0.0,,too_rare,,,
1489,0.0,,too_rare,,,
1490,0.0,,too_rare,,,
1491,0.0,,too_rare,,,
1492,0.0,,too_rare,,,
1493,0.0,,too_rare,,,
1494,0.0,,too_rare,,,
1495,0.0,,too_rare,,,
1496,0.002100604974232579,,too_rare,,,
1497,0.0,,too_rare,,,
1498,5.601613264620211e-05,,too_rare,,,
1499,0.0,,too_rare,,,
1500,0.0,,too_rare,,,
1501,0.0,,too_rare,,,
1502,0.0,,too_rare,,,
1503,0.0,,too_rare,,,
1504,2.8008066323101054e-05,,too_rare,,,
1505,0.0,,too_rare,,,
1506,0.0,,too_rare,,,
1507,0.0,,too_rare,,,
1508,0.0,,too_rare,,,
1509,0.0006161774591082232,,too_rare,,,
1510,0.0,,too_rare,,,
1511,8.402419896930316e-05,,too_rare,,,
1512,0.0,,too_rare,,,
1513,0.0,,too_rare,,,
1514,0.0,,too_rare,,,
1515,2.8008066323101054e-05,,too_rare,,,
1516,0.0,,too_rare,,,
1517,2.8008066323101054e-05,,too_rare,,,
1518,8.402419896930316e-05,,too_rare,,,
1519,0.0,,too_rare,,,
1520,0.0,,too_rare,,,
1521,0.0,,too_rare,,,
1522,0.0,,too_rare,,,
1523,5.601613264620211e-05,,too_rare,,,
1524,0.0,,too_rare,,,
1525,0.0,,too_rare,,,
1526,0.0,,too_rare,,,
1527,5.601613264620211e-05,,too_rare,,,
1528,0.0,,too_rare,,,
1529,0.0,,too_rare,,,
1530,0.0,,too_rare,,,
1531,0.00044812906116961686,,too_rare,,,
1532,0.0,,too_rare,,,
1533,0.0,,too_rare,,,
1534,2.8008066323101054e-05,,too_rare,,,
1535,0.0,,too_rare,,,
1536,0.0,,too_rare,,,
1537,2.8008066323101054e-05,,too_rare,,,
1538,0.0,,too_rare,,,
1539,0.0,,too_rare,,,
1540,2.8008066323101054e-05,,too_rare,,,
1541,0.0,,too_rare,,,
1542,0.0,,too_rare,,,
1543,0.0,,too_rare,,,
1544,5.601613264620211e-05,,too_rare,,,
1546,0.0,,too_rare,,,
1547,0.0,,too_rare,,,
1548,0.0,,too_rare,,,
1549,0.0,,too_rare,,,
1550,0.0,,too_rare,,,
1551,0.0,,too_rare,,,
1552,0.0,,too_rare,,,
1553,2.8008066323101054e-05,,too_rare,,,
1554,0.0,,too_rare,,,
1555,5.601613264620211e-05,,too_rare,,,
1556,0.0,,too_rare,,,
1557,0.0,,too_rare,,,
1558,0.0,,too_rare,,,
1559,0.0,,too_rare,,,
1560,2.8008066323101054e-05,,too_rare,,,
1561,0.0,,too_rare,,,
1562,0.0,,too_rare,,,
1563,0.0004201209948465158,,too_rare,,,
1564,0.0,,too_rare,,,
1565,0.0,,too_rare,,,
1566,2.8008066323101054e-05,,too_rare,,,
1567,0.0,,too_rare,,,
1568,5.601613264620211e-05,,too_rare,,,
1569,0.0,,too_rare,,,
1570,0.0,,too_rare,,,
1571,2.8008066323101054e-05,,too_rare,,,
1572,0.0,,too_rare,,,
1573,0.0,,too_rare,,,
1574,0.0,,too_rare,,,
1575,0.0,,too_rare,,,
1576,2.8008066323101054e-05,,too_rare,,,
1577,0.0,,too_rare,,,
1578,0.0,,too_rare,,,
1579,0.0004201209948465158,,too_rare,,,
1580,5.601613264620211e-05,,too_rare,,,
1582,0.0,,too_rare,,,
1583,0.0,,too_rare,,,
1584,0.0,,too_rare,,,
1585,0.0,,too_rare,,,
1586,0.0,,too_rare,,,
1587,0.0,,too_rare,,,
1588,0.0,,too_rare,,,
1589,0.0,,too_rare,,,
1590,0.0,,too_rare,,,
1591,0.0,,too_rare,,,
1592,5.601613264620211e-05,,too_rare,,,
1593,0.004873403540219584,,too_rare,,,
1594,2.8008066323101054e-05,,too_rare,,,
1595,0.0,,too_rare,,,
1596,0.0,,too_rare,,,
1597,0.0,,too_rare,,,
1598,0.0,,too_rare,,,
1599,0.0,,too_rare,,,
1600,0.0,,too_rare,,,
1601,0.0,,too_rare,,,
1602,0.0,,too_rare,,,
1603,2.8008066323101054e-05,,too_rare,,,
1604,8.402419896930316e-05,,too_rare,,,
1605,0.0,,too_rare,,,
1606,0.0,,too_rare,,,
1607,0.0,,too_rare,,,
1608,0.0,,too_rare,,,
1609,0.0,,too_rare,,,
1610,0.0,,too_rare,,,
1611,0.0,,too_rare,,,
1612,0.0,,too_rare,,,
1613,2.8008066323101054e-05,,too_rare,,,
1614,0.0,,too_rare,,,
1615,0.0,,too_rare,,,
1616,0.0,,too_rare,,,
1617,2.8008066323101054e-05,,too_rare,,,
1618,0.0,,too_rare,,,
1619,0.0,,too_rare,,,
1620,0.0,,too_rare,,,
1621,0.0,,too_rare,,,
1622,0.0,,too_rare,,,
1623,0.0,,too_rare,,,
1624,0.0,,too_rare,,,
1625,0.0,,too_rare,,,
1626,0.00014004033161550526,,too_rare,,,
1627,0.0,,too_rare,,,
1628,0.0,,too_rare,,,
1629,0.0,,too_rare,,,
1630,0.0002520725969079095,,too_rare,,,
1631,0.0,,too_rare,,,
1632,0.0,,too_rare,,,
1633,0.0,,too_rare,,,
1634,0.0,,too_rare,,,
1635,0.0,,too_rare,,,
1636,0.0,,too_rare,,,
1637,5.601613264620211e-05,,too_rare,,,
1638,2.8008066323101054e-05,,too_rare,,,
1639,0.0,,too_rare,,,
1640,0.0,,too_rare,,,
1641,0.0,,too_rare,,,
1642,0.0,,too_rare,,,
1643,0.0,,too_rare,,,
1644,0.0,,too_rare,,,
1645,0.0,,too_rare,,,
1646,0.0,,too_rare,,,
1647,5.601613264620211e-05,,too_rare,,,
1648,0.0002800806632310105,,too_rare,,,
1649,0.0,,too_rare,,,
1650,2.8008066323101054e-05,,too_rare,,,
1651,0.0,,too_rare,,,
1652,0.0,,too_rare,,,
1653,0.0,,too_rare,,,
1654,0.0,,too_rare,,,
1655,0.0,,too_rare,,,
1656,0.0,,too_rare,,,
1657,0.0,,too_rare,,,
1658,0.0,,too_rare,,,
1659,0.001512435581447457,,too_rare,,,
1661,0.0,,too_rare,,,
1662,0.0,,too_rare,,,
1663,0.0,,too_rare,,,
1664,0.0,,too_rare,,,
1665,0.0,,too_rare,,,
1666,0.00011203226529240422,,too_rare,,,
1667,0.001120322652924042,,too_rare,,,
1668,5.601613264620211e-05,,too_rare,,,
1669,0.0,,too_rare,,,
1670,0.0005881693927851221,,too_rare,,,
1671,0.0012883710508626485,,too_rare,,,
1672,0.0,,too_rare,,,
1673,0.0,,too_rare,,,
1674,0.008990589289715438,,too_rare,,,
1675,0.0,,too_rare,,,
1676,2.8008066323101054e-05,,too_rare,,,
1677,0.0,,too_rare,,,
1678,2.8008066323101054e-05,,too_rare,,,
1679,0.0,,too_rare,,,
1680,0.0,,too_rare,,,
1681,2.8008066323101054e-05,,too_rare,,,
1682,2.8008066323101054e-05,,too_rare,,,
1684,0.00011203226529240422,,too_rare,,,
1685,2.8008066323101054e-05,,too_rare,,,
1686,0.00014004033161550526,,too_rare,,,
1687,0.0,,too_rare,,,
1688,0.0,,too_rare,,,
1689,0.0,,too_rare,,,
1690,0.0,,too_rare,,,
1691,0.0,,too_rare,,,
1692,0.0,,too_rare,,,
1693,2.8008066323101054e-05,,too_rare,,,
1694,0.0,,too_rare,,,
1695,2.8008066323101054e-05,,too_rare,,,
1696,0.0009522742549854358,,too_rare,,,
1697,5.601613264620211e-05,,too_rare,,,
1698,2.8008066323101054e-05,,too_rare,,,
1699,0.0,,too_rare,,,
1700,0.0,,too_rare,,,
1701,0.0,,too_rare,,,
1702,2.8008066323101054e-05,,too_rare,,,
1703,0.0,,too_rare,,,
1704,0.0,,too_rare,,,
1705,0.0,,too_rare,,,
1706,0.0,,too_rare,,,
1707,0.0,,too_rare,,,
1708,0.0,,too_rare,,,
1709,0.0,,too_rare,,,
1710,0.0,,too_rare,,,
1711,0.0,,too_rare,,,
1712,0.00011203226529240422,,too_rare,,,
1713,0.0,,too_rare,,,
1714,0.0,,too_rare,,,
1715,0.0,,too_rare,,,
1716,0.00014004033161550526,,too_rare,,,
1717,2.8008066323101054e-05,,too_rare,,,
1718,0.0,,too_rare,,,
1719,0.0,,too_rare,,,
1720,0.0,,too_rare,,,
1721,2.8008066323101054e-05,,too_rare,,,
1722,0.0,,too_rare,,,
1723,0.0,,too_rare,,,
1724,2.8008066323101054e-05,,too_rare,,,
1725,2.8008066323101054e-05,,too_rare,,,
1726,2.8008066323101054e-05,,too_rare,,,
1727,0.0,,too_rare,,,
1728,0.0,,too_rare,,,
1729,0.0,,too_rare,,,
1730,0.0023526775711404883,,too_rare,,,
1731,2.8008066323101054e-05,,too_rare,,,
1732,0.0,,too_rare,,,
1733,0.0,,too_rare,,,
1734,0.0,,too_rare,,,
1735,0.0,,too_rare,,,
1736,0.0,,too_rare,,,
1737,0.0,,too_rare,,,
1738,0.0,,too_rare,,,
1739,0.0,,too_rare,,,
1740,2.8008066323101054e-05,,too_rare,,,
1741,0.0,,too_rare,,,
1742,0.0,,too_rare,,,
1743,2.8008066323101054e-05,,too_rare,,,
1744,0.0,,too_rare,,,
1745,0.0,,too_rare,,,
1746,0.0,,too_rare,,,
1747,0.0,,too_rare,,,
1748,0.0,,too_rare,,,
1749,0.00011203226529240422,,too_rare,,,
1750,0.00014004033161550526,,too_rare,,,
1751,2.8008066323101054e-05,,too_rare,,,
1752,2.8008066323101054e-05,,too_rare,,,
1753,8.402419896930316e-05,,too_rare,,,
1754,0.0,,too_rare,,,
1755,0.0,,too_rare,,,
1756,0.0,,too_rare,,,
1757,0.0,,too_rare,,,
1758,0.0,,too_rare,,,
1759,0.0,,too_rare,,,
1760,0.0,,too_rare,,,
1761,0.0,,too_rare,,,
1762,2.8008066323101054e-05,,too_rare,,,
1763,0.0,,too_rare,,,
1764,0.0,,too_rare,,,
1765,0.0,,too_rare,,,
1766,0.0,,too_rare,,,
1767,0.0007282097244006273,,too_rare,,,
1768,0.0,,too_rare,,,
1769,0.0,,too_rare,,,
1770,0.003024871162894914,,too_rare,,,
1771,0.0,,too_rare,,,
1772,0.00033609679587721263,,too_rare,,,
1773,0.0,,too_rare,,,
1774,0.0,,too_rare,,,
1775,0.0,,too_rare,,,
1776,0.0,,too_rare,,,
1777,0.0,,too_rare,,,
1778,0.0,,too_rare,,,
1779,0.0,,too_rare,,,
1780,2.8008066323101054e-05,,too_rare,,,
1781,8.402419896930316e-05,,too_rare,,,
1782,0.0,,too_rare,,,
1783,0.0,,too_rare,,,
1784,0.0,,too_rare,,,
1785,0.0,,too_rare,,,
1786,2.8008066323101054e-05,,too_rare,,,
1787,0.0,,too_rare,,,
1788,0.0,,too_rare,,,
1789,0.0008402419896930316,,too_rare,,,
1790,0.0,,too_rare,,,
1791,0.0,,too_rare,,,
1792,0.0007562177907237285,,too_rare,,,
1793,0.0,,too_rare,,,
1794,0.0,,too_rare,,,
1795,0.0,,too_rare,,,
1796,0.0,,too_rare,,,
1798,0.0,,too_rare,,,
1799,0.0,,too_rare,,,
1800,0.0,,too_rare,,,
1801,2.8008066323101054e-05,,too_rare,,,
1802,2.8008066323101054e-05,,too_rare,,,
1803,0.0,,too_rare,,,
1804,0.0,,too_rare,,,
1805,0.0,,too_rare,,,
1806,0.0,,too_rare,,,
1807,0.0,,too_rare,,,
1808,0.0,,too_rare,,,
1809,0.0,,too_rare,,,
1810,0.0,,too_rare,,,
1811,0.0,,too_rare,,,
1812,2.8008066323101054e-05,,too_rare,,,
1813,0.00014004033161550526,,too_rare,,,
1814,0.0,,too_rare,,,
1815,0.0,,too_rare,,,
1816,0.00014004033161550526,,too_rare,,,
1817,0.0,,too_rare,,,
1818,0.0,,too_rare,,,
1819,0.0,,too_rare,,,
1820,0.0,,too_rare,,,
1821,0.0,,too_rare,,,
1822,2.8008066323101054e-05,,too_rare,,,
1823,0.0,,too_rare,,,
1824,0.00019605646426170737,,too_rare,,,
1825,0.0,,too_rare,,,
1826,0.0,,too_rare,,,
1827,0.0,,too_rare,,,
1828,2.8008066323101054e-05,,too_rare,,,
1829,0.0,,too_rare,,,
1830,0.0,,too_rare,,,
1831,0.0,,too_rare,,,
1832,0.0,,too_rare,,,
1833,5.601613264620211e-05,,too_rare,,,
1834,0.0,,too_rare,,,
1835,0.0,,too_rare,,,
1836,5.601613264620211e-05,,too_rare,,,
1837,0.0,,too_rare,,,
1838,0.0,,too_rare,,,
1839,2.8008066323101054e-05,,too_rare,,,
1840,0.0,,too_rare,,,
1841,0.0,,too_rare,,,
1842,0.0,,too_rare,,,
1843,2.8008066323101054e-05,,too_rare,,,
1844,0.0,,too_rare,,,
1845,0.0,,too_rare,,,
1846,0.00011203226529240422,,too_rare,,,
1847,0.0,,too_rare,,,
1848,0.0,,too_rare,,,
1849,5.601613264620211e-05,,too_rare,,,
1850,2.8008066323101054e-05,,too_rare,,,
1851,0.0,,too_rare,,,
1852,0.0,,too_rare,,,
1853,2.8008066323101054e-05,,too_rare,,,
1854,0.0,,too_rare,,,
1855,0.0,,too_rare,,,
1856,0.0,,too_rare,,,
1857,2.8008066323101054e-05,,too_rare,,,
1858,0.0,,too_rare,,,
1859,0.0,,too_rare,,,
1860,0.00011203226529240422,,too_rare,,,
1861,0.0,,too_rare,,,
1862,0.0,,too_rare,,,
1863,0.0,,too_rare,,,
1864,2.8008066323101054e-05,,too_rare,,,
1865,2.8008066323101054e-05,,too_rare,,,
1866,0.0,,too_rare,,,
1867,5.601613264620211e-05,,too_rare,,,
1868,0.0,,too_rare,,,
1869,0.0,,too_rare,,,
1870,0.0,,too_rare,,,
1871,0.0,,too_rare,,,
1872,0.0,,too_rare,,,
1873,0.0,,too_rare,,,
1874,2.8008066323101054e-05,,too_rare,,,
1875,0.0,,too_rare,,,
1876,0.0,,too_rare,,,
1877,0.0,,too_rare,,,
1878,0.0,,too_rare,,,
1879,0.00014004033161550526,,too_rare,,,
1880,0.0,,too_rare,,,
1881,0.0,,too_rare,,,
1882,0.0,,too_rare,,,
1883,0.0,,too_rare,,,
1884,2.8008066323101054e-05,,too_rare,,,
1885,0.0,,too_rare,,,
1886,0.0,,too_rare,,,
1887,0.0,,too_rare,,,
1888,0.0,,too_rare,,,
1889,0.00016804839793860632,,too_rare,,,
1890,0.0,,too_rare,,,
1891,0.0,,too_rare,,,
1892,0.0,,too_rare,,,
1893,2.8008066323101054e-05,,too_rare,,,
1894,0.0,,too_rare,,,
1895,0.0,,too_rare,,,
1896,0.0006721935917544253,,too_rare,,,
1897,0.0,,too_rare,,,
1898,0.0,,too_rare,,,
1899,2.8008066323101054e-05,,too_rare,,,
1900,0.0,,too_rare,,,
1901,0.0,,too_rare,,,
1902,0.0,,too_rare,,,
1903,0.0,,too_rare,,,
1904,0.0,,too_rare,,,
1905,0.0,,too_rare,,,
1906,0.0,,too_rare,,,
1907,0.0,,too_rare,,,
1908,2.8008066323101054e-05,,too_rare,,,
1909,0.0,,too_rare,,,
1910,2.8008066323101054e-05,,too_rare,,,
1911,0.0,,too_rare,,,
1912,0.000504145193815819,,too_rare,,,
1913,0.0,,too_rare,,,
1914,0.0,,too_rare,,,
1915,0.00022406453058480843,,too_rare,,,
1916,0.0,,too_rare,,,
1917,0.0,,too_rare,,,
1918,0.0,,too_rare,,,
1919,0.0,,too_rare,,,
1920,0.0,,too_rare,,,
1921,2.8008066323101054e-05,,too_rare,,,
1922,2.8008066323101054e-05,,too_rare,,,
1923,2.8008066323101054e-05,,too_rare,,,
1924,0.0,,too_rare,,,
1925,0.0,,too_rare,,,
1926,0.0,,too_rare,,,
1927,2.8008066323101054e-05,,too_rare,,,
1928,0.0,,too_rare,,,
1929,0.0,,too_rare,,,
1930,0.0,,too_rare,,,
1931,0.0,,too_rare,,,
1932,0.0,,too_rare,,,
1933,0.0,,too_rare,,,
1934,0.00011203226529240422,,too_rare,,,
1935,0.0,,too_rare,,,
1936,2.8008066323101054e-05,,too_rare,,,
1937,2.8008066323101054e-05,,too_rare,,,
1938,0.0,,too_rare,,,
1939,0.0,,too_rare,,,
1940,0.0,,too_rare,,,
1941,2.8008066323101054e-05,,too_rare,,,
1942,0.00011203226529240422,,too_rare,,,
1943,2.8008066323101054e-05,,too_rare,,,
1944,0.0,,too_rare,,,
1945,0.0,,too_rare,,,
1946,0.00011203226529240422,,too_rare,,,
1947,0.0024086937037866908,,too_rare,,,
1948,0.0,,too_rare,,,
1949,0.0,,too_rare,,,
1950,0.0,,too_rare,,,
1951,0.0,,too_rare,,,
1952,0.0002520725969079095,,too_rare,,,
1953,0.0,,too_rare,,,
1954,0.0,,too_rare,,,
1955,0.0,,too_rare,,,
1956,2.8008066323101054e-05,,too_rare,,,
1957,0.0,,too_rare,,,
1958,0.0,,too_rare,,,
1959,0.0,,too_rare,,,
1960,0.0,,too_rare,,,
1961,0.0,,too_rare,,,
1962,0.0,,too_rare,,,
1963,0.0,,too_rare,,,
1964,0.0,,too_rare,,,
1965,0.0,,too_rare,,,
1966,0.0,,too_rare,,,
1967,0.0,,too_rare,,,
1968,2.8008066323101054e-05,,too_rare,,,
1969,0.0,,too_rare,,,
1970,0.0,,too_rare,,,
1971,0.0,,too_rare,,,
1972,0.0,,too_rare,,,
1973,2.8008066323101054e-05,,too_rare,,,
1974,0.0,,too_rare,,,
1975,0.0,,too_rare,,,
1976,0.0,,too_rare,,,
1977,0.0,,too_rare,,,
1978,0.0,,too_rare,,,
1979,0.0,,too_rare,,,
1980,0.0,,too_rare,,,
1981,0.0017645081783553664,,too_rare,,,
1982,0.0,,too_rare,,,
1983,2.8008066323101054e-05,,too_rare,,,
1984,5.601613264620211e-05,,too_rare,,,
1985,0.0,,too_rare,,,
1986,0.0,,too_rare,,,
1987,0.0,,too_rare,,,
1988,0.0,,too_rare,,,
1989,2.8008066323101054e-05,,too_rare,,,
1990,0.0,,too_rare,,,
1991,0.0,,too_rare,,,
1992,0.0,,too_rare,,,
1993,2.8008066323101054e-05,,too_rare,,,
1994,2.8008066323101054e-05,,too_rare,,,
1995,0.0,,too_rare,,,
1996,2.8008066323101054e-05,,too_rare,,,
1997,0.0,,too_rare,,,
1998,0.0,,too_rare,,,
1999,0.0,,too_rare,,,
2000,2.8008066323101054e-05,,too_rare,,,
2001,0.0,,too_rare,,,
2002,0.0,,too_rare,,,
2003,0.0,,too_rare,,,
2004,0.0,,too_rare,,,
2005,0.0,,too_rare,,,
2006,0.0,,too_rare,,,
2007,0.0,,too_rare,,,
2008,0.0,,too_rare,,,
2009,0.004285234147434461,,too_rare,,,
2010,0.00011203226529240422,,too_rare,,,
2011,0.0,,too_rare,,,
2012,0.0,,too_rare,,,
2013,0.0,,too_rare,,,
2014,0.0,,too_rare,,,
2015,0.0,,too_rare,,,
2016,0.0,,too_rare,,,
2017,0.0,,too_rare,,,
2018,0.0,,too_rare,,,
2019,0.0,,too_rare,,,
2020,2.8008066323101054e-05,,too_rare,,,
2021,0.0,,too_rare,,,
2022,0.0,,too_rare,,,
2023,0.0,,too_rare,,,
2024,2.8008066323101054e-05,,too_rare,,,
2025,0.0,,too_rare,,,
2026,0.0,,too_rare,,,
2027,2.8008066323101054e-05,,too_rare,,,
2029,0.0,,too_rare,,,
2030,0.0,,too_rare,,,
2031,0.0,,too_rare,,,
2032,0.00019605646426170737,,too_rare,,,
2033,0.0,,too_rare,,,
2034,0.00039211292852341475,,too_rare,,,
2035,2.8008066323101054e-05,,too_rare,,,
2036,0.0,,too_rare,,,
2037,0.0,,too_rare,,,
2039,0.0,,too_rare,,,
2040,0.00033609679587721263,,too_rare,,,
2041,0.0003080887295541116,,too_rare,,,
2043,0.0,,too_rare,,,
2044,0.0017645081783553664,,too_rare,,,
2045,0.0,,too_rare,,,
2046,0.0,,too_rare,,,
2047,0.0,,too_rare,,,
2048,0.0,,too_rare,,,
2049,2.8008066323101054e-05,,too_rare,,,
2050,0.0,,too_rare,,,
2051,0.0,,too_rare,,,
2053,0.0,,too_rare,,,
2054,2.8008066323101054e-05,,too_rare,,,
2055,0.0,,too_rare,,,
2056,0.0,,too_rare,,,
2057,0.0,,too_rare,,,
2058,2.8008066323101054e-05,,too_rare,,,
2059,0.0,,too_rare,,,
2060,0.0,,too_rare,,,
2061,0.0,,too_rare,,,
2062,0.0,,too_rare,,,
2063,0.0,,too_rare,,,
2064,0.00014004033161550526,,too_rare,,,
2065,0.00019605646426170737,,too_rare,,,
2066,0.0,,too_rare,,,
2067,5.601613264620211e-05,,too_rare,,,
2068,0.0,,too_rare,,,
2069,0.0,,too_rare,,,
2070,2.8008066323101054e-05,,too_rare,,,
2071,0.0,,too_rare,,,
2072,0.0,,too_rare,,,
2073,0.0,,too_rare,,,
2074,2.8008066323101054e-05,,too_rare,,,
2075,0.0,,too_rare,,,
2076,0.0014564194488012547,,too_rare,,,
2077,0.0,,too_rare,,,
2078,0.000560161326462021,,too_rare,,,
2079,0.0,,too_rare,,,
2080,0.0,,too_rare,,,
2081,0.0,,too_rare,,,
2082,2.8008066323101054e-05,,too_rare,,,
2083,0.0,,too_rare,,,
2084,0.0,,too_rare,,,
2085,0.0,,too_rare,,,
2086,0.0,,too_rare,,,
2087,0.0,,too_rare,,,
2088,2.8008066323101054e-05,,too_rare,,,
2090,0.0,,too_rare,,,
2091,0.0,,too_rare,,,
2092,0.0,,too_rare,,,
2093,0.0,,too_rare,,,
2094,0.0,,too_rare,,,
2095,0.0012323549182164464,,too_rare,,,
2096,0.0,,too_rare,,,
2097,0.005909701994174323,,too_rare,,,
2098,0.0,,too_rare,,,
2099,0.0,,too_rare,,,
2100,0.0,,too_rare,,,
2102,2.8008066323101054e-05,,too_rare,,,
2103,2.8008066323101054e-05,,too_rare,,,
2104,0.0,,too_rare,,,
2105,0.0,,too_rare,,,
2106,2.8008066323101054e-05,,too_rare,,,
2107,0.0,,too_rare,,,
2108,0.0,,too_rare,,,
2109,0.00014004033161550526,,too_rare,,,
2110,0.0,,too_rare,,,
2111,0.0,,too_rare,,,
2112,0.000980282321308537,,too_rare,,,
2113,0.0,,too_rare,,,
2114,0.0,,too_rare,,,
2115,0.00014004033161550526,,too_rare,,,
2116,0.0,,too_rare,,,
2117,0.0006721935917544253,,too_rare,,,
2118,2.8008066323101054e-05,,too_rare,,,
2119,5.601613264620211e-05,,too_rare,,,
2121,0.0,,too_rare,,,
2122,5.601613264620211e-05,,too_rare,,,
2123,2.8008066323101054e-05,,too_rare,,,
2124,0.0,,too_rare,,,
2125,0.0,,too_rare,,,
2126,0.0,,too_rare,,,
2127,0.0,,too_rare,,,
2128,2.8008066323101054e-05,,too_rare,,,
2129,0.0,,too_rare,,,
2130,0.0,,too_rare,,,
2131,0.00011203226529240422,,too_rare,,,
2132,0.0,,too_rare,,,
2133,0.0,,too_rare,,,
2134,0.0,,too_rare,,,
2135,0.0,,too_rare,,,
2136,0.0,,too_rare,,,
2137,0.0,,too_rare,,,
2138,5.601613264620211e-05,,too_rare,,,
2139,0.0,,too_rare,,,
2140,0.0,,too_rare,,,
2141,0.0,,too_rare,,,
2142,0.0,,too_rare,,,
2143,0.0,,too_rare,,,
2144,0.0,,too_rare,,,
2145,0.004453282545373067,,too_rare,,,
2146,0.0,,too_rare,,,
2147,0.0,,too_rare,,,
2148,0.0,,too_rare,,,
2149,0.0,,too_rare,,,
2150,0.0002520725969079095,,too_rare,,,
2151,0.0,,too_rare,,,
2152,0.0,,too_rare,,,
2153,0.0,,too_rare,,,
2154,0.0,,too_rare,,,
2155,0.0,,too_rare,,,
2156,0.0,,too_rare,,,
2157,5.601613264620211e-05,,too_rare,,,
2158,0.0,,too_rare,,,
2159,0.0,,too_rare,,,
2160,0.00014004033161550526,,too_rare,,,
2161,0.0,,too_rare,,,
2162,0.0,,too_rare,,,
2163,0.0,,too_rare,,,
2164,0.0,,too_rare,,,
2165,0.0,,too_rare,,,
2166,0.0,,too_rare,,,
2167,0.0,,too_rare,,,
2168,0.0,,too_rare,,,
2169,0.0,,too_rare,,,
2170,0.0,,too_rare,,,
2171,0.00033609679587721263,,too_rare,,,
2172,0.0,,too_rare,,,
2173,0.0,,too_rare,,,
2174,0.0,,too_rare,,,
2175,0.0,,too_rare,,,
2176,0.0,,too_rare,,,
2177,0.0,,too_rare,,,
2178,0.0,,too_rare,,,
2179,0.0,,too_rare,,,
2180,0.0,,too_rare,,,
2181,2.8008066323101054e-05,,too_rare,,,
2182,0.0,,too_rare,,,
2183,0.0,,too_rare,,,
2184,0.0,,too_rare,,,
2185,0.0,,too_rare,,,
2186,0.0,,too_rare,,,
2187,0.0,,too_rare,,,
2188,0.0007002016580775263,,too_rare,,,
2189,8.402419896930316e-05,,too_rare,,,
2190,0.0,,too_rare,,,
2191,0.0,,too_rare,,,
2192,0.0,,too_rare,,,
2193,0.0,,too_rare,,,
2194,0.003585032489356935,,too_rare,,,
2195,0.0,,too_rare,,,
2196,2.8008066323101054e-05,,too_rare,,,
2197,0.0,,too_rare,,,
2198,0.0,,too_rare,,,
2199,0.0,,too_rare,,,
2200,2.8008066323101054e-05,,too_rare,,,
2201,0.0,,too_rare,,,
2202,0.0,,too_rare,,,
2203,0.0,,too_rare,,,
2204,0.0,,too_rare,,,
2205,0.00016804839793860632,,too_rare,,,
2206,0.0,,too_rare,,,
2207,0.0,,too_rare,,,
2208,0.0,,too_rare,,,
2209,5.601613264620211e-05,,too_rare,,,
2210,0.0,,too_rare,,,
2211,0.0,,too_rare,,,
2212,0.0,,too_rare,,,
2213,2.8008066323101054e-05,,too_rare,,,
2214,0.0,,too_rare,,,
2215,0.0,,too_rare,,,
2216,0.0,,too_rare,,,
2218,0.0,,too_rare,,,
2219,0.0,,too_rare,,,
2220,0.0,,too_rare,,,
2221,2.8008066323101054e-05,,too_rare,,,
2222,0.0,,too_rare,,,
2223,0.0,,too_rare,,,
2224,0.0,,too_rare,,,
2225,2.8008066323101054e-05,,too_rare,,,
2226,0.0,,too_rare,,,
2227,2.8008066323101054e-05,,too_rare,,,
2228,0.00044812906116961686,,too_rare,,,
2229,2.8008066323101054e-05,,too_rare,,,
2230,0.00016804839793860632,,too_rare,,,
2231,5.601613264620211e-05,,too_rare,,,
2232,0.0,,too_rare,,,
2233,0.0,,too_rare,,,
2234,2.8008066323101054e-05,,too_rare,,,
2235,5.601613264620211e-05,,too_rare,,,
2236,0.0,,too_rare,,,
2237,2.8008066323101054e-05,,too_rare,,,
2238,0.0,,too_rare,,,
2239,0.0,,too_rare,,,
2240,0.0,,too_rare,,,
2241,0.0,,too_rare,,,
2242,8.402419896930316e-05,,too_rare,,,
2243,0.0,,too_rare,,,
2244,0.0,,too_rare,,,
2245,2.8008066323101054e-05,,too_rare,,,
2246,2.8008066323101054e-05,,too_rare,,,
2247,2.8008066323101054e-05,,too_rare,,,
2248,2.8008066323101054e-05,,too_rare,,,
2249,0.0,,too_rare,,,
2250,0.0,,too_rare,,,
2251,8.402419896930316e-05,,too_rare,,,
2252,8.402419896930316e-05,,too_rare,,,
2253,0.0,,too_rare,,,
2254,2.8008066323101054e-05,,too_rare,,,
2255,0.0,,too_rare,,,
2256,0.0,,too_rare,,,
2257,0.0,,too_rare,,,
2258,0.0,,too_rare,,,
2259,0.0,,too_rare,,,
2260,0.0,,too_rare,,,
2261,0.0,,too_rare,,,
2262,2.8008066323101054e-05,,too_rare,,,
2263,0.0,,too_rare,,,
2264,2.8008066323101054e-05,,too_rare,,,
2265,0.0,,too_rare,,,
2266,0.0,,too_rare,,,
2267,0.0,,too_rare,,,
2268,0.0,,too_rare,,,
2269,0.0,,too_rare,,,
2270,0.0,,too_rare,,,
2271,0.0,,too_rare,,,
2272,0.0,,too_rare,,,
2273,2.8008066323101054e-05,,too_rare,,,
2274,0.0,,too_rare,,,
2275,5.601613264620211e-05,,too_rare,,,
2276,0.0,,too_rare,,,
2277,0.0,,too_rare,,,
2278,2.8008066323101054e-05,,too_rare,,,
2279,0.0,,too_rare,,,
2280,0.0,,too_rare,,,
2281,0.0,,too_rare,,,
2282,2.8008066323101054e-05,,too_rare,,,
2283,0.0,,too_rare,,,
2284,0.0,,too_rare,,,
2285,0.0,,too_rare,,,
2286,0.0,,too_rare,,,
2287,0.0,,too_rare,,,
2288,0.0,,too_rare,,,
2289,0.0,,too_rare,,,
2290,0.0,,too_rare,,,
2291,0.0,,too_rare,,,
2292,0.0,,too_rare,,,
2293,0.0,,too_rare,,,
2294,0.0,,too_rare,,,
2296,2.8008066323101054e-05,,too_rare,,,
2297,2.8008066323101054e-05,,too_rare,,,
2298,0.0,,too_rare,,,
2299,0.0011763387855702441,,too_rare,,,
2300,2.8008066323101054e-05,,too_rare,,,
2301,0.0,,too_rare,,,
2302,0.0,,too_rare,,,
2303,0.0,,too_rare,,,
2304,0.0,,too_rare,,,
2305,0.0,,too_rare,,,
2306,0.0,,too_rare,,,
2307,0.0,,too_rare,,,
2308,0.0,,too_rare,,,
2309,0.0,,too_rare,,,
2310,0.0013723952498319516,,too_rare,,,
2311,0.0,,too_rare,,,
2312,0.0,,too_rare,,,
2313,0.0,,too_rare,,,
2314,0.0,,too_rare,,,
2315,0.0,,too_rare,,,
2316,0.0,,too_rare,,,
2317,5.601613264620211e-05,,too_rare,,,
2318,0.0,,too_rare,,,
2319,2.8008066323101054e-05,,too_rare,,,
2320,2.8008066323101054e-05,,too_rare,,,
2321,0.002268653372171185,,too_rare,,,
2322,0.0,,too_rare,,,
2323,0.0004761371274927179,,too_rare,,,
2324,0.00016804839793860632,,too_rare,,,
2325,5.601613264620211e-05,,too_rare,,,
2326,0.0,,too_rare,,,
2327,2.8008066323101054e-05,,too_rare,,,
2328,0.0,,too_rare,,,
2329,0.0,,too_rare,,,
2330,0.0,,too_rare,,,
2331,0.0,,too_rare,,,
2332,0.0,,too_rare,,,
2333,0.0,,too_rare,,,
2334,0.0023246695048173872,,too_rare,,,
2335,0.0,,too_rare,,,
2337,2.8008066323101054e-05,,too_rare,,,
2338,2.8008066323101054e-05,,too_rare,,,
2339,0.00014004033161550526,,too_rare,,,
2340,0.002016580775263276,,too_rare,,,
2341,0.0,,too_rare,,,
2342,2.8008066323101054e-05,,too_rare,,,
2343,2.8008066323101054e-05,,too_rare,,,
2344,0.0,,too_rare,,,
2345,2.8008066323101054e-05,,too_rare,,,
2346,0.0,,too_rare,,,
2347,0.0,,too_rare,,,
2348,0.0,,too_rare,,,
2349,0.0,,too_rare,,,
2350,0.0,,too_rare,,,
2351,0.0,,too_rare,,,
2352,5.601613264620211e-05,,too_rare,,,
2353,0.0,,too_rare,,,
2354,0.0,,too_rare,,,
2355,0.0,,too_rare,,,
2356,0.0,,too_rare,,,
2357,0.0,,too_rare,,,
2358,0.0,,too_rare,,,
2359,0.0,,too_rare,,,
2360,2.8008066323101054e-05,,too_rare,,,
2361,0.0,,too_rare,,,
2362,0.0,,too_rare,,,
2363,8.402419896930316e-05,,too_rare,,,
2364,0.0,,too_rare,,,
2365,0.0,,too_rare,,,
2366,0.0,,too_rare,,,
2367,0.0,,too_rare,,,
2368,0.000980282321308537,,too_rare,,,
2369,0.0,,too_rare,,,
2370,0.0,,too_rare,,,
2371,0.0,,too_rare,,,
2372,0.0,,too_rare,,,
2374,2.8008066323101054e-05,,too_rare,,,
2375,2.8008066323101054e-05,,too_rare,,,
2376,0.0,,too_rare,,,
2377,0.0,,too_rare,,,
2378,0.0,,too_rare,,,
2379,0.0,,too_rare,,,
2380,0.0,,too_rare,,,
2381,0.00011203226529240422,,too_rare,,,
2382,0.0,,too_rare,,,
2383,0.0,,too_rare,,,
2384,0.0,,too_rare,,,
2385,0.0,,too_rare,,,
2386,5.601613264620211e-05,,too_rare,,,
2387,2.8008066323101054e-05,,too_rare,,,
2388,0.0,,too_rare,,,
2389,0.0,,too_rare,,,
2390,0.0,,too_rare,,,
2391,0.0,,too_rare,,,
2392,0.0,,too_rare,,,
2393,0.0,,too_rare,,,
2394,2.8008066323101054e-05,,too_rare,,,
2395,0.0,,too_rare,,,
2396,0.0,,too_rare,,,
2397,5.601613264620211e-05,,too_rare,,,
2398,0.0,,too_rare,,,
2399,0.0,,too_rare,,,
2400,2.8008066323101054e-05,,too_rare,,,
2401,0.0,,too_rare,,,
2402,5.601613264620211e-05,,too_rare,,,
2403,0.0,,too_rare,,,
2404,0.0,,too_rare,,,
2405,0.003276943759802823,,too_rare,,,
2406,2.8008066323101054e-05,,too_rare,,,
2407,0.0,,too_rare,,,
2408,0.0,,too_rare,,,
2409,2.8008066323101054e-05,,too_rare,,,
2410,5.601613264620211e-05,,too_rare,,,
2411,0.0,,too_rare,,,
2412,0.0,,too_rare,,,
2413,0.0,,too_rare,,,
2414,2.8008066323101054e-05,,too_rare,,,
2415,0.0,,too_rare,,,
2416,0.0,,too_rare,,,
2417,0.0,,too_rare,,,
2418,0.0,,too_rare,,,
2419,0.0,,too_rare,,,
2420,0.0,,too_rare,,,
2421,0.0,,too_rare,,,
2422,0.0,,too_rare,,,
2423,0.0,,too_rare,,,
2424,0.0,,too_rare,,,
2425,0.0,,too_rare,,,
2426,0.00011203226529240422,,too_rare,,,
2427,5.601613264620211e-05,,too_rare,,,
2428,0.0,,too_rare,,,
2429,0.0,,too_rare,,,
2430,0.0,,too_rare,,,
2431,0.0,,too_rare,,,
2432,0.0,,too_rare,,,
2433,0.0,,too_rare,,,
2434,2.8008066323101054e-05,,too_rare,,,
2435,0.0,,too_rare,,,
2436,0.0,,too_rare,,,
2437,0.0,,too_rare,,,
2438,2.8008066323101054e-05,,too_rare,,,
2439,0.0,,too_rare,,,
2440,0.0,,too_rare,,,
2442,2.8008066323101054e-05,,too_rare,,,
2443,2.8008066323101054e-05,,too_rare,,,
2444,0.0,,too_rare,,,
2445,5.601613264620211e-05,,too_rare,,,
2446,0.0,,too_rare,,,
2447,0.0,,too_rare,,,
2448,0.0,,too_rare,,,
2449,0.0,,too_rare,,,
2450,0.0,,too_rare,,,
2451,0.0,,too_rare,,,
2452,0.0,,too_rare,,,
2453,0.0,,too_rare,,,
2454,0.0,,too_rare,,,
2455,0.0007842258570468295,,too_rare,,,
2456,0.0,,too_rare,,,
2457,0.0,,too_rare,,,
2458,0.0,,too_rare,,,
2459,0.0,,too_rare,,,
2460,0.0,,too_rare,,,
2461,0.0,,too_rare,,,
2462,5.601613264620211e-05,,too_rare,,,
2463,0.0,,too_rare,,,
2464,0.0,,too_rare,,,
2466,0.0,,too_rare,,,
2467,0.0,,too_rare,,,
2468,0.0,,too_rare,,,
2469,0.0,,too_rare,,,
2470,0.0,,too_rare,,,
2472,0.0,,too_rare,,,
2473,0.0,,too_rare,,,
2474,2.8008066323101054e-05,,too_rare,,,
2475,0.0,,too_rare,,,
2476,0.0,,too_rare,,,
2477,2.8008066323101054e-05,,too_rare,,,
2478,0.0,,too_rare,,,
2479,0.0,,too_rare,,,
2480,0.0,,too_rare,,,
2481,0.0,,too_rare,,,
2482,0.0,,too_rare,,,
2483,0.0,,too_rare,,,
2484,5.601613264620211e-05,,too_rare,,,
2485,2.8008066323101054e-05,,too_rare,,,
2486,0.0,,too_rare,,,
2487,0.0,,too_rare,,,
2488,0.0,,too_rare,,,
2489,2.8008066323101054e-05,,too_rare,,,
2490,0.00053215326013892,,too_rare,,,
2491,0.0,,too_rare,,,
2492,0.0018485323773246695,,too_rare,,,
2493,0.0,,too_rare,,,
2494,0.001008290387631638,,too_rare,,,
2495,0.0,,too_rare,,,
2496,2.8008066323101054e-05,,too_rare,,,
2497,0.00036410486220031366,,too_rare,,,
2498,0.0,,too_rare,,,
2499,0.0,,too_rare,,,
2500,0.0,,too_rare,,,
2501,5.601613264620211e-05,,too_rare,,,
2502,0.0,,too_rare,,,
2503,0.0,,too_rare,,,
2504,5.601613264620211e-05,,too_rare,,,
2505,0.0,,too_rare,,,
2506,0.0,,too_rare,,,
2507,0.0,,too_rare,,,
2508,0.0,,too_rare,,,
2509,0.0,,too_rare,,,
2510,0.0,,too_rare,,,
2511,0.0,,too_rare,,,
2512,0.0,,too_rare,,,
2513,0.00039211292852341475,,too_rare,,,
2514,0.0,,too_rare,,,
2515,0.0,,too_rare,,,
2516,0.0,,too_rare,,,
2517,0.00011203226529240422,,too_rare,,,
2518,0.0,,too_rare,,,
2519,0.0,,too_rare,,,
2520,0.0,,too_rare,,,
2521,0.0,,too_rare,,,
2522,0.0011763387855702441,,too_rare,,,
2523,0.0,,too_rare,,,
2525,0.0,,too_rare,,,
2526,0.0,,too_rare,,,
2527,2.8008066323101054e-05,,too_rare,,,
2528,0.0,,too_rare,,,
2529,0.0,,too_rare,,,
2530,5.601613264620211e-05,,too_rare,,,
2531,0.0,,too_rare,,,
2532,0.0,,too_rare,,,
2533,0.0,,too_rare,,,
2534,2.8008066323101054e-05,,too_rare,,,
2535,0.0,,too_rare,,,
2536,0.0,,too_rare,,,
2537,0.0,,too_rare,,,
2538,0.0,,too_rare,,,
2539,0.00011203226529240422,,too_rare,,,
2540,5.601613264620211e-05,,too_rare,,,
2541,0.0,,too_rare,,,
2542,0.0,,too_rare,,,
2543,0.0,,too_rare,,,
2544,0.0,,too_rare,,,
2545,0.0,,too_rare,,,
2546,0.0,,too_rare,,,
2547,0.00016804839793860632,,too_rare,,,
2548,0.0,,too_rare,,,
2549,0.0,,too_rare,,,
2550,0.0,,too_rare,,,
2551,0.0,,too_rare,,,
2552,0.005657629397266412,,too_rare,,,
2553,0.0,,too_rare,,,
2554,0.0,,too_rare,,,
2555,5.601613264620211e-05,,too_rare,,,
2556,0.0,,too_rare,,,
2557,0.0,,too_rare,,,
2558,0.0,,too_rare,,,
2559,0.0,,too_rare,,,
2560,0.0,,too_rare,,,
2561,0.0,,too_rare,,,
2562,0.0,,too_rare,,,
2563,0.00044812906116961686,,too_rare,,,
2564,0.0,,too_rare,,,
2565,0.0,,too_rare,,,
2566,0.0,,too_rare,,,
2567,0.0,,too_rare,,,
2568,0.0,,too_rare,,,
2569,0.0,,too_rare,,,
2570,2.8008066323101054e-05,,too_rare,,,
2571,0.0029408469639256108,,too_rare,,,
2572,0.0,,too_rare,,,
2573,0.0,,too_rare,,,
2574,0.0,,too_rare,,,
2575,0.0,,too_rare,,,
2576,0.0,,too_rare,,,
2577,0.0,,too_rare,,,
2578,0.0,,too_rare,,,
2579,2.8008066323101054e-05,,too_rare,,,
2580,0.003613040555680036,,too_rare,,,
2581,0.0,,too_rare,,,
2582,0.0,,too_rare,,,
2583,0.0,,too_rare,,,
2584,0.0,,too_rare,,,
2585,2.8008066323101054e-05,,too_rare,,,
2586,0.0,,too_rare,,,
2587,2.8008066323101054e-05,,too_rare,,,
2588,0.0,,too_rare,,,
2589,2.8008066323101054e-05,,too_rare,,,
2590,8.402419896930316e-05,,too_rare,,,
2591,0.0,,too_rare,,,
2592,0.00044812906116961686,,too_rare,,,
2593,0.0,,too_rare,,,
2594,0.0,,too_rare,,,
2595,0.0,,too_rare,,,
2596,0.0,,too_rare,,,
2597,0.0,,too_rare,,,
2598,0.0,,too_rare,,,
2599,0.0,,too_rare,,,
2600,0.0,,too_rare,,,
2601,0.0,,too_rare,,,
2602,0.0,,too_rare,,,
2603,0.0,,too_rare,,,
2604,8.402419896930316e-05,,too_rare,,,
2605,0.0,,too_rare,,,
2606,0.0,,too_rare,,,
2607,0.0,,too_rare,,,
2608,0.0002800806632310105,,too_rare,,,
2609,0.0,,too_rare,,,
2610,0.0,,too_rare,,,
2611,0.0,,too_rare,,,
2612,2.8008066323101054e-05,,too_rare,,,
2613,0.0,,too_rare,,,
2614,0.0,,too_rare,,,
2615,0.0,,too_rare,,,
2616,5.601613264620211e-05,,too_rare,,,
2617,2.8008066323101054e-05,,too_rare,,,
2618,2.8008066323101054e-05,,too_rare,,,
2619,0.0,,too_rare,,,
2620,0.0,,too_rare,,,
2621,0.0,,too_rare,,,
2622,8.402419896930316e-05,,too_rare,,,
2623,0.0,,too_rare,,,
2624,0.0,,too_rare,,,
2625,0.0,,too_rare,,,
2626,0.0,,too_rare,,,
2627,5.601613264620211e-05,,too_rare,,,
2628,0.0,,too_rare,,,
2629,0.0,,too_rare,,,
2630,0.0,,too_rare,,,
2631,0.0,,too_rare,,,
2632,2.8008066323101054e-05,,too_rare,,,
2633,0.00022406453058480843,,too_rare,,,
2634,0.0,,too_rare,,,
2635,0.0,,too_rare,,,
2636,0.0,,too_rare,,,
2637,0.0,,too_rare,,,
2638,0.0,,too_rare,,,
2639,0.0,,too_rare,,,
2640,0.0,,too_rare,,,
2641,0.0,,too_rare,,,
2642,0.0,,too_rare,,,
2643,2.8008066323101054e-05,,too_rare,,,
2644,0.0,,too_rare,,,
2645,0.0,,too_rare,,,
2646,0.0,,too_rare,,,
2647,0.0,,too_rare,,,
2649,0.0,,too_rare,,,
2650,0.0,,too_rare,,,
2651,0.0,,too_rare,,,
2652,0.0,,too_rare,,,
2653,2.8008066323101054e-05,,too_rare,,,
2654,0.0,,too_rare,,,
2655,0.0,,too_rare,,,
2656,0.0,,too_rare,,,
2657,0.0,,too_rare,,,
2659,0.0,,too_rare,,,
2660,0.0,,too_rare,,,
2661,0.0004201209948465158,,too_rare,,,
2662,0.0,,too_rare,,,
2663,0.0,,too_rare,,,
2664,0.0,,too_rare,,,
2665,0.0,,too_rare,,,
2666,0.0,,too_rare,,,
2667,2.8008066323101054e-05,,too_rare,,,
2669,5.601613264620211e-05,,too_rare,,,
2670,0.0,,too_rare,,,
2671,0.0,,too_rare,,,
2672,0.0,,too_rare,,,
2673,2.8008066323101054e-05,,too_rare,,,
2674,0.0,,too_rare,,,
2675,0.0,,too_rare,,,
2676,0.0,,too_rare,,,
2677,0.0,,too_rare,,,
2678,2.8008066323101054e-05,,too_rare,,,
2679,0.0,,too_rare,,,
2680,0.0,,too_rare,,,
2681,0.0,,too_rare,,,
2682,0.0,,too_rare,,,
2683,0.0,,too_rare,,,
2684,2.8008066323101054e-05,,too_rare,,,
2685,0.0,,too_rare,,,
2686,0.0,,too_rare,,,
2687,0.0,,too_rare,,,
2688,2.8008066323101054e-05,,too_rare,,,
2689,0.0,,too_rare,,,
2690,0.00022406453058480843,,too_rare,,,
2691,0.0,,too_rare,,,
2692,0.0,,too_rare,,,
2693,0.0,,too_rare,,,
2694,0.0,,too_rare,,,
2695,0.0,,too_rare,,,
2696,0.0,,too_rare,,,
2697,0.0,,too_rare,,,
2698,5.601613264620211e-05,,too_rare,,,
2699,0.0,,too_rare,,,
2700,0.0,,too_rare,,,
2701,0.0,,too_rare,,,
2702,0.0,,too_rare,,,
2703,0.0,,too_rare,,,
2704,0.0,,too_rare,,,
2705,0.0,,too_rare,,,
2706,0.0,,too_rare,,,
2707,0.0,,too_rare,,,
2708,2.8008066323101054e-05,,too_rare,,,
2709,0.0,,too_rare,,,
2710,0.0,,too_rare,,,
2711,0.0,,too_rare,,,
2712,0.0,,too_rare,,,
2713,0.0,,too_rare,,,
2714,0.0,,too_rare,,,
2715,0.0,,too_rare,,,
2716,0.0,,too_rare,,,
2717,0.0,,too_rare,,,
2718,0.0,,too_rare,,,
2719,0.0,,too_rare,,,
2720,0.0,,too_rare,,,
2721,5.601613264620211e-05,,too_rare,,,
2722,0.0,,too_rare,,,
2723,0.0,,too_rare,,,
2724,0.0,,too_rare,,,
2725,0.0,,too_rare,,,
2726,0.002100604974232579,,too_rare,,,
2727,0.0,,too_rare,,,
2728,2.8008066323101054e-05,,too_rare,,,
2729,0.0,,too_rare,,,
2730,0.0,,too_rare,,,
2731,2.8008066323101054e-05,,too_rare,,,
2732,0.0,,too_rare,,,
2733,2.8008066323101054e-05,,too_rare,,,
2734,0.0,,too_rare,,,
2735,0.0,,too_rare,,,
2736,0.0,,too_rare,,,
2737,0.0,,too_rare,,,
2738,0.0002520725969079095,,too_rare,,,
2739,0.0,,too_rare,,,
2740,0.0,,too_rare,,,
2741,2.8008066323101054e-05,,too_rare,,,
2742,0.0,,too_rare,,,
2743,2.8008066323101054e-05,,too_rare,,,
2744,0.0,,too_rare,,,
2745,0.0,,too_rare,,,
2746,0.0,,too_rare,,,
2747,0.00011203226529240422,,too_rare,,,
2748,0.0,,too_rare,,,
2749,0.0,,too_rare,,,
2750,0.0,,too_rare,,,
2751,0.0,,too_rare,,,
2752,0.0,,too_rare,,,
2753,0.0,,too_rare,,,
2754,0.0,,too_rare,,,
2756,0.0,,too_rare,,,
2757,0.0,,too_rare,,,
2758,0.0,,too_rare,,,
2759,5.601613264620211e-05,,too_rare,,,
2760,0.0,,too_rare,,,
2761,0.0,,too_rare,,,
2762,5.601613264620211e-05,,too_rare,,,
2763,0.0,,too_rare,,,
2764,0.0,,too_rare,,,
2765,0.0,,too_rare,,,
2766,2.8008066323101054e-05,,too_rare,,,
2767,0.0,,too_rare,,,
2768,0.0,,too_rare,,,
2769,0.0,,too_rare,,,
2770,0.0,,too_rare,,,
2771,0.0,,too_rare,,,
2772,0.00011203226529240422,,too_rare,,,
2773,0.0,,too_rare,,,
2774,0.0,,too_rare,,,
2775,2.8008066323101054e-05,,too_rare,,,
2776,2.8008066323101054e-05,,too_rare,,,
2777,0.00016804839793860632,,too_rare,,,
2778,0.0,,too_rare,,,
2779,2.8008066323101054e-05,,too_rare,,,
2780,0.0,,too_rare,,,
2781,0.0,,too_rare,,,
2782,0.0,,too_rare,,,
2783,0.0,,too_rare,,,
2784,0.0,,too_rare,,,
2785,2.8008066323101054e-05,,too_rare,,,
2786,0.0,,too_rare,,,
2787,0.0,,too_rare,,,
2788,0.0,,too_rare,,,
2789,0.0,,too_rare,,,
2790,0.0,,too_rare,,,
2791,0.0,,too_rare,,,
2792,5.601613264620211e-05,,too_rare,,,
2793,0.0,,too_rare,,,
2794,0.0,,too_rare,,,
2795,2.8008066323101054e-05,,too_rare,,,
2796,0.0,,too_rare,,,
2797,0.0,,too_rare,,,
2798,0.0,,too_rare,,,
2799,0.0,,too_rare,,,
2800,0.0,,too_rare,,,
2801,0.0,,too_rare,,,
2802,0.0,,too_rare,,,
2803,0.0,,too_rare,,,
2804,0.0,,too_rare,,,
2805,0.0,,too_rare,,,
2806,8.402419896930316e-05,,too_rare,,,
2807,0.0018485323773246695,,too_rare,,,
2808,2.8008066323101054e-05,,too_rare,,,
2809,0.0,,too_rare,,,
2810,0.0,,too_rare,,,
2811,2.8008066323101054e-05,,too_rare,,,
2812,0.0,,too_rare,,,
2813,0.0,,too_rare,,,
2814,0.0,,too_rare,,,
2815,2.8008066323101054e-05,,too_rare,,,
2816,0.0,,too_rare,,,
2817,0.0,,too_rare,,,
2818,0.0,,too_rare,,,
2819,0.0,,too_rare,,,
2820,0.0,,too_rare,,,
2821,0.0,,too_rare,,,
2822,0.0,,too_rare,,,
2823,0.0,,too_rare,,,
2824,0.002212637239524983,,too_rare,,,
2825,0.0,,too_rare,,,
2826,0.0,,too_rare,,,
2827,2.8008066323101054e-05,,too_rare,,,
2828,0.0,,too_rare,,,
2829,0.0,,too_rare,,,
2830,2.8008066323101054e-05,,too_rare,,,
2831,0.0,,too_rare,,,
2832,2.8008066323101054e-05,,too_rare,,,
2833,0.0,,too_rare,,,
2834,0.00039211292852341475,,too_rare,,,
2835,0.0,,too_rare,,,
2836,0.0,,too_rare,,,
2837,2.8008066323101054e-05,,too_rare,,,
2838,0.0,,too_rare,,,
2839,0.00014004033161550526,,too_rare,,,
2840,0.0,,too_rare,,,
2841,0.0,,too_rare,,,
2842,0.0,,too_rare,,,
2843,0.0,,too_rare,,,
2844,0.0,,too_rare,,,
2845,0.0,,too_rare,,,
2846,2.8008066323101054e-05,,too_rare,,,
2847,0.0,,too_rare,,,
2848,0.00011203226529240422,,too_rare,,,
2849,0.0,,too_rare,,,
2850,0.0,,too_rare,,,
2851,2.8008066323101054e-05,,too_rare,,,
2852,0.0,,too_rare,,,
2853,5.601613264620211e-05,,too_rare,,,
2854,0.0,,too_rare,,,
2855,0.0,,too_rare,,,
2856,0.0,,too_rare,,,
2857,0.0,,too_rare,,,
2858,2.8008066323101054e-05,,too_rare,,,
2859,0.0,,too_rare,,,
2860,2.8008066323101054e-05,,too_rare,,,
2861,0.0,,too_rare,,,
2862,0.0,,too_rare,,,
2863,2.8008066323101054e-05,,too_rare,,,
2864,2.8008066323101054e-05,,too_rare,,,
2865,2.8008066323101054e-05,,too_rare,,,
2866,0.0,,too_rare,,,
2867,2.8008066323101054e-05,,too_rare,,,
2868,0.0,,too_rare,,,
2869,2.8008066323101054e-05,,too_rare,,,
2870,0.0,,too_rare,,,
2871,2.8008066323101054e-05,,too_rare,,,
2872,0.00036410486220031366,,too_rare,,,
2873,0.0,,too_rare,,,
2874,0.0,,too_rare,,,
2875,0.0,,too_rare,,,
2876,0.0,,too_rare,,,
2877,0.0,,too_rare,,,
2878,0.0008682500560161327,,too_rare,,,
2879,0.0002800806632310105,,too_rare,,,
2880,0.0,,too_rare,,,
2881,0.0,,too_rare,,,
2882,0.0,,too_rare,,,
2883,0.0,,too_rare,,,
2884,0.0,,too_rare,,,
2885,0.0,,too_rare,,,
2886,0.0,,too_rare,,,
2887,0.0,,too_rare,,,
2888,0.0,,too_rare,,,
2889,0.0,,too_rare,,,
2891,0.0,,too_rare,,,
2892,8.402419896930316e-05,,too_rare,,,
2893,2.8008066323101054e-05,,too_rare,,,
2894,8.402419896930316e-05,,too_rare,,,
2895,0.0,,too_rare,,,
2896,0.0,,too_rare,,,
2897,0.0,,too_rare,,,
2898,0.0,,too_rare,,,
2899,0.0,,too_rare,,,
2900,0.0,,too_rare,,,
2901,0.00014004033161550526,,too_rare,,,
2902,0.0,,too_rare,,,
2903,2.8008066323101054e-05,,too_rare,,,
2904,0.0,,too_rare,,,
2905,0.00014004033161550526,,too_rare,,,
2906,0.0,,too_rare,,,
2907,2.8008066323101054e-05,,too_rare,,,
2908,0.0,,too_rare,,,
2909,2.8008066323101054e-05,,too_rare,,,
2910,0.0,,too_rare,,,
2911,0.0,,too_rare,,,
2912,2.8008066323101054e-05,,too_rare,,,
2913,0.0,,too_rare,,,
2914,0.0,,too_rare,,,
2915,0.0,,too_rare,,,
2916,0.0,,too_rare,,,
2917,0.0,,too_rare,,,
2918,2.8008066323101054e-05,,too_rare,,,
2919,0.0,,too_rare,,,
2920,0.0,,too_rare,,,
2921,0.0,,too_rare,,,
2922,0.0,,too_rare,,,
2923,0.0,,too_rare,,,
2924,0.0,,too_rare,,,
2925,2.8008066323101054e-05,,too_rare,,,
2926,0.0,,too_rare,,,
2927,0.0,,too_rare,,,
2928,0.0,,too_rare,,,
2929,0.0,,too_rare,,,
2930,0.0,,too_rare,,,
2931,0.0,,too_rare,,,
2932,0.0,,too_rare,,,
2933,0.001036298453954739,,too_rare,,,
2934,5.601613264620211e-05,,too_rare,,,
2935,0.0,,too_rare,,,
2936,0.0,,too_rare,,,
2937,0.0,,too_rare,,,
2938,2.8008066323101054e-05,,too_rare,,,
2939,0.0,,too_rare,,,
2940,0.0,,too_rare,,,
2941,0.0,,too_rare,,,
2942,0.0,,too_rare,,,
2943,0.0,,too_rare,,,
2944,0.0,,too_rare,,,
2945,0.008346403764284114,,too_rare,,,
2946,0.0,,too_rare,,,
2947,5.601613264620211e-05,,too_rare,,,
2948,0.0,,too_rare,,,
2949,2.8008066323101054e-05,,too_rare,,,
2950,0.0,,too_rare,,,
2951,0.0,,too_rare,,,
2953,0.0,,too_rare,,,
2954,2.8008066323101054e-05,,too_rare,,,
2955,0.0,,too_rare,,,
2956,0.0,,too_rare,,,
2957,0.00016804839793860632,,too_rare,,,
2958,0.0,,too_rare,,,
2959,0.0,,too_rare,,,
2960,0.0,,too_rare,,,
2961,0.0,,too_rare,,,
2962,2.8008066323101054e-05,,too_rare,,,
2963,0.0,,too_rare,,,
2964,0.0,,too_rare,,,
2965,0.0,,too_rare,,,
2966,0.0,,too_rare,,,
2967,0.0,,too_rare,,,
2968,0.0,,too_rare,,,
2969,0.0003080887295541116,,too_rare,,,
2970,0.0,,too_rare,,,
2971,0.0,,too_rare,,,
2972,0.0,,too_rare,,,
2973,0.0,,too_rare,,,
2974,0.0,,too_rare,,,
2975,0.001624467846739861,,too_rare,,,
2977,2.8008066323101054e-05,,too_rare,,,
2978,0.0,,too_rare,,,
2979,0.0,,too_rare,,,
2980,0.0,,too_rare,,,
2981,0.0,,too_rare,,,
2982,0.0,,too_rare,,,
2983,0.0,,too_rare,,,
2984,0.0,,too_rare,,,
2985,0.0,,too_rare,,,
2986,0.0003080887295541116,,too_rare,,,
2987,0.0,,too_rare,,,
2988,0.0,,too_rare,,,
2989,0.0,,too_rare,,,
2990,0.0,,too_rare,,,
2991,0.0,,too_rare,,,
2992,2.8008066323101054e-05,,too_rare,,,
2993,0.0,,too_rare,,,
2994,0.0,,too_rare,,,
2995,0.0,,too_rare,,,
2996,0.0,,too_rare,,,
2997,0.0,,too_rare,,,
2998,2.8008066323101054e-05,,too_rare,,,
2999,0.0,,too_rare,,,
3000,2.8008066323101054e-05,,too_rare,,,
3002,0.001652475913062962,,too_rare,,,
3003,0.0,,too_rare,,,
3004,0.0,,too_rare,,,
3005,0.0,,too_rare,,,
3007,0.0,,too_rare,,,
3008,0.0,,too_rare,,,
3009,0.0,,too_rare,,,
3010,0.0,,too_rare,,,
3011,0.0,,too_rare,,,
3012,0.0,,too_rare,,,
3013,0.0,,too_rare,,,
3014,2.8008066323101054e-05,,too_rare,,,
3015,0.0,,too_rare,,,
3016,2.8008066323101054e-05,,too_rare,,,
3017,0.0,,too_rare,,,
3018,0.0,,too_rare,,,
3019,0.0,,too_rare,,,
3020,0.0,,too_rare,,,
3021,0.0,,too_rare,,,
3022,0.0004201209948465158,,too_rare,,,
3023,0.0,,too_rare,,,
3025,0.0,,too_rare,,,
3026,2.8008066323101054e-05,,too_rare,,,
3027,0.0,,too_rare,,,
3028,0.0,,too_rare,,,
3029,2.8008066323101054e-05,,too_rare,,,
3030,0.0,,too_rare,,,
3031,0.0,,too_rare,,,
3032,0.0,,too_rare,,,
3033,0.00022406453058480843,,too_rare,,,
3034,0.0,,too_rare,,,
3035,0.001092314586600941,,too_rare,,,
3036,0.0,,too_rare,,,
3037,2.8008066323101054e-05,,too_rare,,,
3038,0.0,,too_rare,,,
3039,0.0,,too_rare,,,
3040,0.0,,too_rare,,,
3041,2.8008066323101054e-05,,too_rare,,,
3042,5.601613264620211e-05,,too_rare,,,
3043,0.00014004033161550526,,too_rare,,,
3044,0.0,,too_rare,,,
3045,0.00014004033161550526,,too_rare,,,
3046,0.0,,too_rare,,,
3047,0.0,,too_rare,,,
3048,8.402419896930316e-05,,too_rare,,,
3049,0.0,,too_rare,,,
3050,0.0,,too_rare,,,
3051,2.8008066323101054e-05,,too_rare,,,
3052,0.0,,too_rare,,,
3053,0.0,,too_rare,,,
3054,2.8008066323101054e-05,,too_rare,,,
3055,2.8008066323101054e-05,,too_rare,,,
3056,0.0,,too_rare,,,
3057,0.0,,too_rare,,,
3058,0.0,,too_rare,,,
3059,0.0,,too_rare,,,
3060,0.0,,too_rare,,,
3061,0.0,,too_rare,,,
3062,0.0,,too_rare,,,
3063,2.8008066323101054e-05,,too_rare,,,
3064,0.0,,too_rare,,,
3065,0.0,,too_rare,,,
3066,0.0,,too_rare,,,
3067,0.0,,too_rare,,,
3068,2.8008066323101054e-05,,too_rare,,,
3069,0.0,,too_rare,,,
3070,0.0,,too_rare,,,
3071,0.0,,too_rare,,,
3072,0.0,,too_rare,,,
3073,0.0,,too_rare,,,
3074,2.8008066323101054e-05,,too_rare,,,
3075,0.0,,too_rare,,,
3076,0.00106430652027784,,too_rare,,,
3077,0.0,,too_rare,,,
3078,0.0,,too_rare,,,
3079,2.8008066323101054e-05,,too_rare,,,
3080,2.8008066323101054e-05,,too_rare,,,
3081,0.0,,too_rare,,,
3082,0.0,,too_rare,,,
3083,0.0,,too_rare,,,
3084,0.0,,too_rare,,,
3085,0.0,,too_rare,,,
3086,0.0,,too_rare,,,
3087,0.0,,too_rare,,,
3088,0.0,,too_rare,,,
3089,0.0,,too_rare,,,
3090,2.8008066323101054e-05,,too_rare,,,
3091,0.0,,too_rare,,,
3092,2.8008066323101054e-05,,too_rare,,,
3093,2.8008066323101054e-05,,too_rare,,,
3094,0.0,,too_rare,,,
3095,0.0,,too_rare,,,
3096,0.0,,too_rare,,,
3097,0.0,,too_rare,,,
3098,0.0,,too_rare,,,
3099,0.0,,too_rare,,,
3100,2.8008066323101054e-05,,too_rare,,,
3101,0.0,,too_rare,,,
3102,0.0,,too_rare,,,
3103,0.005825677795205019,,too_rare,,,
3104,0.0,,too_rare,,,
3105,0.0,,too_rare,,,
3106,0.0,,too_rare,,,
3107,8.402419896930316e-05,,too_rare,,,
3108,0.0,,too_rare,,,
3109,0.0,,too_rare,,,
3110,0.0,,too_rare,,,
3111,0.000504145193815819,,too_rare,,,
3112,0.0,,too_rare,,,
3113,0.0,,too_rare,,,
3114,0.0,,too_rare,,,
3115,0.0,,too_rare,,,
3116,0.0,,too_rare,,,
3117,0.0,,too_rare,,,
3118,0.0,,too_rare,,,
3119,0.0,,too_rare,,,
3120,2.8008066323101054e-05,,too_rare,,,
3121,0.0,,too_rare,,,
3122,2.8008066323101054e-05,,too_rare,,,
3123,2.8008066323101054e-05,,too_rare,,,
3124,0.0,,too_rare,,,
3125,0.0,,too_rare,,,
3126,0.0,,too_rare,,,
3127,0.0,,too_rare,,,
3128,0.0,,too_rare,,,
3129,0.0,,too_rare,,,
3130,0.0,,too_rare,,,
3131,0.0002520725969079095,,too_rare,,,
3132,0.0,,too_rare,,,
3133,8.402419896930316e-05,,too_rare,,,
3134,0.00016804839793860632,,too_rare,,,
3135,0.0,,too_rare,,,
3136,0.0,,too_rare,,,
3137,0.0,,too_rare,,,
3138,2.8008066323101054e-05,,too_rare,,,
3139,0.0,,too_rare,,,
3140,0.004033161550526552,,too_rare,,,
3141,0.0,,too_rare,,,
3142,0.0,,too_rare,,,
3143,8.402419896930316e-05,,too_rare,,,
3144,5.601613264620211e-05,,too_rare,,,
3145,0.0,,too_rare,,,
3146,2.8008066323101054e-05,,too_rare,,,
3147,0.0,,too_rare,,,
3148,5.601613264620211e-05,,too_rare,,,
3149,0.0,,too_rare,,,
3150,0.0,,too_rare,,,
3151,0.0,,too_rare,,,
3152,0.0009522742549854358,,too_rare,,,
3153,0.0,,too_rare,,,
3154,0.0,,too_rare,,,
3155,0.0002520725969079095,,too_rare,,,
3156,0.0,,too_rare,,,
3157,2.8008066323101054e-05,,too_rare,,,
3158,0.0,,too_rare,,,
3159,0.0,,too_rare,,,
3160,0.0,,too_rare,,,
3161,0.0,,too_rare,,,
3162,0.0,,too_rare,,,
3163,2.8008066323101054e-05,,too_rare,,,
3164,2.8008066323101054e-05,,too_rare,,,
3165,0.0,,too_rare,,,
3166,0.0,,too_rare,,,
3167,0.0,,too_rare,,,
3168,0.0,,too_rare,,,
3169,0.0,,too_rare,,,
3170,0.0,,too_rare,,,
3171,2.8008066323101054e-05,,too_rare,,,
3172,0.0,,too_rare,,,
3173,0.0,,too_rare,,,
3174,0.0,,too_rare,,,
3175,0.0,,too_rare,,,
3176,0.0,,too_rare,,,
3177,0.0,,too_rare,,,
3178,0.0,,too_rare,,,
3179,0.0,,too_rare,,,
3180,0.0,,too_rare,,,
3181,0.0002520725969079095,,too_rare,,,
3182,0.0,,too_rare,,,
3183,0.0,,too_rare,,,
3184,2.8008066323101054e-05,,too_rare,,,
3185,0.0,,too_rare,,,
3186,0.0,,too_rare,,,
3187,2.8008066323101054e-05,,too_rare,,,
3188,0.0,,too_rare,,,
3189,0.0,,too_rare,,,
3190,0.0,,too_rare,,,
3191,0.0,,too_rare,,,
3192,0.0,,too_rare,,,
3193,0.0,,too_rare,,,
3194,2.8008066323101054e-05,,too_rare,,,
3195,2.8008066323101054e-05,,too_rare,,,
3196,0.0,,too_rare,,,
3197,2.8008066323101054e-05,,too_rare,,,
3198,0.0,,too_rare,,,
3199,0.0,,too_rare,,,
3200,0.0,,too_rare,,,
3201,0.0,,too_rare,,,
3202,0.0,,too_rare,,,
3203,0.0,,too_rare,,,
3204,0.0,,too_rare,,,
3205,0.0,,too_rare,,,
3206,0.00022406453058480843,,too_rare,,,
3207,8.402419896930316e-05,,too_rare,,,
3208,0.0,,too_rare,,,
3209,0.0,,too_rare,,,
3210,0.0,,too_rare,,,
3211,0.0,,too_rare,,,
3212,0.0,,too_rare,,,
3213,0.0,,too_rare,,,
3214,0.0,,too_rare,,,
3215,0.0,,too_rare,,,
3216,0.0,,too_rare,,,
3217,0.0,,too_rare,,,
3218,0.0,,too_rare,,,
3219,0.0,,too_rare,,,
3220,0.0,,too_rare,,,
3221,0.003164911494510419,,too_rare,,,
3222,0.0,,too_rare,,,
3223,0.0,,too_rare,,,
3224,0.0,,too_rare,,,
3225,0.001008290387631638,,too_rare,,,
3226,0.0,,too_rare,,,
3227,0.00033609679587721263,,too_rare,,,
3228,2.8008066323101054e-05,,too_rare,,,
3229,0.0,,too_rare,,,
3230,0.0,,too_rare,,,
3231,0.0,,too_rare,,,
3232,5.601613264620211e-05,,too_rare,,,
3233,0.0,,too_rare,,,
3234,0.0,,too_rare,,,
3235,2.8008066323101054e-05,,too_rare,,,
3236,0.0,,too_rare,,,
3237,0.0,,too_rare,,,
3238,0.0008122339233699305,,too_rare,,,
3239,0.0,,too_rare,,,
3240,5.601613264620211e-05,,too_rare,,,
3241,0.0,,too_rare,,,
3242,0.0,,too_rare,,,
3243,0.0,,too_rare,,,
3244,0.0,,too_rare,,,
3245,0.0,,too_rare,,,
3246,0.0,,too_rare,,,
3247,0.0,,too_rare,,,
3248,2.8008066323101054e-05,,too_rare,,,
3249,0.0,,too_rare,,,
3250,0.0,,too_rare,,,
3251,0.0,,too_rare,,,
3252,5.601613264620211e-05,,too_rare,,,
3253,0.0,,too_rare,,,
3254,0.0,,too_rare,,,
3255,0.0,,too_rare,,,
3256,0.0,,too_rare,,,
3257,0.0,,too_rare,,,
3258,0.0,,too_rare,,,
3259,0.0,,too_rare,,,
3260,2.8008066323101054e-05,,too_rare,,,
3261,0.0,,too_rare,,,
3262,0.0,,too_rare,,,
3263,0.0,,too_rare,,,
3264,0.0,,too_rare,,,
3265,0.0,,too_rare,,,
3266,0.0,,too_rare,,,
3267,0.0,,too_rare,,,
3268,0.0,,too_rare,,,
3269,0.0,,too_rare,,,
3270,0.0,,too_rare,,,
3271,2.8008066323101054e-05,,too_rare,,,
3272,0.0,,too_rare,,,
3274,2.8008066323101054e-05,,too_rare,,,
3275,2.8008066323101054e-05,,too_rare,,,
3276,2.8008066323101054e-05,,too_rare,,,
3277,5.601613264620211e-05,,too_rare,,,
3278,0.0,,too_rare,,,
3279,0.0,,too_rare,,,
3280,0.0,,too_rare,,,
3281,0.0,,too_rare,,,
3282,0.0,,too_rare,,,
3283,0.0,,too_rare,,,
3284,0.0,,too_rare,,,
3285,0.0,,too_rare,,,
3286,0.0,,too_rare,,,
3287,0.0,,too_rare,,,
3288,0.0,,too_rare,,,
3289,5.601613264620211e-05,,too_rare,,,
3290,0.0,,too_rare,,,
3291,0.0,,too_rare,,,
3292,0.0,,too_rare,,,
3293,0.0,,too_rare,,,
3294,0.0,,too_rare,,,
3295,0.0,,too_rare,,,
3296,0.0,,too_rare,,,
3297,2.8008066323101054e-05,,too_rare,,,
3298,0.0,,too_rare,,,
3299,0.0,,too_rare,,,
3300,0.0,,too_rare,,,
3301,0.0,,too_rare,,,
3302,2.8008066323101054e-05,,too_rare,,,
3303,0.0,,too_rare,,,
3304,0.0,,too_rare,,,
3305,0.0,,too_rare,,,
3306,0.0,,too_rare,,,
3307,0.0,,too_rare,,,
3308,0.0,,too_rare,,,
3309,0.0,,too_rare,,,
3310,2.8008066323101054e-05,,too_rare,,,
3311,0.0,,too_rare,,,
3312,0.0,,too_rare,,,
3313,0.0,,too_rare,,,
3314,0.0002800806632310105,,too_rare,,,
3315,0.0,,too_rare,,,
3316,0.0,,too_rare,,,
3317,0.0,,too_rare,,,
3318,2.8008066323101054e-05,,too_rare,,,
3319,0.0,,too_rare,,,
3320,0.0,,too_rare,,,
3321,0.0,,too_rare,,,
3322,0.0,,too_rare,,,
3323,0.00011203226529240422,,too_rare,,,
3324,0.0,,too_rare,,,
3325,0.0,,too_rare,,,
3326,0.0,,too_rare,,,
3327,0.0,,too_rare,,,
3328,5.601613264620211e-05,,too_rare,,,
3329,0.0,,too_rare,,,
3330,0.0,,too_rare,,,
3331,0.0,,too_rare,,,
3332,0.0,,too_rare,,,
3333,0.0,,too_rare,,,
3334,0.0,,too_rare,,,
3335,0.0,,too_rare,,,
3336,0.0,,too_rare,,,
3337,0.0,,too_rare,,,
3338,0.00159645978041676,,too_rare,,,
3339,0.0,,too_rare,,,
3341,2.8008066323101054e-05,,too_rare,,,
3342,0.0,,too_rare,,,
3343,2.8008066323101054e-05,,too_rare,,,
3344,2.8008066323101054e-05,,too_rare,,,
3345,0.0,,too_rare,,,
3346,0.0,,too_rare,,,
3347,0.0,,too_rare,,,
3348,5.601613264620211e-05,,too_rare,,,
3349,0.0,,too_rare,,,
3350,0.0,,too_rare,,,
3351,0.0,,too_rare,,,
3352,0.0,,too_rare,,,
3353,0.0,,too_rare,,,
3354,0.003669056688326238,,too_rare,,,
3355,2.8008066323101054e-05,,too_rare,,,
3356,0.0,,too_rare,,,
3357,0.0,,too_rare,,,
3358,0.0,,too_rare,,,
3359,0.0,,too_rare,,,
3360,0.0,,too_rare,,,
3361,0.0,,too_rare,,,
3362,2.8008066323101054e-05,,too_rare,,,
3363,0.0,,too_rare,,,
3364,0.0,,too_rare,,,
3365,0.0,,too_rare,,,
3366,2.8008066323101054e-05,,too_rare,,,
3367,2.8008066323101054e-05,,too_rare,,,
3368,0.0,,too_rare,,,
3369,2.8008066323101054e-05,,too_rare,,,
3370,2.8008066323101054e-05,,too_rare,,,
3371,0.0,,too_rare,,,
3372,0.0,,too_rare,,,
3373,8.402419896930316e-05,,too_rare,,,
3374,2.8008066323101054e-05,,too_rare,,,
3375,0.0,,too_rare,,,
3377,2.8008066323101054e-05,,too_rare,,,
3378,0.0,,too_rare,,,
3379,0.0,,too_rare,,,
3380,0.0,,too_rare,,,
3381,0.0,,too_rare,,,
3382,2.8008066323101054e-05,,too_rare,,,
3383,0.0,,too_rare,,,
3384,0.0,,too_rare,,,
3385,0.0,,too_rare,,,
3386,0.0,,too_rare,,,
3387,0.0,,too_rare,,,
3388,0.0,,too_rare,,,
3389,0.0,,too_rare,,,
3390,0.0,,too_rare,,,
3392,0.0,,too_rare,,,
3393,2.8008066323101054e-05,,too_rare,,,
3394,0.0,,too_rare,,,
3395,2.8008066323101054e-05,,too_rare,,,
3396,0.003248935693479722,,too_rare,,,
3397,0.0,,too_rare,,,
3398,0.0,,too_rare,,,
3399,0.0,,too_rare,,,
3400,0.0,,too_rare,,,
3401,0.0,,too_rare,,,
3402,5.601613264620211e-05,,too_rare,,,
3403,0.0,,too_rare,,,
3404,0.0,,too_rare,,,
3405,0.00019605646426170737,,too_rare,,,
3406,0.0,,too_rare,,,
3407,0.0,,too_rare,,,
3408,0.0,,too_rare,,,
3409,0.0,,too_rare,,,
3410,0.0008402419896930316,,too_rare,,,
3411,2.8008066323101054e-05,,too_rare,,,
3412,0.0,,too_rare,,,
3413,0.0,,too_rare,,,
3414,0.0,,too_rare,,,
3415,0.0,,too_rare,,,
3416,0.0,,too_rare,,,
3417,2.8008066323101054e-05,,too_rare,,,
3418,0.0,,too_rare,,,
3419,0.0,,too_rare,,,
3420,0.0,,too_rare,,,
3421,0.0,,too_rare,,,
3422,0.0,,too_rare,,,
3423,0.0,,too_rare,,,
3424,0.0,,too_rare,,,
3425,0.0,,too_rare,,,
3426,0.0,,too_rare,,,
3427,0.0,,too_rare,,,
3428,0.0,,too_rare,,,
3430,0.00016804839793860632,,too_rare,,,
3431,0.0007842258570468295,,too_rare,,,
3432,2.8008066323101054e-05,,too_rare,,,
3433,0.0,,too_rare,,,
3434,0.0,,too_rare,,,
3435,0.0,,too_rare,,,
3436,0.0,,too_rare,,,
3437,0.0,,too_rare,,,
3438,0.0,,too_rare,,,
3439,2.8008066323101054e-05,,too_rare,,,
3440,0.0,,too_rare,,,
3441,0.0,,too_rare,,,
3442,2.8008066323101054e-05,,too_rare,,,
3443,0.0,,too_rare,,,
3444,2.8008066323101054e-05,,too_rare,,,
3445,5.601613264620211e-05,,too_rare,,,
3446,0.0,,too_rare,,,
3447,0.0,,too_rare,,,
3448,2.8008066323101054e-05,,too_rare,,,
3449,0.0,,too_rare,,,
3450,0.0,,too_rare,,,
3451,0.0,,too_rare,,,
3452,0.0,,too_rare,,,
3453,5.601613264620211e-05,,too_rare,,,
3454,0.0,,too_rare,,,
3455,0.0,,too_rare,,,
3457,0.0,,too_rare,,,
3458,0.0,,too_rare,,,
3459,0.00022406453058480843,,too_rare,,,
3460,0.0,,too_rare,,,
3461,0.0,,too_rare,,,
3462,0.0,,too_rare,,,
3463,0.0,,too_rare,,,
3464,0.0,,too_rare,,,
3465,0.0,,too_rare,,,
3466,0.0,,too_rare,,,
3467,0.0,,too_rare,,,
3468,0.0,,too_rare,,,
3469,2.8008066323101054e-05,,too_rare,,,
3470,0.0,,too_rare,,,
3471,0.0,,too_rare,,,
3472,0.0,,too_rare,,,
3473,0.0,,too_rare,,,
3474,0.0,,too_rare,,,
3475,0.005517589065650907,,too_rare,,,
3476,0.00036410486220031366,,too_rare,,,
3477,0.0,,too_rare,,,
3478,0.0,,too_rare,,,
3479,0.005181492269773695,,too_rare,,,
3481,0.0,,too_rare,,,
3482,0.0,,too_rare,,,
3483,0.0,,too_rare,,,
3484,2.8008066323101054e-05,,too_rare,,,
3485,0.0,,too_rare,,,
3486,0.0,,too_rare,,,
3487,0.0,,too_rare,,,
3488,0.0,,too_rare,,,
3489,0.0,,too_rare,,,
3490,0.0,,too_rare,,,
3491,8.402419896930316e-05,,too_rare,,,
3492,2.8008066323101054e-05,,too_rare,,,
3493,0.0,,too_rare,,,
3494,0.0,,too_rare,,,
3495,0.0,,too_rare,,,
3496,0.0,,too_rare,,,
3497,0.0,,too_rare,,,
3498,5.601613264620211e-05,,too_rare,,,
3499,0.0,,too_rare,,,
3500,0.0,,too_rare,,,
3501,2.8008066323101054e-05,,too_rare,,,
3502,0.0,,too_rare,,,
3503,0.0,,too_rare,,,
3504,0.0,,too_rare,,,
3505,0.0,,too_rare,,,
3506,5.601613264620211e-05,,too_rare,,,
3507,0.0,,too_rare,,,
3508,2.8008066323101054e-05,,too_rare,,,
3509,0.0,,too_rare,,,
3510,2.8008066323101054e-05,,too_rare,,,
3511,0.0,,too_rare,,,
3512,0.0,,too_rare,,,
3513,0.0,,too_rare,,,
3514,2.8008066323101054e-05,,too_rare,,,
3515,0.0,,too_rare,,,
3516,0.0,,too_rare,,,
3517,2.8008066323101054e-05,,too_rare,,,
3518,0.0,,too_rare,,,
3519,0.0,,too_rare,,,
3520,2.8008066323101054e-05,,too_rare,,,
3521,0.0,,too_rare,,,
3522,0.0,,too_rare,,,
3523,2.8008066323101054e-05,,too_rare,,,
3524,0.0,,too_rare,,,
3525,0.0,,too_rare,,,
3526,0.0,,too_rare,,,
3527,2.8008066323101054e-05,,too_rare,,,
3528,0.0,,too_rare,,,
3529,5.601613264620211e-05,,too_rare,,,
3530,0.0,,too_rare,,,
3531,0.0,,too_rare,,,
3532,0.0,,too_rare,,,
3533,0.00932668608559265,,too_rare,,,
3534,0.0,,too_rare,,,
3535,0.0,,too_rare,,,
3536,0.0,,too_rare,,,
3537,0.0,,too_rare,,,
3538,0.0,,too_rare,,,
3539,0.0,,too_rare,,,
3540,0.0,,too_rare,,,
3541,0.0,,too_rare,,,
3542,0.0,,too_rare,,,
3543,0.0,,too_rare,,,
3544,0.0,,too_rare,,,
3545,0.001008290387631638,,too_rare,,,
3546,2.8008066323101054e-05,,too_rare,,,
3547,0.0,,too_rare,,,
3548,0.0002800806632310105,,too_rare,,,
3549,0.0,,too_rare,,,
3550,0.0,,too_rare,,,
3551,0.0,,too_rare,,,
3552,0.001960564642617074,,too_rare,,,
3553,0.0,,too_rare,,,
3554,0.0,,too_rare,,,
3555,0.0,,too_rare,,,
3556,0.0,,too_rare,,,
3557,2.8008066323101054e-05,,too_rare,,,
3558,2.8008066323101054e-05,,too_rare,,,
3559,0.0,,too_rare,,,
3560,0.0,,too_rare,,,
3561,0.0,,too_rare,,,
3562,0.0,,too_rare,,,
3563,0.0,,too_rare,,,
3564,0.0012043468518933454,,too_rare,,,
3565,0.0,,too_rare,,,
3566,0.0,,too_rare,,,
3567,0.0,,too_rare,,,
3568,0.0,,too_rare,,,
3569,0.0,,too_rare,,,
3570,0.0,,too_rare,,,
3571,5.601613264620211e-05,,too_rare,,,
3572,0.00014004033161550526,,too_rare,,,
3573,0.0,,too_rare,,,
3574,0.0,,too_rare,,,
3575,5.601613264620211e-05,,too_rare,,,
3576,0.0,,too_rare,,,
3577,0.003613040555680036,,too_rare,,,
3578,0.0033609679587721262,,too_rare,,,
3579,0.0,,too_rare,,,
3580,0.0,,too_rare,,,
3581,0.0,,too_rare,,,
3582,0.0,,too_rare,,,
3583,0.0,,too_rare,,,
3584,0.0,,too_rare,,,
3585,0.0,,too_rare,,,
3586,0.0004201209948465158,,too_rare,,,
3587,0.0,,too_rare,,,
3588,5.601613264620211e-05,,too_rare,,,
3589,0.0,,too_rare,,,
3590,0.0,,too_rare,,,
3591,0.0,,too_rare,,,
3592,0.0,,too_rare,,,
3593,0.0,,too_rare,,,
3594,0.0004761371274927179,,too_rare,,,
3595,0.0,,too_rare,,,
3596,0.0,,too_rare,,,
3597,0.0,,too_rare,,,
3598,0.0,,too_rare,,,
3599,0.0,,too_rare,,,
3600,0.0,,too_rare,,,
3601,0.007590185973560385,,too_rare,,,
3602,2.8008066323101054e-05,,too_rare,,,
3603,2.8008066323101054e-05,,too_rare,,,
3604,0.0,,too_rare,,,
3605,0.0,,too_rare,,,
3606,5.601613264620211e-05,,too_rare,,,
3607,0.0,,too_rare,,,
3608,0.0,,too_rare,,,
3609,0.00014004033161550526,,too_rare,,,
3610,0.0,,too_rare,,,
3611,0.0,,too_rare,,,
3612,0.0,,too_rare,,,
3613,0.0,,too_rare,,,
3614,2.8008066323101054e-05,,too_rare,,,
3615,0.0,,too_rare,,,
3616,0.0,,too_rare,,,
3617,0.0,,too_rare,,,
3618,0.0,,too_rare,,,
3619,0.0,,too_rare,,,
3620,0.0,,too_rare,,,
3621,0.0003080887295541116,,too_rare,,,
3622,0.0,,too_rare,,,
3623,0.0,,too_rare,,,
3624,0.0,,too_rare,,,
3625,0.0,,too_rare,,,
3626,0.0,,too_rare,,,
3627,0.0,,too_rare,,,
3628,0.0,,too_rare,,,
3629,0.0,,too_rare,,,
3630,0.0,,too_rare,,,
3631,2.8008066323101054e-05,,too_rare,,,
3632,0.0,,too_rare,,,
3633,0.0,,too_rare,,,
3634,0.0,,too_rare,,,
3635,0.0,,too_rare,,,
3636,0.0,,too_rare,,,
3637,0.00022406453058480843,,too_rare,,,
3638,0.0,,too_rare,,,
3639,0.0,,too_rare,,,
3640,0.0,,too_rare,,,
3641,2.8008066323101054e-05,,too_rare,,,
3643,0.0,,too_rare,,,
3644,0.0,,too_rare,,,
3645,0.0,,too_rare,,,
3646,0.0,,too_rare,,,
3647,0.0,,too_rare,,,
3648,0.0,,too_rare,,,
3649,0.0,,too_rare,,,
3650,0.0,,too_rare,,,
3651,0.0,,too_rare,,,
3652,0.0,,too_rare,,,
3653,0.0,,too_rare,,,
3654,0.0,,too_rare,,,
3655,2.8008066323101054e-05,,too_rare,,,
3656,5.601613264620211e-05,,too_rare,,,
3657,0.0,,too_rare,,,
3658,0.0,,too_rare,,,
3659,0.0,,too_rare,,,
3660,0.0,,too_rare,,,
3661,2.8008066323101054e-05,,too_rare,,,
3662,0.0,,too_rare,,,
3663,0.0,,too_rare,,,
3664,0.0,,too_rare,,,
3665,0.0,,too_rare,,,
3666,2.8008066323101054e-05,,too_rare,,,
3667,0.0,,too_rare,,,
3668,0.0,,too_rare,,,
3669,0.0,,too_rare,,,
3670,0.0,,too_rare,,,
3671,0.0,,too_rare,,,
3672,2.8008066323101054e-05,,too_rare,,,
3673,0.0,,too_rare,,,
3674,0.0,,too_rare,,,
3675,2.8008066323101054e-05,,too_rare,,,
3676,0.0007842258570468295,,too_rare,,,
3677,5.601613264620211e-05,,too_rare,,,
3678,2.8008066323101054e-05,,too_rare,,,
3679,0.0,,too_rare,,,
3680,2.8008066323101054e-05,,too_rare,,,
3681,0.0,,too_rare,,,
3682,0.0,,too_rare,,,
3683,0.0,,too_rare,,,
3684,0.0,,too_rare,,,
3685,2.8008066323101054e-05,,too_rare,,,
3686,0.0,,too_rare,,,
3688,0.0,,too_rare,,,
3689,0.0,,too_rare,,,
3690,0.0,,too_rare,,,
3691,0.001008290387631638,,too_rare,,,
3692,0.0,,too_rare,,,
3693,0.0,,too_rare,,,
3694,0.0,,too_rare,,,
3695,0.0,,too_rare,,,
3696,0.0,,too_rare,,,
3697,0.0006161774591082232,,too_rare,,,
3699,2.8008066323101054e-05,,too_rare,,,
3700,0.0,,too_rare,,,
3701,0.0,,too_rare,,,
3702,0.0,,too_rare,,,
3703,0.0,,too_rare,,,
3704,0.0,,too_rare,,,
3705,0.0,,too_rare,,,
3706,0.00016804839793860632,,too_rare,,,
3707,5.601613264620211e-05,,too_rare,,,
3708,2.8008066323101054e-05,,too_rare,,,
3709,0.0,,too_rare,,,
3710,0.003024871162894914,,too_rare,,,
3711,0.0,,too_rare,,,
3712,0.0,,too_rare,,,
3713,0.0,,too_rare,,,
3714,0.0,,too_rare,,,
3715,0.0,,too_rare,,,
3716,0.0,,too_rare,,,
3717,0.0,,too_rare,,,
3718,0.0,,too_rare,,,
3719,0.0,,too_rare,,,
3720,0.0,,too_rare,,,
3721,0.0,,too_rare,,,
3722,0.0,,too_rare,,,
3723,2.8008066323101054e-05,,too_rare,,,
3724,0.0,,too_rare,,,
3725,5.601613264620211e-05,,too_rare,,,
3726,0.007898274703114497,,too_rare,,,
3727,0.0,,too_rare,,,
3728,0.0,,too_rare,,,
3729,0.0,,too_rare,,,
3730,0.0,,too_rare,,,
3731,0.0,,too_rare,,,
3732,0.0,,too_rare,,,
3733,0.0,,too_rare,,,
3734,0.0,,too_rare,,,
3735,0.0,,too_rare,,,
3736,0.0,,too_rare,,,
3737,0.0,,too_rare,,,
3738,0.0,,too_rare,,,
3739,0.0,,too_rare,,,
3740,0.0,,too_rare,,,
3741,0.0,,too_rare,,,
3742,0.0,,too_rare,,,
3743,0.0,,too_rare,,,
3744,0.0,,too_rare,,,
3745,0.0,,too_rare,,,
3746,0.0,,too_rare,,,
3747,2.8008066323101054e-05,,too_rare,,,
3748,2.8008066323101054e-05,,too_rare,,,
3749,0.0,,too_rare,,,
3750,0.0,,too_rare,,,
3751,2.8008066323101054e-05,,too_rare,,,
3752,0.0,,too_rare,,,
3753,0.0,,too_rare,,,
3754,0.0,,too_rare,,,
3755,0.0,,too_rare,,,
3756,0.0,,too_rare,,,
3757,0.0,,too_rare,,,
3758,0.0,,too_rare,,,
3759,2.8008066323101054e-05,,too_rare,,,
3760,0.0,,too_rare,,,
3761,0.0,,too_rare,,,
3762,0.0,,too_rare,,,
3763,0.0,,too_rare,,,
3764,0.003781088953618642,,too_rare,,,
3765,8.402419896930316e-05,,too_rare,,,
3766,0.0,,too_rare,,,
3767,0.0003080887295541116,,too_rare,,,
3768,5.601613264620211e-05,,too_rare,,,
3769,0.0,,too_rare,,,
3770,0.0,,too_rare,,,
3771,0.0,,too_rare,,,
3772,0.0,,too_rare,,,
3773,0.0,,too_rare,,,
3774,0.0,,too_rare,,,
3775,2.8008066323101054e-05,,too_rare,,,
3776,0.0,,too_rare,,,
3777,0.0,,too_rare,,,
3778,0.0,,too_rare,,,
3779,0.00036410486220031366,,too_rare,,,
3780,0.0,,too_rare,,,
3781,0.0,,too_rare,,,
3782,2.8008066323101054e-05,,too_rare,,,
3783,0.0,,too_rare,,,
3784,0.0,,too_rare,,,
3785,0.0,,too_rare,,,
3786,0.0,,too_rare,,,
3787,0.0,,too_rare,,,
3788,2.8008066323101054e-05,,too_rare,,,
3789,0.0,,too_rare,,,
3790,0.0,,too_rare,,,
3791,2.8008066323101054e-05,,too_rare,,,
3792,0.0,,too_rare,,,
3793,0.0,,too_rare,,,
3794,0.0,,too_rare,,,
3795,0.0005881693927851221,,too_rare,,,
3796,0.0,,too_rare,,,
3797,0.0,,too_rare,,,
3798,0.0,,too_rare,,,
3799,0.0,,too_rare,,,
3800,2.8008066323101054e-05,,too_rare,,,
3801,0.0,,too_rare,,,
3802,0.0,,too_rare,,,
3803,0.0,,too_rare,,,
3804,0.0,,too_rare,,,
3805,5.601613264620211e-05,,too_rare,,,
3806,2.8008066323101054e-05,,too_rare,,,
3807,0.0,,too_rare,,,
3808,0.0,,too_rare,,,
3809,0.0,,too_rare,,,
3810,0.0,,too_rare,,,
3811,0.0,,too_rare,,,
3812,0.0,,too_rare,,,
3813,0.0,,too_rare,,,
3814,0.0002520725969079095,,too_rare,,,
3815,0.0,,too_rare,,,
3816,2.8008066323101054e-05,,too_rare,,,
3817,0.0,,too_rare,,,
3818,0.0,,too_rare,,,
3819,0.0,,too_rare,,,
3820,0.0,,too_rare,,,
3821,0.0,,too_rare,,,
3822,5.601613264620211e-05,,too_rare,,,
3823,0.0,,too_rare,,,
3824,2.8008066323101054e-05,,too_rare,,,
3825,2.8008066323101054e-05,,too_rare,,,
3826,0.0,,too_rare,,,
3827,0.0,,too_rare,,,
3828,0.0,,too_rare,,,
3829,0.00019605646426170737,,too_rare,,,
3830,0.0,,too_rare,,,
3831,0.0,,too_rare,,,
3832,0.0,,too_rare,,,
3833,0.0,,too_rare,,,
3834,0.0,,too_rare,,,
3835,2.8008066323101054e-05,,too_rare,,,
3836,0.0,,too_rare,,,
3837,0.0,,too_rare,,,
3838,0.0,,too_rare,,,
3839,0.0,,too_rare,,,
3840,2.8008066323101054e-05,,too_rare,,,
3841,0.0,,too_rare,,,
3842,8.402419896930316e-05,,too_rare,,,
3843,0.0,,too_rare,,,
3844,0.0,,too_rare,,,
3845,0.0,,too_rare,,,
3846,0.0,,too_rare,,,
3847,2.8008066323101054e-05,,too_rare,,,
3848,2.8008066323101054e-05,,too_rare,,,
3849,5.601613264620211e-05,,too_rare,,,
3850,0.0008682500560161327,,too_rare,,,
3851,0.0,,too_rare,,,
3852,2.8008066323101054e-05,,too_rare,,,
3853,0.0,,too_rare,,,
3854,0.0,,too_rare,,,
3855,0.0,,too_rare,,,
3856,0.0006161774591082232,,too_rare,,,
3857,0.0,,too_rare,,,
3858,0.0,,too_rare,,,
3859,0.0,,too_rare,,,
3860,0.0,,too_rare,,,
3861,0.0,,too_rare,,,
3862,0.0,,too_rare,,,
3863,0.005937710060497424,,too_rare,,,
3864,0.00011203226529240422,,too_rare,,,
3865,0.0,,too_rare,,,
3866,0.0,,too_rare,,,
3867,0.0,,too_rare,,,
3868,0.0,,too_rare,,,
3869,0.0,,too_rare,,,
3870,0.0,,too_rare,,,
3871,0.0,,too_rare,,,
3872,0.0,,too_rare,,,
3873,0.0,,too_rare,,,
3874,0.0,,too_rare,,,
3875,0.0,,too_rare,,,
3876,5.601613264620211e-05,,too_rare,,,
3877,0.0,,too_rare,,,
3878,0.0,,too_rare,,,
3879,0.00011203226529240422,,too_rare,,,
3880,0.0,,too_rare,,,
3881,0.0007002016580775263,,too_rare,,,
3882,0.0,,too_rare,,,
3883,0.0,,too_rare,,,
3884,0.0,,too_rare,,,
3886,0.0,,too_rare,,,
3887,0.0,,too_rare,,,
3888,0.0,,too_rare,,,
3889,0.0,,too_rare,,,
3890,2.8008066323101054e-05,,too_rare,,,
3891,2.8008066323101054e-05,,too_rare,,,
3892,0.0,,too_rare,,,
3893,0.0,,too_rare,,,
3894,0.0,,too_rare,,,
3895,0.0,,too_rare,,,
3896,0.0,,too_rare,,,
3897,2.8008066323101054e-05,,too_rare,,,
3898,0.0,,too_rare,,,
3900,0.0,,too_rare,,,
3901,2.8008066323101054e-05,,too_rare,,,
3902,2.8008066323101054e-05,,too_rare,,,
3904,0.0017084920457091641,,too_rare,,,
3905,0.0,,too_rare,,,
3906,0.0,,too_rare,,,
3907,0.0,,too_rare,,,
3908,0.0,,too_rare,,,
3909,0.0,,too_rare,,,
3910,0.0,,too_rare,,,
3911,0.0,,too_rare,,,
3912,0.0,,too_rare,,,
3913,0.0,,too_rare,,,
3914,0.00011203226529240422,,too_rare,,,
3915,0.0,,too_rare,,,
3916,0.0,,too_rare,,,
3917,0.0,,too_rare,,,
3919,0.0,,too_rare,,,
3920,0.0,,too_rare,,,
3921,0.0,,too_rare,,,
3922,0.0,,too_rare,,,
3923,0.0,,too_rare,,,
3924,0.0,,too_rare,,,
3925,0.0,,too_rare,,,
3926,2.8008066323101054e-05,,too_rare,,,
3927,0.0,,too_rare,,,
3928,0.0,,too_rare,,,
3929,0.0,,too_rare,,,
3930,0.0,,too_rare,,,
3931,0.0,,too_rare,,,
3932,0.0,,too_rare,,,
3933,8.402419896930316e-05,,too_rare,,,
3934,0.0,,too_rare,,,
3935,0.0,,too_rare,,,
3936,0.0,,too_rare,,,
3937,0.0,,too_rare,,,
3938,0.0018205243110015685,,too_rare,,,
3939,0.0,,too_rare,,,
3940,0.0,,too_rare,,,
3941,0.0002800806632310105,,too_rare,,,
3942,0.0067779520501904545,,too_rare,,,
3943,0.0,,too_rare,,,
3944,0.0,,too_rare,,,
3945,0.0,,too_rare,,,
3946,0.0,,too_rare,,,
3947,0.0,,too_rare,,,
3948,0.0,,too_rare,,,
3949,5.601613264620211e-05,,too_rare,,,
3950,0.0,,too_rare,,,
3951,0.0,,too_rare,,,
3952,0.0,,too_rare,,,
3953,0.0,,too_rare,,,
3954,8.402419896930316e-05,,too_rare,,,
3955,0.0,,too_rare,,,
3956,0.0,,too_rare,,,
3957,0.0,,too_rare,,,
3958,0.0,,too_rare,,,
3959,0.0,,too_rare,,,
3960,0.0,,too_rare,,,
3961,0.0,,too_rare,,,
3962,0.0,,too_rare,,,
3963,0.0,,too_rare,,,
3964,0.0,,too_rare,,,
3965,0.0,,too_rare,,,
3966,2.8008066323101054e-05,,too_rare,,,
3967,0.0,,too_rare,,,
3968,0.0,,too_rare,,,
3969,0.0,,too_rare,,,
3970,0.00039211292852341475,,too_rare,,,
3971,0.0,,too_rare,,,
3972,0.001092314586600941,,too_rare,,,
3973,0.0,,too_rare,,,
3974,0.0,,too_rare,,,
3975,0.0,,too_rare,,,
3976,5.601613264620211e-05,,too_rare,,,
3977,2.8008066323101054e-05,,too_rare,,,
3978,0.0,,too_rare,,,
3979,0.0,,too_rare,,,
3980,2.8008066323101054e-05,,too_rare,,,
3981,2.8008066323101054e-05,,too_rare,,,
3982,0.0,,too_rare,,,
3983,0.0,,too_rare,,,
3984,0.0,,too_rare,,,
3985,0.0002520725969079095,,too_rare,,,
3986,0.0,,too_rare,,,
3987,0.0,,too_rare,,,
3988,2.8008066323101054e-05,,too_rare,,,
3989,0.0,,too_rare,,,
3990,2.8008066323101054e-05,,too_rare,,,
3991,0.0,,too_rare,,,
3992,2.8008066323101054e-05,,too_rare,,,
3993,2.8008066323101054e-05,,too_rare,,,
3994,0.0,,too_rare,,,
3996,0.00044812906116961686,,too_rare,,,
3997,0.0,,too_rare,,,
3998,0.0,,too_rare,,,
3999,0.002744790499663903,,too_rare,,,
4000,0.0,,too_rare,,,
4001,0.0,,too_rare,,,
4002,5.601613264620211e-05,,too_rare,,,
4003,0.0,,too_rare,,,
4004,0.0011763387855702441,,too_rare,,,
4005,0.0,,too_rare,,,
4006,0.0,,too_rare,,,
4007,0.0,,too_rare,,,
4008,0.0,,too_rare,,,
4009,0.0,,too_rare,,,
4010,0.0,,too_rare,,,
4011,0.0,,too_rare,,,
4012,2.8008066323101054e-05,,too_rare,,,
4013,2.8008066323101054e-05,,too_rare,,,
4014,0.0,,too_rare,,,
4015,2.8008066323101054e-05,,too_rare,,,
4016,0.0,,too_rare,,,
4017,0.0,,too_rare,,,
4018,0.0,,too_rare,,,
4019,0.0,,too_rare,,,
4020,0.0,,too_rare,,,
4021,0.0,,too_rare,,,
4022,0.0,,too_rare,,,
4023,0.0,,too_rare,,,
4024,0.0,,too_rare,,,
4025,0.0,,too_rare,,,
4026,0.00019605646426170737,,too_rare,,,
4027,2.8008066323101054e-05,,too_rare,,,
4028,5.601613264620211e-05,,too_rare,,,
4029,2.8008066323101054e-05,,too_rare,,,
4030,0.0,,too_rare,,,
4031,0.0,,too_rare,,,
4032,0.0,,too_rare,,,
4033,0.0,,too_rare,,,
4034,0.0,,too_rare,,,
4035,0.0,,too_rare,,,
4036,0.0,,too_rare,,,
4037,0.0,,too_rare,,,
4038,0.0,,too_rare,,,
4039,2.8008066323101054e-05,,too_rare,,,
4040,2.8008066323101054e-05,,too_rare,,,
4041,0.0,,too_rare,,,
4042,0.00011203226529240422,,too_rare,,,
4043,0.0003080887295541116,,too_rare,,,
4044,0.0,,too_rare,,,
4045,8.402419896930316e-05,,too_rare,,,
4046,0.0,,too_rare,,,
4047,0.0,,too_rare,,,
4049,0.0,,too_rare,,,
4050,0.0033889760250952273,,too_rare,,,
4051,0.0,,too_rare,,,
4052,0.0,,too_rare,,,
4053,2.8008066323101054e-05,,too_rare,,,
4054,0.0,,too_rare,,,
4055,0.0,,too_rare,,,
4056,0.0,,too_rare,,,
4057,0.0,,too_rare,,,
4058,0.0,,too_rare,,,
4059,0.00022406453058480843,,too_rare,,,
4060,2.8008066323101054e-05,,too_rare,,,
4061,0.0006721935917544253,,too_rare,,,
4062,0.0,,too_rare,,,
4063,0.0,,too_rare,,,
4064,0.0,,too_rare,,,
4065,0.0,,too_rare,,,
4066,0.0,,too_rare,,,
4067,0.0,,too_rare,,,
4068,2.8008066323101054e-05,,too_rare,,,
4069,5.601613264620211e-05,,too_rare,,,
4070,5.601613264620211e-05,,too_rare,,,
4071,0.00016804839793860632,,too_rare,,,
4072,0.0,,too_rare,,,
4074,2.8008066323101054e-05,,too_rare,,,
4075,0.0,,too_rare,,,
4076,0.0,,too_rare,,,
4077,0.0,,too_rare,,,
4078,2.8008066323101054e-05,,too_rare,,,
4079,0.0,,too_rare,,,
4080,0.0,,too_rare,,,
4081,0.00014004033161550526,,too_rare,,,
4082,2.8008066323101054e-05,,too_rare,,,
4083,0.00022406453058480843,,too_rare,,,
4084,0.0,,too_rare,,,
4085,0.0,,too_rare,,,
4086,0.0,,too_rare,,,
4087,2.8008066323101054e-05,,too_rare,,,
4088,0.0,,too_rare,,,
4089,0.0,,too_rare,,,
4090,0.0,,too_rare,,,
4091,2.8008066323101054e-05,,too_rare,,,
4092,5.601613264620211e-05,,too_rare,,,
4093,0.0,,too_rare,,,
4094,0.0,,too_rare,,,
4095,0.001540443647770558,,too_rare,,,
4096,0.0,,too_rare,,,
4097,0.0,,too_rare,,,
4098,0.0,,too_rare,,,
4099,0.0,,too_rare,,,
4100,0.0,,too_rare,,,
4101,2.8008066323101054e-05,,too_rare,,,
4102,0.0,,too_rare,,,
4103,0.0,,too_rare,,,
4104,0.0,,too_rare,,,
4105,0.0,,too_rare,,,
4106,0.0,,too_rare,,,
4107,0.0,,too_rare,,,
4108,0.0,,too_rare,,,
4109,0.00011203226529240422,,too_rare,,,
4110,0.0,,too_rare,,,
4111,0.0,,too_rare,,,
4112,0.0,,too_rare,,,
4114,0.0,,too_rare,,,
4115,0.0,,too_rare,,,
4116,5.601613264620211e-05,,too_rare,,,
4117,0.0,,too_rare,,,
4118,0.0,,too_rare,,,
4120,0.0,,too_rare,,,
4122,2.8008066323101054e-05,,too_rare,,,
4123,0.0,,too_rare,,,
4124,2.8008066323101054e-05,,too_rare,,,
4125,0.0,,too_rare,,,
4126,0.0,,too_rare,,,
4127,0.0,,too_rare,,,
4128,0.0,,too_rare,,,
4129,0.0,,too_rare,,,
4130,2.8008066323101054e-05,,too_rare,,,
4131,0.0,,too_rare,,,
4132,0.0,,too_rare,,,
4133,2.8008066323101054e-05,,too_rare,,,
4134,0.0,,too_rare,,,
4135,0.0,,too_rare,,,
4136,0.0,,too_rare,,,
4137,2.8008066323101054e-05,,too_rare,,,
4138,2.8008066323101054e-05,,too_rare,,,
4139,0.0,,too_rare,,,
4140,0.0,,too_rare,,,
4141,0.0,,too_rare,,,
4142,0.0,,too_rare,,,
4143,0.0,,too_rare,,,
4144,0.0,,too_rare,,,
4145,0.0,,too_rare,,,
4146,0.0,,too_rare,,,
4147,0.0,,too_rare,,,
4148,0.0,,too_rare,,,
4149,5.601613264620211e-05,,too_rare,,,
4150,2.8008066323101054e-05,,too_rare,,,
4151,0.0,,too_rare,,,
4152,0.0,,too_rare,,,
4153,2.8008066323101054e-05,,too_rare,,,
4154,0.0,,too_rare,,,
4155,2.8008066323101054e-05,,too_rare,,,
4156,0.0,,too_rare,,,
4157,0.0,,too_rare,,,
4158,0.0,,too_rare,,,
4159,0.0,,too_rare,,,
4160,0.0,,too_rare,,,
4161,0.0,,too_rare,,,
4162,0.0,,too_rare,,,
4163,0.0,,too_rare,,,
4164,0.0,,too_rare,,,
4165,0.0,,too_rare,,,
4166,0.0,,too_rare,,,
4167,0.0,,too_rare,,,
4168,0.0,,too_rare,,,
4169,0.0,,too_rare,,,
4170,0.0,,too_rare,,,
4171,0.0,,too_rare,,,
4172,0.00036410486220031366,,too_rare,,,
4173,0.0,,too_rare,,,
4174,0.0,,too_rare,,,
4175,0.0,,too_rare,,,
4176,0.0,,too_rare,,,
4177,0.0,,too_rare,,,
4178,0.0,,too_rare,,,
4179,0.0,,too_rare,,,
4180,0.0,,too_rare,,,
4181,0.0,,too_rare,,,
4182,0.0,,too_rare,,,
4183,0.0,,too_rare,,,
4185,0.0,,too_rare,,,
4186,0.0,,too_rare,,,
4187,0.0038931212189110462,,too_rare,,,
4188,0.0,,too_rare,,,
4189,0.0,,too_rare,,,
4190,0.0,,too_rare,,,
4191,0.0,,too_rare,,,
4192,0.0,,too_rare,,,
4193,0.0,,too_rare,,,
4194,0.0004761371274927179,,too_rare,,,
4195,0.0,,too_rare,,,
4196,0.0,,too_rare,,,
4197,0.0,,too_rare,,,
4198,0.0,,too_rare,,,
4199,0.0,,too_rare,,,
4200,2.8008066323101054e-05,,too_rare,,,
4201,0.0,,too_rare,,,
4202,0.0003080887295541116,,too_rare,,,
4203,0.0,,too_rare,,,
4204,0.0,,too_rare,,,
4205,0.0,,too_rare,,,
4206,2.8008066323101054e-05,,too_rare,,,
4207,0.0,,too_rare,,,
4208,0.0,,too_rare,,,
4209,2.8008066323101054e-05,,too_rare,,,
4210,0.0,,too_rare,,,
4211,0.0,,too_rare,,,
4212,0.0,,too_rare,,,
4213,0.0,,too_rare,,,
4214,5.601613264620211e-05,,too_rare,,,
4215,0.0,,too_rare,,,
4216,5.601613264620211e-05,,too_rare,,,
4217,0.0002520725969079095,,too_rare,,,
4218,0.0,,too_rare,,,
4219,0.0,,too_rare,,,
4220,0.0,,too_rare,,,
4221,0.0,,too_rare,,,
4222,0.0,,too_rare,,,
4223,0.0,,too_rare,,,
4224,0.0,,too_rare,,,
4225,0.0,,too_rare,,,
4226,0.0,,too_rare,,,
4227,5.601613264620211e-05,,too_rare,,,
4228,0.0,,too_rare,,,
4229,0.0,,too_rare,,,
4230,2.8008066323101054e-05,,too_rare,,,
4231,0.0,,too_rare,,,
4232,0.0012323549182164464,,too_rare,,,
4233,0.0,,too_rare,,,
4234,2.8008066323101054e-05,,too_rare,,,
4235,0.0,,too_rare,,,
4236,0.0,,too_rare,,,
4237,0.0,,too_rare,,,
4238,0.0,,too_rare,,,
4239,0.0,,too_rare,,,
4240,0.0,,too_rare,,,
4241,0.0,,too_rare,,,
4242,0.0,,too_rare,,,
4243,0.0005881693927851221,,too_rare,,,
4244,0.0,,too_rare,,,
4245,0.0,,too_rare,,,
4246,0.0,,too_rare,,,
4247,5.601613264620211e-05,,too_rare,,,
4248,0.0,,too_rare,,,
4249,0.0,,too_rare,,,
4250,0.0,,too_rare,,,
4251,0.0,,too_rare,,,
4252,2.8008066323101054e-05,,too_rare,,,
4253,0.0,,too_rare,,,
4254,0.0,,too_rare,,,
4255,0.0,,too_rare,,,
4256,0.0,,too_rare,,,
4257,5.601613264620211e-05,,too_rare,,,
4258,8.402419896930316e-05,,too_rare,,,
4259,0.0,,too_rare,,,
4260,0.0004201209948465158,,too_rare,,,
4261,0.0,,too_rare,,,
4262,0.0,,too_rare,,,
4263,0.0,,too_rare,,,
4264,0.0,,too_rare,,,
4265,2.8008066323101054e-05,,too_rare,,,
4266,0.0,,too_rare,,,
4267,0.00022406453058480843,,too_rare,,,
4268,0.0,,too_rare,,,
4269,5.601613264620211e-05,,too_rare,,,
4270,0.0,,too_rare,,,
4271,0.0,,too_rare,,,
4272,0.0,,too_rare,,,
4273,0.0,,too_rare,,,
4274,0.0,,too_rare,,,
4275,0.0,,too_rare,,,
4276,0.0,,too_rare,,,
4277,0.0,,too_rare,,,
4278,0.0,,too_rare,,,
4279,0.0,,too_rare,,,
4280,0.0,,too_rare,,,
4281,0.0,,too_rare,,,
4282,2.8008066323101054e-05,,too_rare,,,
4283,0.0,,too_rare,,,
4284,0.0,,too_rare,,,
4285,2.8008066323101054e-05,,too_rare,,,
4286,2.8008066323101054e-05,,too_rare,,,
4287,0.0,,too_rare,,,
4288,0.0,,too_rare,,,
4289,0.0,,too_rare,,,
4290,0.0,,too_rare,,,
4291,0.00019605646426170737,,too_rare,,,
4292,0.0,,too_rare,,,
4293,0.0,,too_rare,,,
4294,0.0,,too_rare,,,
4295,0.0,,too_rare,,,
4296,0.0,,too_rare,,,
4297,0.0,,too_rare,,,
4298,0.0,,too_rare,,,
4299,0.0,,too_rare,,,
4300,0.0,,too_rare,,,
4301,0.0,,too_rare,,,
4302,0.0,,too_rare,,,
4303,0.0,,too_rare,,,
4304,0.0,,too_rare,,,
4305,0.0,,too_rare,,,
4306,0.005825677795205019,,too_rare,,,
4307,0.0,,too_rare,,,
4308,0.0,,too_rare,,,
4309,0.0,,too_rare,,,
4310,0.0,,too_rare,,,
4311,0.001036298453954739,,too_rare,,,
4312,0.0,,too_rare,,,
4313,0.0,,too_rare,,,
4314,0.0,,too_rare,,,
4316,2.8008066323101054e-05,,too_rare,,,
4317,0.0,,too_rare,,,
4318,0.0,,too_rare,,,
4319,0.0,,too_rare,,,
4320,0.0,,too_rare,,,
4321,0.0,,too_rare,,,
4322,0.0,,too_rare,,,
4323,0.0,,too_rare,,,
4324,2.8008066323101054e-05,,too_rare,,,
4325,0.0,,too_rare,,,
4326,0.0,,too_rare,,,
4327,0.0,,too_rare,,,
4328,0.0,,too_rare,,,
4329,0.0,,too_rare,,,
4330,0.00011203226529240422,,too_rare,,,
4331,0.0,,too_rare,,,
4332,0.0,,too_rare,,,
4333,2.8008066323101054e-05,,too_rare,,,
4334,0.0,,too_rare,,,
4335,0.0,,too_rare,,,
4336,0.0,,too_rare,,,
4337,2.8008066323101054e-05,,too_rare,,,
4339,0.0,,too_rare,,,
4340,0.0,,too_rare,,,
4341,0.0,,too_rare,,,
4342,0.0,,too_rare,,,
4343,0.0,,too_rare,,,
4344,0.0,,too_rare,,,
4345,0.00022406453058480843,,too_rare,,,
4346,5.601613264620211e-05,,too_rare,,,
4347,0.0,,too_rare,,,
4348,0.0,,too_rare,,,
4349,0.0,,too_rare,,,
4350,0.0,,too_rare,,,
4351,5.601613264620211e-05,,too_rare,,,
4353,0.00019605646426170737,,too_rare,,,
4354,0.0,,too_rare,,,
4355,0.0,,too_rare,,,
4356,0.0008122339233699305,,too_rare,,,
4357,0.0,,too_rare,,,
4358,0.0,,too_rare,,,
4359,0.0,,too_rare,,,
4361,5.601613264620211e-05,,too_rare,,,
4362,0.0013723952498319516,,too_rare,,,
4363,0.001120322652924042,,too_rare,,,
4364,0.0,,too_rare,,,
4365,0.0,,too_rare,,,
4366,2.8008066323101054e-05,,too_rare,,,
4367,0.0,,too_rare,,,
4369,2.8008066323101054e-05,,too_rare,,,
4370,0.0067779520501904545,,too_rare,,,
4371,0.0,,too_rare,,,
4372,0.0,,too_rare,,,
4373,0.0,,too_rare,,,
4374,2.8008066323101054e-05,,too_rare,,,
4375,0.0,,too_rare,,,
4376,0.0,,too_rare,,,
4377,0.0,,too_rare,,,
4378,0.0,,too_rare,,,
4379,5.601613264620211e-05,,too_rare,,,
4380,0.0,,too_rare,,,
4381,0.0,,too_rare,,,
4382,2.8008066323101054e-05,,too_rare,,,
4383,2.8008066323101054e-05,,too_rare,,,
4384,0.0,,too_rare,,,
4385,2.8008066323101054e-05,,too_rare,,,
4386,0.0,,too_rare,,,
4387,0.00039211292852341475,,too_rare,,,
4388,0.0,,too_rare,,,
4389,2.8008066323101054e-05,,too_rare,,,
4390,2.8008066323101054e-05,,too_rare,,,
4391,2.8008066323101054e-05,,too_rare,,,
4392,0.0,,too_rare,,,
4393,2.8008066323101054e-05,,too_rare,,,
4394,0.0,,too_rare,,,
4395,2.8008066323101054e-05,,too_rare,,,
4396,2.8008066323101054e-05,,too_rare,,,
4397,0.0003080887295541116,,too_rare,,,
4398,0.0,,too_rare,,,
4399,0.0,,too_rare,,,
4400,0.0,,too_rare,,,
4401,5.601613264620211e-05,,too_rare,,,
4402,0.0,,too_rare,,,
4403,0.0,,too_rare,,,
4404,0.0,,too_rare,,,
4405,0.005965718126820525,,too_rare,,,
4406,0.0,,too_rare,,,
4407,0.0,,too_rare,,,
4408,8.402419896930316e-05,,too_rare,,,
4409,0.0,,too_rare,,,
4410,0.0,,too_rare,,,
4411,0.0,,too_rare,,,
4412,0.0,,too_rare,,,
4413,0.0,,too_rare,,,
4415,2.8008066323101054e-05,,too_rare,,,
4416,0.0,,too_rare,,,
4417,0.0,,too_rare,,,
4418,0.0002800806632310105,,too_rare,,,
4419,0.0,,too_rare,,,
4420,0.0,,too_rare,,,
4421,0.0,,too_rare,,,
4422,2.8008066323101054e-05,,too_rare,,,
4423,0.0,,too_rare,,,
4424,0.0,,too_rare,,,
4425,0.0,,too_rare,,,
4426,0.0,,too_rare,,,
4427,2.8008066323101054e-05,,too_rare,,,
4428,0.0,,too_rare,,,
4429,0.0,,too_rare,,,
4430,0.0,,too_rare,,,
4431,2.8008066323101054e-05,,too_rare,,,
4432,2.8008066323101054e-05,,too_rare,,,
4433,2.8008066323101054e-05,,too_rare,,,
4435,0.0,,too_rare,,,
4436,0.0,,too_rare,,,
4437,2.8008066323101054e-05,,too_rare,,,
4438,0.0,,too_rare,,,
4439,0.0,,too_rare,,,
4440,0.00014004033161550526,,too_rare,,,
4441,0.0,,too_rare,,,
4442,0.0,,too_rare,,,
4443,0.00053215326013892,,too_rare,,,
4444,0.0,,too_rare,,,
4445,0.0,,too_rare,,,
4447,0.0,,too_rare,,,
4448,0.0,,too_rare,,,
4449,0.0,,too_rare,,,
4450,0.0,,too_rare,,,
4451,0.002604750168048398,,too_rare,,,
4452,2.8008066323101054e-05,,too_rare,,,
4453,0.0,,too_rare,,,
4454,0.0,,too_rare,,,
4455,0.0,,too_rare,,,
4457,0.0,,too_rare,,,
4458,0.0,,too_rare,,,
4459,5.601613264620211e-05,,too_rare,,,
4460,0.0,,too_rare,,,
4461,0.0,,too_rare,,,
4462,0.0,,too_rare,,,
4463,0.0,,too_rare,,,
4464,0.0,,too_rare,,,
4465,0.0,,too_rare,,,
4466,0.0,,too_rare,,,
4467,0.0,,too_rare,,,
4468,0.0,,too_rare,,,
4469,0.0,,too_rare,,,
4470,0.0,,too_rare,,,
4471,0.0,,too_rare,,,
4472,5.601613264620211e-05,,too_rare,,,
4473,0.0,,too_rare,,,
4474,0.0,,too_rare,,,
4475,0.0,,too_rare,,,
4476,0.0,,too_rare,,,
4477,0.0,,too_rare,,,
4478,2.8008066323101054e-05,,too_rare,,,
4479,0.0,,too_rare,,,
4480,0.0,,too_rare,,,
4481,0.0,,too_rare,,,
4482,0.0012603629845395474,,too_rare,,,
4483,0.0,,too_rare,,,
4484,0.0,,too_rare,,,
4485,0.0,,too_rare,,,
4486,2.8008066323101054e-05,,too_rare,,,
4487,8.402419896930316e-05,,too_rare,,,
4488,0.0,,too_rare,,,
4489,0.0,,too_rare,,,
4490,0.0,,too_rare,,,
4491,0.0,,too_rare,,,
4492,0.0,,too_rare,,,
4493,0.0,,too_rare,,,
4494,2.8008066323101054e-05,,too_rare,,,
4495,0.0,,too_rare,,,
4496,0.0,,too_rare,,,
4497,0.0,,too_rare,,,
4498,0.0,,too_rare,,,
4499,0.0005881693927851221,,too_rare,,,
4500,0.0,,too_rare,,,
4501,0.0,,too_rare,,,
4502,5.601613264620211e-05,,too_rare,,,
4503,0.0,,too_rare,,,
4504,0.0,,too_rare,,,
4505,0.0,,too_rare,,,
4508,0.0005881693927851221,,too_rare,,,
4509,0.0,,too_rare,,,
4510,0.0002800806632310105,,too_rare,,,
4511,0.006609903652251848,,too_rare,,,
4512,0.0,,too_rare,,,
4513,2.8008066323101054e-05,,too_rare,,,
4514,2.8008066323101054e-05,,too_rare,,,
4515,0.0,,too_rare,,,
4516,0.00014004033161550526,,too_rare,,,
4517,0.0,,too_rare,,,
4518,0.0014004033161550526,,too_rare,,,
4519,0.0,,too_rare,,,
4520,0.0,,too_rare,,,
4521,0.0,,too_rare,,,
4522,5.601613264620211e-05,,too_rare,,,
4523,0.0,,too_rare,,,
4524,0.0,,too_rare,,,
4525,0.0,,too_rare,,,
4526,2.8008066323101054e-05,,too_rare,,,
4527,0.0,,too_rare,,,
4528,0.0,,too_rare,,,
4529,0.0,,too_rare,,,
4530,5.601613264620211e-05,,too_rare,,,
4531,0.0,,too_rare,,,
4532,0.0,,too_rare,,,
4533,0.0,,too_rare,,,
4534,0.0,,too_rare,,,
4535,0.0,,too_rare,,,
4536,2.8008066323101054e-05,,too_rare,,,
4537,0.0,,too_rare,,,
4538,0.0,,too_rare,,,
4539,0.0,,too_rare,,,
4540,5.601613264620211e-05,,too_rare,,,
4541,2.8008066323101054e-05,,too_rare,,,
4542,0.0,,too_rare,,,
4543,0.0,,too_rare,,,
4544,0.0,,too_rare,,,
4545,0.0,,too_rare,,,
4546,2.8008066323101054e-05,,too_rare,,,
4547,2.8008066323101054e-05,,too_rare,,,
4548,0.0,,too_rare,,,
4549,0.0,,too_rare,,,
4550,0.0,,too_rare,,,
4551,0.0,,too_rare,,,
4552,0.0,,too_rare,,,
4553,0.0,,too_rare,,,
4554,5.601613264620211e-05,,too_rare,,,
4555,0.0,,too_rare,,,
4556,0.0,,too_rare,,,
4557,0.00053215326013892,,too_rare,,,
4558,0.0,,too_rare,,,
4559,2.8008066323101054e-05,,too_rare,,,
4560,0.0002520725969079095,,too_rare,,,
4561,0.0,,too_rare,,,
4562,0.0,,too_rare,,,
4563,0.0,,too_rare,,,
4564,2.8008066323101054e-05,,too_rare,,,
4565,0.0,,too_rare,,,
4566,0.0,,too_rare,,,
4567,2.8008066323101054e-05,,too_rare,,,
4568,0.0,,too_rare,,,
4569,2.8008066323101054e-05,,too_rare,,,
4570,0.0,,too_rare,,,
4571,0.0,,too_rare,,,
4572,0.0,,too_rare,,,
4574,0.0,,too_rare,,,
4575,2.8008066323101054e-05,,too_rare,,,
4576,0.0,,too_rare,,,
4577,0.0,,too_rare,,,
4578,0.0,,too_rare,,,
4579,0.0,,too_rare,,,
4580,0.0,,too_rare,,,
4581,0.0,,too_rare,,,
4582,0.0,,too_rare,,,
4583,0.0,,too_rare,,,
4584,0.0,,too_rare,,,
4585,2.8008066323101054e-05,,too_rare,,,
4586,0.0,,too_rare,,,
4587,2.8008066323101054e-05,,too_rare,,,
4588,0.0,,too_rare,,,
4589,0.0,,too_rare,,,
4590,2.8008066323101054e-05,,too_rare,,,
4591,0.0,,too_rare,,,
4592,0.0,,too_rare,,,
4593,2.8008066323101054e-05,,too_rare,,,
4594,0.0,,too_rare,,,
4595,0.0,,too_rare,,,
4596,0.0,,too_rare,,,
4597,0.0,,too_rare,,,
4598,0.0,,too_rare,,,
4599,0.0,,too_rare,,,
4600,0.0,,too_rare,,,
4601,0.0,,too_rare,,,
4602,0.00019605646426170737,,too_rare,,,
4603,0.0,,too_rare,,,
4604,0.0,,too_rare,,,
4605,0.0,,too_rare,,,
4606,0.0,,too_rare,,,
4607,0.0,,too_rare,,,
4608,0.0,,too_rare,,,
4609,0.0,,too_rare,,,
4610,0.0,,too_rare,,,
4611,0.00022406453058480843,,too_rare,,,
4612,0.0,,too_rare,,,
4613,2.8008066323101054e-05,,too_rare,,,
4614,0.0,,too_rare,,,
4615,0.0,,too_rare,,,
4616,0.0,,too_rare,,,
4617,0.0,,too_rare,,,
4618,0.0,,too_rare,,,
4619,2.8008066323101054e-05,,too_rare,,,
4620,0.0,,too_rare,,,
4621,0.0,,too_rare,,,
4622,0.0,,too_rare,,,
4623,0.0,,too_rare,,,
4624,0.0,,too_rare,,,
4625,2.8008066323101054e-05,,too_rare,,,
4627,0.0,,too_rare,,,
4628,0.0,,too_rare,,,
4629,0.0,,too_rare,,,
4630,0.0,,too_rare,,,
4631,0.0,,too_rare,,,
4632,0.0,,too_rare,,,
4633,2.8008066323101054e-05,,too_rare,,,
4634,8.402419896930316e-05,,too_rare,,,
4635,0.0,,too_rare,,,
4636,0.0,,too_rare,,,
4637,0.0,,too_rare,,,
4638,0.0,,too_rare,,,
4639,0.0,,too_rare,,,
4640,0.0,,too_rare,,,
4641,0.0,,too_rare,,,
4643,0.0,,too_rare,,,
4644,0.0,,too_rare,,,
4645,0.0,,too_rare,,,
4647,2.8008066323101054e-05,,too_rare,,,
4648,0.0,,too_rare,,,
4649,2.8008066323101054e-05,,too_rare,,,
4650,0.0,,too_rare,,,
4651,0.0,,too_rare,,,
4652,0.0028568227649563072,,too_rare,,,
4653,0.0,,too_rare,,,
4654,0.0,,too_rare,,,
4655,0.0,,too_rare,,,
4657,0.0,,too_rare,,,
4658,0.0,,too_rare,,,
4659,0.0,,too_rare,,,
4660,0.0,,too_rare,,,
4661,0.0,,too_rare,,,
4662,2.8008066323101054e-05,,too_rare,,,
4663,0.0,,too_rare,,,
4664,0.0,,too_rare,,,
4665,0.003641048622003137,,too_rare,,,
4666,0.0,,too_rare,,,
4667,0.0,,too_rare,,,
4668,0.0,,too_rare,,,
4669,0.0,,too_rare,,,
4670,0.0,,too_rare,,,
4671,0.000560161326462021,,too_rare,,,
4672,0.0,,too_rare,,,
4673,0.0,,too_rare,,,
4674,0.0,,too_rare,,,
4675,0.0,,too_rare,,,
4676,0.0,,too_rare,,,
4678,0.0,,too_rare,,,
4679,0.00014004033161550526,,too_rare,,,
4680,0.0,,too_rare,,,
4681,0.0,,too_rare,,,
4682,0.0,,too_rare,,,
4683,0.00044812906116961686,,too_rare,,,
4684,0.0,,too_rare,,,
4685,0.0,,too_rare,,,
4686,0.0,,too_rare,,,
4687,2.8008066323101054e-05,,too_rare,,,
4688,5.601613264620211e-05,,too_rare,,,
4689,0.0,,too_rare,,,
4690,0.0,,too_rare,,,
4691,0.0,,too_rare,,,
4692,0.0,,too_rare,,,
4693,0.0,,too_rare,,,
4694,0.0,,too_rare,,,
4695,0.0,,too_rare,,,
4696,0.0,,too_rare,,,
4697,0.0,,too_rare,,,
4698,2.8008066323101054e-05,,too_rare,,,
4699,0.0,,too_rare,,,
4700,0.0,,too_rare,,,
4701,0.0,,too_rare,,,
4702,2.8008066323101054e-05,,too_rare,,,
4703,0.0,,too_rare,,,
4704,0.0,,too_rare,,,
4705,0.0,,too_rare,,,
4706,0.0,,too_rare,,,
4707,0.0,,too_rare,,,
4708,0.0,,too_rare,,,
4709,0.0,,too_rare,,,
4710,0.0,,too_rare,,,
4711,2.8008066323101054e-05,,too_rare,,,
4712,0.0,,too_rare,,,
4713,0.0,,too_rare,,,
4714,0.0,,too_rare,,,
4715,5.601613264620211e-05,,too_rare,,,
4716,0.0,,too_rare,,,
4717,0.0,,too_rare,,,
4718,0.0,,too_rare,,,
4719,0.0,,too_rare,,,
4720,0.0,,too_rare,,,
4721,0.0,,too_rare,,,
4722,0.0,,too_rare,,,
4723,0.0,,too_rare,,,
4724,2.8008066323101054e-05,,too_rare,,,
4725,0.0,,too_rare,,,
4726,5.601613264620211e-05,,too_rare,,,
4727,5.601613264620211e-05,,too_rare,,,
4728,0.0,,too_rare,,,
4729,0.0,,too_rare,,,
4731,0.0,,too_rare,,,
4732,2.8008066323101054e-05,,too_rare,,,
4733,0.0,,too_rare,,,
4734,0.0,,too_rare,,,
4735,2.8008066323101054e-05,,too_rare,,,
4736,0.0,,too_rare,,,
4737,0.0,,too_rare,,,
4738,0.00011203226529240422,,too_rare,,,
4739,0.0,,too_rare,,,
4740,0.0,,too_rare,,,
4741,2.8008066323101054e-05,,too_rare,,,
4742,0.0026607663006946,,too_rare,,,
4743,0.0,,too_rare,,,
4744,0.0,,too_rare,,,
4745,0.00044812906116961686,,too_rare,,,
4746,0.0,,too_rare,,,
4747,0.0,,too_rare,,,
4748,0.0,,too_rare,,,
4749,0.0,,too_rare,,,
4750,0.0,,too_rare,,,
4751,0.0,,too_rare,,,
4752,2.8008066323101054e-05,,too_rare,,,
4753,0.0,,too_rare,,,
4754,0.0,,too_rare,,,
4755,2.8008066323101054e-05,,too_rare,,,
4756,0.0,,too_rare,,,
4757,0.0,,too_rare,,,
4758,0.0,,too_rare,,,
4759,0.0,,too_rare,,,
4760,0.0,,too_rare,,,
4761,0.0,,too_rare,,,
4762,0.0,,too_rare,,,
4763,0.0,,too_rare,,,
4764,0.0,,too_rare,,,
4765,2.8008066323101054e-05,,too_rare,,,
4766,0.0,,too_rare,,,
4767,0.0,,too_rare,,,
4768,2.8008066323101054e-05,,too_rare,,,
4769,0.0,,too_rare,,,
4770,0.0,,too_rare,,,
4771,0.0,,too_rare,,,
4772,0.0,,too_rare,,,
4773,0.0,,too_rare,,,
4774,0.0,,too_rare,,,
4775,0.0,,too_rare,,,
4776,0.0,,too_rare,,,
4777,0.0,,too_rare,,,
4778,2.8008066323101054e-05,,too_rare,,,
4779,0.003052879229218015,,too_rare,,,
4780,0.0,,too_rare,,,
4781,0.0,,too_rare,,,
4782,0.0,,too_rare,,,
4783,2.8008066323101054e-05,,too_rare,,,
4784,0.00019605646426170737,,too_rare,,,
4785,2.8008066323101054e-05,,too_rare,,,
4786,0.0,,too_rare,,,
4787,0.0,,too_rare,,,
4788,0.0,,too_rare,,,
4789,0.0,,too_rare,,,
4790,0.0,,too_rare,,,
4791,0.0,,too_rare,,,
4792,0.0,,too_rare,,,
4793,0.0,,too_rare,,,
4794,0.0,,too_rare,,,
4795,0.0,,too_rare,,,
4796,0.0,,too_rare,,,
4797,0.0,,too_rare,,,
4798,0.0,,too_rare,,,
4799,0.0,,too_rare,,,
4800,0.0,,too_rare,,,
4801,0.0,,too_rare,,,
4802,0.0,,too_rare,,,
4803,0.0,,too_rare,,,
4804,0.0,,too_rare,,,
4805,0.0,,too_rare,,,
4806,0.0013163791171857495,,too_rare,,,
4807,0.0,,too_rare,,,
4808,0.0,,too_rare,,,
4809,5.601613264620211e-05,,too_rare,,,
4810,5.601613264620211e-05,,too_rare,,,
4811,0.0,,too_rare,,,
4812,2.8008066323101054e-05,,too_rare,,,
4813,2.8008066323101054e-05,,too_rare,,,
4814,0.0,,too_rare,,,
4815,2.8008066323101054e-05,,too_rare,,,
4816,0.0,,too_rare,,,
4817,0.0,,too_rare,,,
4818,0.0,,too_rare,,,
4819,0.0,,too_rare,,,
4820,2.8008066323101054e-05,,too_rare,,,
4821,0.0,,too_rare,,,
4822,5.601613264620211e-05,,too_rare,,,
4823,0.0,,too_rare,,,
4824,0.0,,too_rare,,,
4825,0.0,,too_rare,,,
4826,0.0,,too_rare,,,
4827,0.0,,too_rare,,,
4828,0.0,,too_rare,,,
4829,0.0,,too_rare,,,
4830,0.0,,too_rare,,,
4831,0.0,,too_rare,,,
4832,2.8008066323101054e-05,,too_rare,,,
4833,0.0,,too_rare,,,
4834,0.0,,too_rare,,,
4835,2.8008066323101054e-05,,too_rare,,,
4836,0.0,,too_rare,,,
4837,0.0,,too_rare,,,
4838,0.0,,too_rare,,,
4839,0.0,,too_rare,,,
4840,2.8008066323101054e-05,,too_rare,,,
4841,0.0,,too_rare,,,
4842,0.0,,too_rare,,,
4843,0.0,,too_rare,,,
4844,2.8008066323101054e-05,,too_rare,,,
4845,2.8008066323101054e-05,,too_rare,,,
4846,0.0,,too_rare,,,
4847,0.0,,too_rare,,,
4848,0.0,,too_rare,,,
4849,2.8008066323101054e-05,,too_rare,,,
4850,0.0004201209948465158,,too_rare,,,
4851,0.0,,too_rare,,,
4852,5.601613264620211e-05,,too_rare,,,
4853,0.0,,too_rare,,,
4854,2.8008066323101054e-05,,too_rare,,,
4855,0.0,,too_rare,,,
4856,2.8008066323101054e-05,,too_rare,,,
4857,0.0,,too_rare,,,
4858,0.0,,too_rare,,,
4859,2.8008066323101054e-05,,too_rare,,,
4860,2.8008066323101054e-05,,too_rare,,,
4861,0.0,,too_rare,,,
4862,0.0,,too_rare,,,
4863,0.0003080887295541116,,too_rare,,,
4864,0.0,,too_rare,,,
4865,0.0,,too_rare,,,
4866,2.8008066323101054e-05,,too_rare,,,
4867,0.0,,too_rare,,,
4868,0.0,,too_rare,,,
4869,0.0,,too_rare,,,
4870,0.0,,too_rare,,,
4871,0.0,,too_rare,,,
4872,0.0,,too_rare,,,
4873,2.8008066323101054e-05,,too_rare,,,
4874,0.0,,too_rare,,,
4875,0.0,,too_rare,,,
4876,0.0,,too_rare,,,
4877,5.601613264620211e-05,,too_rare,,,
4878,0.0,,too_rare,,,
4879,0.0,,too_rare,,,
4880,0.0,,too_rare,,,
4881,0.0,,too_rare,,,
4882,0.0,,too_rare,,,
4883,0.0,,too_rare,,,
4884,2.8008066323101054e-05,,too_rare,,,
4885,0.0,,too_rare,,,
4886,0.0,,too_rare,,,
4887,0.0,,too_rare,,,
4888,0.0,,too_rare,,,
4889,8.402419896930316e-05,,too_rare,,,
4890,0.0,,too_rare,,,
4891,5.601613264620211e-05,,too_rare,,,
4892,0.0,,too_rare,,,
4893,0.0,,too_rare,,,
4894,2.8008066323101054e-05,,too_rare,,,
4895,0.0,,too_rare,,,
4896,0.0,,too_rare,,,
4897,0.0,,too_rare,,,
4898,2.8008066323101054e-05,,too_rare,,,
4899,0.0,,too_rare,,,
4900,0.0,,too_rare,,,
4901,0.0,,too_rare,,,
4902,5.601613264620211e-05,,too_rare,,,
4903,2.8008066323101054e-05,,too_rare,,,
4904,0.0,,too_rare,,,
4905,5.601613264620211e-05,,too_rare,,,
4906,0.0,,too_rare,,,
4907,0.0,,too_rare,,,
4908,0.0,,too_rare,,,
4909,2.8008066323101054e-05,,too_rare,,,
4910,0.0,,too_rare,,,
4911,0.00033609679587721263,,too_rare,,,
4912,0.0,,too_rare,,,
4913,0.0,,too_rare,,,
4914,0.0,,too_rare,,,
4915,0.0,,too_rare,,,
4916,0.0,,too_rare,,,
4917,0.0,,too_rare,,,
4918,0.0,,too_rare,,,
4919,0.0,,too_rare,,,
4920,0.0057416535962357155,,too_rare,,,
4921,0.0,,too_rare,,,
4922,0.0,,too_rare,,,
4923,8.402419896930316e-05,,too_rare,,,
4924,0.00019605646426170737,,too_rare,,,
4925,0.0,,too_rare,,,
4926,0.0,,too_rare,,,
4927,0.0,,too_rare,,,
4928,0.0,,too_rare,,,
4929,2.8008066323101054e-05,,too_rare,,,
4930,0.0002520725969079095,,too_rare,,,
4931,0.0,,too_rare,,,
4932,0.0,,too_rare,,,
4933,0.0,,too_rare,,,
4934,0.0,,too_rare,,,
4935,0.0,,too_rare,,,
4936,0.0,,too_rare,,,
4938,0.0,,too_rare,,,
4939,0.00011203226529240422,,too_rare,,,
4940,0.0,,too_rare,,,
4941,0.0,,too_rare,,,
4942,0.0,,too_rare,,,
4943,2.8008066323101054e-05,,too_rare,,,
4944,0.0,,too_rare,,,
4946,0.0,,too_rare,,,
4947,5.601613264620211e-05,,too_rare,,,
4948,0.0,,too_rare,,,
4949,0.0,,too_rare,,,
4950,0.0002800806632310105,,too_rare,,,
4951,0.0,,too_rare,,,
4952,0.0,,too_rare,,,
4953,0.0,,too_rare,,,
4954,0.0,,too_rare,,,
4955,0.0,,too_rare,,,
4956,0.0,,too_rare,,,
4957,0.0,,too_rare,,,
4958,0.0,,too_rare,,,
4959,0.0,,too_rare,,,
4960,0.0,,too_rare,,,
4961,0.0,,too_rare,,,
4962,0.0,,too_rare,,,
4963,0.0,,too_rare,,,
4964,0.0,,too_rare,,,
4965,0.0,,too_rare,,,
4966,0.0,,too_rare,,,
4967,0.0,,too_rare,,,
4968,0.0,,too_rare,,,
4969,2.8008066323101054e-05,,too_rare,,,
4970,2.8008066323101054e-05,,too_rare,,,
4971,0.0,,too_rare,,,
4972,0.0,,too_rare,,,
4973,0.0,,too_rare,,,
4974,8.402419896930316e-05,,too_rare,,,
4975,0.0,,too_rare,,,
4976,0.0,,too_rare,,,
4977,0.0,,too_rare,,,
4978,0.0,,too_rare,,,
4979,0.0,,too_rare,,,
4980,0.0007842258570468295,,too_rare,,,
4981,0.0,,too_rare,,,
4982,0.0,,too_rare,,,
4983,2.8008066323101054e-05,,too_rare,,,
4984,0.0,,too_rare,,,
4985,0.0046493390096347745,,too_rare,,,
4986,0.0,,too_rare,,,
4987,0.0,,too_rare,,,
4988,0.0,,too_rare,,,
4989,0.0,,too_rare,,,
4990,2.8008066323101054e-05,,too_rare,,,
4991,0.00016804839793860632,,too_rare,,,
4992,0.0,,too_rare,,,
4993,0.0,,too_rare,,,
4994,0.0,,too_rare,,,
4995,0.0,,too_rare,,,
4996,0.0,,too_rare,,,
4997,0.0,,too_rare,,,
4998,0.0,,too_rare,,,
4999,0.0,,too_rare,,,
5001,2.8008066323101054e-05,,too_rare,,,
5002,8.402419896930316e-05,,too_rare,,,
5003,2.8008066323101054e-05,,too_rare,,,
5005,0.0,,too_rare,,,
5006,0.0,,too_rare,,,
5007,0.0,,too_rare,,,
5008,0.0,,too_rare,,,
5009,0.0,,too_rare,,,
5010,0.0,,too_rare,,,
5011,0.0,,too_rare,,,
5012,2.8008066323101054e-05,,too_rare,,,
5013,5.601613264620211e-05,,too_rare,,,
5014,0.0,,too_rare,,,
5015,0.00014004033161550526,,too_rare,,,
5016,0.0,,too_rare,,,
5017,0.0,,too_rare,,,
5018,0.0,,too_rare,,,
5019,0.0,,too_rare,,,
5020,0.0,,too_rare,,,
5021,2.8008066323101054e-05,,too_rare,,,
5022,0.00011203226529240422,,too_rare,,,
5024,0.0,,too_rare,,,
5025,0.0,,too_rare,,,
5026,0.00011203226529240422,,too_rare,,,
5027,0.0,,too_rare,,,
5028,0.0,,too_rare,,,
5029,0.0,,too_rare,,,
5030,0.0,,too_rare,,,
5031,0.0,,too_rare,,,
5032,2.8008066323101054e-05,,too_rare,,,
5033,0.0,,too_rare,,,
5034,0.0,,too_rare,,,
5035,0.0,,too_rare,,,
5036,0.0,,too_rare,,,
5037,0.0,,too_rare,,,
5038,0.003276943759802823,,too_rare,,,
5039,0.0,,too_rare,,,
5040,0.0,,too_rare,,,
5041,0.0,,too_rare,,,
5042,0.0,,too_rare,,,
5043,0.0,,too_rare,,,
5044,0.0,,too_rare,,,
5045,0.0,,too_rare,,,
5046,0.0,,too_rare,,,
5047,0.0,,too_rare,,,
5048,0.0,,too_rare,,,
5049,0.00011203226529240422,,too_rare,,,
5050,0.0,,too_rare,,,
5051,0.0,,too_rare,,,
5052,0.0,,too_rare,,,
5053,0.00022406453058480843,,too_rare,,,
5054,0.0,,too_rare,,,
5055,0.0,,too_rare,,,
5056,0.0,,too_rare,,,
5057,0.0,,too_rare,,,
5058,2.8008066323101054e-05,,too_rare,,,
5059,0.005377548734035402,,too_rare,,,
5060,0.0,,too_rare,,,
5061,0.0,,too_rare,,,
5062,0.00019605646426170737,,too_rare,,,
5063,0.0,,too_rare,,,
5064,2.8008066323101054e-05,,too_rare,,,
5065,0.0,,too_rare,,,
5066,0.00053215326013892,,too_rare,,,
5067,0.0,,too_rare,,,
5068,2.8008066323101054e-05,,too_rare,,,
5069,0.0,,too_rare,,,
5070,0.0,,too_rare,,,
5071,0.0,,too_rare,,,
5072,0.0,,too_rare,,,
5073,2.8008066323101054e-05,,too_rare,,,
5074,0.0,,too_rare,,,
5075,0.0,,too_rare,,,
5076,0.0,,too_rare,,,
5079,0.0006441855254313242,,too_rare,,,
5080,0.0,,too_rare,,,
5081,0.0,,too_rare,,,
5082,0.0,,too_rare,,,
5083,0.0,,too_rare,,,
5084,0.0018765404436477705,,too_rare,,,
5085,0.0,,too_rare,,,
5087,0.0,,too_rare,,,
5088,0.0,,too_rare,,,
5089,0.0,,too_rare,,,
5090,2.8008066323101054e-05,,too_rare,,,
5091,0.0,,too_rare,,,
5092,0.0,,too_rare,,,
5093,0.0,,too_rare,,,
5096,0.0,,too_rare,,,
5097,0.0,,too_rare,,,
5099,2.8008066323101054e-05,,too_rare,,,
5100,0.0,,too_rare,,,
5101,0.0,,too_rare,,,
5102,0.0,,too_rare,,,
5103,0.0,,too_rare,,,
5104,2.8008066323101054e-05,,too_rare,,,
5105,5.601613264620211e-05,,too_rare,,,
5106,0.00022406453058480843,,too_rare,,,
5107,5.601613264620211e-05,,too_rare,,,
5108,5.601613264620211e-05,,too_rare,,,
5109,0.0002520725969079095,,too_rare,,,
5110,2.8008066323101054e-05,,too_rare,,,
5111,2.8008066323101054e-05,,too_rare,,,
5112,0.0,,too_rare,,,
5113,0.0,,too_rare,,,
5114,8.402419896930316e-05,,too_rare,,,
5115,0.0,,too_rare,,,
5116,2.8008066323101054e-05,,too_rare,,,
5117,0.0,,too_rare,,,
5118,0.0,,too_rare,,,
5119,0.0,,too_rare,,,
5120,0.0,,too_rare,,,
5121,0.0,,too_rare,,,
5122,0.0,,too_rare,,,
5123,0.0,,too_rare,,,
5124,0.0,,too_rare,,,
5125,2.8008066323101054e-05,,too_rare,,,
5126,0.0,,too_rare,,,
5127,0.0,,too_rare,,,
5128,0.0,,too_rare,,,
5129,0.0,,too_rare,,,
5130,2.8008066323101054e-05,,too_rare,,,
5131,0.0,,too_rare,,,
5132,0.0,,too_rare,,,
5133,0.0,,too_rare,,,
5134,8.402419896930316e-05,,too_rare,,,
5135,0.0,,too_rare,,,
5136,0.0,,too_rare,,,
5137,0.0,,too_rare,,,
5138,0.0,,too_rare,,,
5139,0.0,,too_rare,,,
5140,0.000504145193815819,,too_rare,,,
5141,0.0,,too_rare,,,
5143,5.601613264620211e-05,,too_rare,,,
5144,0.0,,too_rare,,,
5145,0.0,,too_rare,,,
5146,0.0,,too_rare,,,
5147,0.0,,too_rare,,,
5148,2.8008066323101054e-05,,too_rare,,,
5149,0.0,,too_rare,,,
5150,0.0,,too_rare,,,
5151,5.601613264620211e-05,,too_rare,,,
5152,0.0,,too_rare,,,
5153,0.00019605646426170737,,too_rare,,,
5154,0.0,,too_rare,,,
5155,0.0,,too_rare,,,
5156,2.8008066323101054e-05,,too_rare,,,
5157,0.0,,too_rare,,,
5158,0.0,,too_rare,,,
5159,0.0,,too_rare,,,
5160,2.8008066323101054e-05,,too_rare,,,
5161,2.8008066323101054e-05,,too_rare,,,
5162,0.002212637239524983,,too_rare,,,
5163,2.8008066323101054e-05,,too_rare,,,
5164,0.0,,too_rare,,,
5165,0.002576742101725297,,too_rare,,,
5166,0.0,,too_rare,,,
5167,0.0,,too_rare,,,
5168,0.0,,too_rare,,,
5169,2.8008066323101054e-05,,too_rare,,,
5170,0.0,,too_rare,,,
5171,5.601613264620211e-05,,too_rare,,,
5172,8.402419896930316e-05,,too_rare,,,
5173,0.0,,too_rare,,,
5174,0.0,,too_rare,,,
5175,2.8008066323101054e-05,,too_rare,,,
5176,0.0,,too_rare,,,
5177,0.0,,too_rare,,,
5178,0.0,,too_rare,,,
5179,0.0,,too_rare,,,
5180,0.0,,too_rare,,,
5181,0.0,,too_rare,,,
5182,0.0,,too_rare,,,
5183,0.0,,too_rare,,,
5184,0.0,,too_rare,,,
5185,5.601613264620211e-05,,too_rare,,,
5186,0.0,,too_rare,,,
5187,0.0,,too_rare,,,
5188,0.0,,too_rare,,,
5189,0.0,,too_rare,,,
5190,2.8008066323101054e-05,,too_rare,,,
5191,2.8008066323101054e-05,,too_rare,,,
5192,0.0,,too_rare,,,
5193,0.0,,too_rare,,,
5194,0.0,,too_rare,,,
5195,0.0,,too_rare,,,
5196,0.0,,too_rare,,,
5197,0.0006441855254313242,,too_rare,,,
5198,0.0,,too_rare,,,
5199,0.0,,too_rare,,,
5200,0.0,,too_rare,,,
5201,0.0,,too_rare,,,
5202,0.0,,too_rare,,,
5203,2.8008066323101054e-05,,too_rare,,,
5204,0.0,,too_rare,,,
5205,0.0,,too_rare,,,
5206,0.0,,too_rare,,,
5207,0.0,,too_rare,,,
5208,0.0,,too_rare,,,
5209,0.00011203226529240422,,too_rare,,,
5210,2.8008066323101054e-05,,too_rare,,,
5211,8.402419896930316e-05,,too_rare,,,
5212,0.0,,too_rare,,,
5213,0.0,,too_rare,,,
5214,0.0,,too_rare,,,
5215,0.0,,too_rare,,,
5216,5.601613264620211e-05,,too_rare,,,
5217,0.0,,too_rare,,,
5218,0.0,,too_rare,,,
5219,0.0,,too_rare,,,
5220,0.0,,too_rare,,,
5221,2.8008066323101054e-05,,too_rare,,,
5222,0.0,,too_rare,,,
5223,2.8008066323101054e-05,,too_rare,,,
5224,5.601613264620211e-05,,too_rare,,,
5225,0.0,,too_rare,,,
5226,2.8008066323101054e-05,,too_rare,,,
5227,8.402419896930316e-05,,too_rare,,,
5228,0.0,,too_rare,,,
5229,5.601613264620211e-05,,too_rare,,,
5230,5.601613264620211e-05,,too_rare,,,
5231,0.0,,too_rare,,,
5232,0.0,,too_rare,,,
5234,2.8008066323101054e-05,,too_rare,,,
5235,5.601613264620211e-05,,too_rare,,,
5236,0.0,,too_rare,,,
5237,8.402419896930316e-05,,too_rare,,,
5238,2.8008066323101054e-05,,too_rare,,,
5239,0.0,,too_rare,,,
5240,0.0033609679587721262,,too_rare,,,
5241,0.0,,too_rare,,,
5242,2.8008066323101054e-05,,too_rare,,,
5243,0.0,,too_rare,,,
5244,0.0,,too_rare,,,
5245,0.0008122339233699305,,too_rare,,,
5246,0.0006161774591082232,,too_rare,,,
5247,0.0,,too_rare,,,
5248,2.8008066323101054e-05,,too_rare,,,
5249,0.000560161326462021,,too_rare,,,
5250,5.601613264620211e-05,,too_rare,,,
5251,0.0,,too_rare,,,
5252,0.0,,too_rare,,,
5253,0.00011203226529240422,,too_rare,,,
5254,2.8008066323101054e-05,,too_rare,,,
5255,0.0,,too_rare,,,
5256,0.0,,too_rare,,,
5257,0.0014564194488012547,,too_rare,,,
5258,0.0,,too_rare,,,
5259,0.0,,too_rare,,,
5260,0.0,,too_rare,,,
5261,0.0,,too_rare,,,
5262,0.0,,too_rare,,,
5263,8.402419896930316e-05,,too_rare,,,
5264,0.0,,too_rare,,,
5265,0.0,,too_rare,,,
5267,0.0,,too_rare,,,
5268,0.0,,too_rare,,,
5269,0.0,,too_rare,,,
5270,0.0,,too_rare,,,
5271,0.0,,too_rare,,,
5272,0.001652475913062962,,too_rare,,,
5273,0.0,,too_rare,,,
5274,0.0,,too_rare,,,
5275,0.0,,too_rare,,,
5276,0.0,,too_rare,,,
5277,0.001148330719247143,,too_rare,,,
5278,0.0,,too_rare,,,
5279,2.8008066323101054e-05,,too_rare,,,
5280,2.8008066323101054e-05,,too_rare,,,
5281,0.0,,too_rare,,,
5282,0.0,,too_rare,,,
5283,0.0,,too_rare,,,
5284,0.0,,too_rare,,,
5285,2.8008066323101054e-05,,too_rare,,,
5286,0.0,,too_rare,,,
5287,2.8008066323101054e-05,,too_rare,,,
5288,0.0,,too_rare,,,
5289,0.0,,too_rare,,,
5290,0.0,,too_rare,,,
5291,0.0,,too_rare,,,
5292,2.8008066323101054e-05,,too_rare,,,
5293,0.0,,too_rare,,,
5294,0.0,,too_rare,,,
5295,0.0,,too_rare,,,
5296,0.0,,too_rare,,,
5297,0.0,,too_rare,,,
5298,0.0,,too_rare,,,
5299,0.0014284113824781536,,too_rare,,,
5300,0.0,,too_rare,,,
5301,8.402419896930316e-05,,too_rare,,,
5302,2.8008066323101054e-05,,too_rare,,,
5303,0.0,,too_rare,,,
5304,0.00011203226529240422,,too_rare,,,
5305,0.0,,too_rare,,,
5306,0.00016804839793860632,,too_rare,,,
5307,0.0,,too_rare,,,
5308,0.0,,too_rare,,,
5309,0.0,,too_rare,,,
5310,2.8008066323101054e-05,,too_rare,,,
5311,0.0,,too_rare,,,
5312,0.0,,too_rare,,,
5313,0.0,,too_rare,,,
5314,0.0,,too_rare,,,
5315,2.8008066323101054e-05,,too_rare,,,
5316,0.0,,too_rare,,,
5317,0.0,,too_rare,,,
5318,2.8008066323101054e-05,,too_rare,,,
5319,5.601613264620211e-05,,too_rare,,,
5320,0.0,,too_rare,,,
5321,0.0,,too_rare,,,
5322,0.0,,too_rare,,,
5324,0.0,,too_rare,,,
5325,0.0,,too_rare,,,
5326,2.8008066323101054e-05,,too_rare,,,
5327,0.0002520725969079095,,too_rare,,,
5328,2.8008066323101054e-05,,too_rare,,,
5329,0.0,,too_rare,,,
5330,0.0,,too_rare,,,
5331,0.0,,too_rare,,,
5332,0.0,,too_rare,,,
5333,5.601613264620211e-05,,too_rare,,,
5334,0.0,,too_rare,,,
5335,0.00019605646426170737,,too_rare,,,
5336,0.0,,too_rare,,,
5337,0.0004761371274927179,,too_rare,,,
5338,0.0,,too_rare,,,
5339,0.0,,too_rare,,,
5340,5.601613264620211e-05,,too_rare,,,
5341,0.0,,too_rare,,,
5342,0.0,,too_rare,,,
5343,0.0,,too_rare,,,
5344,0.0,,too_rare,,,
5345,0.0,,too_rare,,,
5346,0.0,,too_rare,,,
5347,2.8008066323101054e-05,,too_rare,,,
5348,2.8008066323101054e-05,,too_rare,,,
5349,0.0,,too_rare,,,
5350,0.0,,too_rare,,,
5351,0.0,,too_rare,,,
5352,0.000560161326462021,,too_rare,,,
5353,0.0,,too_rare,,,
5354,0.0,,too_rare,,,
5355,0.0,,too_rare,,,
5356,0.0046773470759578755,,too_rare,,,
5357,2.8008066323101054e-05,,too_rare,,,
5358,0.0,,too_rare,,,
5359,0.0,,too_rare,,,
5360,0.0,,too_rare,,,
5361,0.0,,too_rare,,,
5363,0.0,,too_rare,,,
5364,0.0,,too_rare,,,
5365,0.0,,too_rare,,,
5366,0.0,,too_rare,,,
5367,0.0,,too_rare,,,
5368,0.0,,too_rare,,,
5369,0.0,,too_rare,,,
5370,0.0,,too_rare,,,
5371,0.0,,too_rare,,,
5372,0.0,,too_rare,,,
5373,0.0,,too_rare,,,
5374,0.0,,too_rare,,,
5375,0.0,,too_rare,,,
5376,0.0,,too_rare,,,
5377,2.8008066323101054e-05,,too_rare,,,
5378,2.8008066323101054e-05,,too_rare,,,
5379,0.0,,too_rare,,,
5380,0.0,,too_rare,,,
5381,0.0,,too_rare,,,
5382,0.002268653372171185,,too_rare,,,
5383,0.0,,too_rare,,,
5384,0.0,,too_rare,,,
5385,2.8008066323101054e-05,,too_rare,,,
5386,0.0,,too_rare,,,
5387,2.8008066323101054e-05,,too_rare,,,
5388,2.8008066323101054e-05,,too_rare,,,
5389,2.8008066323101054e-05,,too_rare,,,
5390,0.0,,too_rare,,,
5391,0.0,,too_rare,,,
5392,0.0,,too_rare,,,
5393,0.0,,too_rare,,,
5394,0.0,,too_rare,,,
5395,0.0,,too_rare,,,
5396,2.8008066323101054e-05,,too_rare,,,
5397,2.8008066323101054e-05,,too_rare,,,
5398,0.0,,too_rare,,,
5399,0.0,,too_rare,,,
5400,0.0,,too_rare,,,
5401,0.0,,too_rare,,,
5402,0.0,,too_rare,,,
5403,0.00016804839793860632,,too_rare,,,
5404,0.0,,too_rare,,,
5405,0.0,,too_rare,,,
5406,0.0,,too_rare,,,
5407,0.0,,too_rare,,,
5408,0.0,,too_rare,,,
5409,0.0,,too_rare,,,
5410,0.0,,too_rare,,,
5411,0.0,,too_rare,,,
5412,2.8008066323101054e-05,,too_rare,,,
5413,0.0,,too_rare,,,
5414,0.0,,too_rare,,,
5415,0.0,,too_rare,,,
5416,0.0,,too_rare,,,
5417,0.0,,too_rare,,,
5418,0.0,,too_rare,,,
5419,0.0,,too_rare,,,
5420,0.0,,too_rare,,,
5421,0.0,,too_rare,,,
5422,0.0,,too_rare,,,
5423,0.0,,too_rare,,,
5424,0.0,,too_rare,,,
5425,0.0,,too_rare,,,
5426,0.0,,too_rare,,,
5427,0.0,,too_rare,,,
5428,0.0,,too_rare,,,
5429,0.002716782433340802,,too_rare,,,
5430,0.0,,too_rare,,,
5431,0.0,,too_rare,,,
5432,0.0,,too_rare,,,
5433,0.0,,too_rare,,,
5434,2.8008066323101054e-05,,too_rare,,,
5435,0.0,,too_rare,,,
5436,0.0,,too_rare,,,
5437,0.0,,too_rare,,,
5438,5.601613264620211e-05,,too_rare,,,
5439,0.0,,too_rare,,,
5440,2.8008066323101054e-05,,too_rare,,,
5441,0.0,,too_rare,,,
5442,0.0,,too_rare,,,
5443,0.0,,too_rare,,,
5444,0.0,,too_rare,,,
5445,0.0,,too_rare,,,
5446,0.0,,too_rare,,,
5447,0.0,,too_rare,,,
5448,0.0,,too_rare,,,
5450,2.8008066323101054e-05,,too_rare,,,
5451,2.8008066323101054e-05,,too_rare,,,
5452,2.8008066323101054e-05,,too_rare,,,
5453,0.0,,too_rare,,,
5454,0.0,,too_rare,,,
5455,0.0,,too_rare,,,
5456,0.0,,too_rare,,,
5457,0.0,,too_rare,,,
5458,0.0,,too_rare,,,
5459,0.0,,too_rare,,,
5460,0.0,,too_rare,,,
5461,0.0,,too_rare,,,
5462,0.0,,too_rare,,,
5463,0.0,,too_rare,,,
5464,0.0,,too_rare,,,
5465,0.0,,too_rare,,,
5466,0.0,,too_rare,,,
5467,0.0,,too_rare,,,
5468,0.0,,too_rare,,,
5469,0.0,,too_rare,,,
5470,0.0,,too_rare,,,
5471,0.0,,too_rare,,,
5472,0.0,,too_rare,,,
5473,0.0013163791171857495,,too_rare,,,
5474,5.601613264620211e-05,,too_rare,,,
5475,2.8008066323101054e-05,,too_rare,,,
5476,0.0,,too_rare,,,
5477,0.00014004033161550526,,too_rare,,,
5478,0.0,,too_rare,,,
5479,0.0,,too_rare,,,
5480,0.0,,too_rare,,,
5481,0.0,,too_rare,,,
5482,0.0,,too_rare,,,
5483,0.0,,too_rare,,,
5484,0.0,,too_rare,,,
5485,0.0,,too_rare,,,
5486,0.0,,too_rare,,,
5487,0.0,,too_rare,,,
5488,0.0,,too_rare,,,
5489,0.0,,too_rare,,,
5490,0.0,,too_rare,,,
5491,0.0,,too_rare,,,
5492,0.0,,too_rare,,,
5493,0.0,,too_rare,,,
5494,2.8008066323101054e-05,,too_rare,,,
5495,0.0,,too_rare,,,
5496,0.0004761371274927179,,too_rare,,,
5497,0.0,,too_rare,,,
5498,5.601613264620211e-05,,too_rare,,,
5499,0.0,,too_rare,,,
5500,0.0,,too_rare,,,
5501,0.0,,too_rare,,,
5502,0.0,,too_rare,,,
5503,0.0,,too_rare,,,
5504,0.0,,too_rare,,,
5505,0.0,,too_rare,,,
5506,0.0,,too_rare,,,
5508,0.00011203226529240422,,too_rare,,,
5509,2.8008066323101054e-05,,too_rare,,,
5510,0.0,,too_rare,,,
5511,0.0,,too_rare,,,
5512,0.0,,too_rare,,,
5513,0.0,,too_rare,,,
5514,2.8008066323101054e-05,,too_rare,,,
5515,2.8008066323101054e-05,,too_rare,,,
5516,0.00036410486220031366,,too_rare,,,
5517,0.0,,too_rare,,,
5518,0.0,,too_rare,,,
5519,5.601613264620211e-05,,too_rare,,,
5520,2.8008066323101054e-05,,too_rare,,,
5521,0.00011203226529240422,,too_rare,,,
5522,0.0,,too_rare,,,
5523,0.0,,too_rare,,,
5524,0.0,,too_rare,,,
5525,2.8008066323101054e-05,,too_rare,,,
5526,0.0,,too_rare,,,
5527,2.8008066323101054e-05,,too_rare,,,
5529,0.0,,too_rare,,,
5530,0.0,,too_rare,,,
5531,0.0,,too_rare,,,
5532,5.601613264620211e-05,,too_rare,,,
5533,0.0,,too_rare,,,
5534,0.0,,too_rare,,,
5535,0.0,,too_rare,,,
5536,0.0018485323773246695,,too_rare,,,
5537,5.601613264620211e-05,,too_rare,,,
5538,0.0,,too_rare,,,
5539,0.0,,too_rare,,,
5540,0.0,,too_rare,,,
5541,0.0,,too_rare,,,
5542,0.0,,too_rare,,,
5543,2.8008066323101054e-05,,too_rare,,,
5544,2.8008066323101054e-05,,too_rare,,,
5545,0.0,,too_rare,,,
5546,0.0,,too_rare,,,
5547,2.8008066323101054e-05,,too_rare,,,
5548,0.0,,too_rare,,,
5549,0.0002800806632310105,,too_rare,,,
5550,5.601613264620211e-05,,too_rare,,,
5551,0.0,,too_rare,,,
5552,0.0,,too_rare,,,
5553,0.0007002016580775263,,too_rare,,,
5554,0.0,,too_rare,,,
5555,0.0,,too_rare,,,
5556,2.8008066323101054e-05,,too_rare,,,
5557,0.0,,too_rare,,,
5558,0.0,,too_rare,,,
5559,0.0,,too_rare,,,
5560,0.0,,too_rare,,,
5561,0.0,,too_rare,,,
5562,2.8008066323101054e-05,,too_rare,,,
5563,0.0,,too_rare,,,
5564,0.0,,too_rare,,,
5565,0.0,,too_rare,,,
5566,2.8008066323101054e-05,,too_rare,,,
5567,0.0,,too_rare,,,
5568,0.0,,too_rare,,,
5569,0.0002800806632310105,,too_rare,,,
5570,0.0012043468518933454,,too_rare,,,
5571,0.00019605646426170737,,too_rare,,,
5572,0.000504145193815819,,too_rare,,,
5573,0.0,,too_rare,,,
5574,0.0,,too_rare,,,
5575,0.0,,too_rare,,,
5576,0.00011203226529240422,,too_rare,,,
5577,0.0,,too_rare,,,
5578,0.0,,too_rare,,,
5579,0.0,,too_rare,,,
5580,2.8008066323101054e-05,,too_rare,,,
5581,0.0,,too_rare,,,
5582,0.0,,too_rare,,,
5583,0.0,,too_rare,,,
5584,0.0,,too_rare,,,
5585,5.601613264620211e-05,,too_rare,,,
5586,0.0,,too_rare,,,
5587,0.0,,too_rare,,,
5588,0.0,,too_rare,,,
5589,0.0,,too_rare,,,
5590,0.0,,too_rare,,,
5591,0.0004761371274927179,,too_rare,,,
5592,0.00019605646426170737,,too_rare,,,
5593,0.0,,too_rare,,,
5594,0.0,,too_rare,,,
5595,8.402419896930316e-05,,too_rare,,,
5596,0.003248935693479722,,too_rare,,,
5597,0.0,,too_rare,,,
5598,0.0,,too_rare,,,
5599,5.601613264620211e-05,,too_rare,,,
5600,0.0,,too_rare,,,
5601,0.0,,too_rare,,,
5602,2.8008066323101054e-05,,too_rare,,,
5603,0.0,,too_rare,,,
5604,0.0,,too_rare,,,
5606,0.0,,too_rare,,,
5607,0.0,,too_rare,,,
5608,0.0,,too_rare,,,
5609,2.8008066323101054e-05,,too_rare,,,
5610,0.0,,too_rare,,,
5611,0.0014564194488012547,,too_rare,,,
5612,0.0,,too_rare,,,
5613,5.601613264620211e-05,,too_rare,,,
5614,0.0,,too_rare,,,
5615,0.0,,too_rare,,,
5616,0.0,,too_rare,,,
5617,0.0,,too_rare,,,
5618,0.0,,too_rare,,,
5619,0.0,,too_rare,,,
5620,0.0,,too_rare,,,
5621,2.8008066323101054e-05,,too_rare,,,
5622,0.0,,too_rare,,,
5623,2.8008066323101054e-05,,too_rare,,,
5624,0.0,,too_rare,,,
5625,0.0,,too_rare,,,
5626,2.8008066323101054e-05,,too_rare,,,
5627,0.0,,too_rare,,,
5628,0.0,,too_rare,,,
5629,0.0,,too_rare,,,
5630,0.0,,too_rare,,,
5631,8.402419896930316e-05,,too_rare,,,
5632,2.8008066323101054e-05,,too_rare,,,
5633,0.0,,too_rare,,,
5634,2.8008066323101054e-05,,too_rare,,,
5635,0.0,,too_rare,,,
5637,0.0,,too_rare,,,
5638,0.0,,too_rare,,,
5639,0.0,,too_rare,,,
5640,0.0,,too_rare,,,
5641,0.0,,too_rare,,,
5642,0.0,,too_rare,,,
5643,0.0,,too_rare,,,
5644,0.0,,too_rare,,,
5645,0.0,,too_rare,,,
5646,0.0,,too_rare,,,
5647,0.00033609679587721263,,too_rare,,,
5648,0.0,,too_rare,,,
5650,0.0,,too_rare,,,
5651,0.0,,too_rare,,,
5652,0.006469863320636343,,too_rare,,,
5653,5.601613264620211e-05,,too_rare,,,
5654,0.005153484203450594,,too_rare,,,
5655,0.00036410486220031366,,too_rare,,,
5656,0.0,,too_rare,,,
5657,0.0,,too_rare,,,
5658,0.0,,too_rare,,,
5659,0.0,,too_rare,,,
5660,0.0,,too_rare,,,
5661,0.0,,too_rare,,,
5662,0.0,,too_rare,,,
5663,0.0,,too_rare,,,
5664,0.0,,too_rare,,,
5665,2.8008066323101054e-05,,too_rare,,,
5667,0.0,,too_rare,,,
5668,2.8008066323101054e-05,,too_rare,,,
5669,0.0,,too_rare,,,
5670,0.0,,too_rare,,,
5671,0.0,,too_rare,,,
5672,5.601613264620211e-05,,too_rare,,,
5673,0.0,,too_rare,,,
5674,0.0,,too_rare,,,
5675,0.0,,too_rare,,,
5676,0.0,,too_rare,,,
5677,2.8008066323101054e-05,,too_rare,,,
5679,0.00011203226529240422,,too_rare,,,
5680,0.0,,too_rare,,,
5682,0.0,,too_rare,,,
5683,0.0,,too_rare,,,
5684,0.0,,too_rare,,,
5685,0.0,,too_rare,,,
5686,0.0,,too_rare,,,
5687,8.402419896930316e-05,,too_rare,,,
5688,0.0,,too_rare,,,
5689,0.0,,too_rare,,,
5690,0.0,,too_rare,,,
5691,0.0,,too_rare,,,
5692,0.0,,too_rare,,,
5693,0.0,,too_rare,,,
5694,0.0,,too_rare,,,
5695,0.0,,too_rare,,,
5696,0.0,,too_rare,,,
5697,0.0,,too_rare,,,
5698,0.0,,too_rare,,,
5699,0.0,,too_rare,,,
5700,2.8008066323101054e-05,,too_rare,,,
5701,0.0,,too_rare,,,
5702,0.0,,too_rare,,,
5703,0.0,,too_rare,,,
5704,0.0,,too_rare,,,
5705,0.0,,too_rare,,,
5706,0.0,,too_rare,,,
5707,0.0,,too_rare,,,
5708,0.0,,too_rare,,,
5709,2.8008066323101054e-05,,too_rare,,,
5710,0.0,,too_rare,,,
5711,0.0,,too_rare,,,
5712,8.402419896930316e-05,,too_rare,,,
5713,0.0,,too_rare,,,
5714,0.0,,too_rare,,,
5715,0.0,,too_rare,,,
5716,0.0,,too_rare,,,
5717,2.8008066323101054e-05,,too_rare,,,
5718,2.8008066323101054e-05,,too_rare,,,
5719,5.601613264620211e-05,,too_rare,,,
5720,0.005293524535066099,,too_rare,,,
5721,0.00014004033161550526,,too_rare,,,
5722,2.8008066323101054e-05,,too_rare,,,
5723,0.0,,too_rare,,,
5724,5.601613264620211e-05,,too_rare,,,
5725,0.0,,too_rare,,,
5726,0.0,,too_rare,,,
5727,0.0,,too_rare,,,
5728,0.0,,too_rare,,,
5729,0.0,,too_rare,,,
5730,0.0,,too_rare,,,
5731,2.8008066323101054e-05,,too_rare,,,
5732,2.8008066323101054e-05,,too_rare,,,
5733,0.0,,too_rare,,,
5734,0.0,,too_rare,,,
5735,0.0,,too_rare,,,
5736,2.8008066323101054e-05,,too_rare,,,
5737,0.0,,too_rare,,,
5738,0.0,,too_rare,,,
5739,0.0,,too_rare,,,
5740,0.0,,too_rare,,,
5741,0.0,,too_rare,,,
5742,0.0,,too_rare,,,
5743,0.0,,too_rare,,,
5744,5.601613264620211e-05,,too_rare,,,
5745,0.0,,too_rare,,,
5746,0.00022406453058480843,,too_rare,,,
5747,0.0,,too_rare,,,
5748,0.0,,too_rare,,,
5749,0.0,,too_rare,,,
5750,0.0,,too_rare,,,
5751,0.0,,too_rare,,,
5752,0.0,,too_rare,,,
5753,0.0,,too_rare,,,
5754,0.0,,too_rare,,,
5755,0.0,,too_rare,,,
5756,0.00044812906116961686,,too_rare,,,
5757,0.0,,too_rare,,,
5758,0.0,,too_rare,,,
5759,0.0,,too_rare,,,
5760,0.0,,too_rare,,,
5761,0.00039211292852341475,,too_rare,,,
5762,0.0,,too_rare,,,
5763,0.0,,too_rare,,,
5764,2.8008066323101054e-05,,too_rare,,,
5765,0.0,,too_rare,,,
5766,0.001036298453954739,,too_rare,,,
5767,2.8008066323101054e-05,,too_rare,,,
5768,0.0,,too_rare,,,
5769,0.0,,too_rare,,,
5770,0.0,,too_rare,,,
5771,0.0,,too_rare,,,
5772,0.00022406453058480843,,too_rare,,,
5773,0.0002520725969079095,,too_rare,,,
5774,0.0,,too_rare,,,
5775,0.0,,too_rare,,,
5776,0.0,,too_rare,,,
5778,0.0,,too_rare,,,
5779,0.0,,too_rare,,,
5780,2.8008066323101054e-05,,too_rare,,,
5781,0.0,,too_rare,,,
5782,8.402419896930316e-05,,too_rare,,,
5783,0.0,,too_rare,,,
5784,0.004117185749495855,,too_rare,,,
5785,2.8008066323101054e-05,,too_rare,,,
5786,0.0,,too_rare,,,
5787,0.0002520725969079095,,too_rare,,,
5788,0.0,,too_rare,,,
5789,0.0,,too_rare,,,
5790,0.0,,too_rare,,,
5791,2.8008066323101054e-05,,too_rare,,,
5792,0.005993726193143626,,too_rare,,,
5793,0.0,,too_rare,,,
5794,2.8008066323101054e-05,,too_rare,,,
5795,0.0,,too_rare,,,
5797,0.0,,too_rare,,,
5798,0.0,,too_rare,,,
5799,0.0,,too_rare,,,
5800,0.0,,too_rare,,,
5801,0.0,,too_rare,,,
5802,5.601613264620211e-05,,too_rare,,,
5803,0.0,,too_rare,,,
5804,0.0,,too_rare,,,
5805,2.8008066323101054e-05,,too_rare,,,
5806,0.00014004033161550526,,too_rare,,,
5807,2.8008066323101054e-05,,too_rare,,,
5808,0.0,,too_rare,,,
5809,0.0,,too_rare,,,
5810,0.0,,too_rare,,,
5811,2.8008066323101054e-05,,too_rare,,,
5812,0.0,,too_rare,,,
5813,0.0,,too_rare,,,
5814,0.0,,too_rare,,,
5815,0.0,,too_rare,,,
5816,0.0,,too_rare,,,
5817,0.0,,too_rare,,,
5818,0.0,,too_rare,,,
5819,0.0,,too_rare,,,
5820,0.0,,too_rare,,,
5821,0.0,,too_rare,,,
5822,0.0,,too_rare,,,
5823,0.0,,too_rare,,,
5824,0.0,,too_rare,,,
5825,2.8008066323101054e-05,,too_rare,,,
5826,0.0,,too_rare,,,
5828,0.0,,too_rare,,,
5829,2.8008066323101054e-05,,too_rare,,,
5830,0.0,,too_rare,,,
5831,2.8008066323101054e-05,,too_rare,,,
5832,0.0,,too_rare,,,
5833,0.0,,too_rare,,,
5834,0.0,,too_rare,,,
5835,0.004929419672865786,,too_rare,,,
5836,5.601613264620211e-05,,too_rare,,,
5837,0.0,,too_rare,,,
5838,2.8008066323101054e-05,,too_rare,,,
5839,0.0,,too_rare,,,
5840,0.0,,too_rare,,,
5841,0.0,,too_rare,,,
5842,0.0,,too_rare,,,
5843,0.0,,too_rare,,,
5844,0.0,,too_rare,,,
5845,0.0,,too_rare,,,
5846,0.0,,too_rare,,,
5847,0.0,,too_rare,,,
5848,5.601613264620211e-05,,too_rare,,,
5849,0.00016804839793860632,,too_rare,,,
5850,0.0,,too_rare,,,
5851,0.0,,too_rare,,,
5852,0.0,,too_rare,,,
5853,0.00014004033161550526,,too_rare,,,
5854,0.0,,too_rare,,,
5855,0.0,,too_rare,,,
5856,2.8008066323101054e-05,,too_rare,,,
5857,0.0,,too_rare,,,
5858,0.0,,too_rare,,,
5859,0.00014004033161550526,,too_rare,,,
5860,0.0,,too_rare,,,
5861,0.0,,too_rare,,,
5862,0.0,,too_rare,,,
5863,0.0,,too_rare,,,
5864,0.0,,too_rare,,,
5865,0.0,,too_rare,,,
5866,0.0,,too_rare,,,
5867,0.0,,too_rare,,,
5868,0.0,,too_rare,,,
5869,0.0,,too_rare,,,
5870,0.0,,too_rare,,,
5871,0.0,,too_rare,,,
5872,0.0,,too_rare,,,
5873,0.0,,too_rare,,,
5874,0.0,,too_rare,,,
5875,0.0,,too_rare,,,
5876,0.0,,too_rare,,,
5877,0.0,,too_rare,,,
5878,0.0,,too_rare,,,
5879,0.0,,too_rare,,,
5880,2.8008066323101054e-05,,too_rare,,,
5881,0.0,,too_rare,,,
5882,0.0,,too_rare,,,
5883,2.8008066323101054e-05,,too_rare,,,
5884,0.0,,too_rare,,,
5885,0.0,,too_rare,,,
5886,2.8008066323101054e-05,,too_rare,,,
5887,0.0,,too_rare,,,
5888,0.0,,too_rare,,,
5889,0.0,,too_rare,,,
5890,0.0,,too_rare,,,
5891,0.0012043468518933454,,too_rare,,,
5892,0.0,,too_rare,,,
5893,0.0,,too_rare,,,
5894,0.0,,too_rare,,,
5895,0.0,,too_rare,,,
5896,0.0,,too_rare,,,
5897,0.0,,too_rare,,,
5898,2.8008066323101054e-05,,too_rare,,,
5899,2.8008066323101054e-05,,too_rare,,,
5900,0.002212637239524983,,too_rare,,,
5901,0.0,,too_rare,,,
5902,0.0,,too_rare,,,
5903,0.0,,too_rare,,,
5904,0.0,,too_rare,,,
5905,0.00036410486220031366,,too_rare,,,
5906,0.0,,too_rare,,,
5907,0.0,,too_rare,,,
5908,0.0,,too_rare,,,
5909,0.0,,too_rare,,,
5910,0.0,,too_rare,,,
5911,0.0,,too_rare,,,
5912,0.0,,too_rare,,,
5913,0.0,,too_rare,,,
5914,0.0,,too_rare,,,
5915,0.0,,too_rare,,,
5917,0.0,,too_rare,,,
5918,2.8008066323101054e-05,,too_rare,,,
5919,0.0,,too_rare,,,
5920,2.8008066323101054e-05,,too_rare,,,
5921,0.00019605646426170737,,too_rare,,,
5922,0.0,,too_rare,,,
5923,8.402419896930316e-05,,too_rare,,,
5924,0.0,,too_rare,,,
5925,5.601613264620211e-05,,too_rare,,,
5926,2.8008066323101054e-05,,too_rare,,,
5927,0.0,,too_rare,,,
5928,0.0,,too_rare,,,
5929,0.0,,too_rare,,,
5930,5.601613264620211e-05,,too_rare,,,
5931,2.8008066323101054e-05,,too_rare,,,
5932,0.0,,too_rare,,,
5933,0.0,,too_rare,,,
5934,0.00011203226529240422,,too_rare,,,
5935,0.0,,too_rare,,,
5936,0.0,,too_rare,,,
5937,0.0,,too_rare,,,
5938,0.0,,too_rare,,,
5939,0.0,,too_rare,,,
5940,0.0,,too_rare,,,
5941,0.0,,too_rare,,,
5942,0.0,,too_rare,,,
5943,0.0,,too_rare,,,
5944,0.00011203226529240422,,too_rare,,,
5945,0.0,,too_rare,,,
5946,5.601613264620211e-05,,too_rare,,,
5947,0.00011203226529240422,,too_rare,,,
5948,0.0,,too_rare,,,
5949,0.0,,too_rare,,,
5950,5.601613264620211e-05,,too_rare,,,
5951,0.0,,too_rare,,,
5952,0.0,,too_rare,,,
5953,0.0,,too_rare,,,
5954,0.0003080887295541116,,too_rare,,,
5955,2.8008066323101054e-05,,too_rare,,,
5956,0.0,,too_rare,,,
5957,0.0,,too_rare,,,
5958,2.8008066323101054e-05,,too_rare,,,
5959,2.8008066323101054e-05,,too_rare,,,
5960,0.0,,too_rare,,,
5961,0.0,,too_rare,,,
5962,0.0,,too_rare,,,
5963,0.0,,too_rare,,,
5964,0.0,,too_rare,,,
5965,0.0,,too_rare,,,
5966,0.0,,too_rare,,,
5967,0.0,,too_rare,,,
5968,0.00011203226529240422,,too_rare,,,
5969,0.0,,too_rare,,,
5970,0.0,,too_rare,,,
5971,0.0,,too_rare,,,
5972,0.0,,too_rare,,,
5974,0.0,,too_rare,,,
5975,0.0,,too_rare,,,
5976,2.8008066323101054e-05,,too_rare,,,
5977,0.0,,too_rare,,,
5978,0.0,,too_rare,,,
5979,0.0,,too_rare,,,
5980,0.0,,too_rare,,,
5981,0.0,,too_rare,,,
5982,0.0,,too_rare,,,
5983,0.0,,too_rare,,,
5984,0.0,,too_rare,,,
5985,0.0,,too_rare,,,
5986,0.0,,too_rare,,,
5987,5.601613264620211e-05,,too_rare,,,
5988,0.0,,too_rare,,,
5989,0.0,,too_rare,,,
5990,0.0,,too_rare,,,
5991,5.601613264620211e-05,,too_rare,,,
5992,0.0,,too_rare,,,
5993,0.0,,too_rare,,,
5994,0.0,,too_rare,,,
5995,0.0,,too_rare,,,
5996,0.0,,too_rare,,,
5997,0.0,,too_rare,,,
5998,0.0,,too_rare,,,
5999,0.0,,too_rare,,,
6000,2.8008066323101054e-05,,too_rare,,,
6001,0.0,,too_rare,,,
6002,0.0,,too_rare,,,
6003,2.8008066323101054e-05,,too_rare,,,
6004,2.8008066323101054e-05,,too_rare,,,
6005,0.0,,too_rare,,,
6006,2.8008066323101054e-05,,too_rare,,,
6007,5.601613264620211e-05,,too_rare,,,
6008,0.0,,too_rare,,,
6009,0.0,,too_rare,,,
6010,2.8008066323101054e-05,,too_rare,,,
6011,0.0,,too_rare,,,
6012,0.0,,too_rare,,,
6013,2.8008066323101054e-05,,too_rare,,,
6014,0.0,,too_rare,,,
6015,0.0,,too_rare,,,
6016,0.0,,too_rare,,,
6017,0.0014284113824781536,,too_rare,,,
6018,0.0,,too_rare,,,
6019,0.0,,too_rare,,,
6020,0.0,,too_rare,,,
6021,5.601613264620211e-05,,too_rare,,,
6022,0.0,,too_rare,,,
6023,0.0,,too_rare,,,
6024,0.0,,too_rare,,,
6025,0.0008962581223392337,,too_rare,,,
6026,0.0,,too_rare,,,
6027,8.402419896930316e-05,,too_rare,,,
6028,0.0,,too_rare,,,
6029,0.00033609679587721263,,too_rare,,,
6030,5.601613264620211e-05,,too_rare,,,
6031,0.0,,too_rare,,,
6032,5.601613264620211e-05,,too_rare,,,
6033,2.8008066323101054e-05,,too_rare,,,
6034,0.0,,too_rare,,,
6035,0.0,,too_rare,,,
6036,0.0,,too_rare,,,
6037,0.0,,too_rare,,,
6038,0.0,,too_rare,,,
6039,0.0,,too_rare,,,
6040,8.402419896930316e-05,,too_rare,,,
6041,0.0,,too_rare,,,
6042,0.0006161774591082232,,too_rare,,,
6043,5.601613264620211e-05,,too_rare,,,
6044,0.0,,too_rare,,,
6045,0.0,,too_rare,,,
6046,0.0,,too_rare,,,
6047,0.0,,too_rare,,,
6048,0.0,,too_rare,,,
6049,0.0,,too_rare,,,
6050,0.0,,too_rare,,,
6051,0.0,,too_rare,,,
6052,0.0,,too_rare,,,
6053,0.0,,too_rare,,,
6054,0.0,,too_rare,,,
6055,0.0,,too_rare,,,
6056,0.0,,too_rare,,,
6057,2.8008066323101054e-05,,too_rare,,,
6058,0.0,,too_rare,,,
6059,0.0,,too_rare,,,
6060,2.8008066323101054e-05,,too_rare,,,
6061,2.8008066323101054e-05,,too_rare,,,
6062,0.0,,too_rare,,,
6063,2.8008066323101054e-05,,too_rare,,,
6064,0.0,,too_rare,,,
6065,5.601613264620211e-05,,too_rare,,,
6066,0.0,,too_rare,,,
6067,0.0,,too_rare,,,
6068,5.601613264620211e-05,,too_rare,,,
6069,0.0,,too_rare,,,
6070,2.8008066323101054e-05,,too_rare,,,
6071,0.0,,too_rare,,,
6072,0.0,,too_rare,,,
6073,0.0,,too_rare,,,
6074,0.0,,too_rare,,,
6075,0.0,,too_rare,,,
6076,0.0,,too_rare,,,
6077,2.8008066323101054e-05,,too_rare,,,
6078,0.008206363432668609,,too_rare,,,
6079,2.8008066323101054e-05,,too_rare,,,
6080,0.0,,too_rare,,,
6081,8.402419896930316e-05,,too_rare,,,
6082,0.0,,too_rare,,,
6083,0.0,,too_rare,,,
6084,0.0,,too_rare,,,
6085,0.0,,too_rare,,,
6086,0.0,,too_rare,,,
6087,0.0,,too_rare,,,
6088,0.0,,too_rare,,,
6089,0.0,,too_rare,,,
6090,0.0,,too_rare,,,
6091,0.0,,too_rare,,,
6092,0.00014004033161550526,,too_rare,,,
6093,0.0,,too_rare,,,
6094,0.0,,too_rare,,,
6095,0.0,,too_rare,,,
6096,0.003557024423033834,,too_rare,,,
6097,0.0,,too_rare,,,
6098,5.601613264620211e-05,,too_rare,,,
6099,0.0,,too_rare,,,
6100,2.8008066323101054e-05,,too_rare,,,
6101,0.0,,too_rare,,,
6102,0.0,,too_rare,,,
6103,0.00019605646426170737,,too_rare,,,
6104,0.0,,too_rare,,,
6105,0.0,,too_rare,,,
6106,0.0,,too_rare,,,
6107,0.0,,too_rare,,,
6108,0.0,,too_rare,,,
6109,2.8008066323101054e-05,,too_rare,,,
6110,2.8008066323101054e-05,,too_rare,,,
6111,0.0,,too_rare,,,
6112,8.402419896930316e-05,,too_rare,,,
6113,0.0003080887295541116,,too_rare,,,
6114,0.0,,too_rare,,,
6115,0.0,,too_rare,,,
6116,0.0,,too_rare,,,
6117,0.00033609679587721263,,too_rare,,,
6118,0.0,,too_rare,,,
6119,0.0,,too_rare,,,
6120,2.8008066323101054e-05,,too_rare,,,
6121,0.0,,too_rare,,,
6122,0.0,,too_rare,,,
6123,0.0,,too_rare,,,
6124,0.0,,too_rare,,,
6125,2.8008066323101054e-05,,too_rare,,,
6126,0.0,,too_rare,,,
6127,2.8008066323101054e-05,,too_rare,,,
6128,2.8008066323101054e-05,,too_rare,,,
6129,0.0,,too_rare,,,
6130,0.0,,too_rare,,,
6131,0.0,,too_rare,,,
6132,0.0,,too_rare,,,
6133,0.0,,too_rare,,,
6134,0.0,,too_rare,,,
6135,0.0,,too_rare,,,
6136,0.0,,too_rare,,,
6137,0.0,,too_rare,,,
6138,0.0,,too_rare,,,
6139,0.0,,too_rare,,,
6140,0.00036410486220031366,,too_rare,,,
6141,0.0,,too_rare,,,
6142,0.00044812906116961686,,too_rare,,,
6143,0.0,,too_rare,,,
6144,0.0,,too_rare,,,
6145,0.0,,too_rare,,,
6146,0.0,,too_rare,,,
6147,0.0,,too_rare,,,
6148,0.0,,too_rare,,,
6149,0.0,,too_rare,,,
6150,0.00053215326013892,,too_rare,,,
6151,0.0,,too_rare,,,
6152,0.0,,too_rare,,,
6153,0.0,,too_rare,,,
6154,0.0,,too_rare,,,
6155,0.0,,too_rare,,,
6156,0.0,,too_rare,,,
6157,0.0,,too_rare,,,
6158,0.0008682500560161327,,too_rare,,,
6159,0.0,,too_rare,,,
6160,0.0,,too_rare,,,
6161,0.0,,too_rare,,,
6162,0.0,,too_rare,,,
6163,2.8008066323101054e-05,,too_rare,,,
6164,2.8008066323101054e-05,,too_rare,,,
6165,5.601613264620211e-05,,too_rare,,,
6166,0.0,,too_rare,,,
6167,2.8008066323101054e-05,,too_rare,,,
6168,0.0,,too_rare,,,
6169,0.0,,too_rare,,,
6170,0.00106430652027784,,too_rare,,,
6171,0.0,,too_rare,,,
6172,0.0,,too_rare,,,
6174,0.0,,too_rare,,,
6175,0.0,,too_rare,,,
6176,2.8008066323101054e-05,,too_rare,,,
6177,0.0,,too_rare,,,
6178,0.0,,too_rare,,,
6179,0.0,,too_rare,,,
6180,0.0,,too_rare,,,
6181,0.0,,too_rare,,,
6182,0.0,,too_rare,,,
6183,0.0,,too_rare,,,
6184,0.0,,too_rare,,,
6185,0.0,,too_rare,,,
6186,0.00011203226529240422,,too_rare,,,
6187,0.0,,too_rare,,,
6188,2.8008066323101054e-05,,too_rare,,,
6189,0.0,,too_rare,,,
6190,0.0,,too_rare,,,
6191,0.0,,too_rare,,,
6192,0.0,,too_rare,,,
6193,0.0,,too_rare,,,
6194,0.00014004033161550526,,too_rare,,,
6195,0.0,,too_rare,,,
6196,2.8008066323101054e-05,,too_rare,,,
6197,0.0,,too_rare,,,
6198,0.0,,too_rare,,,
6199,0.0,,too_rare,,,
6200,0.0,,too_rare,,,
6201,0.0,,too_rare,,,
6202,0.0,,too_rare,,,
6203,0.0,,too_rare,,,
6204,0.0,,too_rare,,,
6205,0.0002800806632310105,,too_rare,,,
6206,0.0,,too_rare,,,
6207,0.0,,too_rare,,,
6208,0.0,,too_rare,,,
6209,0.0,,too_rare,,,
6210,0.0,,too_rare,,,
6211,2.8008066323101054e-05,,too_rare,,,
6212,2.8008066323101054e-05,,too_rare,,,
6213,0.00039211292852341475,,too_rare,,,
6214,0.0,,too_rare,,,
6215,0.0,,too_rare,,,
6216,0.0,,too_rare,,,
6217,0.0,,too_rare,,,
6218,0.0,,too_rare,,,
6219,0.0,,too_rare,,,
6220,0.0,,too_rare,,,
6221,0.0,,too_rare,,,
6222,5.601613264620211e-05,,too_rare,,,
6223,0.0,,too_rare,,,
6224,2.8008066323101054e-05,,too_rare,,,
6225,0.0,,too_rare,,,
6226,0.0,,too_rare,,,
6227,0.0,,too_rare,,,
6228,0.0026607663006946,,too_rare,,,
6229,0.0,,too_rare,,,
6230,0.0,,too_rare,,,
6231,2.8008066323101054e-05,,too_rare,,,
6232,0.0,,too_rare,,,
6233,2.8008066323101054e-05,,too_rare,,,
6234,0.00033609679587721263,,too_rare,,,
6235,0.0,,too_rare,,,
6236,0.0,,too_rare,,,
6237,0.0,,too_rare,,,
6238,0.0,,too_rare,,,
6240,0.00014004033161550526,,too_rare,,,
6241,0.0007002016580775263,,too_rare,,,
6242,0.0,,too_rare,,,
6243,0.0,,too_rare,,,
6244,0.00011203226529240422,,too_rare,,,
6245,2.8008066323101054e-05,,too_rare,,,
6246,0.0,,too_rare,,,
6247,0.0,,too_rare,,,
6248,2.8008066323101054e-05,,too_rare,,,
6249,2.8008066323101054e-05,,too_rare,,,
6250,0.003529016356710733,,too_rare,,,
6251,0.0,,too_rare,,,
6252,0.0,,too_rare,,,
6253,2.8008066323101054e-05,,too_rare,,,
6254,0.0,,too_rare,,,
6255,0.0,,too_rare,,,
6256,0.0,,too_rare,,,
6257,0.0,,too_rare,,,
6258,0.0,,too_rare,,,
6259,2.8008066323101054e-05,,too_rare,,,
6260,0.0,,too_rare,,,
6261,5.601613264620211e-05,,too_rare,,,
6262,0.0,,too_rare,,,
6263,0.004117185749495855,,too_rare,,,
6264,0.0,,too_rare,,,
6265,2.8008066323101054e-05,,too_rare,,,
6266,0.0,,too_rare,,,
6267,0.001120322652924042,,too_rare,,,
6268,0.0,,too_rare,,,
6269,0.0006441855254313242,,too_rare,,,
6270,0.0,,too_rare,,,
6271,0.0,,too_rare,,,
6272,0.0,,too_rare,,,
6273,0.0,,too_rare,,,
6274,0.0,,too_rare,,,
6275,2.8008066323101054e-05,,too_rare,,,
6276,0.0,,too_rare,,,
6277,5.601613264620211e-05,,too_rare,,,
6278,0.0,,too_rare,,,
6279,0.0,,too_rare,,,
6280,0.0,,too_rare,,,
6281,0.0,,too_rare,,,
6282,0.0,,too_rare,,,
6284,0.0,,too_rare,,,
6285,0.0,,too_rare,,,
6286,0.0,,too_rare,,,
6287,0.0,,too_rare,,,
6288,0.0,,too_rare,,,
6289,0.0,,too_rare,,,
6290,0.0,,too_rare,,,
6291,0.0,,too_rare,,,
6292,0.0,,too_rare,,,
6293,0.0,,too_rare,,,
6294,0.0,,too_rare,,,
6295,0.0,,too_rare,,,
6296,0.0,,too_rare,,,
6297,0.0007842258570468295,,too_rare,,,
6298,0.0,,too_rare,,,
6299,0.0,,too_rare,,,
6300,0.00016804839793860632,,too_rare,,,
6301,0.0,,too_rare,,,
6302,0.0,,too_rare,,,
6303,0.0,,too_rare,,,
6304,0.0,,too_rare,,,
6305,0.00011203226529240422,,too_rare,,,
6306,0.0,,too_rare,,,
6307,0.0,,too_rare,,,
6308,0.0,,too_rare,,,
6309,0.001540443647770558,,too_rare,,,
6310,0.0,,too_rare,,,
6311,0.0,,too_rare,,,
6312,0.0,,too_rare,,,
6313,0.0,,too_rare,,,
6314,0.0,,too_rare,,,
6315,0.0,,too_rare,,,
6316,0.0,,too_rare,,,
6317,0.0,,too_rare,,,
6318,0.0,,too_rare,,,
6320,0.0,,too_rare,,,
6321,2.8008066323101054e-05,,too_rare,,,
6322,0.0,,too_rare,,,
6323,0.0,,too_rare,,,
6324,0.0,,too_rare,,,
6325,0.0,,too_rare,,,
6326,0.0,,too_rare,,,
6327,0.0,,too_rare,,,
6328,0.0012323549182164464,,too_rare,,,
6329,0.0,,too_rare,,,
6330,0.0,,too_rare,,,
6331,5.601613264620211e-05,,too_rare,,,
6332,0.0,,too_rare,,,
6333,0.0,,too_rare,,,
6334,2.8008066323101054e-05,,too_rare,,,
6335,0.0,,too_rare,,,
6336,0.0,,too_rare,,,
6337,2.8008066323101054e-05,,too_rare,,,
6338,0.00745014564194488,,too_rare,,,
6339,0.0,,too_rare,,,
6340,0.0,,too_rare,,,
6341,0.0,,too_rare,,,
6342,0.0,,too_rare,,,
6343,0.0,,too_rare,,,
6344,2.8008066323101054e-05,,too_rare,,,
6345,0.0,,too_rare,,,
6346,0.0,,too_rare,,,
6347,0.0,,too_rare,,,
6348,0.0,,too_rare,,,
6349,0.0,,too_rare,,,
6350,0.0,,too_rare,,,
6351,0.00044812906116961686,,too_rare,,,
6352,0.0,,too_rare,,,
6353,0.0,,too_rare,,,
6354,0.0,,too_rare,,,
6355,0.0,,too_rare,,,
6356,0.0,,too_rare,,,
6357,0.0,,too_rare,,,
6358,0.0,,too_rare,,,
6359,0.0,,too_rare,,,
6360,2.8008066323101054e-05,,too_rare,,,
6361,0.0,,too_rare,,,
6362,0.0,,too_rare,,,
6363,0.0,,too_rare,,,
6364,0.0,,too_rare,,,
6365,5.601613264620211e-05,,too_rare,,,
6366,0.005377548734035402,,too_rare,,,
6367,0.0,,too_rare,,,
6368,0.0,,too_rare,,,
6369,2.8008066323101054e-05,,too_rare,,,
6370,0.0,,too_rare,,,
6371,2.8008066323101054e-05,,too_rare,,,
6372,0.0,,too_rare,,,
6373,0.0,,too_rare,,,
6374,0.00016804839793860632,,too_rare,,,
6375,5.601613264620211e-05,,too_rare,,,
6376,0.0,,too_rare,,,
6377,0.0,,too_rare,,,
6378,2.8008066323101054e-05,,too_rare,,,
6379,0.0,,too_rare,,,
6380,0.0,,too_rare,,,
6381,0.0017925162446784674,,too_rare,,,
6382,0.0,,too_rare,,,
6383,0.00011203226529240422,,too_rare,,,
6384,8.402419896930316e-05,,too_rare,,,
6385,2.8008066323101054e-05,,too_rare,,,
6386,0.0,,too_rare,,,
6387,0.0,,too_rare,,,
6388,0.0,,too_rare,,,
6390,0.0,,too_rare,,,
6391,0.0,,too_rare,,,
6392,0.0,,too_rare,,,
6393,0.0,,too_rare,,,
6394,2.8008066323101054e-05,,too_rare,,,
6395,0.0,,too_rare,,,
6396,0.0,,too_rare,,,
6397,0.0,,too_rare,,,
6398,0.0,,too_rare,,,
6399,5.601613264620211e-05,,too_rare,,,
6400,0.0,,too_rare,,,
6401,0.0,,too_rare,,,
6402,5.601613264620211e-05,,too_rare,,,
6403,2.8008066323101054e-05,,too_rare,,,
6404,0.0,,too_rare,,,
6405,0.0,,too_rare,,,
6406,0.0,,too_rare,,,
6407,0.0,,too_rare,,,
6408,0.0,,too_rare,,,
6409,2.8008066323101054e-05,,too_rare,,,
6410,0.00014004033161550526,,too_rare,,,
6411,2.8008066323101054e-05,,too_rare,,,
6412,0.0,,too_rare,,,
6413,0.00019605646426170737,,too_rare,,,
6414,0.0,,too_rare,,,
6415,0.0,,too_rare,,,
6416,0.0,,too_rare,,,
6417,0.0,,too_rare,,,
6418,0.0,,too_rare,,,
6419,0.0,,too_rare,,,
6420,2.8008066323101054e-05,,too_rare,,,
6421,2.8008066323101054e-05,,too_rare,,,
6422,0.0,,too_rare,,,
6423,0.0,,too_rare,,,
6424,0.0,,too_rare,,,
6425,0.0,,too_rare,,,
6426,0.0008402419896930316,,too_rare,,,
6427,0.0,,too_rare,,,
6428,0.0,,too_rare,,,
6429,2.8008066323101054e-05,,too_rare,,,
6430,2.8008066323101054e-05,,too_rare,,,
6431,0.0,,too_rare,,,
6432,2.8008066323101054e-05,,too_rare,,,
6433,0.0,,too_rare,,,
6434,0.0,,too_rare,,,
6435,0.0,,too_rare,,,
6436,2.8008066323101054e-05,,too_rare,,,
6437,2.8008066323101054e-05,,too_rare,,,
6438,0.0,,too_rare,,,
6439,0.0,,too_rare,,,
6440,0.0,,too_rare,,,
6441,0.0,,too_rare,,,
6442,0.00011203226529240422,,too_rare,,,
6443,2.8008066323101054e-05,,too_rare,,,
6444,0.0,,too_rare,,,
6445,0.0,,too_rare,,,
6446,0.0,,too_rare,,,
6447,2.8008066323101054e-05,,too_rare,,,
6448,0.0,,too_rare,,,
6449,0.0,,too_rare,,,
6450,0.0,,too_rare,,,
6451,0.0,,too_rare,,,
6452,0.0,,too_rare,,,
6453,0.0,,too_rare,,,
6454,0.0,,too_rare,,,
6455,0.0,,too_rare,,,
6456,5.601613264620211e-05,,too_rare,,,
6457,0.0,,too_rare,,,
6458,8.402419896930316e-05,,too_rare,,,
6459,0.00011203226529240422,,too_rare,,,
6460,0.0,,too_rare,,,
6461,2.8008066323101054e-05,,too_rare,,,
6462,2.8008066323101054e-05,,too_rare,,,
6463,0.0,,too_rare,,,
6464,0.0,,too_rare,,,
6465,0.0,,too_rare,,,
6466,0.0,,too_rare,,,
6467,0.0,,too_rare,,,
6468,0.0,,too_rare,,,
6469,0.004005153484203451,,too_rare,,,
6470,0.0,,too_rare,,,
6471,0.0,,too_rare,,,
6472,0.0,,too_rare,,,
6473,0.00022406453058480843,,too_rare,,,
6474,0.0,,too_rare,,,
6475,0.00019605646426170737,,too_rare,,,
6476,0.0,,too_rare,,,
6477,2.8008066323101054e-05,,too_rare,,,
6478,2.8008066323101054e-05,,too_rare,,,
6479,2.8008066323101054e-05,,too_rare,,,
6480,0.0,,too_rare,,,
6481,2.8008066323101054e-05,,too_rare,,,
6482,0.0,,too_rare,,,
6483,2.8008066323101054e-05,,too_rare,,,
6484,2.8008066323101054e-05,,too_rare,,,
6485,0.0,,too_rare,,,
6486,0.0,,too_rare,,,
6487,0.0,,too_rare,,,
6488,2.8008066323101054e-05,,too_rare,,,
6489,0.0,,too_rare,,,
6490,2.8008066323101054e-05,,too_rare,,,
6491,0.0004761371274927179,,too_rare,,,
6492,0.0,,too_rare,,,
6493,0.0,,too_rare,,,
6494,0.0,,too_rare,,,
6495,0.0,,too_rare,,,
6496,0.0,,too_rare,,,
6497,0.0,,too_rare,,,
6498,2.8008066323101054e-05,,too_rare,,,
6499,0.0,,too_rare,,,
6500,0.0,,too_rare,,,
6501,0.0,,too_rare,,,
6502,2.8008066323101054e-05,,too_rare,,,
6503,0.0,,too_rare,,,
6504,0.0,,too_rare,,,
6505,5.601613264620211e-05,,too_rare,,,
6506,0.0,,too_rare,,,
6507,2.8008066323101054e-05,,too_rare,,,
6508,0.00011203226529240422,,too_rare,,,
6509,0.0,,too_rare,,,
6510,0.0,,too_rare,,,
6511,2.8008066323101054e-05,,too_rare,,,
6512,0.0,,too_rare,,,
6513,0.0,,too_rare,,,
6514,0.0,,too_rare,,,
6515,0.0,,too_rare,,,
6516,0.0,,too_rare,,,
6517,0.0,,too_rare,,,
6518,0.0012323549182164464,,too_rare,,,
6519,0.0,,too_rare,,,
6520,0.0,,too_rare,,,
6521,0.0,,too_rare,,,
6522,2.8008066323101054e-05,,too_rare,,,
6523,0.0,,too_rare,,,
6524,0.0,,too_rare,,,
6525,0.0,,too_rare,,,
6526,0.0,,too_rare,,,
6527,0.0,,too_rare,,,
6528,0.0,,too_rare,,,
6529,0.0,,too_rare,,,
6530,0.0,,too_rare,,,
6531,0.0,,too_rare,,,
6532,0.0,,too_rare,,,
6533,0.0,,too_rare,,,
6534,2.8008066323101054e-05,,too_rare,,,
6535,2.8008066323101054e-05,,too_rare,,,
6536,0.0,,too_rare,,,
6537,0.0,,too_rare,,,
6538,2.8008066323101054e-05,,too_rare,,,
6539,0.0,,too_rare,,,
6540,0.0,,too_rare,,,
6541,0.0,,too_rare,,,
6542,2.8008066323101054e-05,,too_rare,,,
6543,0.0,,too_rare,,,
6544,2.8008066323101054e-05,,too_rare,,,
6545,0.0,,too_rare,,,
6546,0.0,,too_rare,,,
6547,2.8008066323101054e-05,,too_rare,,,
6548,0.0,,too_rare,,,
6549,0.0008402419896930316,,too_rare,,,
6550,0.0,,too_rare,,,
6551,0.00016804839793860632,,too_rare,,,
6552,2.8008066323101054e-05,,too_rare,,,
6553,0.0,,too_rare,,,
6554,0.0,,too_rare,,,
6555,5.601613264620211e-05,,too_rare,,,
6556,0.0,,too_rare,,,
6557,0.0,,too_rare,,,
6558,2.8008066323101054e-05,,too_rare,,,
6559,2.8008066323101054e-05,,too_rare,,,
6560,0.0,,too_rare,,,
6561,0.0,,too_rare,,,
6562,0.0,,too_rare,,,
6563,0.0,,too_rare,,,
6564,0.0,,too_rare,,,
6565,0.0012043468518933454,,too_rare,,,
6566,0.0,,too_rare,,,
6567,0.0,,too_rare,,,
6568,0.0,,too_rare,,,
6569,0.0,,too_rare,,,
6570,2.8008066323101054e-05,,too_rare,,,
6571,0.0,,too_rare,,,
6573,0.0,,too_rare,,,
6574,0.0,,too_rare,,,
6575,0.0,,too_rare,,,
6576,0.0,,too_rare,,,
6577,0.0,,too_rare,,,
6578,2.8008066323101054e-05,,too_rare,,,
6579,2.8008066323101054e-05,,too_rare,,,
6580,0.0,,too_rare,,,
6581,0.0,,too_rare,,,
6582,0.0,,too_rare,,,
6583,0.0,,too_rare,,,
6584,0.0,,too_rare,,,
6585,0.0,,too_rare,,,
6586,2.8008066323101054e-05,,too_rare,,,
6587,0.0,,too_rare,,,
6588,0.0,,too_rare,,,
6589,2.8008066323101054e-05,,too_rare,,,
6590,0.0,,too_rare,,,
6591,0.0,,too_rare,,,
6592,0.001568451714093659,,too_rare,,,
6593,0.0,,too_rare,,,
6595,0.0,,too_rare,,,
6596,0.0,,too_rare,,,
6597,0.0,,too_rare,,,
6598,0.0,,too_rare,,,
6599,0.0,,too_rare,,,
6600,2.8008066323101054e-05,,too_rare,,,
6601,0.0,,too_rare,,,
6602,0.0,,too_rare,,,
6603,0.0,,too_rare,,,
6604,0.0,,too_rare,,,
6605,0.0,,too_rare,,,
6606,0.0,,too_rare,,,
6607,0.0002800806632310105,,too_rare,,,
6608,0.0,,too_rare,,,
6609,0.0,,too_rare,,,
6610,0.0,,too_rare,,,
6611,0.0,,too_rare,,,
6612,0.0,,too_rare,,,
6613,2.8008066323101054e-05,,too_rare,,,
6614,2.8008066323101054e-05,,too_rare,,,
6615,0.0,,too_rare,,,
6616,2.8008066323101054e-05,,too_rare,,,
6617,0.0,,too_rare,,,
6618,0.0,,too_rare,,,
6619,0.0,,too_rare,,,
6620,0.0,,too_rare,,,
6621,0.0,,too_rare,,,
6622,2.8008066323101054e-05,,too_rare,,,
6623,0.0,,too_rare,,,
6624,0.0,,too_rare,,,
6625,0.0,,too_rare,,,
6626,0.0,,too_rare,,,
6627,0.0,,too_rare,,,
6628,0.0,,too_rare,,,
6629,0.0,,too_rare,,,
6630,0.0,,too_rare,,,
6631,2.8008066323101054e-05,,too_rare,,,
6632,2.8008066323101054e-05,,too_rare,,,
6633,0.0,,too_rare,,,
6634,0.0,,too_rare,,,
6635,0.0,,too_rare,,,
6636,0.00036410486220031366,,too_rare,,,
6637,0.0,,too_rare,,,
6638,0.0,,too_rare,,,
6639,0.0,,too_rare,,,
6640,0.0,,too_rare,,,
6641,2.8008066323101054e-05,,too_rare,,,
6642,2.8008066323101054e-05,,too_rare,,,
6643,5.601613264620211e-05,,too_rare,,,
6644,0.0,,too_rare,,,
6645,0.0,,too_rare,,,
6646,2.8008066323101054e-05,,too_rare,,,
6647,0.0,,too_rare,,,
6648,0.0,,too_rare,,,
6649,0.0,,too_rare,,,
6650,0.0,,too_rare,,,
6651,0.0,,too_rare,,,
6652,2.8008066323101054e-05,,too_rare,,,
6653,2.8008066323101054e-05,,too_rare,,,
6654,0.0,,too_rare,,,
6655,0.0,,too_rare,,,
6656,0.0,,too_rare,,,
6657,0.0,,too_rare,,,
6658,0.0,,too_rare,,,
6659,2.8008066323101054e-05,,too_rare,,,
6660,0.001652475913062962,,too_rare,,,
6661,0.0,,too_rare,,,
6662,0.0,,too_rare,,,
6663,0.0,,too_rare,,,
6664,0.0,,too_rare,,,
6665,0.0,,too_rare,,,
6666,8.402419896930316e-05,,too_rare,,,
6667,0.0,,too_rare,,,
6668,0.0,,too_rare,,,
6669,0.0,,too_rare,,,
6670,0.0,,too_rare,,,
6671,0.0023526775711404883,,too_rare,,,
6672,0.0,,too_rare,,,
6673,2.8008066323101054e-05,,too_rare,,,
6675,0.0,,too_rare,,,
6676,2.8008066323101054e-05,,too_rare,,,
6677,0.0,,too_rare,,,
6678,2.8008066323101054e-05,,too_rare,,,
6679,0.00106430652027784,,too_rare,,,
6680,0.002520725969079095,,too_rare,,,
6681,0.0,,too_rare,,,
6682,0.0,,too_rare,,,
6683,2.8008066323101054e-05,,too_rare,,,
6684,0.0,,too_rare,,,
6685,0.0,,too_rare,,,
6686,0.0,,too_rare,,,
6687,2.8008066323101054e-05,,too_rare,,,
6688,0.0,,too_rare,,,
6689,0.0,,too_rare,,,
6690,0.0,,too_rare,,,
6691,0.0,,too_rare,,,
6693,0.0,,too_rare,,,
6694,0.0,,too_rare,,,
6695,0.0,,too_rare,,,
6696,0.0,,too_rare,,,
6697,0.0004761371274927179,,too_rare,,,
6698,5.601613264620211e-05,,too_rare,,,
6699,0.00016804839793860632,,too_rare,,,
6700,0.0,,too_rare,,,
6701,0.0,,too_rare,,,
6702,0.0,,too_rare,,,
6703,0.0,,too_rare,,,
6704,0.0013443871835088505,,too_rare,,,
6705,0.0,,too_rare,,,
6706,0.0,,too_rare,,,
6707,0.00022406453058480843,,too_rare,,,
6708,0.0,,too_rare,,,
6709,2.8008066323101054e-05,,too_rare,,,
6710,0.0,,too_rare,,,
6711,0.0,,too_rare,,,
6712,0.0,,too_rare,,,
6713,0.0,,too_rare,,,
6714,2.8008066323101054e-05,,too_rare,,,
6715,0.0,,too_rare,,,
6716,0.0,,too_rare,,,
6717,2.8008066323101054e-05,,too_rare,,,
6718,0.0,,too_rare,,,
6719,0.0,,too_rare,,,
6720,0.0,,too_rare,,,
6721,0.0,,too_rare,,,
6722,0.0,,too_rare,,,
6723,2.8008066323101054e-05,,too_rare,,,
6724,0.0,,too_rare,,,
6725,0.0,,too_rare,,,
6726,0.0,,too_rare,,,
6727,0.0,,too_rare,,,
6728,5.601613264620211e-05,,too_rare,,,
6729,0.0,,too_rare,,,
6731,0.0,,too_rare,,,
6733,0.0,,too_rare,,,
6734,0.0,,too_rare,,,
6735,0.0,,too_rare,,,
6736,0.0,,too_rare,,,
6737,2.8008066323101054e-05,,too_rare,,,
6738,0.0,,too_rare,,,
6739,0.0,,too_rare,,,
6740,0.0,,too_rare,,,
6741,0.0,,too_rare,,,
6742,5.601613264620211e-05,,too_rare,,,
6743,2.8008066323101054e-05,,too_rare,,,
6744,0.0,,too_rare,,,
6745,0.0,,too_rare,,,
6746,0.0,,too_rare,,,
6747,2.8008066323101054e-05,,too_rare,,,
6748,0.0,,too_rare,,,
6749,0.0,,too_rare,,,
6750,0.0,,too_rare,,,
6751,0.0,,too_rare,,,
6752,0.0,,too_rare,,,
6753,0.0,,too_rare,,,
6754,0.0,,too_rare,,,
6755,0.0,,too_rare,,,
6756,2.8008066323101054e-05,,too_rare,,,
6757,0.0,,too_rare,,,
6758,0.0,,too_rare,,,
6759,0.0,,too_rare,,,
6760,0.0,,too_rare,,,
6761,0.0,,too_rare,,,
6762,0.0,,too_rare,,,
6763,0.0,,too_rare,,,
6764,0.0,,too_rare,,,
6766,0.0,,too_rare,,,
6767,2.8008066323101054e-05,,too_rare,,,
6768,0.0,,too_rare,,,
6769,0.0,,too_rare,,,
6770,2.8008066323101054e-05,,too_rare,,,
6771,0.0,,too_rare,,,
6773,0.0,,too_rare,,,
6774,0.0,,too_rare,,,
6775,2.8008066323101054e-05,,too_rare,,,
6776,2.8008066323101054e-05,,too_rare,,,
6777,0.0,,too_rare,,,
6778,0.0,,too_rare,,,
6779,2.8008066323101054e-05,,too_rare,,,
6780,0.0,,too_rare,,,
6781,2.8008066323101054e-05,,too_rare,,,
6782,0.0,,too_rare,,,
6783,0.0,,too_rare,,,
6784,0.0,,too_rare,,,
6785,0.0007282097244006273,,too_rare,,,
6786,0.0,,too_rare,,,
6787,0.0,,too_rare,,,
6788,0.0,,too_rare,,,
6789,0.0,,too_rare,,,
6790,0.0,,too_rare,,,
6791,8.402419896930316e-05,,too_rare,,,
6792,0.0,,too_rare,,,
6793,0.0,,too_rare,,,
6794,0.0,,too_rare,,,
6795,0.0,,too_rare,,,
6796,0.0,,too_rare,,,
6797,0.0,,too_rare,,,
6798,0.0,,too_rare,,,
6799,0.0,,too_rare,,,
6800,0.0,,too_rare,,,
6801,0.0,,too_rare,,,
6802,0.0,,too_rare,,,
6803,0.0,,too_rare,,,
6804,0.0,,too_rare,,,
6805,2.8008066323101054e-05,,too_rare,,,
6806,0.0,,too_rare,,,
6807,0.0,,too_rare,,,
6808,0.0,,too_rare,,,
6809,0.0,,too_rare,,,
6810,0.0,,too_rare,,,
6811,0.0,,too_rare,,,
6812,0.0,,too_rare,,,
6813,0.0,,too_rare,,,
6814,0.0,,too_rare,,,
6815,0.0,,too_rare,,,
6816,0.0,,too_rare,,,
6817,2.8008066323101054e-05,,too_rare,,,
6818,0.0,,too_rare,,,
6819,0.0,,too_rare,,,
6820,0.0,,too_rare,,,
6821,0.0,,too_rare,,,
6822,0.0,,too_rare,,,
6823,0.0,,too_rare,,,
6824,0.0,,too_rare,,,
6825,0.0,,too_rare,,,
6826,0.00022406453058480843,,too_rare,,,
6827,2.8008066323101054e-05,,too_rare,,,
6828,0.0,,too_rare,,,
6829,0.0,,too_rare,,,
6830,0.0,,too_rare,,,
6831,0.001092314586600941,,too_rare,,,
6832,0.0,,too_rare,,,
6833,0.0,,too_rare,,,
6834,0.0007842258570468295,,too_rare,,,
6835,0.0006441855254313242,,too_rare,,,
6836,0.0,,too_rare,,,
6837,2.8008066323101054e-05,,too_rare,,,
6838,5.601613264620211e-05,,too_rare,,,
6839,0.0,,too_rare,,,
6840,0.0,,too_rare,,,
6841,0.0,,too_rare,,,
6842,2.8008066323101054e-05,,too_rare,,,
6843,0.0,,too_rare,,,
6844,0.0,,too_rare,,,
6845,0.0,,too_rare,,,
6846,2.8008066323101054e-05,,too_rare,,,
6847,0.0,,too_rare,,,
6848,2.8008066323101054e-05,,too_rare,,,
6849,0.0,,too_rare,,,
6850,0.0,,too_rare,,,
6851,0.0,,too_rare,,,
6852,0.0,,too_rare,,,
6853,0.0,,too_rare,,,
6854,0.0,,too_rare,,,
6855,0.0,,too_rare,,,
6856,0.0,,too_rare,,,
6857,0.0,,too_rare,,,
6858,0.0,,too_rare,,,
6859,0.0,,too_rare,,,
6860,0.0,,too_rare,,,
6861,0.0,,too_rare,,,
6862,0.0012043468518933454,,too_rare,,,
6863,0.0,,too_rare,,,
6864,2.8008066323101054e-05,,too_rare,,,
6865,0.0,,too_rare,,,
6866,0.0,,too_rare,,,
6867,0.0,,too_rare,,,
6868,0.0,,too_rare,,,
6869,0.0,,too_rare,,,
6870,2.8008066323101054e-05,,too_rare,,,
6871,0.0,,too_rare,,,
6872,0.0,,too_rare,,,
6873,2.8008066323101054e-05,,too_rare,,,
6874,0.0,,too_rare,,,
6875,0.0,,too_rare,,,
6876,0.0,,too_rare,,,
6877,0.0,,too_rare,,,
6878,8.402419896930316e-05,,too_rare,,,
6879,5.601613264620211e-05,,too_rare,,,
6880,2.8008066323101054e-05,,too_rare,,,
6881,0.0,,too_rare,,,
6882,0.0,,too_rare,,,
6883,0.0,,too_rare,,,
6884,0.0,,too_rare,,,
6885,0.0,,too_rare,,,
6886,2.8008066323101054e-05,,too_rare,,,
6887,0.0,,too_rare,,,
6888,0.0,,too_rare,,,
6889,0.0,,too_rare,,,
6890,0.0,,too_rare,,,
6891,0.0,,too_rare,,,
6892,0.0,,too_rare,,,
6893,0.0,,too_rare,,,
6894,0.0,,too_rare,,,
6895,0.0,,too_rare,,,
6896,0.00014004033161550526,,too_rare,,,
6897,0.0013163791171857495,,too_rare,,,
6898,0.0,,too_rare,,,
6899,0.00011203226529240422,,too_rare,,,
6900,0.00022406453058480843,,too_rare,,,
6901,0.0,,too_rare,,,
6902,0.0,,too_rare,,,
6903,0.0,,too_rare,,,
6904,0.0,,too_rare,,,
6905,2.8008066323101054e-05,,too_rare,,,
6906,2.8008066323101054e-05,,too_rare,,,
6907,0.0,,too_rare,,,
6908,0.0,,too_rare,,,
6909,0.00022406453058480843,,too_rare,,,
6910,0.0,,too_rare,,,
6911,0.0,,too_rare,,,
6912,0.0,,too_rare,,,
6913,0.0,,too_rare,,,
6914,0.0,,too_rare,,,
6915,0.0,,too_rare,,,
6916,2.8008066323101054e-05,,too_rare,,,
6917,0.0,,too_rare,,,
6918,0.0,,too_rare,,,
6919,0.0,,too_rare,,,
6920,2.8008066323101054e-05,,too_rare,,,
6921,0.0,,too_rare,,,
6922,0.0004761371274927179,,too_rare,,,
6923,0.0,,too_rare,,,
6924,0.0,,too_rare,,,
6925,0.0,,too_rare,,,
6926,2.8008066323101054e-05,,too_rare,,,
6927,0.0,,too_rare,,,
6928,0.0,,too_rare,,,
6929,0.0,,too_rare,,,
6930,0.0,,too_rare,,,
6931,0.0,,too_rare,,,
6932,0.0,,too_rare,,,
6933,0.0,,too_rare,,,
6934,2.8008066323101054e-05,,too_rare,,,
6935,2.8008066323101054e-05,,too_rare,,,
6936,0.0,,too_rare,,,
6937,0.0,,too_rare,,,
6938,0.0,,too_rare,,,
6939,0.00011203226529240422,,too_rare,,,
6940,0.0,,too_rare,,,
6941,0.0,,too_rare,,,
6942,0.0,,too_rare,,,
6943,0.0,,too_rare,,,
6944,0.0,,too_rare,,,
6945,0.0,,too_rare,,,
6946,5.601613264620211e-05,,too_rare,,,
6947,0.0,,too_rare,,,
6948,2.8008066323101054e-05,,too_rare,,,
6949,0.0,,too_rare,,,
6950,0.0,,too_rare,,,
6951,2.8008066323101054e-05,,too_rare,,,
6952,2.8008066323101054e-05,,too_rare,,,
6953,5.601613264620211e-05,,too_rare,,,
6954,2.8008066323101054e-05,,too_rare,,,
6955,0.0,,too_rare,,,
6956,0.0,,too_rare,,,
6957,0.0,,too_rare,,,
6958,0.0,,too_rare,,,
6959,0.0,,too_rare,,,
6960,0.0,,too_rare,,,
6961,0.0,,too_rare,,,
6962,0.0,,too_rare,,,
6963,0.0,,too_rare,,,
6964,0.0,,too_rare,,,
6965,2.8008066323101054e-05,,too_rare,,,
6966,0.00014004033161550526,,too_rare,,,
6967,0.0,,too_rare,,,
6968,0.0,,too_rare,,,
6969,0.00039211292852341475,,too_rare,,,
6970,0.0,,too_rare,,,
6971,2.8008066323101054e-05,,too_rare,,,
6972,0.0,,too_rare,,,
6973,0.0,,too_rare,,,
6974,0.0,,too_rare,,,
6975,0.0011763387855702441,,too_rare,,,
6976,2.8008066323101054e-05,,too_rare,,,
6977,2.8008066323101054e-05,,too_rare,,,
6978,0.0,,too_rare,,,
6979,0.0,,too_rare,,,
6980,0.0,,too_rare,,,
6981,0.0,,too_rare,,,
6982,0.0,,too_rare,,,
6983,0.0,,too_rare,,,
6984,0.0,,too_rare,,,
6985,2.8008066323101054e-05,,too_rare,,,
6986,0.0,,too_rare,,,
6987,0.0,,too_rare,,,
6988,0.0,,too_rare,,,
6989,0.0,,too_rare,,,
6990,0.0,,too_rare,,,
6991,5.601613264620211e-05,,too_rare,,,
6992,2.8008066323101054e-05,,too_rare,,,
6993,0.0,,too_rare,,,
6994,2.8008066323101054e-05,,too_rare,,,
6995,0.0,,too_rare,,,
6996,0.0002800806632310105,,too_rare,,,
6997,0.0,,too_rare,,,
6998,0.0,,too_rare,,,
6999,0.0,,too_rare,,,
7000,0.0,,too_rare,,,
7001,2.8008066323101054e-05,,too_rare,,,
7002,0.001624467846739861,,too_rare,,,
7003,0.0,,too_rare,,,
7004,0.0,,too_rare,,,
7005,2.8008066323101054e-05,,too_rare,,,
7006,0.0,,too_rare,,,
7007,2.8008066323101054e-05,,too_rare,,,
7008,2.8008066323101054e-05,,too_rare,,,
7009,0.0,,too_rare,,,
7010,2.8008066323101054e-05,,too_rare,,,
7011,0.0,,too_rare,,,
7012,0.0,,too_rare,,,
7013,0.0,,too_rare,,,
7014,0.0,,too_rare,,,
7015,0.0,,too_rare,,,
7016,5.601613264620211e-05,,too_rare,,,
7017,0.0,,too_rare,,,
7018,0.0,,too_rare,,,
7019,0.0,,too_rare,,,
7020,0.0,,too_rare,,,
7021,2.8008066323101054e-05,,too_rare,,,
7022,0.0,,too_rare,,,
7023,0.0,,too_rare,,,
7024,0.0,,too_rare,,,
7025,0.00011203226529240422,,too_rare,,,
7026,0.0,,too_rare,,,
7027,0.0,,too_rare,,,
7028,0.0,,too_rare,,,
7029,0.0,,too_rare,,,
7030,0.0,,too_rare,,,
7031,0.0,,too_rare,,,
7032,0.0,,too_rare,,,
7033,0.0,,too_rare,,,
7034,0.0,,too_rare,,,
7035,0.0,,too_rare,,,
7036,2.8008066323101054e-05,,too_rare,,,
7037,2.8008066323101054e-05,,too_rare,,,
7038,0.0,,too_rare,,,
7039,0.0,,too_rare,,,
7040,2.8008066323101054e-05,,too_rare,,,
7041,0.0,,too_rare,,,
7042,0.0,,too_rare,,,
7043,2.8008066323101054e-05,,too_rare,,,
7044,0.0,,too_rare,,,
7045,0.0,,too_rare,,,
7046,0.0,,too_rare,,,
7047,0.0,,too_rare,,,
7048,2.8008066323101054e-05,,too_rare,,,
7049,0.0,,too_rare,,,
7050,0.0,,too_rare,,,
7051,0.0,,too_rare,,,
7052,0.0,,too_rare,,,
7053,0.0,,too_rare,,,
7054,0.0,,too_rare,,,
7055,0.0,,too_rare,,,
7056,0.0,,too_rare,,,
7057,0.0008402419896930316,,too_rare,,,
7058,0.0,,too_rare,,,
7059,0.0,,too_rare,,,
7060,0.0,,too_rare,,,
7061,0.0,,too_rare,,,
7062,0.0,,too_rare,,,
7063,0.0,,too_rare,,,
7064,0.0,,too_rare,,,
7065,0.0,,too_rare,,,
7066,0.00036410486220031366,,too_rare,,,
7067,0.0,,too_rare,,,
7068,0.0,,too_rare,,,
7069,0.0,,too_rare,,,
7070,5.601613264620211e-05,,too_rare,,,
7071,2.8008066323101054e-05,,too_rare,,,
7072,0.0,,too_rare,,,
7073,0.0,,too_rare,,,
7074,0.00019605646426170737,,too_rare,,,
7075,0.0,,too_rare,,,
7076,0.0,,too_rare,,,
7077,0.0,,too_rare,,,
7078,0.0,,too_rare,,,
7079,0.0,,too_rare,,,
7080,2.8008066323101054e-05,,too_rare,,,
7081,0.0,,too_rare,,,
7082,8.402419896930316e-05,,too_rare,,,
7083,0.0,,too_rare,,,
7084,0.0,,too_rare,,,
7085,0.00016804839793860632,,too_rare,,,
7086,8.402419896930316e-05,,too_rare,,,
7087,0.0,,too_rare,,,
7089,0.0,,too_rare,,,
7090,0.0003080887295541116,,too_rare,,,
7091,0.00022406453058480843,,too_rare,,,
7092,0.0,,too_rare,,,
7093,0.00014004033161550526,,too_rare,,,
7094,0.0,,too_rare,,,
7095,0.00014004033161550526,,too_rare,,,
7096,0.0,,too_rare,,,
7097,2.8008066323101054e-05,,too_rare,,,
7098,0.0,,too_rare,,,
7099,0.002828814698633206,,too_rare,,,
7100,0.0,,too_rare,,,
7101,0.0,,too_rare,,,
7102,2.8008066323101054e-05,,too_rare,,,
7103,0.0,,too_rare,,,
7104,0.0,,too_rare,,,
7105,0.0,,too_rare,,,
7106,0.0,,too_rare,,,
7107,0.0,,too_rare,,,
7108,5.601613264620211e-05,,too_rare,,,
7109,0.0,,too_rare,,,
7110,0.0,,too_rare,,,
7111,0.0,,too_rare,,,
7112,0.0,,too_rare,,,
7113,0.0,,too_rare,,,
7114,0.0,,too_rare,,,
7115,0.0,,too_rare,,,
7116,0.0,,too_rare,,,
7117,0.0,,too_rare,,,
7118,2.8008066323101054e-05,,too_rare,,,
7119,0.0,,too_rare,,,
7120,0.0,,too_rare,,,
7121,0.0,,too_rare,,,
7122,0.0,,too_rare,,,
7123,0.0,,too_rare,,,
7124,0.0,,too_rare,,,
7125,0.00011203226529240422,,too_rare,,,
7126,2.8008066323101054e-05,,too_rare,,,
7127,0.0,,too_rare,,,
7128,0.0,,too_rare,,,
7129,0.0,,too_rare,,,
7130,0.0,,too_rare,,,
7131,0.003136903428187318,,too_rare,,,
7132,5.601613264620211e-05,,too_rare,,,
7133,0.0,,too_rare,,,
7134,0.0,,too_rare,,,
7135,0.0,,too_rare,,,
7136,5.601613264620211e-05,,too_rare,,,
7137,0.0,,too_rare,,,
7138,0.0,,too_rare,,,
7139,2.8008066323101054e-05,,too_rare,,,
7140,2.8008066323101054e-05,,too_rare,,,
7141,0.0,,too_rare,,,
7142,5.601613264620211e-05,,too_rare,,,
7143,0.0,,too_rare,,,
7144,2.8008066323101054e-05,,too_rare,,,
7145,0.0,,too_rare,,,
7146,0.0,,too_rare,,,
7147,0.0,,too_rare,,,
7148,0.0,,too_rare,,,
7149,0.0,,too_rare,,,
7150,0.0,,too_rare,,,
7151,0.00039211292852341475,,too_rare,,,
7152,0.0,,too_rare,,,
7153,0.0,,too_rare,,,
7154,0.0,,too_rare,,,
7155,0.0,,too_rare,,,
7156,0.0,,too_rare,,,
7157,0.0002520725969079095,,too_rare,,,
7158,0.0,,too_rare,,,
7159,0.0,,too_rare,,,
7160,2.8008066323101054e-05,,too_rare,,,
7161,0.0,,too_rare,,,
7162,0.0,,too_rare,,,
7163,0.0,,too_rare,,,
7164,0.0,,too_rare,,,
7165,2.8008066323101054e-05,,too_rare,,,
7166,0.0,,too_rare,,,
7167,0.0,,too_rare,,,
7168,0.0,,too_rare,,,
7169,0.0,,too_rare,,,
7170,0.0,,too_rare,,,
7171,0.0,,too_rare,,,
7172,0.003921129285234148,,too_rare,,,
7173,0.0,,too_rare,,,
7174,0.00011203226529240422,,too_rare,,,
7175,2.8008066323101054e-05,,too_rare,,,
7176,0.0,,too_rare,,,
7177,0.003136903428187318,,too_rare,,,
7178,0.0,,too_rare,,,
7179,0.0,,too_rare,,,
7180,0.0,,too_rare,,,
7181,0.0,,too_rare,,,
7182,0.00016804839793860632,,too_rare,,,
7183,0.0,,too_rare,,,
7184,0.0,,too_rare,,,
7185,0.0,,too_rare,,,
7186,2.8008066323101054e-05,,too_rare,,,
7187,0.00019605646426170737,,too_rare,,,
7188,2.8008066323101054e-05,,too_rare,,,
7189,2.8008066323101054e-05,,too_rare,,,
7190,0.00022406453058480843,,too_rare,,,
7191,0.00011203226529240422,,too_rare,,,
7192,2.8008066323101054e-05,,too_rare,,,
7193,0.0,,too_rare,,,
7194,8.402419896930316e-05,,too_rare,,,
7195,0.0,,too_rare,,,
7196,0.0,,too_rare,,,
7197,0.0,,too_rare,,,
7198,0.0,,too_rare,,,
7199,2.8008066323101054e-05,,too_rare,,,
7200,0.0,,too_rare,,,
7201,0.0,,too_rare,,,
7202,0.0,,too_rare,,,
7203,0.0,,too_rare,,,
7204,0.0,,too_rare,,,
7205,2.8008066323101054e-05,,too_rare,,,
7206,2.8008066323101054e-05,,too_rare,,,
7207,0.0,,too_rare,,,
7208,0.0,,too_rare,,,
7209,5.601613264620211e-05,,too_rare,,,
7210,0.00022406453058480843,,too_rare,,,
7211,2.8008066323101054e-05,,too_rare,,,
7212,0.00011203226529240422,,too_rare,,,
7213,0.0,,too_rare,,,
7214,0.0,,too_rare,,,
7215,0.0,,too_rare,,,
7216,0.0007002016580775263,,too_rare,,,
7217,0.0,,too_rare,,,
7218,2.8008066323101054e-05,,too_rare,,,
7219,0.0,,too_rare,,,
7220,0.0,,too_rare,,,
7221,2.8008066323101054e-05,,too_rare,,,
7222,0.001092314586600941,,too_rare,,,
7223,0.0,,too_rare,,,
7224,0.00014004033161550526,,too_rare,,,
7225,0.0,,too_rare,,,
7226,0.0,,too_rare,,,
7227,0.0,,too_rare,,,
7228,2.8008066323101054e-05,,too_rare,,,
7229,0.0017084920457091641,,too_rare,,,
7230,2.8008066323101054e-05,,too_rare,,,
7231,0.0,,too_rare,,,
7232,0.0,,too_rare,,,
7233,0.0,,too_rare,,,
7234,0.0,,too_rare,,,
7235,8.402419896930316e-05,,too_rare,,,
7236,0.0,,too_rare,,,
7237,0.0,,too_rare,,,
7238,0.0,,too_rare,,,
7239,5.601613264620211e-05,,too_rare,,,
7240,0.00980282321308537,,too_rare,,,
7241,0.0,,too_rare,,,
7242,0.0,,too_rare,,,
7243,2.8008066323101054e-05,,too_rare,,,
7244,0.0,,too_rare,,,
7245,0.0,,too_rare,,,
7246,0.00016804839793860632,,too_rare,,,
7247,0.0,,too_rare,,,
7248,0.0,,too_rare,,,
7249,2.8008066323101054e-05,,too_rare,,,
7250,0.0,,too_rare,,,
7251,0.00036410486220031366,,too_rare,,,
7252,0.0,,too_rare,,,
7253,0.0,,too_rare,,,
7254,0.0,,too_rare,,,
7255,0.0,,too_rare,,,
7256,0.0,,too_rare,,,
7257,0.0,,too_rare,,,
7258,2.8008066323101054e-05,,too_rare,,,
7259,0.0,,too_rare,,,
7260,0.0,,too_rare,,,
7261,0.0,,too_rare,,,
7262,0.0,,too_rare,,,
7263,0.0,,too_rare,,,
7264,0.0,,too_rare,,,
7265,0.0,,too_rare,,,
7266,0.0,,too_rare,,,
7267,0.0,,too_rare,,,
7268,0.0,,too_rare,,,
7269,0.0,,too_rare,,,
7270,0.0,,too_rare,,,
7271,0.0,,too_rare,,,
7272,8.402419896930316e-05,,too_rare,,,
7273,0.0,,too_rare,,,
7274,0.0,,too_rare,,,
7275,0.0,,too_rare,,,
7276,0.0,,too_rare,,,
7277,0.0008402419896930316,,too_rare,,,
7279,0.00016804839793860632,,too_rare,,,
7280,0.0,,too_rare,,,
7281,0.0,,too_rare,,,
7282,2.8008066323101054e-05,,too_rare,,,
7283,0.0,,too_rare,,,
7284,0.0,,too_rare,,,
7285,0.00011203226529240422,,too_rare,,,
7286,0.0,,too_rare,,,
7287,0.0,,too_rare,,,
7288,0.0,,too_rare,,,
7289,0.0,,too_rare,,,
7290,0.0,,too_rare,,,
7291,0.0,,too_rare,,,
7292,0.0,,too_rare,,,
7293,0.0,,too_rare,,,
7294,0.0,,too_rare,,,
7295,0.0,,too_rare,,,
7296,0.0,,too_rare,,,
7297,0.0,,too_rare,,,
7298,0.0,,too_rare,,,
7299,5.601613264620211e-05,,too_rare,,,
7300,0.0,,too_rare,,,
7301,0.0,,too_rare,,,
7302,0.0,,too_rare,,,
7303,0.0,,too_rare,,,
7304,0.0,,too_rare,,,
7305,0.0,,too_rare,,,
7306,0.0,,too_rare,,,
7307,0.0,,too_rare,,,
7308,0.003332959892449025,,too_rare,,,
7309,0.0,,too_rare,,,
7310,5.601613264620211e-05,,too_rare,,,
7311,0.0,,too_rare,,,
7312,0.0,,too_rare,,,
7313,2.8008066323101054e-05,,too_rare,,,
7314,0.0,,too_rare,,,
7315,0.0,,too_rare,,,
7316,8.402419896930316e-05,,too_rare,,,
7317,2.8008066323101054e-05,,too_rare,,,
7318,0.0,,too_rare,,,
7319,5.601613264620211e-05,,too_rare,,,
7320,2.8008066323101054e-05,,too_rare,,,
7321,0.000560161326462021,,too_rare,,,
7322,0.0,,too_rare,,,
7323,0.0,,too_rare,,,
7324,0.0,,too_rare,,,
7325,0.0,,too_rare,,,
7326,0.0,,too_rare,,,
7327,0.0,,too_rare,,,
7328,0.0,,too_rare,,,
7329,2.8008066323101054e-05,,too_rare,,,
7330,2.8008066323101054e-05,,too_rare,,,
7331,2.8008066323101054e-05,,too_rare,,,
7332,0.0,,too_rare,,,
7333,0.0002800806632310105,,too_rare,,,
7334,0.0,,too_rare,,,
7335,0.0,,too_rare,,,
7336,0.0006721935917544253,,too_rare,,,
7337,0.0,,too_rare,,,
7338,0.0,,too_rare,,,
7339,0.0,,too_rare,,,
7340,0.0,,too_rare,,,
7341,0.0,,too_rare,,,
7342,0.0,,too_rare,,,
7343,0.0,,too_rare,,,
7344,0.0,,too_rare,,,
7345,0.0,,too_rare,,,
7346,0.0,,too_rare,,,
7347,0.0,,too_rare,,,
7348,0.0,,too_rare,,,
7349,0.0,,too_rare,,,
7350,5.601613264620211e-05,,too_rare,,,
7351,0.0,,too_rare,,,
7352,0.0,,too_rare,,,
7353,0.0,,too_rare,,,
7354,2.8008066323101054e-05,,too_rare,,,
7355,0.0,,too_rare,,,
7356,0.0,,too_rare,,,
7357,0.0,,too_rare,,,
7358,0.0,,too_rare,,,
7359,2.8008066323101054e-05,,too_rare,,,
7360,0.0,,too_rare,,,
7361,0.0,,too_rare,,,
7362,0.0,,too_rare,,,
7363,0.0,,too_rare,,,
7364,0.0,,too_rare,,,
7365,5.601613264620211e-05,,too_rare,,,
7366,2.8008066323101054e-05,,too_rare,,,
7367,0.0,,too_rare,,,
7368,0.0,,too_rare,,,
7369,0.0,,too_rare,,,
7371,0.0,,too_rare,,,
7372,0.0,,too_rare,,,
7373,0.0,,too_rare,,,
7374,0.0,,too_rare,,,
7375,0.00011203226529240422,,too_rare,,,
7376,0.0,,too_rare,,,
7377,0.0,,too_rare,,,
7378,0.0,,too_rare,,,
7379,0.0,,too_rare,,,
7380,2.8008066323101054e-05,,too_rare,,,
7381,2.8008066323101054e-05,,too_rare,,,
7382,2.8008066323101054e-05,,too_rare,,,
7383,0.0,,too_rare,,,
7384,5.601613264620211e-05,,too_rare,,,
7385,0.0,,too_rare,,,
7386,0.0,,too_rare,,,
7387,0.0,,too_rare,,,
7388,0.0,,too_rare,,,
7389,0.0,,too_rare,,,
7390,2.8008066323101054e-05,,too_rare,,,
7391,0.0,,too_rare,,,
7392,0.0,,too_rare,,,
7393,0.0,,too_rare,,,
7394,0.0,,too_rare,,,
7395,0.0,,too_rare,,,
7396,0.0,,too_rare,,,
7397,0.0,,too_rare,,,
7398,0.0,,too_rare,,,
7399,0.0,,too_rare,,,
7400,0.0,,too_rare,,,
7401,0.0,,too_rare,,,
7402,0.0,,too_rare,,,
7403,5.601613264620211e-05,,too_rare,,,
7405,2.8008066323101054e-05,,too_rare,,,
7406,0.0,,too_rare,,,
7407,2.8008066323101054e-05,,too_rare,,,
7408,0.0,,too_rare,,,
7409,2.8008066323101054e-05,,too_rare,,,
7410,5.601613264620211e-05,,too_rare,,,
7411,0.0,,too_rare,,,
7412,0.00019605646426170737,,too_rare,,,
7413,0.0,,too_rare,,,
7414,0.0,,too_rare,,,
7415,0.0,,too_rare,,,
7416,0.0,,too_rare,,,
7417,0.0,,too_rare,,,
7418,2.8008066323101054e-05,,too_rare,,,
7419,0.0,,too_rare,,,
7420,0.0,,too_rare,,,
7421,0.0,,too_rare,,,
7422,0.0,,too_rare,,,
7423,2.8008066323101054e-05,,too_rare,,,
7424,0.0,,too_rare,,,
7425,0.0,,too_rare,,,
7426,0.002212637239524983,,too_rare,,,
7427,2.8008066323101054e-05,,too_rare,,,
7428,0.0,,too_rare,,,
7430,0.0,,too_rare,,,
7431,0.0,,too_rare,,,
7432,0.00011203226529240422,,too_rare,,,
7433,0.0,,too_rare,,,
7434,5.601613264620211e-05,,too_rare,,,
7435,0.00016804839793860632,,too_rare,,,
7436,0.0,,too_rare,,,
7437,0.0,,too_rare,,,
7438,0.0,,too_rare,,,
7439,0.0,,too_rare,,,
7440,0.0,,too_rare,,,
7441,5.601613264620211e-05,,too_rare,,,
7442,0.0,,too_rare,,,
7443,0.0016804839793860631,,too_rare,,,
7444,0.0003080887295541116,,too_rare,,,
7445,0.0017084920457091641,,too_rare,,,
7446,0.0,,too_rare,,,
7447,0.0,,too_rare,,,
7448,0.0,,too_rare,,,
7449,2.8008066323101054e-05,,too_rare,,,
7450,0.0,,too_rare,,,
7451,0.0,,too_rare,,,
7452,0.0,,too_rare,,,
7453,2.8008066323101054e-05,,too_rare,,,
7454,2.8008066323101054e-05,,too_rare,,,
7455,0.0,,too_rare,,,
7456,0.0,,too_rare,,,
7457,0.0,,too_rare,,,
7458,0.0,,too_rare,,,
7459,0.0,,too_rare,,,
7460,0.0,,too_rare,,,
7461,0.0,,too_rare,,,
7462,0.0,,too_rare,,,
7463,0.0,,too_rare,,,
7464,0.0,,too_rare,,,
7465,0.0,,too_rare,,,
7466,2.8008066323101054e-05,,too_rare,,,
7467,0.0,,too_rare,,,
7468,0.0,,too_rare,,,
7469,0.0,,too_rare,,,
7470,0.0,,too_rare,,,
7471,0.0,,too_rare,,,
7472,0.0,,too_rare,,,
7473,2.8008066323101054e-05,,too_rare,,,
7474,2.8008066323101054e-05,,too_rare,,,
7475,0.0,,too_rare,,,
7476,0.0,,too_rare,,,
7477,0.0,,too_rare,,,
7478,8.402419896930316e-05,,too_rare,,,
7479,0.0,,too_rare,,,
7480,0.0,,too_rare,,,
7481,0.0,,too_rare,,,
7482,2.8008066323101054e-05,,too_rare,,,
7483,0.0,,too_rare,,,
7484,8.402419896930316e-05,,too_rare,,,
7485,0.0,,too_rare,,,
7486,0.0,,too_rare,,,
7487,0.00016804839793860632,,too_rare,,,
7488,0.0,,too_rare,,,
7489,0.0,,too_rare,,,
7490,0.0,,too_rare,,,
7491,0.0,,too_rare,,,
7492,0.0,,too_rare,,,
7493,0.0,,too_rare,,,
7494,0.0,,too_rare,,,
7495,0.0,,too_rare,,,
7496,0.0,,too_rare,,,
7497,0.0,,too_rare,,,
7498,2.8008066323101054e-05,,too_rare,,,
7499,2.8008066323101054e-05,,too_rare,,,
7500,0.0,,too_rare,,,
7501,2.8008066323101054e-05,,too_rare,,,
7502,2.8008066323101054e-05,,too_rare,,,
7503,5.601613264620211e-05,,too_rare,,,
7504,0.0,,too_rare,,,
7505,0.0,,too_rare,,,
7506,0.0,,too_rare,,,
7507,0.0,,too_rare,,,
7508,0.0,,too_rare,,,
7509,0.0004201209948465158,,too_rare,,,
7510,0.0,,too_rare,,,
7511,0.0,,too_rare,,,
7512,0.0,,too_rare,,,
7513,0.0,,too_rare,,,
7514,0.0,,too_rare,,,
7515,5.601613264620211e-05,,too_rare,,,
7516,0.0,,too_rare,,,
7517,0.0,,too_rare,,,
7518,0.0,,too_rare,,,
7519,0.0,,too_rare,,,
7520,0.0,,too_rare,,,
7522,5.601613264620211e-05,,too_rare,,,
7523,0.0,,too_rare,,,
7524,5.601613264620211e-05,,too_rare,,,
7525,0.0,,too_rare,,,
7526,0.0,,too_rare,,,
7527,2.8008066323101054e-05,,too_rare,,,
7528,0.0,,too_rare,,,
7529,0.00033609679587721263,,too_rare,,,
7530,0.0,,too_rare,,,
7531,0.0,,too_rare,,,
7532,0.0,,too_rare,,,
7533,0.0,,too_rare,,,
7534,0.0,,too_rare,,,
7535,8.402419896930316e-05,,too_rare,,,
7536,2.8008066323101054e-05,,too_rare,,,
7537,0.0,,too_rare,,,
7538,0.0,,too_rare,,,
7539,0.0,,too_rare,,,
7540,0.0,,too_rare,,,
7541,5.601613264620211e-05,,too_rare,,,
7542,0.0,,too_rare,,,
7543,0.0,,too_rare,,,
7545,0.0,,too_rare,,,
7546,0.0,,too_rare,,,
7547,0.0,,too_rare,,,
7548,0.001008290387631638,,too_rare,,,
7549,0.008710508626484427,,too_rare,,,
7550,0.0,,too_rare,,,
7551,0.0,,too_rare,,,
7552,0.0,,too_rare,,,
7553,8.402419896930316e-05,,too_rare,,,
7554,0.0,,too_rare,,,
7555,2.8008066323101054e-05,,too_rare,,,
7556,0.0,,too_rare,,,
7557,0.0,,too_rare,,,
7558,0.0,,too_rare,,,
7559,0.0,,too_rare,,,
7560,0.0033889760250952273,,too_rare,,,
7561,0.0,,too_rare,,,
7562,0.0,,too_rare,,,
7563,0.0,,too_rare,,,
7564,8.402419896930316e-05,,too_rare,,,
7565,0.0,,too_rare,,,
7566,0.0,,too_rare,,,
7567,2.8008066323101054e-05,,too_rare,,,
7568,0.0,,too_rare,,,
7569,0.0,,too_rare,,,
7570,0.0,,too_rare,,,
7571,0.0,,too_rare,,,
7572,0.0,,too_rare,,,
7573,0.00014004033161550526,,too_rare,,,
7574,0.0,,too_rare,,,
7575,0.0,,too_rare,,,
7576,0.0,,too_rare,,,
7577,0.0,,too_rare,,,
7578,0.0,,too_rare,,,
7579,0.0,,too_rare,,,
7580,0.00022406453058480843,,too_rare,,,
7581,0.0,,too_rare,,,
7582,0.0,,too_rare,,,
7583,0.0,,too_rare,,,
7584,2.8008066323101054e-05,,too_rare,,,
7585,0.0,,too_rare,,,
7586,2.8008066323101054e-05,,too_rare,,,
7587,0.0,,too_rare,,,
7588,2.8008066323101054e-05,,too_rare,,,
7589,0.0,,too_rare,,,
7590,0.0,,too_rare,,,
7591,0.0,,too_rare,,,
7592,2.8008066323101054e-05,,too_rare,,,
7593,0.0,,too_rare,,,
7594,0.0,,too_rare,,,
7595,2.8008066323101054e-05,,too_rare,,,
7596,0.0,,too_rare,,,
7597,0.0,,too_rare,,,
7598,0.0,,too_rare,,,
7599,0.0,,too_rare,,,
7600,0.0,,too_rare,,,
7601,0.0,,too_rare,,,
7602,0.0,,too_rare,,,
7603,0.0,,too_rare,,,
7604,0.0,,too_rare,,,
7605,0.0,,too_rare,,,
7606,0.00425722608111136,,too_rare,,,
7607,0.0,,too_rare,,,
7608,2.8008066323101054e-05,,too_rare,,,
7609,2.8008066323101054e-05,,too_rare,,,
7611,0.0,,too_rare,,,
7612,0.00044812906116961686,,too_rare,,,
7613,5.601613264620211e-05,,too_rare,,,
7614,0.0,,too_rare,,,
7615,0.0,,too_rare,,,
7616,0.0,,too_rare,,,
7617,0.0,,too_rare,,,
7618,0.0,,too_rare,,,
7619,0.0,,too_rare,,,
7620,0.0,,too_rare,,,
7621,0.0,,too_rare,,,
7622,5.601613264620211e-05,,too_rare,,,
7623,0.0,,too_rare,,,
7624,0.0,,too_rare,,,
7625,0.0,,too_rare,,,
7626,2.8008066323101054e-05,,too_rare,,,
7627,0.0,,too_rare,,,
7628,0.0002800806632310105,,too_rare,,,
7629,0.0,,too_rare,,,
7630,0.00016804839793860632,,too_rare,,,
7631,0.0,,too_rare,,,
7632,2.8008066323101054e-05,,too_rare,,,
7633,0.0,,too_rare,,,
7634,2.8008066323101054e-05,,too_rare,,,
7635,0.0,,too_rare,,,
7636,0.0,,too_rare,,,
7637,0.0,,too_rare,,,
7638,0.0,,too_rare,,,
7639,2.8008066323101054e-05,,too_rare,,,
7640,0.0,,too_rare,,,
7641,2.8008066323101054e-05,,too_rare,,,
7642,0.0,,too_rare,,,
7643,0.0,,too_rare,,,
7644,0.0,,too_rare,,,
7646,0.0,,too_rare,,,
7647,0.0,,too_rare,,,
7648,0.0,,too_rare,,,
7649,2.8008066323101054e-05,,too_rare,,,
7650,0.0,,too_rare,,,
7651,0.0,,too_rare,,,
7652,0.0,,too_rare,,,
7653,0.0,,too_rare,,,
7654,0.0,,too_rare,,,
7655,0.0,,too_rare,,,
7656,0.0,,too_rare,,,
7657,0.00039211292852341475,,too_rare,,,
7658,0.0,,too_rare,,,
7659,0.0,,too_rare,,,
7661,0.0,,too_rare,,,
7662,0.0,,too_rare,,,
7663,0.0,,too_rare,,,
7664,0.0007562177907237285,,too_rare,,,
7665,0.0,,too_rare,,,
7666,0.0,,too_rare,,,
7667,0.0,,too_rare,,,
7668,0.0,,too_rare,,,
7670,0.00014004033161550526,,too_rare,,,
7671,0.0,,too_rare,,,
7672,0.0,,too_rare,,,
7673,0.0,,too_rare,,,
7674,0.0,,too_rare,,,
7675,2.8008066323101054e-05,,too_rare,,,
7676,0.0,,too_rare,,,
7677,0.00014004033161550526,,too_rare,,,
7679,0.0,,too_rare,,,
7681,2.8008066323101054e-05,,too_rare,,,
7682,5.601613264620211e-05,,too_rare,,,
7683,0.0,,too_rare,,,
7684,0.0018485323773246695,,too_rare,,,
7685,2.8008066323101054e-05,,too_rare,,,
7686,0.0,,too_rare,,,
7687,0.0,,too_rare,,,
7688,0.00016804839793860632,,too_rare,,,
7689,8.402419896930316e-05,,too_rare,,,
7690,0.0,,too_rare,,,
7691,0.0,,too_rare,,,
7692,0.0,,too_rare,,,
7693,0.0,,too_rare,,,
7694,5.601613264620211e-05,,too_rare,,,
7695,2.8008066323101054e-05,,too_rare,,,
7696,0.0,,too_rare,,,
7697,0.0,,too_rare,,,
7698,0.0,,too_rare,,,
7700,0.0,,too_rare,,,
7701,8.402419896930316e-05,,too_rare,,,
7702,0.0,,too_rare,,,
7703,0.0,,too_rare,,,
7704,0.0,,too_rare,,,
7705,0.0,,too_rare,,,
7706,0.0,,too_rare,,,
7707,0.0,,too_rare,,,
7708,0.001512435581447457,,too_rare,,,
7709,0.0,,too_rare,,,
7710,0.0,,too_rare,,,
7711,0.0,,too_rare,,,
7712,0.0,,too_rare,,,
7713,5.601613264620211e-05,,too_rare,,,
7714,5.601613264620211e-05,,too_rare,,,
7715,0.0,,too_rare,,,
7716,0.0,,too_rare,,,
7717,0.0,,too_rare,,,
7718,0.0,,too_rare,,,
7719,2.8008066323101054e-05,,too_rare,,,
7720,0.0,,too_rare,,,
7721,0.0,,too_rare,,,
7722,0.0,,too_rare,,,
7723,0.0,,too_rare,,,
7724,2.8008066323101054e-05,,too_rare,,,
7725,0.00011203226529240422,,too_rare,,,
7726,0.0,,too_rare,,,
7727,0.0,,too_rare,,,
7728,0.0002520725969079095,,too_rare,,,
7729,0.0014004033161550526,,too_rare,,,
7730,0.0,,too_rare,,,
7731,0.0,,too_rare,,,
7732,0.0,,too_rare,,,
7733,0.0,,too_rare,,,
7734,0.0,,too_rare,,,
7735,0.0,,too_rare,,,
7736,0.0,,too_rare,,,
7738,0.0,,too_rare,,,
7739,0.0,,too_rare,,,
7740,0.0,,too_rare,,,
7742,0.0,,too_rare,,,
7743,0.0,,too_rare,,,
7744,0.0,,too_rare,,,
7745,0.0,,too_rare,,,
7746,2.8008066323101054e-05,,too_rare,,,
7747,0.0002520725969079095,,too_rare,,,
7748,0.0,,too_rare,,,
7749,0.0,,too_rare,,,
7750,0.0,,too_rare,,,
7751,0.0,,too_rare,,,
7752,5.601613264620211e-05,,too_rare,,,
7753,0.0023806856374635893,,too_rare,,,
7754,5.601613264620211e-05,,too_rare,,,
7755,0.0,,too_rare,,,
7756,0.0,,too_rare,,,
7757,0.0,,too_rare,,,
7758,0.0,,too_rare,,,
7760,0.0,,too_rare,,,
7761,2.8008066323101054e-05,,too_rare,,,
7762,0.001092314586600941,,too_rare,,,
7763,0.0,,too_rare,,,
7764,0.00014004033161550526,,too_rare,,,
7765,0.0,,too_rare,,,
7766,0.0,,too_rare,,,
7767,2.8008066323101054e-05,,too_rare,,,
7768,0.0,,too_rare,,,
7769,2.8008066323101054e-05,,too_rare,,,
7770,0.0,,too_rare,,,
7771,2.8008066323101054e-05,,too_rare,,,
7772,0.0,,too_rare,,,
7773,0.0,,too_rare,,,
7774,2.8008066323101054e-05,,too_rare,,,
7775,0.0,,too_rare,,,
7776,2.8008066323101054e-05,,too_rare,,,
7777,0.0,,too_rare,,,
7778,0.0,,too_rare,,,
7779,0.0,,too_rare,,,
7780,0.0,,too_rare,,,
7781,0.0,,too_rare,,,
7782,0.0,,too_rare,,,
7783,0.0,,too_rare,,,
7784,0.0,,too_rare,,,
7785,5.601613264620211e-05,,too_rare,,,
7786,0.0,,too_rare,,,
7787,0.0,,too_rare,,,
7788,5.601613264620211e-05,,too_rare,,,
7789,0.0,,too_rare,,,
7790,5.601613264620211e-05,,too_rare,,,
7791,0.0,,too_rare,,,
7792,2.8008066323101054e-05,,too_rare,,,
7793,0.0,,too_rare,,,
7794,5.601613264620211e-05,,too_rare,,,
7795,0.0,,too_rare,,,
7796,0.0,,too_rare,,,
7797,0.0,,too_rare,,,
7798,2.8008066323101054e-05,,too_rare,,,
7799,0.0,,too_rare,,,
7800,0.0,,too_rare,,,
7801,0.0,,too_rare,,,
7802,0.0,,too_rare,,,
7803,0.0,,too_rare,,,
7804,0.0,,too_rare,,,
7805,0.0,,too_rare,,,
7806,0.0,,too_rare,,,
7807,0.0,,too_rare,,,
7808,5.601613264620211e-05,,too_rare,,,
7809,0.0,,too_rare,,,
7810,0.0,,too_rare,,,
7811,0.0,,too_rare,,,
7812,0.0,,too_rare,,,
7813,0.0,,too_rare,,,
7814,0.0,,too_rare,,,
7815,0.0,,too_rare,,,
7816,0.0,,too_rare,,,
7817,0.0,,too_rare,,,
7818,2.8008066323101054e-05,,too_rare,,,
7819,0.00011203226529240422,,too_rare,,,
7820,0.0,,too_rare,,,
7821,0.002044588841586377,,too_rare,,,
7822,0.0,,too_rare,,,
7823,0.0,,too_rare,,,
7824,0.004901411606542685,,too_rare,,,
7825,0.0,,too_rare,,,
7826,0.0,,too_rare,,,
7827,0.0,,too_rare,,,
7828,0.0,,too_rare,,,
7829,2.8008066323101054e-05,,too_rare,,,
7830,0.0,,too_rare,,,
7831,0.0,,too_rare,,,
7832,0.0,,too_rare,,,
7833,0.00011203226529240422,,too_rare,,,
7834,0.0,,too_rare,,,
7835,0.0,,too_rare,,,
7836,5.601613264620211e-05,,too_rare,,,
7837,0.0,,too_rare,,,
7838,0.0,,too_rare,,,
7839,8.402419896930316e-05,,too_rare,,,
7840,0.0,,too_rare,,,
7841,0.0,,too_rare,,,
7842,0.0,,too_rare,,,
7843,0.0,,too_rare,,,
7844,0.0012323549182164464,,too_rare,,,
7845,0.0,,too_rare,,,
7846,0.0,,too_rare,,,
7847,0.0,,too_rare,,,
7848,0.0,,too_rare,,,
7849,0.0,,too_rare,,,
7850,0.0,,too_rare,,,
7851,0.0,,too_rare,,,
7852,0.0,,too_rare,,,
7853,0.0003080887295541116,,too_rare,,,
7854,0.0,,too_rare,,,
7855,0.0,,too_rare,,,
7856,0.0,,too_rare,,,
7857,0.0,,too_rare,,,
7858,0.0,,too_rare,,,
7859,0.0,,too_rare,,,
7860,0.0,,too_rare,,,
7861,2.8008066323101054e-05,,too_rare,,,
7862,0.0,,too_rare,,,
7863,0.00011203226529240422,,too_rare,,,
7864,0.0,,too_rare,,,
7865,0.0,,too_rare,,,
7866,0.0,,too_rare,,,
7867,0.0,,too_rare,,,
7868,0.0,,too_rare,,,
7869,0.0,,too_rare,,,
7870,0.0,,too_rare,,,
7871,0.0,,too_rare,,,
7872,0.0,,too_rare,,,
7873,0.0,,too_rare,,,
7874,0.0,,too_rare,,,
7875,0.0,,too_rare,,,
7876,0.0,,too_rare,,,
7877,0.000504145193815819,,too_rare,,,
7878,2.8008066323101054e-05,,too_rare,,,
7879,0.0,,too_rare,,,
7880,0.0,,too_rare,,,
7881,0.0,,too_rare,,,
7882,0.0,,too_rare,,,
7883,0.0,,too_rare,,,
7885,0.0,,too_rare,,,
7886,0.0,,too_rare,,,
7887,0.0,,too_rare,,,
7888,0.0,,too_rare,,,
7889,0.0,,too_rare,,,
7890,0.0,,too_rare,,,
7891,0.0,,too_rare,,,
7892,0.004285234147434461,,too_rare,,,
7893,0.0,,too_rare,,,
7894,0.0,,too_rare,,,
7895,0.0,,too_rare,,,
7896,0.0,,too_rare,,,
7897,0.00014004033161550526,,too_rare,,,
7898,2.8008066323101054e-05,,too_rare,,,
7899,0.0,,too_rare,,,
7900,0.0,,too_rare,,,
7901,0.001120322652924042,,too_rare,,,
7902,5.601613264620211e-05,,too_rare,,,
7903,0.0,,too_rare,,,
7904,0.0,,too_rare,,,
7905,0.0,,too_rare,,,
7906,0.0,,too_rare,,,
7907,0.0,,too_rare,,,
7908,0.0,,too_rare,,,
7909,0.0,,too_rare,,,
7910,0.0,,too_rare,,,
7911,0.0,,too_rare,,,
7912,0.00014004033161550526,,too_rare,,,
7913,0.0,,too_rare,,,
7914,0.0,,too_rare,,,
7915,0.0,,too_rare,,,
7916,2.8008066323101054e-05,,too_rare,,,
7917,0.0,,too_rare,,,
7918,0.0,,too_rare,,,
7919,0.0,,too_rare,,,
7920,0.0,,too_rare,,,
7921,0.0,,too_rare,,,
7922,0.0013723952498319516,,too_rare,,,
7923,0.0,,too_rare,,,
7924,0.0,,too_rare,,,
7925,0.0,,too_rare,,,
7926,0.0,,too_rare,,,
7927,0.0,,too_rare,,,
7928,0.0,,too_rare,,,
7929,0.0,,too_rare,,,
7930,0.0,,too_rare,,,
7931,0.0,,too_rare,,,
7932,0.0,,too_rare,,,
7933,0.0,,too_rare,,,
7934,5.601613264620211e-05,,too_rare,,,
7935,0.0,,too_rare,,,
7936,8.402419896930316e-05,,too_rare,,,
7937,0.0007282097244006273,,too_rare,,,
7938,5.601613264620211e-05,,too_rare,,,
7939,0.0,,too_rare,,,
7940,0.0,,too_rare,,,
7941,0.0,,too_rare,,,
7942,0.0,,too_rare,,,
7943,0.0,,too_rare,,,
7944,2.8008066323101054e-05,,too_rare,,,
7945,2.8008066323101054e-05,,too_rare,,,
7946,0.0,,too_rare,,,
7947,0.0,,too_rare,,,
7948,0.0,,too_rare,,,
7949,0.0,,too_rare,,,
7950,2.8008066323101054e-05,,too_rare,,,
7951,0.0,,too_rare,,,
7952,0.0,,too_rare,,,
7953,0.0,,too_rare,,,
7954,0.0,,too_rare,,,
7955,2.8008066323101054e-05,,too_rare,,,
7956,0.0,,too_rare,,,
7957,0.0,,too_rare,,,
7958,0.0,,too_rare,,,
7959,0.0,,too_rare,,,
7960,0.0,,too_rare,,,
7961,0.0,,too_rare,,,
7962,8.402419896930316e-05,,too_rare,,,
7963,0.00039211292852341475,,too_rare,,,
7964,0.0,,too_rare,,,
7965,0.0,,too_rare,,,
7966,0.0,,too_rare,,,
7967,2.8008066323101054e-05,,too_rare,,,
7968,0.0,,too_rare,,,
7969,0.0,,too_rare,,,
7970,0.0,,too_rare,,,
7971,0.0,,too_rare,,,
7972,0.0,,too_rare,,,
7973,0.0,,too_rare,,,
7974,0.0,,too_rare,,,
7975,2.8008066323101054e-05,,too_rare,,,
7976,0.0,,too_rare,,,
7977,0.00372507282097244,,too_rare,,,
7978,0.00019605646426170737,,too_rare,,,
7979,2.8008066323101054e-05,,too_rare,,,
7980,2.8008066323101054e-05,,too_rare,,,
7981,0.0,,too_rare,,,
7982,0.0,,too_rare,,,
7983,0.0,,too_rare,,,
7984,0.0,,too_rare,,,
7985,0.0,,too_rare,,,
7986,0.0,,too_rare,,,
7987,0.0,,too_rare,,,
7988,0.0,,too_rare,,,
7989,0.0,,too_rare,,,
7990,0.0,,too_rare,,,
7991,2.8008066323101054e-05,,too_rare,,,
7992,0.0,,too_rare,,,
7993,5.601613264620211e-05,,too_rare,,,
7994,0.0,,too_rare,,,
7995,2.8008066323101054e-05,,too_rare,,,
7996,2.8008066323101054e-05,,too_rare,,,
7997,0.0,,too_rare,,,
7998,0.0,,too_rare,,,
7999,0.00011203226529240422,,too_rare,,,
8000,2.8008066323101054e-05,,too_rare,,,
8001,0.0,,too_rare,,,
8002,0.0,,too_rare,,,
8003,2.8008066323101054e-05,,too_rare,,,
8004,2.8008066323101054e-05,,too_rare,,,
8005,0.0,,too_rare,,,
8006,0.0,,too_rare,,,
8007,0.0,,too_rare,,,
8008,0.0,,too_rare,,,
8009,0.0,,too_rare,,,
8010,0.0,,too_rare,,,
8011,0.0,,too_rare,,,
8012,0.0,,too_rare,,,
8013,2.8008066323101054e-05,,too_rare,,,
8014,0.0,,too_rare,,,
8015,2.8008066323101054e-05,,too_rare,,,
8016,0.0,,too_rare,,,
8017,0.0,,too_rare,,,
8018,0.0,,too_rare,,,
8019,0.0,,too_rare,,,
8020,0.0,,too_rare,,,
8021,0.0,,too_rare,,,
8022,8.402419896930316e-05,,too_rare,,,
8023,0.0,,too_rare,,,
8025,0.0,,too_rare,,,
8027,0.0,,too_rare,,,
8028,0.0,,too_rare,,,
8029,0.002744790499663903,,too_rare,,,
8030,0.0,,too_rare,,,
8031,0.0,,too_rare,,,
8032,0.0,,too_rare,,,
8033,0.0,,too_rare,,,
8034,0.0,,too_rare,,,
8035,0.0,,too_rare,,,
8036,0.0,,too_rare,,,
8037,0.0,,too_rare,,,
8038,0.0,,too_rare,,,
8039,0.0,,too_rare,,,
8040,2.8008066323101054e-05,,too_rare,,,
8041,0.0,,too_rare,,,
8042,0.0,,too_rare,,,
8043,0.0,,too_rare,,,
8044,0.0,,too_rare,,,
8045,0.00106430652027784,,too_rare,,,
8046,0.0,,too_rare,,,
8047,0.0,,too_rare,,,
8048,0.0002520725969079095,,too_rare,,,
8050,0.0,,too_rare,,,
8051,0.0,,too_rare,,,
8052,2.8008066323101054e-05,,too_rare,,,
8053,0.0,,too_rare,,,
8054,0.0,,too_rare,,,
8057,2.8008066323101054e-05,,too_rare,,,
8058,0.0,,too_rare,,,
8060,0.0,,too_rare,,,
8061,0.0,,too_rare,,,
8062,0.0,,too_rare,,,
8063,0.0,,too_rare,,,
8064,0.0,,too_rare,,,
8065,0.0,,too_rare,,,
8066,5.601613264620211e-05,,too_rare,,,
8067,0.0,,too_rare,,,
8068,0.0,,too_rare,,,
8069,0.0,,too_rare,,,
8070,0.0,,too_rare,,,
8071,8.402419896930316e-05,,too_rare,,,
8072,5.601613264620211e-05,,too_rare,,,
8073,0.0,,too_rare,,,
8074,2.8008066323101054e-05,,too_rare,,,
8075,0.0,,too_rare,,,
8076,2.8008066323101054e-05,,too_rare,,,
8077,0.0,,too_rare,,,
8079,0.0,,too_rare,,,
8080,0.0,,too_rare,,,
8081,0.0008682500560161327,,too_rare,,,
8082,2.8008066323101054e-05,,too_rare,,,
8083,0.0,,too_rare,,,
8084,2.8008066323101054e-05,,too_rare,,,
8085,0.0,,too_rare,,,
8086,0.0,,too_rare,,,
8087,0.0,,too_rare,,,
8088,2.8008066323101054e-05,,too_rare,,,
8089,0.0,,too_rare,,,
8090,0.0,,too_rare,,,
8091,2.8008066323101054e-05,,too_rare,,,
8092,0.0,,too_rare,,,
8093,0.0,,too_rare,,,
8094,0.0,,too_rare,,,
8095,0.0,,too_rare,,,
8096,0.0,,too_rare,,,
8097,0.0,,too_rare,,,
8098,0.0,,too_rare,,,
8099,2.8008066323101054e-05,,too_rare,,,
8100,0.0,,too_rare,,,
8101,0.0,,too_rare,,,
8102,0.0,,too_rare,,,
8103,0.0,,too_rare,,,
8104,0.0,,too_rare,,,
8105,0.0,,too_rare,,,
8106,0.0,,too_rare,,,
8107,0.0,,too_rare,,,
8108,2.8008066323101054e-05,,too_rare,,,
8109,0.0008122339233699305,,too_rare,,,
8110,5.601613264620211e-05,,too_rare,,,
8111,2.8008066323101054e-05,,too_rare,,,
8112,0.0,,too_rare,,,
8113,0.0,,too_rare,,,
8114,2.8008066323101054e-05,,too_rare,,,
8115,0.0,,too_rare,,,
8116,0.0,,too_rare,,,
8117,2.8008066323101054e-05,,too_rare,,,
8118,0.0,,too_rare,,,
8119,0.0,,too_rare,,,
8120,5.601613264620211e-05,,too_rare,,,
8121,0.0,,too_rare,,,
8122,0.0,,too_rare,,,
8123,0.0,,too_rare,,,
8124,0.0,,too_rare,,,
8125,0.0,,too_rare,,,
8126,0.0,,too_rare,,,
8127,0.0,,too_rare,,,
8128,0.0,,too_rare,,,
8129,0.0,,too_rare,,,
8130,0.0,,too_rare,,,
8131,0.0,,too_rare,,,
8132,0.0,,too_rare,,,
8133,0.0,,too_rare,,,
8134,0.0,,too_rare,,,
8135,0.0,,too_rare,,,
8136,0.00016804839793860632,,too_rare,,,
8137,0.0,,too_rare,,,
8138,0.0002800806632310105,,too_rare,,,
8139,2.8008066323101054e-05,,too_rare,,,
8140,0.0,,too_rare,,,
8141,0.0,,too_rare,,,
8142,0.0,,too_rare,,,
8143,0.0,,too_rare,,,
8144,0.0,,too_rare,,,
8145,0.0,,too_rare,,,
8146,0.0,,too_rare,,,
8147,0.0,,too_rare,,,
8148,0.0,,too_rare,,,
8149,0.0,,too_rare,,,
8150,0.00011203226529240422,,too_rare,,,
8151,0.0,,too_rare,,,
8152,2.8008066323101054e-05,,too_rare,,,
8154,0.0,,too_rare,,,
8155,2.8008066323101054e-05,,too_rare,,,
8156,0.0,,too_rare,,,
8157,0.0,,too_rare,,,
8158,0.0,,too_rare,,,
8159,0.0,,too_rare,,,
8160,0.00022406453058480843,,too_rare,,,
8161,0.0,,too_rare,,,
8162,0.0,,too_rare,,,
8163,0.0,,too_rare,,,
8164,0.0,,too_rare,,,
8165,0.0,,too_rare,,,
8166,0.0,,too_rare,,,
8167,0.0,,too_rare,,,
8168,0.0,,too_rare,,,
8169,0.0,,too_rare,,,
8170,0.0,,too_rare,,,
8171,0.0,,too_rare,,,
8172,5.601613264620211e-05,,too_rare,,,
8173,0.0,,too_rare,,,
8174,0.0,,too_rare,,,
8175,0.0,,too_rare,,,
8176,0.0,,too_rare,,,
8177,0.0,,too_rare,,,
8178,0.0,,too_rare,,,
8179,8.402419896930316e-05,,too_rare,,,
8180,0.0,,too_rare,,,
8181,5.601613264620211e-05,,too_rare,,,
8182,0.0,,too_rare,,,
8183,0.0,,too_rare,,,
8184,0.0,,too_rare,,,
8186,0.0,,too_rare,,,
8187,0.0,,too_rare,,,
8188,0.0,,too_rare,,,
8189,0.0,,too_rare,,,
8190,0.0,,too_rare,,,
8191,0.0,,too_rare,,,
8192,0.00014004033161550526,,too_rare,,,
8193,5.601613264620211e-05,,too_rare,,,
8194,0.0,,too_rare,,,
8195,0.0,,too_rare,,,
8196,0.0,,too_rare,,,
8197,5.601613264620211e-05,,too_rare,,,
8198,0.0,,too_rare,,,
8199,2.8008066323101054e-05,,too_rare,,,
8200,0.001484427515124356,,too_rare,,,
8201,0.0,,too_rare,,,
8202,0.0,,too_rare,,,
8203,0.0,,too_rare,,,
8204,0.0,,too_rare,,,
8205,2.8008066323101054e-05,,too_rare,,,
8206,2.8008066323101054e-05,,too_rare,,,
8207,0.0,,too_rare,,,
8208,0.0,,too_rare,,,
8209,0.0,,too_rare,,,
8210,0.0,,too_rare,,,
8211,0.0,,too_rare,,,
8212,0.00014004033161550526,,too_rare,,,
8213,0.0,,too_rare,,,
8214,2.8008066323101054e-05,,too_rare,,,
8215,0.0,,too_rare,,,
8216,0.0,,too_rare,,,
8217,0.0,,too_rare,,,
8218,0.0,,too_rare,,,
8219,0.0,,too_rare,,,
8220,0.0,,too_rare,,,
8221,0.0,,too_rare,,,
8222,0.0,,too_rare,,,
8223,0.001624467846739861,,too_rare,,,
8224,0.0,,too_rare,,,
8225,0.0,,too_rare,,,
8226,0.0,,too_rare,,,
8227,0.0,,too_rare,,,
8228,0.0,,too_rare,,,
8229,0.0,,too_rare,,,
8230,2.8008066323101054e-05,,too_rare,,,
8231,0.0,,too_rare,,,
8232,0.0017925162446784674,,too_rare,,,
8233,0.0,,too_rare,,,
8234,0.00019605646426170737,,too_rare,,,
8235,0.0,,too_rare,,,
8236,0.0,,too_rare,,,
8237,0.0,,too_rare,,,
8238,0.0,,too_rare,,,
8239,0.0,,too_rare,,,
8240,0.0,,too_rare,,,
8241,0.0012883710508626485,,too_rare,,,
8242,2.8008066323101054e-05,,too_rare,,,
8243,0.0,,too_rare,,,
8244,0.0,,too_rare,,,
8245,0.0,,too_rare,,,
8247,0.0,,too_rare,,,
8248,0.0,,too_rare,,,
8249,0.0,,too_rare,,,
8250,0.0,,too_rare,,,
8251,0.0,,too_rare,,,
8252,2.8008066323101054e-05,,too_rare,,,
8253,2.8008066323101054e-05,,too_rare,,,
8254,0.0,,too_rare,,,
8255,2.8008066323101054e-05,,too_rare,,,
8256,0.0,,too_rare,,,
8257,0.0,,too_rare,,,
8258,2.8008066323101054e-05,,too_rare,,,
8259,0.0,,too_rare,,,
8260,0.0,,too_rare,,,
8261,0.0,,too_rare,,,
8262,0.0,,too_rare,,,
8263,2.8008066323101054e-05,,too_rare,,,
8264,0.00011203226529240422,,too_rare,,,
8265,2.8008066323101054e-05,,too_rare,,,
8266,0.0,,too_rare,,,
8267,0.0,,too_rare,,,
8268,0.003697064754649339,,too_rare,,,
8269,0.00014004033161550526,,too_rare,,,
8270,0.0,,too_rare,,,
8271,2.8008066323101054e-05,,too_rare,,,
8272,0.0,,too_rare,,,
8273,0.0,,too_rare,,,
8274,0.00053215326013892,,too_rare,,,
8275,0.0,,too_rare,,,
8276,0.00033609679587721263,,too_rare,,,
8277,0.0,,too_rare,,,
8278,2.8008066323101054e-05,,too_rare,,,
8279,0.0,,too_rare,,,
8280,0.0,,too_rare,,,
8282,0.0,,too_rare,,,
8283,0.0,,too_rare,,,
8284,0.00036410486220031366,,too_rare,,,
8285,0.0,,too_rare,,,
8286,0.0,,too_rare,,,
8287,0.0,,too_rare,,,
8288,0.0,,too_rare,,,
8289,0.0,,too_rare,,,
8290,0.0,,too_rare,,,
8291,0.00014004033161550526,,too_rare,,,
8292,0.00011203226529240422,,too_rare,,,
8294,2.8008066323101054e-05,,too_rare,,,
8295,2.8008066323101054e-05,,too_rare,,,
8296,0.0,,too_rare,,,
8297,0.0,,too_rare,,,
8298,0.0,,too_rare,,,
8299,0.0,,too_rare,,,
8300,0.0004761371274927179,,too_rare,,,
8301,5.601613264620211e-05,,too_rare,,,
8302,2.8008066323101054e-05,,too_rare,,,
8303,0.00212861304055568,,too_rare,,,
8304,0.0,,too_rare,,,
8305,2.8008066323101054e-05,,too_rare,,,
8306,0.0,,too_rare,,,
8307,0.0,,too_rare,,,
8309,0.0,,too_rare,,,
8310,0.0,,too_rare,,,
8311,0.0,,too_rare,,,
8312,0.001540443647770558,,too_rare,,,
8313,0.0,,too_rare,,,
8314,8.402419896930316e-05,,too_rare,,,
8315,0.0,,too_rare,,,
8316,0.0,,too_rare,,,
8317,0.0,,too_rare,,,
8318,0.0,,too_rare,,,
8319,0.00011203226529240422,,too_rare,,,
8320,0.0,,too_rare,,,
8321,0.0,,too_rare,,,
8322,0.0,,too_rare,,,
8323,0.0,,too_rare,,,
8324,2.8008066323101054e-05,,too_rare,,,
8325,0.0,,too_rare,,,
8326,0.0,,too_rare,,,
8327,2.8008066323101054e-05,,too_rare,,,
8328,0.0,,too_rare,,,
8329,0.0,,too_rare,,,
8330,0.0,,too_rare,,,
8331,2.8008066323101054e-05,,too_rare,,,
8332,2.8008066323101054e-05,,too_rare,,,
8333,0.0008122339233699305,,too_rare,,,
8334,0.0,,too_rare,,,
8335,0.0,,too_rare,,,
8336,0.0,,too_rare,,,
8337,0.0,,too_rare,,,
8338,2.8008066323101054e-05,,too_rare,,,
8339,0.0,,too_rare,,,
8340,0.0,,too_rare,,,
8341,2.8008066323101054e-05,,too_rare,,,
8342,0.0,,too_rare,,,
8343,0.0,,too_rare,,,
8344,0.0,,too_rare,,,
8345,0.0,,too_rare,,,
8346,0.0,,too_rare,,,
8347,0.0,,too_rare,,,
8348,5.601613264620211e-05,,too_rare,,,
8349,0.0,,too_rare,,,
8350,0.0,,too_rare,,,
8351,0.0,,too_rare,,,
8352,0.0,,too_rare,,,
8353,0.0,,too_rare,,,
8354,0.0,,too_rare,,,
8355,0.005629621330943311,,too_rare,,,
8356,0.0,,too_rare,,,
8357,2.8008066323101054e-05,,too_rare,,,
8358,0.0,,too_rare,,,
8359,0.0,,too_rare,,,
8360,0.0,,too_rare,,,
8362,2.8008066323101054e-05,,too_rare,,,
8363,0.0,,too_rare,,,
8364,0.0,,too_rare,,,
8365,0.0,,too_rare,,,
8366,2.8008066323101054e-05,,too_rare,,,
8367,0.0,,too_rare,,,
8368,0.0,,too_rare,,,
8369,0.0,,too_rare,,,
8370,0.00019605646426170737,,too_rare,,,
8371,2.8008066323101054e-05,,too_rare,,,
8372,0.0,,too_rare,,,
8373,0.0,,too_rare,,,
8374,0.0,,too_rare,,,
8375,0.0,,too_rare,,,
8376,0.0,,too_rare,,,
8378,0.0,,too_rare,,,
8379,0.0,,too_rare,,,
8380,0.0,,too_rare,,,
8381,0.0,,too_rare,,,
8382,0.0,,too_rare,,,
8383,5.601613264620211e-05,,too_rare,,,
8384,0.0,,too_rare,,,
8385,0.0,,too_rare,,,
8386,0.0,,too_rare,,,
8387,0.0,,too_rare,,,
8388,0.00044812906116961686,,too_rare,,,
8389,2.8008066323101054e-05,,too_rare,,,
8390,0.0,,too_rare,,,
8391,0.0,,too_rare,,,
8392,0.0,,too_rare,,,
8393,0.0,,too_rare,,,
8394,5.601613264620211e-05,,too_rare,,,
8395,0.0,,too_rare,,,
8396,2.8008066323101054e-05,,too_rare,,,
8397,0.0,,too_rare,,,
8398,0.0,,too_rare,,,
8399,0.0,,too_rare,,,
8400,0.0,,too_rare,,,
8401,0.0,,too_rare,,,
8402,0.0,,too_rare,,,
8403,0.0,,too_rare,,,
8404,0.0,,too_rare,,,
8405,0.0,,too_rare,,,
8406,0.0,,too_rare,,,
8407,0.00033609679587721263,,too_rare,,,
8408,0.0,,too_rare,,,
8409,0.0,,too_rare,,,
8410,0.0,,too_rare,,,
8411,2.8008066323101054e-05,,too_rare,,,
8412,0.00011203226529240422,,too_rare,,,
8413,0.0,,too_rare,,,
8414,0.0,,too_rare,,,
8415,0.0,,too_rare,,,
8416,0.0,,too_rare,,,
8417,0.0,,too_rare,,,
8418,0.0,,too_rare,,,
8419,0.0,,too_rare,,,
8420,2.8008066323101054e-05,,too_rare,,,
8421,0.0,,too_rare,,,
8422,0.0003080887295541116,,too_rare,,,
8423,0.00011203226529240422,,too_rare,,,
8424,0.0,,too_rare,,,
8425,0.0,,too_rare,,,
8426,2.8008066323101054e-05,,too_rare,,,
8427,0.0,,too_rare,,,
8428,0.0,,too_rare,,,
8429,0.0,,too_rare,,,
8430,0.0,,too_rare,,,
8431,0.0,,too_rare,,,
8432,0.00016804839793860632,,too_rare,,,
8433,0.0,,too_rare,,,
8434,0.0,,too_rare,,,
8435,0.0,,too_rare,,,
8436,2.8008066323101054e-05,,too_rare,,,
8437,0.0,,too_rare,,,
8438,0.0,,too_rare,,,
8439,0.0,,too_rare,,,
8440,0.0007282097244006273,,too_rare,,,
8441,0.0,,too_rare,,,
8442,0.0,,too_rare,,,
8443,0.0,,too_rare,,,
8444,0.0,,too_rare,,,
8445,0.0,,too_rare,,,
8446,0.0,,too_rare,,,
8447,0.0,,too_rare,,,
8448,0.0,,too_rare,,,
8449,0.0,,too_rare,,,
8450,0.0,,too_rare,,,
8451,0.0,,too_rare,,,
8452,0.0,,too_rare,,,
8453,2.8008066323101054e-05,,too_rare,,,
8454,0.0,,too_rare,,,
8455,2.8008066323101054e-05,,too_rare,,,
8456,0.0,,too_rare,,,
8457,2.8008066323101054e-05,,too_rare,,,
8458,0.0,,too_rare,,,
8459,0.0,,too_rare,,,
8460,0.0,,too_rare,,,
8461,0.00033609679587721263,,too_rare,,,
8462,2.8008066323101054e-05,,too_rare,,,
8463,0.0,,too_rare,,,
8464,0.0,,too_rare,,,
8465,0.0012323549182164464,,too_rare,,,
8466,0.0,,too_rare,,,
8467,2.8008066323101054e-05,,too_rare,,,
8468,0.0,,too_rare,,,
8469,0.0,,too_rare,,,
8470,0.0,,too_rare,,,
8471,0.0007282097244006273,,too_rare,,,
8472,0.0,,too_rare,,,
8473,0.0,,too_rare,,,
8474,0.0,,too_rare,,,
8475,0.0,,too_rare,,,
8476,2.8008066323101054e-05,,too_rare,,,
8477,0.0,,too_rare,,,
8478,2.8008066323101054e-05,,too_rare,,,
8479,2.8008066323101054e-05,,too_rare,,,
8480,0.0,,too_rare,,,
8481,0.0,,too_rare,,,
8482,2.8008066323101054e-05,,too_rare,,,
8483,0.0,,too_rare,,,
8484,0.0,,too_rare,,,
8485,0.0,,too_rare,,,
8486,0.0,,too_rare,,,
8487,0.0,,too_rare,,,
8489,0.0,,too_rare,,,
8490,2.8008066323101054e-05,,too_rare,,,
8491,0.0,,too_rare,,,
8492,0.0,,too_rare,,,
8493,0.0,,too_rare,,,
8494,0.0,,too_rare,,,
8495,0.0,,too_rare,,,
8496,0.0,,too_rare,,,
8497,0.0,,too_rare,,,
8498,2.8008066323101054e-05,,too_rare,,,
8499,0.0,,too_rare,,,
8500,0.0,,too_rare,,,
8501,0.0,,too_rare,,,
8502,0.0,,too_rare,,,
8503,0.0,,too_rare,,,
8504,0.0,,too_rare,,,
8506,0.0,,too_rare,,,
8507,0.0008122339233699305,,too_rare,,,
8508,0.0,,too_rare,,,
8509,0.0,,too_rare,,,
8510,0.0,,too_rare,,,
8512,2.8008066323101054e-05,,too_rare,,,
8513,0.0,,too_rare,,,
8514,0.0,,too_rare,,,
8515,0.0,,too_rare,,,
8516,0.0,,too_rare,,,
8517,0.0,,too_rare,,,
8518,0.0,,too_rare,,,
8519,0.0,,too_rare,,,
8520,0.0,,too_rare,,,
8521,0.0,,too_rare,,,
8522,0.0,,too_rare,,,
8523,0.0,,too_rare,,,
8524,0.0,,too_rare,,,
8525,0.0,,too_rare,,,
8527,0.0,,too_rare,,,
8528,8.402419896930316e-05,,too_rare,,,
8529,2.8008066323101054e-05,,too_rare,,,
8530,0.0,,too_rare,,,
8531,0.0,,too_rare,,,
8532,0.0,,too_rare,,,
8533,0.0,,too_rare,,,
8534,0.0,,too_rare,,,
8535,0.0,,too_rare,,,
8536,2.8008066323101054e-05,,too_rare,,,
8537,0.0,,too_rare,,,
8538,0.0,,too_rare,,,
8539,2.8008066323101054e-05,,too_rare,,,
8540,0.0,,too_rare,,,
8541,0.0,,too_rare,,,
8542,0.0,,too_rare,,,
8543,0.0,,too_rare,,,
8544,2.8008066323101054e-05,,too_rare,,,
8545,0.0,,too_rare,,,
8546,0.0,,too_rare,,,
8547,0.0,,too_rare,,,
8548,2.8008066323101054e-05,,too_rare,,,
8549,0.0,,too_rare,,,
8550,0.0,,too_rare,,,
8551,0.0,,too_rare,,,
8552,0.0,,too_rare,,,
8553,2.8008066323101054e-05,,too_rare,,,
8554,5.601613264620211e-05,,too_rare,,,
8555,0.0,,too_rare,,,
8556,0.0,,too_rare,,,
8557,0.0,,too_rare,,,
8558,2.8008066323101054e-05,,too_rare,,,
8559,0.0,,too_rare,,,
8560,0.0,,too_rare,,,
8561,2.8008066323101054e-05,,too_rare,,,
8562,0.0,,too_rare,,,
8563,0.0,,too_rare,,,
8564,0.0,,too_rare,,,
8565,0.0,,too_rare,,,
8566,0.0,,too_rare,,,
8567,0.0,,too_rare,,,
8568,0.0,,too_rare,,,
8569,0.0,,too_rare,,,
8570,0.0,,too_rare,,,
8571,0.0,,too_rare,,,
8572,0.0,,too_rare,,,
8573,0.0,,too_rare,,,
8574,8.402419896930316e-05,,too_rare,,,
8575,0.0,,too_rare,,,
8576,0.0006161774591082232,,too_rare,,,
8577,0.0,,too_rare,,,
8578,0.0,,too_rare,,,
8579,0.0,,too_rare,,,
8580,0.0,,too_rare,,,
8581,0.000504145193815819,,too_rare,,,
8582,0.0,,too_rare,,,
8583,0.0,,too_rare,,,
8584,0.0,,too_rare,,,
8585,0.0,,too_rare,,,
8586,0.0,,too_rare,,,
8587,0.0,,too_rare,,,
8588,5.601613264620211e-05,,too_rare,,,
8589,0.0,,too_rare,,,
8590,0.0,,too_rare,,,
8591,2.8008066323101054e-05,,too_rare,,,
8592,0.0,,too_rare,,,
8593,0.0,,too_rare,,,
8594,0.0,,too_rare,,,
8595,0.0,,too_rare,,,
8596,0.0,,too_rare,,,
8597,0.0,,too_rare,,,
8598,2.8008066323101054e-05,,too_rare,,,
8599,0.0,,too_rare,,,
8600,2.8008066323101054e-05,,too_rare,,,
8601,0.0,,too_rare,,,
8602,0.0,,too_rare,,,
8603,0.0,,too_rare,,,
8604,0.00016804839793860632,,too_rare,,,
8605,0.0,,too_rare,,,
8606,0.0,,too_rare,,,
8607,0.0,,too_rare,,,
8608,0.0,,too_rare,,,
8609,0.0,,too_rare,,,
8610,0.0009522742549854358,,too_rare,,,
8611,0.00106430652027784,,too_rare,,,
8612,0.0,,too_rare,,,
8613,0.006217790723728434,,too_rare,,,
8614,0.0,,too_rare,,,
8615,2.8008066323101054e-05,,too_rare,,,
8616,0.0,,too_rare,,,
8617,0.0,,too_rare,,,
8618,0.0,,too_rare,,,
8619,2.8008066323101054e-05,,too_rare,,,
8620,8.402419896930316e-05,,too_rare,,,
8621,0.00319291956083352,,too_rare,,,
8622,0.0,,too_rare,,,
8623,0.0,,too_rare,,,
8624,0.0,,too_rare,,,
8625,2.8008066323101054e-05,,too_rare,,,
8626,0.0,,too_rare,,,
8627,0.0,,too_rare,,,
8628,2.8008066323101054e-05,,too_rare,,,
8629,0.0,,too_rare,,,
8630,5.601613264620211e-05,,too_rare,,,
8631,2.8008066323101054e-05,,too_rare,,,
8632,0.0,,too_rare,,,
8633,0.0,,too_rare,,,
8634,2.8008066323101054e-05,,too_rare,,,
8635,0.0,,too_rare,,,
8636,0.0,,too_rare,,,
8637,2.8008066323101054e-05,,too_rare,,,
8638,0.001512435581447457,,too_rare,,,
8639,2.8008066323101054e-05,,too_rare,,,
8640,5.601613264620211e-05,,too_rare,,,
8641,8.402419896930316e-05,,too_rare,,,
8642,0.0,,too_rare,,,
8643,0.0,,too_rare,,,
8644,5.601613264620211e-05,,too_rare,,,
8645,0.0,,too_rare,,,
8647,2.8008066323101054e-05,,too_rare,,,
8648,0.0,,too_rare,,,
8649,0.0033609679587721262,,too_rare,,,
8650,0.0,,too_rare,,,
8651,0.0,,too_rare,,,
8653,0.0,,too_rare,,,
8654,0.0,,too_rare,,,
8655,2.8008066323101054e-05,,too_rare,,,
8656,8.402419896930316e-05,,too_rare,,,
8657,0.0,,too_rare,,,
8658,0.0,,too_rare,,,
8659,0.0,,too_rare,,,
8660,0.0,,too_rare,,,
8661,5.601613264620211e-05,,too_rare,,,
8662,2.8008066323101054e-05,,too_rare,,,
8663,0.0,,too_rare,,,
8664,0.0,,too_rare,,,
8665,0.0,,too_rare,,,
8666,0.0,,too_rare,,,
8667,8.402419896930316e-05,,too_rare,,,
8668,8.402419896930316e-05,,too_rare,,,
8669,5.601613264620211e-05,,too_rare,,,
8670,0.0,,too_rare,,,
8671,0.00033609679587721263,,too_rare,,,
8672,0.0,,too_rare,,,
8673,0.0,,too_rare,,,
8674,0.0,,too_rare,,,
8675,2.8008066323101054e-05,,too_rare,,,
8676,0.0,,too_rare,,,
8677,0.0,,too_rare,,,
8678,2.8008066323101054e-05,,too_rare,,,
8679,0.0,,too_rare,,,
8680,0.0,,too_rare,,,
8681,0.0,,too_rare,,,
8682,0.0,,too_rare,,,
8683,2.8008066323101054e-05,,too_rare,,,
8684,0.0,,too_rare,,,
8685,0.0,,too_rare,,,
8686,0.0,,too_rare,,,
8687,0.0,,too_rare,,,
8688,0.0,,too_rare,,,
8689,0.0,,too_rare,,,
8690,2.8008066323101054e-05,,too_rare,,,
8691,0.0,,too_rare,,,
8692,2.8008066323101054e-05,,too_rare,,,
8693,8.402419896930316e-05,,too_rare,,,
8694,5.601613264620211e-05,,too_rare,,,
8695,0.0,,too_rare,,,
8696,0.0,,too_rare,,,
8697,2.8008066323101054e-05,,too_rare,,,
8698,0.0,,too_rare,,,
8699,0.0,,too_rare,,,
8700,0.0057136455299126145,,too_rare,,,
8701,0.0,,too_rare,,,
8702,0.0,,too_rare,,,
8703,0.0,,too_rare,,,
8704,0.0,,too_rare,,,
8705,0.0,,too_rare,,,
8706,0.0,,too_rare,,,
8707,0.0,,too_rare,,,
8708,0.0,,too_rare,,,
8709,0.0,,too_rare,,,
8710,0.0,,too_rare,,,
8711,2.8008066323101054e-05,,too_rare,,,
8712,0.0,,too_rare,,,
8713,2.8008066323101054e-05,,too_rare,,,
8714,0.0,,too_rare,,,
8715,2.8008066323101054e-05,,too_rare,,,
8716,0.0,,too_rare,,,
8717,0.0,,too_rare,,,
8718,0.0,,too_rare,,,
8719,0.0,,too_rare,,,
8720,0.0,,too_rare,,,
8721,0.0,,too_rare,,,
8722,0.0,,too_rare,,,
8723,0.0,,too_rare,,,
8724,0.0,,too_rare,,,
8725,0.0,,too_rare,,,
8726,0.0,,too_rare,,,
8727,0.0002520725969079095,,too_rare,,,
8728,0.0,,too_rare,,,
8729,0.0,,too_rare,,,
8730,0.0,,too_rare,,,
8731,5.601613264620211e-05,,too_rare,,,
8732,0.0,,too_rare,,,
8733,0.0,,too_rare,,,
8734,0.0,,too_rare,,,
8735,0.0,,too_rare,,,
8736,0.0,,too_rare,,,
8737,0.0,,too_rare,,,
8738,0.002576742101725297,,too_rare,,,
8739,0.0,,too_rare,,,
8740,0.0,,too_rare,,,
8741,0.0,,too_rare,,,
8742,0.0,,too_rare,,,
8743,0.0,,too_rare,,,
8744,0.0,,too_rare,,,
8745,0.000504145193815819,,too_rare,,,
8746,2.8008066323101054e-05,,too_rare,,,
8747,0.0,,too_rare,,,
8748,0.0,,too_rare,,,
8749,0.0,,too_rare,,,
8750,0.00033609679587721263,,too_rare,,,
8751,0.0,,too_rare,,,
8752,0.0,,too_rare,,,
8753,0.0,,too_rare,,,
8754,0.00011203226529240422,,too_rare,,,
8755,2.8008066323101054e-05,,too_rare,,,
8756,0.0,,too_rare,,,
8758,0.0,,too_rare,,,
8759,0.0,,too_rare,,,
8760,2.8008066323101054e-05,,too_rare,,,
8761,0.0,,too_rare,,,
8762,2.8008066323101054e-05,,too_rare,,,
8763,0.0,,too_rare,,,
8764,0.0,,too_rare,,,
8765,0.0,,too_rare,,,
8766,0.0,,too_rare,,,
8767,5.601613264620211e-05,,too_rare,,,
8768,0.0,,too_rare,,,
8769,2.8008066323101054e-05,,too_rare,,,
8770,0.0,,too_rare,,,
8771,0.0,,too_rare,,,
8772,0.0,,too_rare,,,
8773,5.601613264620211e-05,,too_rare,,,
8774,0.0,,too_rare,,,
8775,0.0,,too_rare,,,
8776,0.0,,too_rare,,,
8777,0.0,,too_rare,,,
8778,0.0,,too_rare,,,
8779,0.0,,too_rare,,,
8780,2.8008066323101054e-05,,too_rare,,,
8781,0.0,,too_rare,,,
8782,0.0,,too_rare,,,
8783,0.0,,too_rare,,,
8784,0.0,,too_rare,,,
8785,0.0,,too_rare,,,
8786,0.0,,too_rare,,,
8787,0.0,,too_rare,,,
8788,0.0,,too_rare,,,
8789,0.0,,too_rare,,,
8790,0.0,,too_rare,,,
8791,0.0,,too_rare,,,
8792,2.8008066323101054e-05,,too_rare,,,
8793,0.0,,too_rare,,,
8794,0.0,,too_rare,,,
8795,0.0,,too_rare,,,
8797,0.0,,too_rare,,,
8798,0.0,,too_rare,,,
8799,0.0,,too_rare,,,
8800,0.0,,too_rare,,,
8801,0.0,,too_rare,,,
8802,0.0,,too_rare,,,
8803,0.0,,too_rare,,,
8804,0.0,,too_rare,,,
8805,0.00044812906116961686,,too_rare,,,
8806,2.8008066323101054e-05,,too_rare,,,
8807,8.402419896930316e-05,,too_rare,,,
8808,0.0,,too_rare,,,
8809,0.0,,too_rare,,,
8810,0.0,,too_rare,,,
8811,0.0,,too_rare,,,
8812,0.0,,too_rare,,,
8813,0.0,,too_rare,,,
8814,2.8008066323101054e-05,,too_rare,,,
8815,0.0,,too_rare,,,
8816,0.0,,too_rare,,,
8817,0.001960564642617074,,too_rare,,,
8818,0.0,,too_rare,,,
8819,0.0,,too_rare,,,
8820,0.0,,too_rare,,,
8821,0.0,,too_rare,,,
8822,0.0,,too_rare,,,
8823,2.8008066323101054e-05,,too_rare,,,
8824,0.0,,too_rare,,,
8825,0.0,,too_rare,,,
8826,2.8008066323101054e-05,,too_rare,,,
8827,0.0,,too_rare,,,
8828,0.00036410486220031366,,too_rare,,,
8829,0.0,,too_rare,,,
8830,0.0,,too_rare,,,
8831,0.0002520725969079095,,too_rare,,,
8832,0.0,,too_rare,,,
8833,0.00016804839793860632,,too_rare,,,
8834,0.0,,too_rare,,,
8835,0.0,,too_rare,,,
8836,0.0,,too_rare,,,
8837,2.8008066323101054e-05,,too_rare,,,
8838,0.0,,too_rare,,,
8839,2.8008066323101054e-05,,too_rare,,,
8840,0.0,,too_rare,,,
8841,0.0006441855254313242,,too_rare,,,
8842,0.0007562177907237285,,too_rare,,,
8843,0.0,,too_rare,,,
8844,0.0,,too_rare,,,
8845,0.0,,too_rare,,,
8846,0.0,,too_rare,,,
8847,2.8008066323101054e-05,,too_rare,,,
8848,0.0,,too_rare,,,
8849,0.0,,too_rare,,,
8850,8.402419896930316e-05,,too_rare,,,
8851,0.0,,too_rare,,,
8852,0.0,,too_rare,,,
8853,0.0,,too_rare,,,
8854,0.0,,too_rare,,,
8855,0.0,,too_rare,,,
8856,5.601613264620211e-05,,too_rare,,,
8857,2.8008066323101054e-05,,too_rare,,,
8858,0.0,,too_rare,,,
8859,0.0,,too_rare,,,
8861,0.0,,too_rare,,,
8862,0.0,,too_rare,,,
8863,0.0,,too_rare,,,
8864,0.0008682500560161327,,too_rare,,,
8865,0.0,,too_rare,,,
8866,0.0,,too_rare,,,
8867,5.601613264620211e-05,,too_rare,,,
8868,5.601613264620211e-05,,too_rare,,,
8869,0.0,,too_rare,,,
8870,0.0,,too_rare,,,
8871,0.0,,too_rare,,,
8872,0.0,,too_rare,,,
8873,0.0,,too_rare,,,
8874,0.0,,too_rare,,,
8875,0.00014004033161550526,,too_rare,,,
8876,0.0,,too_rare,,,
8877,0.0,,too_rare,,,
8878,2.8008066323101054e-05,,too_rare,,,
8879,0.0,,too_rare,,,
8880,0.0,,too_rare,,,
8881,0.0,,too_rare,,,
8882,2.8008066323101054e-05,,too_rare,,,
8883,0.0,,too_rare,,,
8884,0.0,,too_rare,,,
8885,0.0,,too_rare,,,
8886,0.0,,too_rare,,,
8887,0.0,,too_rare,,,
8888,0.0,,too_rare,,,
8889,0.0,,too_rare,,,
8890,0.0,,too_rare,,,
8891,0.0,,too_rare,,,
8892,0.0,,too_rare,,,
8893,0.0,,too_rare,,,
8894,2.8008066323101054e-05,,too_rare,,,
8895,0.0,,too_rare,,,
8896,2.8008066323101054e-05,,too_rare,,,
8897,2.8008066323101054e-05,,too_rare,,,
8898,0.0,,too_rare,,,
8899,0.0006721935917544253,,too_rare,,,
8900,0.0,,too_rare,,,
8901,0.0,,too_rare,,,
8902,0.0,,too_rare,,,
8903,0.0,,too_rare,,,
8904,0.0,,too_rare,,,
8905,0.0,,too_rare,,,
8906,0.002744790499663903,,too_rare,,,
8907,2.8008066323101054e-05,,too_rare,,,
8908,5.601613264620211e-05,,too_rare,,,
8909,0.0,,too_rare,,,
8910,0.0,,too_rare,,,
8911,0.0,,too_rare,,,
8912,0.0,,too_rare,,,
8913,0.0,,too_rare,,,
8914,0.0,,too_rare,,,
8915,0.0,,too_rare,,,
8916,0.0,,too_rare,,,
8917,0.0,,too_rare,,,
8918,0.0,,too_rare,,,
8919,0.0,,too_rare,,,
8920,0.0,,too_rare,,,
8921,0.0,,too_rare,,,
8922,0.0,,too_rare,,,
8923,2.8008066323101054e-05,,too_rare,,,
8924,0.0,,too_rare,,,
8925,0.0,,too_rare,,,
8926,5.601613264620211e-05,,too_rare,,,
8927,0.0,,too_rare,,,
8928,5.601613264620211e-05,,too_rare,,,
8929,0.0,,too_rare,,,
8930,0.0,,too_rare,,,
8931,2.8008066323101054e-05,,too_rare,,,
8932,0.0,,too_rare,,,
8933,0.0,,too_rare,,,
8934,2.8008066323101054e-05,,too_rare,,,
8935,0.00011203226529240422,,too_rare,,,
8936,0.0,,too_rare,,,
8937,2.8008066323101054e-05,,too_rare,,,
8938,0.0,,too_rare,,,
8939,2.8008066323101054e-05,,too_rare,,,
8940,2.8008066323101054e-05,,too_rare,,,
8941,0.0,,too_rare,,,
8942,0.0,,too_rare,,,
8943,0.0,,too_rare,,,
8944,0.0,,too_rare,,,
8945,0.0,,too_rare,,,
8946,0.0,,too_rare,,,
8947,2.8008066323101054e-05,,too_rare,,,
8948,0.0,,too_rare,,,
8949,0.0,,too_rare,,,
8950,2.8008066323101054e-05,,too_rare,,,
8951,0.0,,too_rare,,,
8952,0.0,,too_rare,,,
8953,0.0,,too_rare,,,
8954,2.8008066323101054e-05,,too_rare,,,
8955,2.8008066323101054e-05,,too_rare,,,
8956,0.00014004033161550526,,too_rare,,,
8957,0.0,,too_rare,,,
8958,0.0,,too_rare,,,
8959,0.0,,too_rare,,,
8960,0.0,,too_rare,,,
8961,0.0,,too_rare,,,
8962,0.0,,too_rare,,,
8963,0.0,,too_rare,,,
8964,0.0,,too_rare,,,
8965,5.601613264620211e-05,,too_rare,,,
8966,0.0,,too_rare,,,
8967,0.0,,too_rare,,,
8968,0.0,,too_rare,,,
8969,0.0,,too_rare,,,
8970,2.8008066323101054e-05,,too_rare,,,
8971,0.0,,too_rare,,,
8972,0.0,,too_rare,,,
8973,0.0,,too_rare,,,
8974,0.0,,too_rare,,,
8975,0.0,,too_rare,,,
8976,0.0,,too_rare,,,
8978,0.0,,too_rare,,,
8979,0.0,,too_rare,,,
8980,0.00011203226529240422,,too_rare,,,
8981,0.0,,too_rare,,,
8982,0.0,,too_rare,,,
8983,0.0,,too_rare,,,
8984,0.0,,too_rare,,,
8985,0.0,,too_rare,,,
8986,5.601613264620211e-05,,too_rare,,,
8987,0.00011203226529240422,,too_rare,,,
8988,0.0,,too_rare,,,
8989,0.0,,too_rare,,,
8990,0.0,,too_rare,,,
8991,0.0,,too_rare,,,
8992,2.8008066323101054e-05,,too_rare,,,
8993,0.0,,too_rare,,,
8994,2.8008066323101054e-05,,too_rare,,,
8995,0.0009242661886623348,,too_rare,,,
8996,0.0,,too_rare,,,
8997,0.0,,too_rare,,,
8998,8.402419896930316e-05,,too_rare,,,
8999,0.0,,too_rare,,,
9000,0.0,,too_rare,,,
9001,0.0,,too_rare,,,
9002,0.0,,too_rare,,,
9003,0.0,,too_rare,,,
9004,0.0,,too_rare,,,
9005,0.0,,too_rare,,,
9006,0.0,,too_rare,,,
9007,5.601613264620211e-05,,too_rare,,,
9008,0.006413847187990141,,too_rare,,,
9009,0.0,,too_rare,,,
9010,2.8008066323101054e-05,,too_rare,,,
9011,0.0,,too_rare,,,
9013,0.0,,too_rare,,,
9014,0.0,,too_rare,,,
9015,0.0,,too_rare,,,
9016,0.0,,too_rare,,,
9017,0.0,,too_rare,,,
9018,0.0,,too_rare,,,
9019,0.0,,too_rare,,,
9020,2.8008066323101054e-05,,too_rare,,,
9021,2.8008066323101054e-05,,too_rare,,,
9022,5.601613264620211e-05,,too_rare,,,
9023,2.8008066323101054e-05,,too_rare,,,
9024,0.0,,too_rare,,,
9025,0.0,,too_rare,,,
9026,0.0,,too_rare,,,
9027,0.0,,too_rare,,,
9028,0.0,,too_rare,,,
9029,0.0,,too_rare,,,
9030,0.0,,too_rare,,,
9031,0.0,,too_rare,,,
9032,0.0023526775711404883,,too_rare,,,
9033,0.0,,too_rare,,,
9034,0.0,,too_rare,,,
9035,0.0,,too_rare,,,
9037,0.0,,too_rare,,,
9038,0.0,,too_rare,,,
9039,0.0,,too_rare,,,
9040,0.0,,too_rare,,,
9041,0.0,,too_rare,,,
9042,0.0,,too_rare,,,
9043,0.0,,too_rare,,,
9044,0.0,,too_rare,,,
9045,2.8008066323101054e-05,,too_rare,,,
9046,0.0,,too_rare,,,
9047,0.0,,too_rare,,,
9048,0.0,,too_rare,,,
9049,0.0,,too_rare,,,
9050,0.0,,too_rare,,,
9051,0.0,,too_rare,,,
9052,0.00053215326013892,,too_rare,,,
9053,0.0,,too_rare,,,
9054,0.0,,too_rare,,,
9055,2.8008066323101054e-05,,too_rare,,,
9056,0.0005881693927851221,,too_rare,,,
9057,5.601613264620211e-05,,too_rare,,,
9058,0.0,,too_rare,,,
9059,0.0,,too_rare,,,
9060,0.0,,too_rare,,,
9061,0.0,,too_rare,,,
9062,0.0,,too_rare,,,
9063,2.8008066323101054e-05,,too_rare,,,
9064,0.0,,too_rare,,,
9065,0.002492717902755994,,too_rare,,,
9066,2.8008066323101054e-05,,too_rare,,,
9067,0.0,,too_rare,,,
9068,0.0,,too_rare,,,
9069,0.00016804839793860632,,too_rare,,,
9070,0.0,,too_rare,,,
9071,0.0,,too_rare,,,
9072,0.0,,too_rare,,,
9073,0.0,,too_rare,,,
9074,0.0,,too_rare,,,
9075,0.0,,too_rare,,,
9076,2.8008066323101054e-05,,too_rare,,,
9077,0.0,,too_rare,,,
9078,2.8008066323101054e-05,,too_rare,,,
9079,2.8008066323101054e-05,,too_rare,,,
9080,0.0,,too_rare,,,
9081,0.0,,too_rare,,,
9082,0.0018485323773246695,,too_rare,,,
9083,0.0,,too_rare,,,
9084,5.601613264620211e-05,,too_rare,,,
9085,2.8008066323101054e-05,,too_rare,,,
9086,0.0,,too_rare,,,
9087,2.8008066323101054e-05,,too_rare,,,
9088,0.0,,too_rare,,,
9089,0.0,,too_rare,,,
9090,0.0,,too_rare,,,
9091,0.0,,too_rare,,,
9092,0.0,,too_rare,,,
9093,0.0034730002240645308,,too_rare,,,
9094,0.0006441855254313242,,too_rare,,,
9095,0.0,,too_rare,,,
9096,0.0,,too_rare,,,
9097,0.0,,too_rare,,,
9098,0.00011203226529240422,,too_rare,,,
9099,0.0,,too_rare,,,
9100,0.0,,too_rare,,,
9101,0.0,,too_rare,,,
9102,0.0,,too_rare,,,
9103,0.0,,too_rare,,,
9104,0.0,,too_rare,,,
9105,0.0,,too_rare,,,
9106,0.0,,too_rare,,,
9107,0.0,,too_rare,,,
9108,0.00016804839793860632,,too_rare,,,
9109,0.0,,too_rare,,,
9110,0.0,,too_rare,,,
9111,0.0,,too_rare,,,
9112,0.00022406453058480843,,too_rare,,,
9113,2.8008066323101054e-05,,too_rare,,,
9114,0.0,,too_rare,,,
9115,2.8008066323101054e-05,,too_rare,,,
9116,0.0,,too_rare,,,
9117,8.402419896930316e-05,,too_rare,,,
9118,0.0,,too_rare,,,
9119,8.402419896930316e-05,,too_rare,,,
9120,0.0,,too_rare,,,
9121,0.0,,too_rare,,,
9122,2.8008066323101054e-05,,too_rare,,,
9123,0.0,,too_rare,,,
9124,0.0,,too_rare,,,
9125,0.00011203226529240422,,too_rare,,,
9126,2.8008066323101054e-05,,too_rare,,,
9127,0.0,,too_rare,,,
9128,0.0,,too_rare,,,
9129,2.8008066323101054e-05,,too_rare,,,
9130,0.0,,too_rare,,,
9131,5.601613264620211e-05,,too_rare,,,
9132,0.0,,too_rare,,,
9133,0.0,,too_rare,,,
9134,0.0,,too_rare,,,
9135,0.0,,too_rare,,,
9136,5.601613264620211e-05,,too_rare,,,
9137,2.8008066323101054e-05,,too_rare,,,
9138,0.0,,too_rare,,,
9139,0.0,,too_rare,,,
9140,2.8008066323101054e-05,,too_rare,,,
9141,0.0024086937037866908,,too_rare,,,
9142,2.8008066323101054e-05,,too_rare,,,
9143,0.0,,too_rare,,,
9144,2.8008066323101054e-05,,too_rare,,,
9145,0.0,,too_rare,,,
9146,0.0,,too_rare,,,
9147,0.0,,too_rare,,,
9148,0.0,,too_rare,,,
9149,0.0,,too_rare,,,
9150,2.8008066323101054e-05,,too_rare,,,
9151,2.8008066323101054e-05,,too_rare,,,
9152,0.0,,too_rare,,,
9153,0.0,,too_rare,,,
9154,0.0,,too_rare,,,
9155,0.0,,too_rare,,,
9156,0.0,,too_rare,,,
9157,0.0008682500560161327,,too_rare,,,
9158,5.601613264620211e-05,,too_rare,,,
9159,0.0,,too_rare,,,
9160,0.0,,too_rare,,,
9161,0.0,,too_rare,,,
9162,0.0,,too_rare,,,
9163,0.0,,too_rare,,,
9164,2.8008066323101054e-05,,too_rare,,,
9165,0.0,,too_rare,,,
9166,2.8008066323101054e-05,,too_rare,,,
9167,0.0,,too_rare,,,
9168,0.0,,too_rare,,,
9169,0.0,,too_rare,,,
9170,0.0,,too_rare,,,
9171,0.0,,too_rare,,,
9172,0.0,,too_rare,,,
9173,0.0,,too_rare,,,
9174,0.0,,too_rare,,,
9175,0.0,,too_rare,,,
9176,0.0,,too_rare,,,
9177,0.0,,too_rare,,,
9178,0.0,,too_rare,,,
9179,0.0,,too_rare,,,
9180,0.0,,too_rare,,,
9181,0.0,,too_rare,,,
9182,0.0,,too_rare,,,
9183,2.8008066323101054e-05,,too_rare,,,
9184,2.8008066323101054e-05,,too_rare,,,
9185,2.8008066323101054e-05,,too_rare,,,
9186,0.0,,too_rare,,,
9187,0.001036298453954739,,too_rare,,,
9188,0.0,,too_rare,,,
9189,0.0,,too_rare,,,
9190,0.0,,too_rare,,,
9191,0.0,,too_rare,,,
9192,0.0,,too_rare,,,
9193,0.0,,too_rare,,,
9194,0.0,,too_rare,,,
9195,0.0,,too_rare,,,
9196,0.0,,too_rare,,,
9197,0.0,,too_rare,,,
9198,0.0,,too_rare,,,
9199,0.0,,too_rare,,,
9200,0.0,,too_rare,,,
9201,0.0,,too_rare,,,
9202,2.8008066323101054e-05,,too_rare,,,
9203,0.0,,too_rare,,,
9204,0.0,,too_rare,,,
9205,0.0,,too_rare,,,
9206,0.0,,too_rare,,,
9207,0.0,,too_rare,,,
9209,0.0,,too_rare,,,
9210,0.0,,too_rare,,,
9211,0.0,,too_rare,,,
9212,0.0,,too_rare,,,
9213,0.0,,too_rare,,,
9214,2.8008066323101054e-05,,too_rare,,,
9215,0.0,,too_rare,,,
9216,0.0,,too_rare,,,
9217,0.0,,too_rare,,,
9218,0.0,,too_rare,,,
9219,2.8008066323101054e-05,,too_rare,,,
9220,2.8008066323101054e-05,,too_rare,,,
9221,0.0,,too_rare,,,
9222,5.601613264620211e-05,,too_rare,,,
9223,0.0,,too_rare,,,
9224,0.0,,too_rare,,,
9225,0.0,,too_rare,,,
9226,0.0,,too_rare,,,
9227,0.0,,too_rare,,,
9228,0.0,,too_rare,,,
9229,0.0,,too_rare,,,
9230,2.8008066323101054e-05,,too_rare,,,
9231,0.0,,too_rare,,,
9232,0.0,,too_rare,,,
9233,0.0,,too_rare,,,
9234,0.0,,too_rare,,,
9235,0.0,,too_rare,,,
9236,0.0,,too_rare,,,
9237,0.0,,too_rare,,,
9238,0.0,,too_rare,,,
9239,0.0,,too_rare,,,
9240,0.0,,too_rare,,,
9241,0.0,,too_rare,,,
9242,0.0,,too_rare,,,
9243,0.0,,too_rare,,,
9244,0.0,,too_rare,,,
9245,0.0,,too_rare,,,
9246,0.0,,too_rare,,,
9249,0.0,,too_rare,,,
9250,2.8008066323101054e-05,,too_rare,,,
9251,0.0,,too_rare,,,
9252,0.0,,too_rare,,,
9253,0.0,,too_rare,,,
9254,0.0,,too_rare,,,
9255,2.8008066323101054e-05,,too_rare,,,
9256,0.0,,too_rare,,,
9257,0.0,,too_rare,,,
9258,2.8008066323101054e-05,,too_rare,,,
9259,0.0,,too_rare,,,
9260,0.0,,too_rare,,,
9261,0.0,,too_rare,,,
9262,0.0,,too_rare,,,
9263,0.0,,too_rare,,,
9264,0.0,,too_rare,,,
9265,0.0,,too_rare,,,
9267,0.0,,too_rare,,,
9268,0.0,,too_rare,,,
9269,0.0,,too_rare,,,
9270,0.0,,too_rare,,,
9271,0.0,,too_rare,,,
9272,2.8008066323101054e-05,,too_rare,,,
9273,0.0,,too_rare,,,
9274,5.601613264620211e-05,,too_rare,,,
9275,0.0,,too_rare,,,
9276,5.601613264620211e-05,,too_rare,,,
9277,0.0,,too_rare,,,
9278,5.601613264620211e-05,,too_rare,,,
9279,0.0,,too_rare,,,
9280,2.8008066323101054e-05,,too_rare,,,
9281,0.00022406453058480843,,too_rare,,,
9282,0.0033889760250952273,,too_rare,,,
9283,0.0,,too_rare,,,
9284,0.0,,too_rare,,,
9285,0.00011203226529240422,,too_rare,,,
9286,0.0,,too_rare,,,
9287,0.0,,too_rare,,,
9288,0.0,,too_rare,,,
9289,0.0,,too_rare,,,
9290,0.0,,too_rare,,,
9291,0.0,,too_rare,,,
9292,0.0,,too_rare,,,
9293,0.0,,too_rare,,,
9294,0.0,,too_rare,,,
9295,0.0,,too_rare,,,
9296,0.0,,too_rare,,,
9297,2.8008066323101054e-05,,too_rare,,,
9298,2.8008066323101054e-05,,too_rare,,,
9299,0.0,,too_rare,,,
9300,0.0,,too_rare,,,
9301,0.0,,too_rare,,,
9302,0.0,,too_rare,,,
9303,0.0,,too_rare,,,
9304,0.0,,too_rare,,,
9306,2.8008066323101054e-05,,too_rare,,,
9307,5.601613264620211e-05,,too_rare,,,
9308,0.00016804839793860632,,too_rare,,,
9309,0.0,,too_rare,,,
9310,0.000980282321308537,,too_rare,,,
9311,0.0,,too_rare,,,
9312,0.0,,too_rare,,,
9313,0.0,,too_rare,,,
9314,0.0,,too_rare,,,
9315,0.0,,too_rare,,,
9316,0.0,,too_rare,,,
9317,0.0,,too_rare,,,
9318,0.0,,too_rare,,,
9319,2.8008066323101054e-05,,too_rare,,,
9320,0.0,,too_rare,,,
9321,0.0,,too_rare,,,
9322,0.0,,too_rare,,,
9323,0.0,,too_rare,,,
9324,0.0,,too_rare,,,
9325,0.0,,too_rare,,,
9326,2.8008066323101054e-05,,too_rare,,,
9327,0.0008122339233699305,,too_rare,,,
9328,5.601613264620211e-05,,too_rare,,,
9329,0.0,,too_rare,,,
9330,0.0,,too_rare,,,
9331,0.0,,too_rare,,,
9332,0.0,,too_rare,,,
9333,0.0,,too_rare,,,
9334,2.8008066323101054e-05,,too_rare,,,
9335,0.0,,too_rare,,,
9336,0.0056856374635895135,,too_rare,,,
9337,0.0,,too_rare,,,
9338,0.00011203226529240422,,too_rare,,,
9339,2.8008066323101054e-05,,too_rare,,,
9340,0.000504145193815819,,too_rare,,,
9341,0.0,,too_rare,,,
9342,0.0,,too_rare,,,
9343,0.0,,too_rare,,,
9344,2.8008066323101054e-05,,too_rare,,,
9345,2.8008066323101054e-05,,too_rare,,,
9347,0.0,,too_rare,,,
9348,0.0,,too_rare,,,
9349,2.8008066323101054e-05,,too_rare,,,
9350,0.0,,too_rare,,,
9351,0.0,,too_rare,,,
9352,0.0,,too_rare,,,
9353,0.0,,too_rare,,,
9354,0.0,,too_rare,,,
9355,0.0,,too_rare,,,
9356,2.8008066323101054e-05,,too_rare,,,
9357,2.8008066323101054e-05,,too_rare,,,
9358,0.0,,too_rare,,,
9359,0.0,,too_rare,,,
9360,2.8008066323101054e-05,,too_rare,,,
9361,0.0,,too_rare,,,
9362,2.8008066323101054e-05,,too_rare,,,
9363,0.0,,too_rare,,,
9364,0.00011203226529240422,,too_rare,,,
9365,0.0,,too_rare,,,
9366,0.0,,too_rare,,,
9367,0.0,,too_rare,,,
9368,2.8008066323101054e-05,,too_rare,,,
9369,0.002212637239524983,,too_rare,,,
9370,0.0,,too_rare,,,
9371,0.0,,too_rare,,,
9372,0.0,,too_rare,,,
9373,0.0,,too_rare,,,
9375,2.8008066323101054e-05,,too_rare,,,
9376,0.0,,too_rare,,,
9377,0.0,,too_rare,,,
9378,0.0,,too_rare,,,
9379,0.0,,too_rare,,,
9380,0.0,,too_rare,,,
9381,0.0,,too_rare,,,
9382,0.0008402419896930316,,too_rare,,,
9383,0.0,,too_rare,,,
9384,0.0,,too_rare,,,
9385,0.0,,too_rare,,,
9386,0.0,,too_rare,,,
9387,0.0,,too_rare,,,
9388,2.8008066323101054e-05,,too_rare,,,
9389,0.0,,too_rare,,,
9390,0.0,,too_rare,,,
9391,0.0,,too_rare,,,
9392,2.8008066323101054e-05,,too_rare,,,
9393,0.0,,too_rare,,,
9394,5.601613264620211e-05,,too_rare,,,
9395,0.0,,too_rare,,,
9396,0.0,,too_rare,,,
9397,0.0,,too_rare,,,
9398,2.8008066323101054e-05,,too_rare,,,
9399,2.8008066323101054e-05,,too_rare,,,
9400,0.0,,too_rare,,,
9401,8.402419896930316e-05,,too_rare,,,
9402,0.0,,too_rare,,,
9403,0.0,,too_rare,,,
9404,0.0,,too_rare,,,
9405,2.8008066323101054e-05,,too_rare,,,
9406,0.0,,too_rare,,,
9407,0.0,,too_rare,,,
9408,0.0,,too_rare,,,
9409,0.0004761371274927179,,too_rare,,,
9410,0.0,,too_rare,,,
9411,0.0,,too_rare,,,
9412,0.0,,too_rare,,,
9413,0.0,,too_rare,,,
9414,0.0,,too_rare,,,
9415,0.0,,too_rare,,,
9416,0.0,,too_rare,,,
9417,0.0,,too_rare,,,
9418,0.0,,too_rare,,,
9419,0.0,,too_rare,,,
9420,0.0,,too_rare,,,
9421,0.0,,too_rare,,,
9422,0.0,,too_rare,,,
9424,0.0,,too_rare,,,
9425,0.0,,too_rare,,,
9426,2.8008066323101054e-05,,too_rare,,,
9427,0.0,,too_rare,,,
9428,0.0,,too_rare,,,
9429,0.0,,too_rare,,,
9430,0.0,,too_rare,,,
9431,2.8008066323101054e-05,,too_rare,,,
9432,0.0018205243110015685,,too_rare,,,
9433,0.0,,too_rare,,,
9434,0.0,,too_rare,,,
9435,0.0,,too_rare,,,
9436,0.0,,too_rare,,,
9437,0.0,,too_rare,,,
9438,0.0,,too_rare,,,
9439,0.0,,too_rare,,,
9440,0.0,,too_rare,,,
9441,0.0,,too_rare,,,
9442,0.0,,too_rare,,,
9444,0.0,,too_rare,,,
9445,0.0004201209948465158,,too_rare,,,
9446,0.0004761371274927179,,too_rare,,,
9447,0.0,,too_rare,,,
9448,0.0,,too_rare,,,
9449,0.0,,too_rare,,,
9450,0.0,,too_rare,,,
9451,2.8008066323101054e-05,,too_rare,,,
9452,0.0,,too_rare,,,
9453,0.0,,too_rare,,,
9454,0.0,,too_rare,,,
9455,0.0,,too_rare,,,
9456,0.0,,too_rare,,,
9457,0.0,,too_rare,,,
9458,2.8008066323101054e-05,,too_rare,,,
9459,0.0,,too_rare,,,
9461,0.0,,too_rare,,,
9462,0.0,,too_rare,,,
9463,0.0,,too_rare,,,
9464,0.0,,too_rare,,,
9465,0.0,,too_rare,,,
9466,2.8008066323101054e-05,,too_rare,,,
9467,0.0,,too_rare,,,
9468,0.00011203226529240422,,too_rare,,,
9469,0.0,,too_rare,,,
9470,8.402419896930316e-05,,too_rare,,,
9471,0.0,,too_rare,,,
9472,2.8008066323101054e-05,,too_rare,,,
9473,0.0,,too_rare,,,
9474,0.0,,too_rare,,,
9475,0.0,,too_rare,,,
9476,5.601613264620211e-05,,too_rare,,,
9477,0.0,,too_rare,,,
9478,0.0,,too_rare,,,
9479,0.0,,too_rare,,,
9480,2.8008066323101054e-05,,too_rare,,,
9481,0.0,,too_rare,,,
9482,0.0,,too_rare,,,
9483,0.0,,too_rare,,,
9484,0.0,,too_rare,,,
9485,0.0,,too_rare,,,
9486,0.0,,too_rare,,,
9487,2.8008066323101054e-05,,too_rare,,,
9488,0.0,,too_rare,,,
9489,0.0,,too_rare,,,
9490,0.0,,too_rare,,,
9491,0.002016580775263276,,too_rare,,,
9492,0.0,,too_rare,,,
9493,0.0,,too_rare,,,
9495,0.0,,too_rare,,,
9496,0.0,,too_rare,,,
9497,0.0,,too_rare,,,
9498,0.0,,too_rare,,,
9499,0.0,,too_rare,,,
9500,0.0,,too_rare,,,
9501,0.0,,too_rare,,,
9502,0.0,,too_rare,,,
9503,0.0,,too_rare,,,
9504,0.0,,too_rare,,,
9505,2.8008066323101054e-05,,too_rare,,,
9506,0.0,,too_rare,,,
9507,0.0,,too_rare,,,
9508,0.0,,too_rare,,,
9509,2.8008066323101054e-05,,too_rare,,,
9510,2.8008066323101054e-05,,too_rare,,,
9511,0.0,,too_rare,,,
9512,2.8008066323101054e-05,,too_rare,,,
9513,0.0,,too_rare,,,
9514,0.0,,too_rare,,,
9516,0.0,,too_rare,,,
9517,0.0,,too_rare,,,
9518,0.0,,too_rare,,,
9519,2.8008066323101054e-05,,too_rare,,,
9520,0.0,,too_rare,,,
9521,0.0,,too_rare,,,
9522,0.0,,too_rare,,,
9523,0.0,,too_rare,,,
9524,0.0,,too_rare,,,
9525,0.0,,too_rare,,,
9526,0.0,,too_rare,,,
9527,0.0,,too_rare,,,
9528,0.0,,too_rare,,,
9529,0.0,,too_rare,,,
9530,2.8008066323101054e-05,,too_rare,,,
9531,2.8008066323101054e-05,,too_rare,,,
9532,2.8008066323101054e-05,,too_rare,,,
9533,0.0,,too_rare,,,
9534,0.0,,too_rare,,,
9535,0.0,,too_rare,,,
9536,0.0,,too_rare,,,
9537,0.0,,too_rare,,,
9538,0.003052879229218015,,too_rare,,,
9539,0.0,,too_rare,,,
9540,2.8008066323101054e-05,,too_rare,,,
9541,0.0,,too_rare,,,
9542,0.0,,too_rare,,,
9544,5.601613264620211e-05,,too_rare,,,
9545,0.0,,too_rare,,,
9546,0.0,,too_rare,,,
9547,0.0,,too_rare,,,
9548,0.0,,too_rare,,,
9549,0.00019605646426170737,,too_rare,,,
9550,0.0,,too_rare,,,
9551,0.0,,too_rare,,,
9552,0.0,,too_rare,,,
9553,0.0,,too_rare,,,
9554,0.0,,too_rare,,,
9556,0.0,,too_rare,,,
9557,8.402419896930316e-05,,too_rare,,,
9558,0.0012043468518933454,,too_rare,,,
9559,0.0,,too_rare,,,
9560,0.0,,too_rare,,,
9561,2.8008066323101054e-05,,too_rare,,,
9562,0.0,,too_rare,,,
9563,0.0,,too_rare,,,
9564,0.0,,too_rare,,,
9565,0.0,,too_rare,,,
9566,0.0,,too_rare,,,
9567,0.0,,too_rare,,,
9568,0.0,,too_rare,,,
9569,0.0,,too_rare,,,
9570,0.0,,too_rare,,,
9571,0.0,,too_rare,,,
9572,0.0,,too_rare,,,
9573,0.0,,too_rare,,,
9574,0.0,,too_rare,,,
9575,0.0,,too_rare,,,
9576,2.8008066323101054e-05,,too_rare,,,
9577,0.0,,too_rare,,,
9578,0.0003080887295541116,,too_rare,,,
9579,0.0,,too_rare,,,
9580,0.0,,too_rare,,,
9581,0.0,,too_rare,,,
9582,5.601613264620211e-05,,too_rare,,,
9583,0.0,,too_rare,,,
9584,0.0,,too_rare,,,
9585,2.8008066323101054e-05,,too_rare,,,
9586,0.0,,too_rare,,,
9587,0.0,,too_rare,,,
9588,2.8008066323101054e-05,,too_rare,,,
9589,0.0,,too_rare,,,
9590,5.601613264620211e-05,,too_rare,,,
9591,0.0,,too_rare,,,
9592,0.0,,too_rare,,,
9593,0.0,,too_rare,,,
9594,0.0,,too_rare,,,
9595,2.8008066323101054e-05,,too_rare,,,
9596,0.0,,too_rare,,,
9597,0.0,,too_rare,,,
9598,0.0,,too_rare,,,
9599,0.0,,too_rare,,,
9600,0.0,,too_rare,,,
9601,0.0,,too_rare,,,
9602,2.8008066323101054e-05,,too_rare,,,
9603,0.0,,too_rare,,,
9604,0.0,,too_rare,,,
9605,0.0,,too_rare,,,
9606,0.0,,too_rare,,,
9607,0.0,,too_rare,,,
9608,0.0,,too_rare,,,
9609,0.0,,too_rare,,,
9610,0.0,,too_rare,,,
9612,0.0,,too_rare,,,
9613,0.0,,too_rare,,,
9614,0.00016804839793860632,,too_rare,,,
9615,0.0,,too_rare,,,
9616,0.0,,too_rare,,,
9617,0.0,,too_rare,,,
9618,0.0,,too_rare,,,
9619,0.0,,too_rare,,,
9620,0.0,,too_rare,,,
9621,0.0,,too_rare,,,
9622,0.0,,too_rare,,,
9623,2.8008066323101054e-05,,too_rare,,,
9624,0.0,,too_rare,,,
9625,0.0,,too_rare,,,
9626,0.0,,too_rare,,,
9627,5.601613264620211e-05,,too_rare,,,
9628,0.0,,too_rare,,,
9629,0.0,,too_rare,,,
9630,0.0,,too_rare,,,
9631,0.0,,too_rare,,,
9632,0.0,,too_rare,,,
9633,2.8008066323101054e-05,,too_rare,,,
9634,0.0,,too_rare,,,
9635,0.0003080887295541116,,too_rare,,,
9636,0.0,,too_rare,,,
9637,0.0004201209948465158,,too_rare,,,
9638,0.0,,too_rare,,,
9639,0.0,,too_rare,,,
9640,0.0,,too_rare,,,
9641,0.0,,too_rare,,,
9642,0.0012043468518933454,,too_rare,,,
9643,2.8008066323101054e-05,,too_rare,,,
9644,2.8008066323101054e-05,,too_rare,,,
9645,0.0004201209948465158,,too_rare,,,
9646,0.00039211292852341475,,too_rare,,,
9647,0.0,,too_rare,,,
9648,0.0,,too_rare,,,
9649,0.0,,too_rare,,,
9650,0.0,,too_rare,,,
9651,0.0,,too_rare,,,
9652,5.601613264620211e-05,,too_rare,,,
9653,0.0,,too_rare,,,
9654,0.0,,too_rare,,,
9655,2.8008066323101054e-05,,too_rare,,,
9656,0.0,,too_rare,,,
9657,0.0,,too_rare,,,
9658,2.8008066323101054e-05,,too_rare,,,
9659,0.0003080887295541116,,too_rare,,,
9660,2.8008066323101054e-05,,too_rare,,,
9661,0.0,,too_rare,,,
9662,0.0,,too_rare,,,
9663,0.0,,too_rare,,,
9664,0.0,,too_rare,,,
9665,0.0,,too_rare,,,
9666,2.8008066323101054e-05,,too_rare,,,
9667,0.0,,too_rare,,,
9668,0.00039211292852341475,,too_rare,,,
9669,0.0,,too_rare,,,
9670,0.0,,too_rare,,,
9671,0.00022406453058480843,,too_rare,,,
9672,0.0,,too_rare,,,
9673,0.0,,too_rare,,,
9674,0.0,,too_rare,,,
9675,0.00011203226529240422,,too_rare,,,
9676,0.0,,too_rare,,,
9677,0.0,,too_rare,,,
9678,0.0,,too_rare,,,
9679,0.0,,too_rare,,,
9680,0.0,,too_rare,,,
9681,0.0,,too_rare,,,
9682,2.8008066323101054e-05,,too_rare,,,
9683,0.0,,too_rare,,,
9684,0.0,,too_rare,,,
9685,0.0,,too_rare,,,
9686,0.0,,too_rare,,,
9687,0.0,,too_rare,,,
9688,0.0,,too_rare,,,
9689,0.0,,too_rare,,,
9690,2.8008066323101054e-05,,too_rare,,,
9691,2.8008066323101054e-05,,too_rare,,,
9692,0.0,,too_rare,,,
9693,0.0,,too_rare,,,
9694,0.0,,too_rare,,,
9695,2.8008066323101054e-05,,too_rare,,,
9696,0.0,,too_rare,,,
9697,2.8008066323101054e-05,,too_rare,,,
9698,0.0,,too_rare,,,
9699,0.0,,too_rare,,,
9700,0.0,,too_rare,,,
9701,0.0,,too_rare,,,
9702,2.8008066323101054e-05,,too_rare,,,
9704,0.0,,too_rare,,,
9705,0.0,,too_rare,,,
9706,0.0,,too_rare,,,
9707,0.0,,too_rare,,,
9708,5.601613264620211e-05,,too_rare,,,
9709,0.0,,too_rare,,,
9710,0.0009242661886623348,,too_rare,,,
9711,2.8008066323101054e-05,,too_rare,,,
9712,2.8008066323101054e-05,,too_rare,,,
9713,0.0,,too_rare,,,
9714,0.0,,too_rare,,,
9715,0.0,,too_rare,,,
9716,5.601613264620211e-05,,too_rare,,,
9717,0.0,,too_rare,,,
9718,8.402419896930316e-05,,too_rare,,,
9719,0.0,,too_rare,,,
9720,2.8008066323101054e-05,,too_rare,,,
9721,0.0,,too_rare,,,
9722,0.0,,too_rare,,,
9723,0.0,,too_rare,,,
9724,0.0,,too_rare,,,
9725,2.8008066323101054e-05,,too_rare,,,
9726,0.0,,too_rare,,,
9727,0.0,,too_rare,,,
9728,0.0,,too_rare,,,
9729,2.8008066323101054e-05,,too_rare,,,
9730,0.0,,too_rare,,,
9731,0.0,,too_rare,,,
9732,0.0,,too_rare,,,
9733,0.0,,too_rare,,,
9734,0.0,,too_rare,,,
9735,0.0,,too_rare,,,
9736,0.0,,too_rare,,,
9737,0.0,,too_rare,,,
9738,0.0,,too_rare,,,
9739,2.8008066323101054e-05,,too_rare,,,
9740,2.8008066323101054e-05,,too_rare,,,
9741,2.8008066323101054e-05,,too_rare,,,
9742,2.8008066323101054e-05,,too_rare,,,
9743,0.0,,too_rare,,,
9744,0.0,,too_rare,,,
9745,0.0,,too_rare,,,
9746,8.402419896930316e-05,,too_rare,,,
9748,0.0,,too_rare,,,
9749,8.402419896930316e-05,,too_rare,,,
9750,0.0,,too_rare,,,
9751,0.0,,too_rare,,,
9752,2.8008066323101054e-05,,too_rare,,,
9754,0.0,,too_rare,,,
9755,0.0,,too_rare,,,
9756,0.00011203226529240422,,too_rare,,,
9757,0.0,,too_rare,,,
9758,0.001624467846739861,,too_rare,,,
9759,0.0,,too_rare,,,
9760,0.0,,too_rare,,,
9762,0.0,,too_rare,,,
9763,0.0,,too_rare,,,
9764,0.0,,too_rare,,,
9765,0.0,,too_rare,,,
9766,2.8008066323101054e-05,,too_rare,,,
9767,0.00033609679587721263,,too_rare,,,
9768,0.0,,too_rare,,,
9769,0.0,,too_rare,,,
9770,0.00011203226529240422,,too_rare,,,
9771,2.8008066323101054e-05,,too_rare,,,
9772,0.0,,too_rare,,,
9773,0.0,,too_rare,,,
9774,0.00022406453058480843,,too_rare,,,
9775,0.0,,too_rare,,,
9776,0.0,,too_rare,,,
9777,0.0,,too_rare,,,
9778,0.0,,too_rare,,,
9779,0.0011763387855702441,,too_rare,,,
9780,0.0,,too_rare,,,
9781,2.8008066323101054e-05,,too_rare,,,
9782,0.0,,too_rare,,,
9783,0.0,,too_rare,,,
9784,0.0,,too_rare,,,
9785,0.0,,too_rare,,,
9786,0.0,,too_rare,,,
9787,0.0,,too_rare,,,
9788,0.0,,too_rare,,,
9789,0.0,,too_rare,,,
9790,0.0,,too_rare,,,
9791,0.00011203226529240422,,too_rare,,,
9792,2.8008066323101054e-05,,too_rare,,,
9793,0.0,,too_rare,,,
9794,0.0,,too_rare,,,
9795,0.0,,too_rare,,,
9796,0.0,,too_rare,,,
9797,2.8008066323101054e-05,,too_rare,,,
9798,0.0,,too_rare,,,
9799,0.0,,too_rare,,,
9800,0.0,,too_rare,,,
9801,0.0,,too_rare,,,
9802,0.0,,too_rare,,,
9803,0.0,,too_rare,,,
9804,0.0,,too_rare,,,
9805,0.0,,too_rare,,,
9806,0.0,,too_rare,,,
9807,0.0,,too_rare,,,
9808,0.0006441855254313242,,too_rare,,,
9809,0.0,,too_rare,,,
9810,0.0,,too_rare,,,
9811,0.0,,too_rare,,,
9812,0.0,,too_rare,,,
9813,0.002296661438494286,,too_rare,,,
9814,0.0,,too_rare,,,
9815,0.0,,too_rare,,,
9817,0.0,,too_rare,,,
9818,2.8008066323101054e-05,,too_rare,,,
9819,0.0,,too_rare,,,
9820,0.00033609679587721263,,too_rare,,,
9821,0.0,,too_rare,,,
9822,0.0,,too_rare,,,
9823,0.0,,too_rare,,,
9824,0.0,,too_rare,,,
9825,0.00019605646426170737,,too_rare,,,
9826,5.601613264620211e-05,,too_rare,,,
9828,0.0,,too_rare,,,
9829,0.0,,too_rare,,,
9830,0.00044812906116961686,,too_rare,,,
9831,0.0,,too_rare,,,
9832,0.0,,too_rare,,,
9833,0.00022406453058480843,,too_rare,,,
9834,0.0,,too_rare,,,
9835,0.0,,too_rare,,,
9836,2.8008066323101054e-05,,too_rare,,,
9837,0.0,,too_rare,,,
9838,2.8008066323101054e-05,,too_rare,,,
9839,0.0,,too_rare,,,
9840,0.0,,too_rare,,,
9841,2.8008066323101054e-05,,too_rare,,,
9842,0.0,,too_rare,,,
9843,0.002772798565987004,,too_rare,,,
9844,2.8008066323101054e-05,,too_rare,,,
9845,2.8008066323101054e-05,,too_rare,,,
9846,0.0,,too_rare,,,
9847,0.0002520725969079095,,too_rare,,,
9848,0.006553887519605646,,too_rare,,,
9849,0.0,,too_rare,,,
9850,0.0,,too_rare,,,
9851,2.8008066323101054e-05,,too_rare,,,
9852,0.0,,too_rare,,,
9853,0.0,,too_rare,,,
9854,0.0,,too_rare,,,
9855,0.0,,too_rare,,,
9856,0.0,,too_rare,,,
9857,0.0,,too_rare,,,
9858,0.00019605646426170737,,too_rare,,,
9859,0.0,,too_rare,,,
9860,0.0,,too_rare,,,
9861,0.0,,too_rare,,,
9862,0.0,,too_rare,,,
9864,0.0,,too_rare,,,
9865,2.8008066323101054e-05,,too_rare,,,
9866,2.8008066323101054e-05,,too_rare,,,
9867,0.0,,too_rare,,,
9868,0.0,,too_rare,,,
9869,2.8008066323101054e-05,,too_rare,,,
9870,5.601613264620211e-05,,too_rare,,,
9871,0.0,,too_rare,,,
9872,0.0,,too_rare,,,
9873,0.002184629173201882,,too_rare,,,
9874,2.8008066323101054e-05,,too_rare,,,
9875,0.0,,too_rare,,,
9877,2.8008066323101054e-05,,too_rare,,,
9878,0.00033609679587721263,,too_rare,,,
9879,0.00019605646426170737,,too_rare,,,
9880,0.0,,too_rare,,,
9881,0.0,,too_rare,,,
9882,0.0,,too_rare,,,
9883,0.0,,too_rare,,,
9885,0.0,,too_rare,,,
9886,0.0,,too_rare,,,
9887,0.0,,too_rare,,,
9888,2.8008066323101054e-05,,too_rare,,,
9889,0.0,,too_rare,,,
9890,2.8008066323101054e-05,,too_rare,,,
9891,0.0,,too_rare,,,
9892,0.0,,too_rare,,,
9893,2.8008066323101054e-05,,too_rare,,,
9894,0.0,,too_rare,,,
9895,0.0,,too_rare,,,
9896,0.0,,too_rare,,,
9897,8.402419896930316e-05,,too_rare,,,
9898,2.8008066323101054e-05,,too_rare,,,
9899,0.0,,too_rare,,,
9900,0.0,,too_rare,,,
9901,0.0,,too_rare,,,
9902,0.0,,too_rare,,,
9903,0.0,,too_rare,,,
9904,0.0,,too_rare,,,
9905,0.0,,too_rare,,,
9906,0.0,,too_rare,,,
9907,0.0,,too_rare,,,
9908,0.0,,too_rare,,,
9909,2.8008066323101054e-05,,too_rare,,,
9910,0.0,,too_rare,,,
9911,0.0,,too_rare,,,
9912,0.000560161326462021,,too_rare,,,
9913,0.0,,too_rare,,,
9914,0.0,,too_rare,,,
9915,0.0,,too_rare,,,
9916,0.0,,too_rare,,,
9917,0.0,,too_rare,,,
9918,2.8008066323101054e-05,,too_rare,,,
9919,2.8008066323101054e-05,,too_rare,,,
9920,0.0,,too_rare,,,
9921,2.8008066323101054e-05,,too_rare,,,
9922,0.006413847187990141,,too_rare,,,
9923,2.8008066323101054e-05,,too_rare,,,
9924,0.0,,too_rare,,,
9925,5.601613264620211e-05,,too_rare,,,
9926,0.0,,too_rare,,,
9927,0.00016804839793860632,,too_rare,,,
9928,0.0,,too_rare,,,
9929,0.0,,too_rare,,,
9930,0.0,,too_rare,,,
9931,0.0,,too_rare,,,
9932,0.0,,too_rare,,,
9933,0.0,,too_rare,,,
9934,0.0,,too_rare,,,
9935,0.0,,too_rare,,,
9936,2.8008066323101054e-05,,too_rare,,,
9937,0.0,,too_rare,,,
9938,0.0,,too_rare,,,
9939,0.0,,too_rare,,,
9940,0.00016804839793860632,,too_rare,,,
9941,5.601613264620211e-05,,too_rare,,,
9942,0.0,,too_rare,,,
9943,0.0,,too_rare,,,
9944,0.0,,too_rare,,,
9945,0.0,,too_rare,,,
9946,0.0,,too_rare,,,
9947,0.0,,too_rare,,,
9948,0.0,,too_rare,,,
9949,0.0,,too_rare,,,
9950,0.0,,too_rare,,,
9951,0.0,,too_rare,,,
9952,0.0,,too_rare,,,
9953,0.0,,too_rare,,,
9954,0.0,,too_rare,,,
9955,2.8008066323101054e-05,,too_rare,,,
9956,0.0,,too_rare,,,
9957,0.0,,too_rare,,,
9958,2.8008066323101054e-05,,too_rare,,,
9959,0.0,,too_rare,,,
9960,0.0,,too_rare,,,
9961,0.0,,too_rare,,,
9962,0.0,,too_rare,,,
9963,2.8008066323101054e-05,,too_rare,,,
9964,2.8008066323101054e-05,,too_rare,,,
9965,2.8008066323101054e-05,,too_rare,,,
9966,2.8008066323101054e-05,,too_rare,,,
9967,2.8008066323101054e-05,,too_rare,,,
9968,2.8008066323101054e-05,,too_rare,,,
9969,0.0,,too_rare,,,
9970,0.0,,too_rare,,,
9971,0.0,,too_rare,,,
9972,2.8008066323101054e-05,,too_rare,,,
9973,0.0,,too_rare,,,
9974,0.0,,too_rare,,,
9975,0.0,,too_rare,,,
9976,0.0,,too_rare,,,
9977,2.8008066323101054e-05,,too_rare,,,
9978,0.0,,too_rare,,,
9979,0.0,,too_rare,,,
9980,0.0,,too_rare,,,
9981,0.0,,too_rare,,,
9982,2.8008066323101054e-05,,too_rare,,,
9983,0.0,,too_rare,,,
9984,8.402419896930316e-05,,too_rare,,,
9985,0.0,,too_rare,,,
9986,0.00022406453058480843,,too_rare,,,
9987,0.0,,too_rare,,,
9988,0.0,,too_rare,,,
9989,0.0,,too_rare,,,
9990,0.0,,too_rare,,,
9991,2.8008066323101054e-05,,too_rare,,,
9992,0.0,,too_rare,,,
9993,0.00011203226529240422,,too_rare,,,
9994,0.0,,too_rare,,,
9995,0.0,,too_rare,,,
9996,8.402419896930316e-05,,too_rare,,,
9997,0.0,,too_rare,,,
9998,2.8008066323101054e-05,,too_rare,,,
9999,0.0,,too_rare,,,
10000,0.0,,too_rare,,,
10001,0.0,,too_rare,,,
10002,0.0,,too_rare,,,
10003,0.0,,too_rare,,,
10004,0.0,,too_rare,,,
10005,0.0,,too_rare,,,
10006,2.8008066323101054e-05,,too_rare,,,
10007,0.00036410486220031366,,too_rare,,,
10008,0.0,,too_rare,,,
10009,0.0,,too_rare,,,
10010,0.0,,too_rare,,,
10011,0.0,,too_rare,,,
10012,0.0,,too_rare,,,
10013,0.0,,too_rare,,,
10014,0.0,,too_rare,,,
10015,0.0,,too_rare,,,
10016,0.00014004033161550526,,too_rare,,,
10017,2.8008066323101054e-05,,too_rare,,,
10018,0.0,,too_rare,,,
10019,0.0,,too_rare,,,
10020,0.0,,too_rare,,,
10021,2.8008066323101054e-05,,too_rare,,,
10022,0.0,,too_rare,,,
10023,0.0,,too_rare,,,
10024,0.0,,too_rare,,,
10025,0.0,,too_rare,,,
10026,0.0,,too_rare,,,
10027,0.0,,too_rare,,,
10028,0.0,,too_rare,,,
10029,0.0,,too_rare,,,
10030,0.0,,too_rare,,,
10031,0.0,,too_rare,,,
10032,2.8008066323101054e-05,,too_rare,,,
10033,0.0,,too_rare,,,
10034,2.8008066323101054e-05,,too_rare,,,
10035,0.0,,too_rare,,,
10036,2.8008066323101054e-05,,too_rare,,,
10037,0.0,,too_rare,,,
10038,2.8008066323101054e-05,,too_rare,,,
10039,0.00016804839793860632,,too_rare,,,
10040,0.0,,too_rare,,,
10041,0.001092314586600941,,too_rare,,,
10042,0.0,,too_rare,,,
10043,0.00019605646426170737,,too_rare,,,
10044,0.0,,too_rare,,,
10045,2.8008066323101054e-05,,too_rare,,,
10046,0.0,,too_rare,,,
10047,2.8008066323101054e-05,,too_rare,,,
10048,0.0,,too_rare,,,
10049,2.8008066323101054e-05,,too_rare,,,
10050,0.0002800806632310105,,too_rare,,,
10051,2.8008066323101054e-05,,too_rare,,,
10052,0.00016804839793860632,,too_rare,,,
10053,0.0,,too_rare,,,
10054,0.0,,too_rare,,,
10055,0.0,,too_rare,,,
10056,0.0,,too_rare,,,
10057,0.0,,too_rare,,,
10058,0.0,,too_rare,,,
10059,0.0,,too_rare,,,
10060,2.8008066323101054e-05,,too_rare,,,
10061,0.0,,too_rare,,,
10062,0.0,,too_rare,,,
10063,0.0,,too_rare,,,
10064,2.8008066323101054e-05,,too_rare,,,
10065,0.0009242661886623348,,too_rare,,,
10066,0.0,,too_rare,,,
10067,0.0,,too_rare,,,
10068,2.8008066323101054e-05,,too_rare,,,
10069,0.0,,too_rare,,,
10070,0.0,,too_rare,,,
10071,0.0,,too_rare,,,
10072,0.0,,too_rare,,,
10073,0.0,,too_rare,,,
10074,0.0,,too_rare,,,
10075,0.0,,too_rare,,,
10076,0.0,,too_rare,,,
10077,0.0,,too_rare,,,
10078,0.0,,too_rare,,,
10079,0.0,,too_rare,,,
10080,0.0,,too_rare,,,
10081,0.0,,too_rare,,,
10082,0.0,,too_rare,,,
10083,0.0,,too_rare,,,
10084,2.8008066323101054e-05,,too_rare,,,
10086,0.0,,too_rare,,,
10087,0.0,,too_rare,,,
10088,0.0,,too_rare,,,
10089,0.000560161326462021,,too_rare,,,
10090,2.8008066323101054e-05,,too_rare,,,
10091,0.0009522742549854358,,too_rare,,,
10092,0.0,,too_rare,,,
10093,8.402419896930316e-05,,too_rare,,,
10094,0.0,,too_rare,,,
10095,0.00011203226529240422,,too_rare,,,
10096,2.8008066323101054e-05,,too_rare,,,
10097,0.0,,too_rare,,,
10098,2.8008066323101054e-05,,too_rare,,,
10099,2.8008066323101054e-05,,too_rare,,,
10100,0.00014004033161550526,,too_rare,,,
10101,0.0,,too_rare,,,
10102,0.0,,too_rare,,,
10103,0.0,,too_rare,,,
10104,0.0,,too_rare,,,
10105,0.0,,too_rare,,,
10106,0.0,,too_rare,,,
10107,0.0,,too_rare,,,
10108,2.8008066323101054e-05,,too_rare,,,
10109,0.0,,too_rare,,,
10110,0.0,,too_rare,,,
10111,0.0,,too_rare,,,
10112,2.8008066323101054e-05,,too_rare,,,
10113,0.0,,too_rare,,,
10114,0.0,,too_rare,,,
10116,0.00876652475913063,,too_rare,,,
10117,0.0,,too_rare,,,
10118,0.0,,too_rare,,,
10119,0.0,,too_rare,,,
10120,0.0,,too_rare,,,
10121,0.00016804839793860632,,too_rare,,,
10122,0.0002800806632310105,,too_rare,,,
10123,0.0,,too_rare,,,
10124,2.8008066323101054e-05,,too_rare,,,
10125,0.00106430652027784,,too_rare,,,
10126,0.0,,too_rare,,,
10127,0.0,,too_rare,,,
10128,0.0,,too_rare,,,
10129,0.0,,too_rare,,,
10130,2.8008066323101054e-05,,too_rare,,,
10131,2.8008066323101054e-05,,too_rare,,,
10132,0.0,,too_rare,,,
10133,0.0,,too_rare,,,
10134,0.0,,too_rare,,,
10135,0.0,,too_rare,,,
10136,0.0002800806632310105,,too_rare,,,
10137,0.0,,too_rare,,,
10138,0.0,,too_rare,,,
10139,0.0,,too_rare,,,
10140,0.0,,too_rare,,,
10141,0.0,,too_rare,,,
10142,0.0,,too_rare,,,
10143,5.601613264620211e-05,,too_rare,,,
10144,2.8008066323101054e-05,,too_rare,,,
10145,2.8008066323101054e-05,,too_rare,,,
10146,0.0,,too_rare,,,
10147,0.0,,too_rare,,,
10148,2.8008066323101054e-05,,too_rare,,,
10149,0.00053215326013892,,too_rare,,,
10150,0.0017925162446784674,,too_rare,,,
10151,0.0,,too_rare,,,
10152,0.0,,too_rare,,,
10153,0.0,,too_rare,,,
10154,0.0,,too_rare,,,
10155,0.0,,too_rare,,,
10156,0.0,,too_rare,,,
10157,0.0,,too_rare,,,
10158,0.0,,too_rare,,,
10159,2.8008066323101054e-05,,too_rare,,,
10160,0.0,,too_rare,,,
10161,0.0,,too_rare,,,
10162,0.0,,too_rare,,,
10163,2.8008066323101054e-05,,too_rare,,,
10164,0.0,,too_rare,,,
10165,0.0,,too_rare,,,
10166,2.8008066323101054e-05,,too_rare,,,
10167,0.0,,too_rare,,,
10168,2.8008066323101054e-05,,too_rare,,,
10169,0.0,,too_rare,,,
10170,8.402419896930316e-05,,too_rare,,,
10171,0.0,,too_rare,,,
10172,0.0,,too_rare,,,
10173,0.0,,too_rare,,,
10174,5.601613264620211e-05,,too_rare,,,
10175,0.0,,too_rare,,,
10176,0.0,,too_rare,,,
10177,0.0,,too_rare,,,
10178,0.0,,too_rare,,,
10179,0.0,,too_rare,,,
10180,0.0,,too_rare,,,
10181,5.601613264620211e-05,,too_rare,,,
10182,5.601613264620211e-05,,too_rare,,,
10183,0.0,,too_rare,,,
10184,2.8008066323101054e-05,,too_rare,,,
10185,0.0,,too_rare,,,
10186,0.0,,too_rare,,,
10187,0.0,,too_rare,,,
10188,2.8008066323101054e-05,,too_rare,,,
10189,0.0,,too_rare,,,
10191,0.0,,too_rare,,,
10192,0.0,,too_rare,,,
10193,0.0,,too_rare,,,
10194,0.0,,too_rare,,,
10195,0.0,,too_rare,,,
10196,0.002016580775263276,,too_rare,,,
10197,0.0,,too_rare,,,
10198,0.0,,too_rare,,,
10199,0.0,,too_rare,,,
10200,0.0,,too_rare,,,
10201,2.8008066323101054e-05,,too_rare,,,
10202,0.0,,too_rare,,,
10203,2.8008066323101054e-05,,too_rare,,,
10204,0.0,,too_rare,,,
10205,0.0,,too_rare,,,
10206,0.0,,too_rare,,,
10207,8.402419896930316e-05,,too_rare,,,
10208,0.0,,too_rare,,,
10209,2.8008066323101054e-05,,too_rare,,,
10210,0.0,,too_rare,,,
10211,0.0,,too_rare,,,
10213,0.0,,too_rare,,,
10214,0.0,,too_rare,,,
10215,0.0,,too_rare,,,
10216,0.0,,too_rare,,,
10217,0.0,,too_rare,,,
10218,2.8008066323101054e-05,,too_rare,,,
10219,0.0,,too_rare,,,
10220,0.0,,too_rare,,,
10221,2.8008066323101054e-05,,too_rare,,,
10222,0.0,,too_rare,,,
10223,0.0,,too_rare,,,
10225,2.8008066323101054e-05,,too_rare,,,
10226,2.8008066323101054e-05,,too_rare,,,
10227,0.0,,too_rare,,,
10228,0.0,,too_rare,,,
10229,0.0,,too_rare,,,
10230,0.000560161326462021,,too_rare,,,
10231,0.0,,too_rare,,,
10232,0.0,,too_rare,,,
10233,0.0,,too_rare,,,
10234,2.8008066323101054e-05,,too_rare,,,
10235,0.0,,too_rare,,,
10236,0.0,,too_rare,,,
10237,0.0,,too_rare,,,
10238,0.0,,too_rare,,,
10239,0.0,,too_rare,,,
10240,0.0004761371274927179,,too_rare,,,
10241,2.8008066323101054e-05,,too_rare,,,
10242,0.0,,too_rare,,,
10243,0.0,,too_rare,,,
10244,0.0,,too_rare,,,
10245,0.0,,too_rare,,,
10246,2.8008066323101054e-05,,too_rare,,,
10247,0.0,,too_rare,,,
10248,0.0,,too_rare,,,
10249,0.0,,too_rare,,,
10250,2.8008066323101054e-05,,too_rare,,,
10251,0.0,,too_rare,,,
10252,2.8008066323101054e-05,,too_rare,,,
10253,0.0,,too_rare,,,
10254,0.0,,too_rare,,,
10255,0.0,,too_rare,,,
10256,5.601613264620211e-05,,too_rare,,,
10257,0.0,,too_rare,,,
10258,0.0005881693927851221,,too_rare,,,
10259,0.0,,too_rare,,,
10260,0.0,,too_rare,,,
10261,2.8008066323101054e-05,,too_rare,,,
10262,0.0,,too_rare,,,
10263,0.0,,too_rare,,,
10264,0.0,,too_rare,,,
10265,0.0,,too_rare,,,
10266,0.0,,too_rare,,,
10267,0.0,,too_rare,,,
10269,2.8008066323101054e-05,,too_rare,,,
10270,0.0,,too_rare,,,
10271,2.8008066323101054e-05,,too_rare,,,
10272,0.0,,too_rare,,,
10273,5.601613264620211e-05,,too_rare,,,
10274,2.8008066323101054e-05,,too_rare,,,
10275,0.0,,too_rare,,,
10276,0.0,,too_rare,,,
10277,0.0,,too_rare,,,
10278,0.0,,too_rare,,,
10279,0.0,,too_rare,,,
10280,0.0,,too_rare,,,
10281,0.0,,too_rare,,,
10282,0.0,,too_rare,,,
10283,0.0,,too_rare,,,
10284,0.0,,too_rare,,,
10285,0.0005881693927851221,,too_rare,,,
10286,0.0,,too_rare,,,
10287,0.0,,too_rare,,,
10288,0.0,,too_rare,,,
10289,0.0,,too_rare,,,
10290,0.0,,too_rare,,,
10291,2.8008066323101054e-05,,too_rare,,,
10292,2.8008066323101054e-05,,too_rare,,,
10293,0.0004761371274927179,,too_rare,,,
10294,2.8008066323101054e-05,,too_rare,,,
10295,0.0,,too_rare,,,
10296,2.8008066323101054e-05,,too_rare,,,
10297,0.0,,too_rare,,,
10298,0.0,,too_rare,,,
10299,2.8008066323101054e-05,,too_rare,,,
10300,0.0,,too_rare,,,
10301,8.402419896930316e-05,,too_rare,,,
10302,0.0,,too_rare,,,
10303,0.0,,too_rare,,,
10304,0.00019605646426170737,,too_rare,,,
10305,0.0,,too_rare,,,
10306,0.0,,too_rare,,,
10307,2.8008066323101054e-05,,too_rare,,,
10308,0.0,,too_rare,,,
10309,2.8008066323101054e-05,,too_rare,,,
10310,0.0,,too_rare,,,
10311,0.0,,too_rare,,,
10312,0.0,,too_rare,,,
10313,0.0014564194488012547,,too_rare,,,
10314,0.0,,too_rare,,,
10315,2.8008066323101054e-05,,too_rare,,,
10316,0.0,,too_rare,,,
10317,0.0,,too_rare,,,
10318,0.0,,too_rare,,,
10319,0.0,,too_rare,,,
10320,2.8008066323101054e-05,,too_rare,,,
10321,0.0,,too_rare,,,
10322,0.0,,too_rare,,,
10323,2.8008066323101054e-05,,too_rare,,,
10324,0.0,,too_rare,,,
10325,0.0,,too_rare,,,
10326,2.8008066323101054e-05,,too_rare,,,
10327,0.0,,too_rare,,,
10328,0.0,,too_rare,,,
10329,0.0,,too_rare,,,
10330,0.0,,too_rare,,,
10331,0.0,,too_rare,,,
10332,0.0,,too_rare,,,
10333,0.0,,too_rare,,,
10334,0.0,,too_rare,,,
10336,0.0,,too_rare,,,
10337,2.8008066323101054e-05,,too_rare,,,
10338,2.8008066323101054e-05,,too_rare,,,
10339,0.0,,too_rare,,,
10340,0.0,,too_rare,,,
10341,0.0,,too_rare,,,
10342,0.0,,too_rare,,,
10343,0.00053215326013892,,too_rare,,,
10344,0.0,,too_rare,,,
10345,0.0,,too_rare,,,
10347,0.00011203226529240422,,too_rare,,,
10348,0.0,,too_rare,,,
10349,0.0,,too_rare,,,
10350,0.0,,too_rare,,,
10351,0.0,,too_rare,,,
10352,0.0,,too_rare,,,
10353,0.0,,too_rare,,,
10354,2.8008066323101054e-05,,too_rare,,,
10355,2.8008066323101054e-05,,too_rare,,,
10356,0.0,,too_rare,,,
10357,0.0,,too_rare,,,
10358,0.0,,too_rare,,,
10359,0.0014564194488012547,,too_rare,,,
10360,2.8008066323101054e-05,,too_rare,,,
10361,0.0,,too_rare,,,
10362,0.00016804839793860632,,too_rare,,,
10363,0.0,,too_rare,,,
10364,0.0,,too_rare,,,
10365,0.0,,too_rare,,,
10366,0.0,,too_rare,,,
10367,0.0,,too_rare,,,
10368,2.8008066323101054e-05,,too_rare,,,
10369,0.0017645081783553664,,too_rare,,,
10370,0.0,,too_rare,,,
10371,0.0,,too_rare,,,
10372,0.0,,too_rare,,,
10373,0.0,,too_rare,,,
10374,0.0,,too_rare,,,
10375,0.0,,too_rare,,,
10376,0.0,,too_rare,,,
10377,0.0,,too_rare,,,
10378,0.0,,too_rare,,,
10379,2.8008066323101054e-05,,too_rare,,,
10380,0.0,,too_rare,,,
10381,0.0,,too_rare,,,
10382,5.601613264620211e-05,,too_rare,,,
10383,0.0,,too_rare,,,
10384,2.8008066323101054e-05,,too_rare,,,
10385,0.0,,too_rare,,,
10386,0.0,,too_rare,,,
10387,2.8008066323101054e-05,,too_rare,,,
10389,0.0,,too_rare,,,
10390,0.0,,too_rare,,,
10391,0.0,,too_rare,,,
10392,0.0,,too_rare,,,
10393,0.0002800806632310105,,too_rare,,,
10394,0.00022406453058480843,,too_rare,,,
10395,0.0,,too_rare,,,
10396,0.0,,too_rare,,,
10397,0.0,,too_rare,,,
10398,0.0,,too_rare,,,
10399,0.00022406453058480843,,too_rare,,,
10400,0.00022406453058480843,,too_rare,,,
10401,0.0,,too_rare,,,
10402,0.0,,too_rare,,,
10403,0.0,,too_rare,,,
10404,0.0,,too_rare,,,
10405,0.0,,too_rare,,,
10406,0.0009242661886623348,,too_rare,,,
10407,0.0,,too_rare,,,
10408,2.8008066323101054e-05,,too_rare,,,
10409,0.0,,too_rare,,,
10410,0.0,,too_rare,,,
10411,0.0,,too_rare,,,
10412,8.402419896930316e-05,,too_rare,,,
10413,5.601613264620211e-05,,too_rare,,,
10414,0.0,,too_rare,,,
10415,0.0,,too_rare,,,
10416,2.8008066323101054e-05,,too_rare,,,
10417,0.0,,too_rare,,,
10418,0.0,,too_rare,,,
10419,0.0,,too_rare,,,
10420,0.0,,too_rare,,,
10421,0.0,,too_rare,,,
10422,0.0,,too_rare,,,
10423,2.8008066323101054e-05,,too_rare,,,
10424,0.0,,too_rare,,,
10425,0.0,,too_rare,,,
10426,2.8008066323101054e-05,,too_rare,,,
10427,0.0,,too_rare,,,
10428,2.8008066323101054e-05,,too_rare,,,
10429,0.0,,too_rare,,,
10430,0.0,,too_rare,,,
10431,0.0,,too_rare,,,
10432,0.0,,too_rare,,,
10433,2.8008066323101054e-05,,too_rare,,,
10434,0.0,,too_rare,,,
10435,0.0,,too_rare,,,
10436,2.8008066323101054e-05,,too_rare,,,
10437,0.0,,too_rare,,,
10438,2.8008066323101054e-05,,too_rare,,,
10439,2.8008066323101054e-05,,too_rare,,,
10440,0.0,,too_rare,,,
10441,0.0,,too_rare,,,
10442,2.8008066323101054e-05,,too_rare,,,
10443,0.0,,too_rare,,,
10444,0.0,,too_rare,,,
10445,2.8008066323101054e-05,,too_rare,,,
10446,0.0,,too_rare,,,
10447,0.0046773470759578755,,too_rare,,,
10448,0.0,,too_rare,,,
10449,0.00036410486220031366,,too_rare,,,
10450,0.0,,too_rare,,,
10451,2.8008066323101054e-05,,too_rare,,,
10452,0.0,,too_rare,,,
10454,5.601613264620211e-05,,too_rare,,,
10455,2.8008066323101054e-05,,too_rare,,,
10456,0.0,,too_rare,,,
10457,5.601613264620211e-05,,too_rare,,,
10458,0.0,,too_rare,,,
10459,0.0,,too_rare,,,
10460,0.0,,too_rare,,,
10461,8.402419896930316e-05,,too_rare,,,
10462,5.601613264620211e-05,,too_rare,,,
10463,0.0,,too_rare,,,
10464,0.0,,too_rare,,,
10465,0.0,,too_rare,,,
10466,2.8008066323101054e-05,,too_rare,,,
10467,2.8008066323101054e-05,,too_rare,,,
10468,0.0,,too_rare,,,
10469,0.0,,too_rare,,,
10470,0.0,,too_rare,,,
10471,0.0,,too_rare,,,
10472,0.0,,too_rare,,,
10473,0.0,,too_rare,,,
10474,0.0,,too_rare,,,
10475,2.8008066323101054e-05,,too_rare,,,
10476,0.0,,too_rare,,,
10477,2.8008066323101054e-05,,too_rare,,,
10478,2.8008066323101054e-05,,too_rare,,,
10479,0.0,,too_rare,,,
10481,2.8008066323101054e-05,,too_rare,,,
10482,0.0,,too_rare,,,
10483,8.402419896930316e-05,,too_rare,,,
10484,0.0,,too_rare,,,
10485,0.0,,too_rare,,,
10486,0.0,,too_rare,,,
10487,0.0,,too_rare,,,
10488,0.0,,too_rare,,,
10489,0.0002520725969079095,,too_rare,,,
10490,0.0,,too_rare,,,
10491,0.0,,too_rare,,,
10492,0.0,,too_rare,,,
10493,0.0002520725969079095,,too_rare,,,
10494,2.8008066323101054e-05,,too_rare,,,
10495,0.0,,too_rare,,,
10496,0.0,,too_rare,,,
10497,0.0,,too_rare,,,
10498,0.0,,too_rare,,,
10499,0.0,,too_rare,,,
10500,0.0,,too_rare,,,
10501,2.8008066323101054e-05,,too_rare,,,
10503,0.0,,too_rare,,,
10504,5.601613264620211e-05,,too_rare,,,
10505,0.0,,too_rare,,,
10506,0.0,,too_rare,,,
10507,0.0,,too_rare,,,
10508,2.8008066323101054e-05,,too_rare,,,
10509,0.0,,too_rare,,,
10510,0.0,,too_rare,,,
10511,0.0,,too_rare,,,
10512,0.0,,too_rare,,,
10513,0.0002800806632310105,,too_rare,,,
10514,0.0,,too_rare,,,
10515,0.0,,too_rare,,,
10516,0.0,,too_rare,,,
10517,0.0,,too_rare,,,
10518,0.0,,too_rare,,,
10519,0.0,,too_rare,,,
10520,0.0,,too_rare,,,
10521,2.8008066323101054e-05,,too_rare,,,
10522,0.0,,too_rare,,,
10523,0.0,,too_rare,,,
10524,0.00011203226529240422,,too_rare,,,
10525,0.0,,too_rare,,,
10526,0.0,,too_rare,,,
10527,0.0,,too_rare,,,
10528,0.0,,too_rare,,,
10529,0.0,,too_rare,,,
10530,0.0,,too_rare,,,
10531,0.0,,too_rare,,,
10532,0.0,,too_rare,,,
10533,0.0,,too_rare,,,
10534,0.0,,too_rare,,,
10535,0.00019605646426170737,,too_rare,,,
10536,0.0046213309433116734,,too_rare,,,
10537,0.0,,too_rare,,,
10538,0.0,,too_rare,,,
10539,0.0,,too_rare,,,
10540,2.8008066323101054e-05,,too_rare,,,
10541,0.0,,too_rare,,,
10542,0.0,,too_rare,,,
10543,0.0,,too_rare,,,
10544,2.8008066323101054e-05,,too_rare,,,
10545,0.00011203226529240422,,too_rare,,,
10546,0.0,,too_rare,,,
10547,0.0,,too_rare,,,
10548,0.0,,too_rare,,,
10549,0.0,,too_rare,,,
10550,0.0,,too_rare,,,
10551,0.00011203226529240422,,too_rare,,,
10552,0.0,,too_rare,,,
10553,0.0,,too_rare,,,
10554,0.0,,too_rare,,,
10555,8.402419896930316e-05,,too_rare,,,
10556,0.0,,too_rare,,,
10557,0.0,,too_rare,,,
10558,0.0,,too_rare,,,
10559,0.0,,too_rare,,,
10560,0.0,,too_rare,,,
10561,0.0,,too_rare,,,
10562,2.8008066323101054e-05,,too_rare,,,
10563,5.601613264620211e-05,,too_rare,,,
10564,0.0,,too_rare,,,
10565,5.601613264620211e-05,,too_rare,,,
10567,0.0,,too_rare,,,
10568,0.0,,too_rare,,,
10569,0.0,,too_rare,,,
10570,2.8008066323101054e-05,,too_rare,,,
10571,0.0,,too_rare,,,
10572,2.8008066323101054e-05,,too_rare,,,
10573,0.0,,too_rare,,,
10574,0.0,,too_rare,,,
10575,0.0,,too_rare,,,
10576,5.601613264620211e-05,,too_rare,,,
10577,0.0,,too_rare,,,
10578,2.8008066323101054e-05,,too_rare,,,
10579,0.0,,too_rare,,,
10580,2.8008066323101054e-05,,too_rare,,,
10581,0.0,,too_rare,,,
10582,0.0,,too_rare,,,
10583,5.601613264620211e-05,,too_rare,,,
10584,0.0,,too_rare,,,
10585,0.0,,too_rare,,,
10586,2.8008066323101054e-05,,too_rare,,,
10587,0.0,,too_rare,,,
10588,0.0,,too_rare,,,
10589,0.0,,too_rare,,,
10590,8.402419896930316e-05,,too_rare,,,
10591,0.0,,too_rare,,,
10592,0.0,,too_rare,,,
10593,0.0,,too_rare,,,
10594,0.0,,too_rare,,,
10595,0.0,,too_rare,,,
10596,0.0018485323773246695,,too_rare,,,
10597,0.0,,too_rare,,,
10599,5.601613264620211e-05,,too_rare,,,
10600,0.00022406453058480843,,too_rare,,,
10601,0.0,,too_rare,,,
10602,0.0006441855254313242,,too_rare,,,
10603,0.0,,too_rare,,,
10604,0.00011203226529240422,,too_rare,,,
10605,0.0,,too_rare,,,
10606,0.0,,too_rare,,,
10607,2.8008066323101054e-05,,too_rare,,,
10609,0.0,,too_rare,,,
10610,0.0,,too_rare,,,
10611,0.0,,too_rare,,,
10612,2.8008066323101054e-05,,too_rare,,,
10613,0.0,,too_rare,,,
10614,0.000504145193815819,,too_rare,,,
10615,0.0,,too_rare,,,
10617,0.0,,too_rare,,,
10618,0.0,,too_rare,,,
10619,0.0,,too_rare,,,
10620,0.0,,too_rare,,,
10621,0.0,,too_rare,,,
10622,0.0,,too_rare,,,
10623,0.0,,too_rare,,,
10624,0.0,,too_rare,,,
10625,0.0,,too_rare,,,
10626,0.0,,too_rare,,,
10627,0.0,,too_rare,,,
10628,0.0,,too_rare,,,
10629,0.0,,too_rare,,,
10630,0.0,,too_rare,,,
10631,2.8008066323101054e-05,,too_rare,,,
10632,0.0,,too_rare,,,
10633,5.601613264620211e-05,,too_rare,,,
10634,8.402419896930316e-05,,too_rare,,,
10635,0.0,,too_rare,,,
10636,0.0,,too_rare,,,
10637,0.0,,too_rare,,,
10638,0.0,,too_rare,,,
10639,0.00014004033161550526,,too_rare,,,
10640,0.0,,too_rare,,,
10641,0.0,,too_rare,,,
10644,0.0,,too_rare,,,
10645,0.0,,too_rare,,,
10646,0.0,,too_rare,,,
10647,0.0,,too_rare,,,
10649,0.0,,too_rare,,,
10650,0.0,,too_rare,,,
10651,0.0,,too_rare,,,
10652,8.402419896930316e-05,,too_rare,,,
10653,2.8008066323101054e-05,,too_rare,,,
10654,0.0,,too_rare,,,
10655,0.0,,too_rare,,,
10656,0.00039211292852341475,,too_rare,,,
10657,0.0,,too_rare,,,
10658,2.8008066323101054e-05,,too_rare,,,
10659,0.0,,too_rare,,,
10660,0.0,,too_rare,,,
10661,0.0,,too_rare,,,
10662,0.0,,too_rare,,,
10663,0.0,,too_rare,,,
10664,0.0,,too_rare,,,
10665,0.0,,too_rare,,,
10666,0.0,,too_rare,,,
10667,2.8008066323101054e-05,,too_rare,,,
10668,0.0,,too_rare,,,
10669,0.0,,too_rare,,,
10670,0.0,,too_rare,,,
10671,0.0,,too_rare,,,
10672,0.0,,too_rare,,,
10673,0.0,,too_rare,,,
10674,2.8008066323101054e-05,,too_rare,,,
10675,0.0,,too_rare,,,
10676,0.0,,too_rare,,,
10677,0.0,,too_rare,,,
10678,2.8008066323101054e-05,,too_rare,,,
10679,0.0,,too_rare,,,
10680,0.0,,too_rare,,,
10681,0.0,,too_rare,,,
10682,0.0,,too_rare,,,
10683,0.0,,too_rare,,,
10684,0.0,,too_rare,,,
10685,2.8008066323101054e-05,,too_rare,,,
10686,0.0,,too_rare,,,
10687,0.0,,too_rare,,,
10688,0.0,,too_rare,,,
10689,0.0,,too_rare,,,
10690,2.8008066323101054e-05,,too_rare,,,
10691,0.0,,too_rare,,,
10692,2.8008066323101054e-05,,too_rare,,,
10693,0.0,,too_rare,,,
10694,0.0,,too_rare,,,
10695,2.8008066323101054e-05,,too_rare,,,
10696,0.00016804839793860632,,too_rare,,,
10697,0.0,,too_rare,,,
10698,0.0,,too_rare,,,
10699,0.001036298453954739,,too_rare,,,
10701,0.0,,too_rare,,,
10702,0.0012323549182164464,,too_rare,,,
10703,2.8008066323101054e-05,,too_rare,,,
10704,0.0,,too_rare,,,
10705,8.402419896930316e-05,,too_rare,,,
10706,0.0,,too_rare,,,
10707,0.0,,too_rare,,,
10708,0.00022406453058480843,,too_rare,,,
10709,0.0,,too_rare,,,
10710,0.0,,too_rare,,,
10711,0.0,,too_rare,,,
10712,5.601613264620211e-05,,too_rare,,,
10713,8.402419896930316e-05,,too_rare,,,
10714,0.0,,too_rare,,,
10715,0.0,,too_rare,,,
10716,2.8008066323101054e-05,,too_rare,,,
10717,5.601613264620211e-05,,too_rare,,,
10718,0.0,,too_rare,,,
10719,0.0,,too_rare,,,
10720,0.0,,too_rare,,,
10721,0.0,,too_rare,,,
10722,2.8008066323101054e-05,,too_rare,,,
10723,0.0,,too_rare,,,
10724,0.0,,too_rare,,,
10725,0.0,,too_rare,,,
10726,0.0,,too_rare,,,
10727,0.0,,too_rare,,,
10728,0.0,,too_rare,,,
10729,0.0,,too_rare,,,
10730,0.0,,too_rare,,,
10731,0.0,,too_rare,,,
10732,0.0,,too_rare,,,
10733,2.8008066323101054e-05,,too_rare,,,
10734,0.0,,too_rare,,,
10735,0.0,,too_rare,,,
10736,0.0,,too_rare,,,
10737,0.0,,too_rare,,,
10738,0.0,,too_rare,,,
10739,0.0,,too_rare,,,
10740,0.0,,too_rare,,,
10741,2.8008066323101054e-05,,too_rare,,,
10742,0.0,,too_rare,,,
10743,0.0,,too_rare,,,
10744,0.0,,too_rare,,,
10745,0.0,,too_rare,,,
10746,0.0,,too_rare,,,
10747,0.0,,too_rare,,,
10748,0.0,,too_rare,,,
10749,0.0,,too_rare,,,
10750,0.0,,too_rare,,,
10751,0.00014004033161550526,,too_rare,,,
10752,0.0,,too_rare,,,
10753,0.0,,too_rare,,,
10754,0.0,,too_rare,,,
10755,0.0,,too_rare,,,
10756,2.8008066323101054e-05,,too_rare,,,
10757,0.0,,too_rare,,,
10758,0.0,,too_rare,,,
10759,8.402419896930316e-05,,too_rare,,,
10760,0.0,,too_rare,,,
10761,0.00022406453058480843,,too_rare,,,
10762,0.0,,too_rare,,,
10763,0.0,,too_rare,,,
10764,0.0,,too_rare,,,
10765,0.0,,too_rare,,,
10766,0.0,,too_rare,,,
10767,5.601613264620211e-05,,too_rare,,,
10768,0.0,,too_rare,,,
10769,0.0,,too_rare,,,
10770,0.0,,too_rare,,,
10771,5.601613264620211e-05,,too_rare,,,
10772,0.0,,too_rare,,,
10773,0.0,,too_rare,,,
10774,0.0,,too_rare,,,
10775,2.8008066323101054e-05,,too_rare,,,
10776,0.0,,too_rare,,,
10777,0.0,,too_rare,,,
10778,2.8008066323101054e-05,,too_rare,,,
10779,0.0,,too_rare,,,
10780,2.8008066323101054e-05,,too_rare,,,
10781,5.601613264620211e-05,,too_rare,,,
10782,0.0011763387855702441,,too_rare,,,
10783,0.0,,too_rare,,,
10784,0.0,,too_rare,,,
10785,0.0,,too_rare,,,
10786,0.0,,too_rare,,,
10787,0.0,,too_rare,,,
10788,2.8008066323101054e-05,,too_rare,,,
10789,0.0,,too_rare,,,
10790,0.0,,too_rare,,,
10791,5.601613264620211e-05,,too_rare,,,
10792,8.402419896930316e-05,,too_rare,,,
10793,0.0,,too_rare,,,
10794,0.00022406453058480843,,too_rare,,,
10795,2.8008066323101054e-05,,too_rare,,,
10796,0.0,,too_rare,,,
10797,2.8008066323101054e-05,,too_rare,,,
10798,0.0,,too_rare,,,
10799,0.0,,too_rare,,,
10800,2.8008066323101054e-05,,too_rare,,,
10801,0.0,,too_rare,,,
10802,0.0,,too_rare,,,
10803,0.0,,too_rare,,,
10804,0.0,,too_rare,,,
10805,0.0,,too_rare,,,
10806,0.0,,too_rare,,,
10807,0.0,,too_rare,,,
10808,0.0,,too_rare,,,
10809,0.0,,too_rare,,,
10810,2.8008066323101054e-05,,too_rare,,,
10811,0.000980282321308537,,too_rare,,,
10812,0.0,,too_rare,,,
10813,0.0,,too_rare,,,
10814,0.0,,too_rare,,,
10815,0.002296661438494286,,too_rare,,,
10816,0.0,,too_rare,,,
10817,0.0,,too_rare,,,
10818,2.8008066323101054e-05,,too_rare,,,
10819,0.0,,too_rare,,,
10820,0.0,,too_rare,,,
10821,0.0,,too_rare,,,
10822,0.0,,too_rare,,,
10823,0.00022406453058480843,,too_rare,,,
10824,0.0,,too_rare,,,
10825,2.8008066323101054e-05,,too_rare,,,
10826,0.0,,too_rare,,,
10827,0.0,,too_rare,,,
10828,0.0,,too_rare,,,
10829,0.0,,too_rare,,,
10830,0.0,,too_rare,,,
10831,0.0,,too_rare,,,
10832,2.8008066323101054e-05,,too_rare,,,
10833,0.00033609679587721263,,too_rare,,,
10834,0.0,,too_rare,,,
10835,0.0,,too_rare,,,
10836,0.0,,too_rare,,,
10837,0.0007002016580775263,,too_rare,,,
10838,0.0,,too_rare,,,
10839,0.0,,too_rare,,,
10840,2.8008066323101054e-05,,too_rare,,,
10841,0.0,,too_rare,,,
10842,0.0,,too_rare,,,
10843,0.0,,too_rare,,,
10844,0.0,,too_rare,,,
10845,0.0,,too_rare,,,
10847,0.0,,too_rare,,,
10848,2.8008066323101054e-05,,too_rare,,,
10849,0.000504145193815819,,too_rare,,,
10850,0.0,,too_rare,,,
10851,0.0,,too_rare,,,
10852,2.8008066323101054e-05,,too_rare,,,
10853,0.0,,too_rare,,,
10854,0.0,,too_rare,,,
10855,2.8008066323101054e-05,,too_rare,,,
10856,0.0,,too_rare,,,
10857,0.0,,too_rare,,,
10858,0.0,,too_rare,,,
10859,0.0,,too_rare,,,
10860,0.0,,too_rare,,,
10861,0.0,,too_rare,,,
10862,0.0,,too_rare,,,
10863,8.402419896930316e-05,,too_rare,,,
10864,0.0,,too_rare,,,
10865,0.0,,too_rare,,,
10866,0.0,,too_rare,,,
10867,0.005125476137127493,,too_rare,,,
10868,0.00019605646426170737,,too_rare,,,
10869,0.0,,too_rare,,,
10870,2.8008066323101054e-05,,too_rare,,,
10871,0.0,,too_rare,,,
10872,2.8008066323101054e-05,,too_rare,,,
10873,0.0,,too_rare,,,
10874,0.0004761371274927179,,too_rare,,,
10875,0.0,,too_rare,,,
10876,0.0,,too_rare,,,
10877,0.0,,too_rare,,,
10878,0.0,,too_rare,,,
10879,2.8008066323101054e-05,,too_rare,,,
10880,0.0,,too_rare,,,
10882,5.601613264620211e-05,,too_rare,,,
10883,0.0,,too_rare,,,
10884,0.0,,too_rare,,,
10885,0.0,,too_rare,,,
10886,0.0,,too_rare,,,
10887,0.0,,too_rare,,,
10888,0.0,,too_rare,,,
10889,0.002548734035402196,,too_rare,,,
10890,2.8008066323101054e-05,,too_rare,,,
10891,0.0,,too_rare,,,
10893,0.0,,too_rare,,,
10894,0.00036410486220031366,,too_rare,,,
10895,0.0,,too_rare,,,
10896,0.0,,too_rare,,,
10897,0.0,,too_rare,,,
10898,0.0,,too_rare,,,
10899,0.0,,too_rare,,,
10900,2.8008066323101054e-05,,too_rare,,,
10901,0.0,,too_rare,,,
10902,0.0,,too_rare,,,
10903,0.0,,too_rare,,,
10904,0.0,,too_rare,,,
10905,0.0,,too_rare,,,
10906,0.0,,too_rare,,,
10907,0.0,,too_rare,,,
10908,2.8008066323101054e-05,,too_rare,,,
10909,0.0,,too_rare,,,
10910,0.0,,too_rare,,,
10911,0.0,,too_rare,,,
10912,0.00036410486220031366,,too_rare,,,
10913,0.0,,too_rare,,,
10914,0.0,,too_rare,,,
10915,0.0,,too_rare,,,
10916,0.0,,too_rare,,,
10917,5.601613264620211e-05,,too_rare,,,
10918,0.0,,too_rare,,,
10919,0.00053215326013892,,too_rare,,,
10920,0.0,,too_rare,,,
10921,0.0,,too_rare,,,
10922,0.0,,too_rare,,,
10923,2.8008066323101054e-05,,too_rare,,,
10924,0.0,,too_rare,,,
10925,0.0,,too_rare,,,
10926,2.8008066323101054e-05,,too_rare,,,
10927,0.0,,too_rare,,,
10928,2.8008066323101054e-05,,too_rare,,,
10929,0.0,,too_rare,,,
10930,0.0,,too_rare,,,
10933,0.0,,too_rare,,,
10934,5.601613264620211e-05,,too_rare,,,
10935,2.8008066323101054e-05,,too_rare,,,
10936,0.0,,too_rare,,,
10937,0.0,,too_rare,,,
10938,0.0,,too_rare,,,
10939,0.0,,too_rare,,,
10940,2.8008066323101054e-05,,too_rare,,,
10941,2.8008066323101054e-05,,too_rare,,,
10942,0.0,,too_rare,,,
10943,0.0,,too_rare,,,
10944,0.0,,too_rare,,,
10945,0.0,,too_rare,,,
10946,2.8008066323101054e-05,,too_rare,,,
10948,0.0,,too_rare,,,
10949,0.0,,too_rare,,,
10950,5.601613264620211e-05,,too_rare,,,
10951,2.8008066323101054e-05,,too_rare,,,
10952,0.0,,too_rare,,,
10953,0.0,,too_rare,,,
10954,0.0,,too_rare,,,
10955,0.0,,too_rare,,,
10956,0.0,,too_rare,,,
10957,0.0,,too_rare,,,
10958,0.0,,too_rare,,,
10959,0.0,,too_rare,,,
10960,0.0,,too_rare,,,
10961,0.0,,too_rare,,,
10962,0.0,,too_rare,,,
10963,2.8008066323101054e-05,,too_rare,,,
10964,2.8008066323101054e-05,,too_rare,,,
10965,0.0,,too_rare,,,
10966,0.0,,too_rare,,,
10967,0.0,,too_rare,,,
10968,0.000560161326462021,,too_rare,,,
10969,0.0,,too_rare,,,
10970,0.0,,too_rare,,,
10971,0.0,,too_rare,,,
10972,0.0,,too_rare,,,
10973,0.0,,too_rare,,,
10974,0.0,,too_rare,,,
10975,0.0,,too_rare,,,
10976,0.0,,too_rare,,,
10977,0.0,,too_rare,,,
10978,0.0,,too_rare,,,
10979,2.8008066323101054e-05,,too_rare,,,
10980,0.0,,too_rare,,,
10981,0.0,,too_rare,,,
10982,0.0,,too_rare,,,
10984,0.0,,too_rare,,,
10985,0.0,,too_rare,,,
10986,2.8008066323101054e-05,,too_rare,,,
10987,0.0,,too_rare,,,
10988,0.0,,too_rare,,,
10989,0.0,,too_rare,,,
10990,0.0,,too_rare,,,
10991,0.0,,too_rare,,,
10992,0.0,,too_rare,,,
10993,0.0,,too_rare,,,
10994,0.0,,too_rare,,,
10995,0.00823437149899171,,too_rare,,,
10996,2.8008066323101054e-05,,too_rare,,,
10997,0.0,,too_rare,,,
10998,0.0,,too_rare,,,
10999,0.0,,too_rare,,,
11000,0.0,,too_rare,,,
11001,0.0,,too_rare,,,
11002,0.0,,too_rare,,,
11003,0.0,,too_rare,,,
11004,0.0,,too_rare,,,
11005,2.8008066323101054e-05,,too_rare,,,
11006,0.00014004033161550526,,too_rare,,,
11007,0.0,,too_rare,,,
11008,2.8008066323101054e-05,,too_rare,,,
11009,0.0,,too_rare,,,
11010,0.0,,too_rare,,,
11012,2.8008066323101054e-05,,too_rare,,,
11013,2.8008066323101054e-05,,too_rare,,,
11014,0.0,,too_rare,,,
11015,0.0,,too_rare,,,
11016,2.8008066323101054e-05,,too_rare,,,
11017,0.0,,too_rare,,,
11018,0.0,,too_rare,,,
11019,0.0,,too_rare,,,
11020,5.601613264620211e-05,,too_rare,,,
11021,5.601613264620211e-05,,too_rare,,,
11022,0.0,,too_rare,,,
11023,0.0,,too_rare,,,
11024,0.0,,too_rare,,,
11025,2.8008066323101054e-05,,too_rare,,,
11026,0.0002800806632310105,,too_rare,,,
11027,2.8008066323101054e-05,,too_rare,,,
11028,2.8008066323101054e-05,,too_rare,,,
11029,0.0002520725969079095,,too_rare,,,
11030,0.00014004033161550526,,too_rare,,,
11031,0.0,,too_rare,,,
11032,0.0,,too_rare,,,
11033,0.0,,too_rare,,,
11034,0.0,,too_rare,,,
11035,0.00033609679587721263,,too_rare,,,
11036,0.0,,too_rare,,,
11037,0.0,,too_rare,,,
11038,0.00016804839793860632,,too_rare,,,
11039,0.004145193815818956,,too_rare,,,
11040,0.0,,too_rare,,,
11041,0.0,,too_rare,,,
11042,2.8008066323101054e-05,,too_rare,,,
11043,0.0,,too_rare,,,
11044,0.0,,too_rare,,,
11045,0.0,,too_rare,,,
11046,0.0,,too_rare,,,
11047,0.0,,too_rare,,,
11048,0.0,,too_rare,,,
11049,0.0,,too_rare,,,
11050,0.0008122339233699305,,too_rare,,,
11051,2.8008066323101054e-05,,too_rare,,,
11052,0.003052879229218015,,too_rare,,,
11053,0.0,,too_rare,,,
11054,0.0,,too_rare,,,
11055,5.601613264620211e-05,,too_rare,,,
11056,0.0,,too_rare,,,
11057,0.0,,too_rare,,,
11058,0.0,,too_rare,,,
11059,0.0,,too_rare,,,
11060,0.0,,too_rare,,,
11061,0.0,,too_rare,,,
11062,0.00011203226529240422,,too_rare,,,
11063,0.0,,too_rare,,,
11064,0.0,,too_rare,,,
11065,0.0,,too_rare,,,
11066,0.0,,too_rare,,,
11067,0.00011203226529240422,,too_rare,,,
11068,0.0,,too_rare,,,
11069,0.0,,too_rare,,,
11070,0.0,,too_rare,,,
11071,0.0,,too_rare,,,
11072,2.8008066323101054e-05,,too_rare,,,
11073,0.0,,too_rare,,,
11074,0.0,,too_rare,,,
11075,0.0,,too_rare,,,
11076,0.0,,too_rare,,,
11077,0.0,,too_rare,,,
11078,0.0,,too_rare,,,
11079,0.0,,too_rare,,,
11080,0.0,,too_rare,,,
11081,0.0,,too_rare,,,
11082,0.0,,too_rare,,,
11083,0.0,,too_rare,,,
11084,0.0,,too_rare,,,
11085,0.0,,too_rare,,,
11086,2.8008066323101054e-05,,too_rare,,,
11087,0.0,,too_rare,,,
11088,0.0,,too_rare,,,
11089,0.0,,too_rare,,,
11090,0.0,,too_rare,,,
11091,0.0,,too_rare,,,
11092,0.0,,too_rare,,,
11093,2.8008066323101054e-05,,too_rare,,,
11094,0.0,,too_rare,,,
11095,8.402419896930316e-05,,too_rare,,,
11096,0.0,,too_rare,,,
11097,0.0,,too_rare,,,
11098,0.0,,too_rare,,,
11099,0.0,,too_rare,,,
11100,0.0,,too_rare,,,
11101,0.0,,too_rare,,,
11102,2.8008066323101054e-05,,too_rare,,,
11103,0.0,,too_rare,,,
11105,0.0,,too_rare,,,
11106,0.001008290387631638,,too_rare,,,
11107,2.8008066323101054e-05,,too_rare,,,
11108,0.0017645081783553664,,too_rare,,,
11110,0.0,,too_rare,,,
11111,0.0,,too_rare,,,
11112,2.8008066323101054e-05,,too_rare,,,
11113,0.0,,too_rare,,,
11114,0.0,,too_rare,,,
11115,2.8008066323101054e-05,,too_rare,,,
11116,2.8008066323101054e-05,,too_rare,,,
11117,0.00011203226529240422,,too_rare,,,
11118,0.0,,too_rare,,,
11119,0.0,,too_rare,,,
11120,0.0,,too_rare,,,
11121,0.0,,too_rare,,,
11122,0.0,,too_rare,,,
11123,0.0,,too_rare,,,
11124,0.0,,too_rare,,,
11125,2.8008066323101054e-05,,too_rare,,,
11126,0.0,,too_rare,,,
11127,0.0,,too_rare,,,
11128,5.601613264620211e-05,,too_rare,,,
11129,0.0,,too_rare,,,
11130,0.0,,too_rare,,,
11131,0.0,,too_rare,,,
11132,0.0,,too_rare,,,
11133,0.0,,too_rare,,,
11134,0.0,,too_rare,,,
11135,0.0,,too_rare,,,
11136,0.0,,too_rare,,,
11137,0.0,,too_rare,,,
11138,2.8008066323101054e-05,,too_rare,,,
11139,0.0,,too_rare,,,
11141,2.8008066323101054e-05,,too_rare,,,
11142,0.0,,too_rare,,,
11143,5.601613264620211e-05,,too_rare,,,
11144,0.0,,too_rare,,,
11145,0.0,,too_rare,,,
11146,2.8008066323101054e-05,,too_rare,,,
11147,0.0,,too_rare,,,
11148,0.0,,too_rare,,,
11149,0.0,,too_rare,,,
11150,0.0,,too_rare,,,
11151,0.0,,too_rare,,,
11152,0.001092314586600941,,too_rare,,,
11153,2.8008066323101054e-05,,too_rare,,,
11154,0.0,,too_rare,,,
11155,0.0,,too_rare,,,
11156,5.601613264620211e-05,,too_rare,,,
11157,0.0,,too_rare,,,
11158,8.402419896930316e-05,,too_rare,,,
11159,0.0,,too_rare,,,
11160,0.0,,too_rare,,,
11161,0.0,,too_rare,,,
11162,0.0,,too_rare,,,
11163,0.0,,too_rare,,,
11164,0.00212861304055568,,too_rare,,,
11165,0.0,,too_rare,,,
11166,0.0,,too_rare,,,
11167,0.0,,too_rare,,,
11168,0.0,,too_rare,,,
11169,0.0,,too_rare,,,
11170,0.00014004033161550526,,too_rare,,,
11171,0.0,,too_rare,,,
11172,0.0,,too_rare,,,
11173,2.8008066323101054e-05,,too_rare,,,
11174,0.0,,too_rare,,,
11175,2.8008066323101054e-05,,too_rare,,,
11176,0.0,,too_rare,,,
11177,0.0,,too_rare,,,
11178,0.0,,too_rare,,,
11179,0.0,,too_rare,,,
11180,0.0,,too_rare,,,
11181,0.0,,too_rare,,,
11182,0.0,,too_rare,,,
11183,0.0,,too_rare,,,
11184,2.8008066323101054e-05,,too_rare,,,
11185,0.0,,too_rare,,,
11186,0.0,,too_rare,,,
11187,0.0,,too_rare,,,
11188,0.0,,too_rare,,,
11189,0.002716782433340802,,too_rare,,,
11190,0.0,,too_rare,,,
11191,0.0,,too_rare,,,
11192,0.0,,too_rare,,,
11193,0.0,,too_rare,,,
11194,2.8008066323101054e-05,,too_rare,,,
11195,0.0,,too_rare,,,
11196,0.0,,too_rare,,,
11197,2.8008066323101054e-05,,too_rare,,,
11198,0.0,,too_rare,,,
11199,0.00011203226529240422,,too_rare,,,
11200,0.0,,too_rare,,,
11201,0.0,,too_rare,,,
11202,0.003332959892449025,,too_rare,,,
11203,2.8008066323101054e-05,,too_rare,,,
11204,0.0,,too_rare,,,
11205,0.0,,too_rare,,,
11206,0.0,,too_rare,,,
11207,0.0,,too_rare,,,
11208,0.0,,too_rare,,,
11209,0.0,,too_rare,,,
11210,0.0,,too_rare,,,
11212,0.0,,too_rare,,,
11213,0.0,,too_rare,,,
11214,0.0,,too_rare,,,
11215,0.0,,too_rare,,,
11216,0.0,,too_rare,,,
11217,5.601613264620211e-05,,too_rare,,,
11218,0.0,,too_rare,,,
11219,0.0,,too_rare,,,
11220,0.0,,too_rare,,,
11221,0.0,,too_rare,,,
11222,2.8008066323101054e-05,,too_rare,,,
11223,0.0,,too_rare,,,
11224,0.0002520725969079095,,too_rare,,,
11225,0.005181492269773695,,too_rare,,,
11226,0.0,,too_rare,,,
11227,0.000560161326462021,,too_rare,,,
11228,0.0,,too_rare,,,
11229,0.00011203226529240422,,too_rare,,,
11230,0.0,,too_rare,,,
11231,0.000504145193815819,,too_rare,,,
11232,0.0,,too_rare,,,
11233,2.8008066323101054e-05,,too_rare,,,
11234,0.00014004033161550526,,too_rare,,,
11235,0.0007282097244006273,,too_rare,,,
11236,0.0,,too_rare,,,
11237,0.0,,too_rare,,,
11238,0.00022406453058480843,,too_rare,,,
11240,0.0,,too_rare,,,
11241,2.8008066323101054e-05,,too_rare,,,
11242,0.0,,too_rare,,,
11243,0.0,,too_rare,,,
11244,0.0,,too_rare,,,
11246,0.0,,too_rare,,,
11247,0.0,,too_rare,,,
11248,0.0,,too_rare,,,
11249,0.0,,too_rare,,,
11250,2.8008066323101054e-05,,too_rare,,,
11251,0.0,,too_rare,,,
11252,0.0,,too_rare,,,
11253,0.00036410486220031366,,too_rare,,,
11254,0.0,,too_rare,,,
11255,0.00033609679587721263,,too_rare,,,
11256,0.0,,too_rare,,,
11257,0.0,,too_rare,,,
11258,0.0,,too_rare,,,
11259,0.0,,too_rare,,,
11260,0.0,,too_rare,,,
11261,0.0,,too_rare,,,
11262,0.0,,too_rare,,,
11263,0.0,,too_rare,,,
11264,2.8008066323101054e-05,,too_rare,,,
11265,0.0,,too_rare,,,
11266,0.0,,too_rare,,,
11267,0.00014004033161550526,,too_rare,,,
11268,0.000504145193815819,,too_rare,,,
11269,0.0,,too_rare,,,
11270,2.8008066323101054e-05,,too_rare,,,
11271,0.0005881693927851221,,too_rare,,,
11272,0.0002520725969079095,,too_rare,,,
11273,0.0,,too_rare,,,
11274,5.601613264620211e-05,,too_rare,,,
11275,2.8008066323101054e-05,,too_rare,,,
11276,0.0,,too_rare,,,
11277,5.601613264620211e-05,,too_rare,,,
11278,0.0,,too_rare,,,
11279,0.0,,too_rare,,,
11280,0.0,,too_rare,,,
11281,0.0,,too_rare,,,
11282,0.0,,too_rare,,,
11283,2.8008066323101054e-05,,too_rare,,,
11284,0.0,,too_rare,,,
11285,0.0,,too_rare,,,
11286,2.8008066323101054e-05,,too_rare,,,
11287,0.0,,too_rare,,,
11288,0.0,,too_rare,,,
11289,0.0,,too_rare,,,
11290,0.0,,too_rare,,,
11291,2.8008066323101054e-05,,too_rare,,,
11292,0.0,,too_rare,,,
11293,0.0,,too_rare,,,
11294,0.0,,too_rare,,,
11295,0.0,,too_rare,,,
11296,0.0014004033161550526,,too_rare,,,
11297,0.0,,too_rare,,,
11298,0.0,,too_rare,,,
11300,0.0,,too_rare,,,
11301,0.0,,too_rare,,,
11302,0.0,,too_rare,,,
11303,0.0002800806632310105,,too_rare,,,
11304,2.8008066323101054e-05,,too_rare,,,
11305,0.0,,too_rare,,,
11306,0.0,,too_rare,,,
11307,2.8008066323101054e-05,,too_rare,,,
11308,0.0,,too_rare,,,
11309,0.0,,too_rare,,,
11310,0.0,,too_rare,,,
11311,0.0,,too_rare,,,
11312,0.0,,too_rare,,,
11313,0.0,,too_rare,,,
11314,0.0,,too_rare,,,
11315,0.0,,too_rare,,,
11316,0.0,,too_rare,,,
11317,0.0,,too_rare,,,
11318,0.0,,too_rare,,,
11319,0.0,,too_rare,,,
11320,0.0,,too_rare,,,
11321,0.0,,too_rare,,,
11322,2.8008066323101054e-05,,too_rare,,,
11323,0.0,,too_rare,,,
11324,5.601613264620211e-05,,too_rare,,,
11325,5.601613264620211e-05,,too_rare,,,
11326,0.0,,too_rare,,,
11327,0.0,,too_rare,,,
11328,0.0,,too_rare,,,
11329,0.0,,too_rare,,,
11330,2.8008066323101054e-05,,too_rare,,,
11331,0.0,,too_rare,,,
11332,5.601613264620211e-05,,too_rare,,,
11333,0.0,,too_rare,,,
11334,0.0,,too_rare,,,
11335,5.601613264620211e-05,,too_rare,,,
11336,0.0,,too_rare,,,
11337,0.0,,too_rare,,,
11338,0.0,,too_rare,,,
11339,0.0,,too_rare,,,
11340,0.0,,too_rare,,,
11341,0.0,,too_rare,,,
11342,0.0,,too_rare,,,
11343,0.0,,too_rare,,,
11344,0.0,,too_rare,,,
11345,5.601613264620211e-05,,too_rare,,,
11346,0.0,,too_rare,,,
11347,0.0,,too_rare,,,
11348,0.0,,too_rare,,,
11349,0.0,,too_rare,,,
11350,2.8008066323101054e-05,,too_rare,,,
11351,0.0,,too_rare,,,
11352,0.0,,too_rare,,,
11353,0.0,,too_rare,,,
11354,0.0,,too_rare,,,
11355,0.0,,too_rare,,,
11356,0.0,,too_rare,,,
11357,0.0,,too_rare,,,
11358,0.0,,too_rare,,,
11359,2.8008066323101054e-05,,too_rare,,,
11360,2.8008066323101054e-05,,too_rare,,,
11361,0.0,,too_rare,,,
11362,0.0,,too_rare,,,
11363,0.00022406453058480843,,too_rare,,,
11364,0.0,,too_rare,,,
11365,0.0,,too_rare,,,
11366,0.0,,too_rare,,,
11367,0.0,,too_rare,,,
11368,0.0,,too_rare,,,
11369,0.0,,too_rare,,,
11370,0.0,,too_rare,,,
11371,0.0,,too_rare,,,
11372,0.0,,too_rare,,,
11373,2.8008066323101054e-05,,too_rare,,,
11374,0.0,,too_rare,,,
11375,0.0,,too_rare,,,
11376,0.0,,too_rare,,,
11377,0.0,,too_rare,,,
11378,0.0,,too_rare,,,
11379,2.8008066323101054e-05,,too_rare,,,
11380,0.0,,too_rare,,,
11381,0.004285234147434461,,too_rare,,,
11382,0.0,,too_rare,,,
11383,0.0,,too_rare,,,
11384,0.0,,too_rare,,,
11385,0.0,,too_rare,,,
11386,2.8008066323101054e-05,,too_rare,,,
11387,0.0,,too_rare,,,
11388,2.8008066323101054e-05,,too_rare,,,
11389,0.0,,too_rare,,,
11390,0.0,,too_rare,,,
11391,2.8008066323101054e-05,,too_rare,,,
11392,0.0,,too_rare,,,
11393,0.0,,too_rare,,,
11394,0.0,,too_rare,,,
11395,0.0,,too_rare,,,
11396,0.0,,too_rare,,,
11397,0.0,,too_rare,,,
11398,0.0,,too_rare,,,
11399,0.0,,too_rare,,,
11400,0.0,,too_rare,,,
11401,0.0,,too_rare,,,
11402,0.0,,too_rare,,,
11403,0.0,,too_rare,,,
11404,0.0,,too_rare,,,
11405,0.0,,too_rare,,,
11406,0.0,,too_rare,,,
11407,2.8008066323101054e-05,,too_rare,,,
11409,0.0,,too_rare,,,
11410,2.8008066323101054e-05,,too_rare,,,
11411,0.0,,too_rare,,,
11412,0.0,,too_rare,,,
11413,0.0,,too_rare,,,
11414,0.0,,too_rare,,,
11415,0.0,,too_rare,,,
11416,0.0,,too_rare,,,
11417,0.00019605646426170737,,too_rare,,,
11418,0.0,,too_rare,,,
11419,0.0,,too_rare,,,
11420,0.0,,too_rare,,,
11421,0.0,,too_rare,,,
11422,0.0,,too_rare,,,
11423,0.0,,too_rare,,,
11424,0.0,,too_rare,,,
11425,0.0,,too_rare,,,
11427,0.0,,too_rare,,,
11428,0.0,,too_rare,,,
11429,0.0,,too_rare,,,
11430,0.0,,too_rare,,,
11431,0.0,,too_rare,,,
11432,2.8008066323101054e-05,,too_rare,,,
11433,5.601613264620211e-05,,too_rare,,,
11434,0.0,,too_rare,,,
11435,0.0,,too_rare,,,
11436,2.8008066323101054e-05,,too_rare,,,
11437,0.0,,too_rare,,,
11438,0.00011203226529240422,,too_rare,,,
11439,0.0,,too_rare,,,
11440,0.0003080887295541116,,too_rare,,,
11441,0.0,,too_rare,,,
11442,2.8008066323101054e-05,,too_rare,,,
11443,0.0,,too_rare,,,
11444,0.0,,too_rare,,,
11445,0.0,,too_rare,,,
11446,0.0,,too_rare,,,
11447,0.0,,too_rare,,,
11448,0.0,,too_rare,,,
11449,0.0,,too_rare,,,
11450,0.0,,too_rare,,,
11451,0.001624467846739861,,too_rare,,,
11452,2.8008066323101054e-05,,too_rare,,,
11453,0.0,,too_rare,,,
11454,0.0,,too_rare,,,
11455,0.0,,too_rare,,,
11456,0.0,,too_rare,,,
11457,0.0,,too_rare,,,
11458,0.0,,too_rare,,,
11459,0.0,,too_rare,,,
11460,0.0,,too_rare,,,
11461,0.0,,too_rare,,,
11462,0.0,,too_rare,,,
11463,0.0,,too_rare,,,
11464,0.0,,too_rare,,,
11465,0.0,,too_rare,,,
11466,0.0,,too_rare,,,
11467,0.0,,too_rare,,,
11469,0.0,,too_rare,,,
11470,0.004509298678019269,,too_rare,,,
11471,0.0,,too_rare,,,
11472,0.0,,too_rare,,,
11473,0.0,,too_rare,,,
11475,0.0,,too_rare,,,
11476,0.0,,too_rare,,,
11477,0.0,,too_rare,,,
11478,0.0,,too_rare,,,
11479,0.0,,too_rare,,,
11480,0.0,,too_rare,,,
11481,0.0,,too_rare,,,
11482,0.0,,too_rare,,,
11483,0.0,,too_rare,,,
11484,0.0,,too_rare,,,
11485,0.0,,too_rare,,,
11486,0.0,,too_rare,,,
11487,5.601613264620211e-05,,too_rare,,,
11488,0.0,,too_rare,,,
11489,0.0,,too_rare,,,
11490,0.0,,too_rare,,,
11491,0.0,,too_rare,,,
11492,5.601613264620211e-05,,too_rare,,,
11493,0.0,,too_rare,,,
11495,0.0,,too_rare,,,
11496,0.0,,too_rare,,,
11497,0.0,,too_rare,,,
11498,0.0,,too_rare,,,
11499,0.0,,too_rare,,,
11500,0.0,,too_rare,,,
11501,0.0,,too_rare,,,
11502,0.0,,too_rare,,,
11503,0.0,,too_rare,,,
11504,0.0,,too_rare,,,
11505,0.0,,too_rare,,,
11506,0.0,,too_rare,,,
11507,0.00011203226529240422,,too_rare,,,
11508,0.0,,too_rare,,,
11509,0.0,,too_rare,,,
11510,0.0,,too_rare,,,
11511,0.0,,too_rare,,,
11512,0.0,,too_rare,,,
11513,0.0,,too_rare,,,
11514,0.0,,too_rare,,,
11515,0.0,,too_rare,,,
11516,5.601613264620211e-05,,too_rare,,,
11517,0.0,,too_rare,,,
11518,0.0,,too_rare,,,
11519,0.0,,too_rare,,,
11520,2.8008066323101054e-05,,too_rare,,,
11521,8.402419896930316e-05,,too_rare,,,
11522,0.0,,too_rare,,,
11523,2.8008066323101054e-05,,too_rare,,,
11524,0.0,,too_rare,,,
11525,2.8008066323101054e-05,,too_rare,,,
11526,0.0,,too_rare,,,
11527,0.001092314586600941,,too_rare,,,
11528,0.0,,too_rare,,,
11529,0.0,,too_rare,,,
11530,0.0,,too_rare,,,
11531,2.8008066323101054e-05,,too_rare,,,
11532,5.601613264620211e-05,,too_rare,,,
11533,0.0,,too_rare,,,
11534,0.0,,too_rare,,,
11535,2.8008066323101054e-05,,too_rare,,,
11536,2.8008066323101054e-05,,too_rare,,,
11537,0.0,,too_rare,,,
11538,0.0,,too_rare,,,
11539,0.0,,too_rare,,,
11540,0.0,,too_rare,,,
11541,0.0,,too_rare,,,
11542,0.0,,too_rare,,,
11543,0.0003080887295541116,,too_rare,,,
11544,0.0,,too_rare,,,
11545,0.0,,too_rare,,,
11546,2.8008066323101054e-05,,too_rare,,,
11548,0.0,,too_rare,,,
11549,0.0,,too_rare,,,
11550,0.0,,too_rare,,,
11551,0.0,,too_rare,,,
11552,0.0,,too_rare,,,
11554,5.601613264620211e-05,,too_rare,,,
11555,0.0,,too_rare,,,
11556,0.0,,too_rare,,,
11557,0.0,,too_rare,,,
11558,0.0,,too_rare,,,
11559,0.0002520725969079095,,too_rare,,,
11560,5.601613264620211e-05,,too_rare,,,
11561,0.0,,too_rare,,,
11562,2.8008066323101054e-05,,too_rare,,,
11563,0.00019605646426170737,,too_rare,,,
11564,0.0,,too_rare,,,
11565,2.8008066323101054e-05,,too_rare,,,
11566,5.601613264620211e-05,,too_rare,,,
11567,0.0,,too_rare,,,
11568,0.0,,too_rare,,,
11569,0.00016804839793860632,,too_rare,,,
11570,2.8008066323101054e-05,,too_rare,,,
11571,0.0,,too_rare,,,
11572,0.0,,too_rare,,,
11573,5.601613264620211e-05,,too_rare,,,
11574,0.0,,too_rare,,,
11575,2.8008066323101054e-05,,too_rare,,,
11576,0.0,,too_rare,,,
11577,0.0002520725969079095,,too_rare,,,
11578,0.0,,too_rare,,,
11579,0.0,,too_rare,,,
11580,0.00033609679587721263,,too_rare,,,
11581,0.0,,too_rare,,,
11582,5.601613264620211e-05,,too_rare,,,
11583,2.8008066323101054e-05,,too_rare,,,
11584,0.0,,too_rare,,,
11585,0.0,,too_rare,,,
11586,0.0,,too_rare,,,
11587,0.0,,too_rare,,,
11588,0.0,,too_rare,,,
11589,0.0,,too_rare,,,
11590,2.8008066323101054e-05,,too_rare,,,
11591,8.402419896930316e-05,,too_rare,,,
11592,8.402419896930316e-05,,too_rare,,,
11593,0.0,,too_rare,,,
11594,0.0,,too_rare,,,
11595,0.0,,too_rare,,,
11596,0.0,,too_rare,,,
11597,0.0,,too_rare,,,
11598,8.402419896930316e-05,,too_rare,,,
11599,0.0,,too_rare,,,
11600,0.0,,too_rare,,,
11601,0.0,,too_rare,,,
11602,8.402419896930316e-05,,too_rare,,,
11603,2.8008066323101054e-05,,too_rare,,,
11604,0.0,,too_rare,,,
11605,2.8008066323101054e-05,,too_rare,,,
11606,0.0,,too_rare,,,
11607,0.0,,too_rare,,,
11608,0.0,,too_rare,,,
11609,0.0,,too_rare,,,
11610,0.0,,too_rare,,,
11611,0.0,,too_rare,,,
11612,0.0,,too_rare,,,
11613,2.8008066323101054e-05,,too_rare,,,
11614,0.0,,too_rare,,,
11615,0.0,,too_rare,,,
11616,2.8008066323101054e-05,,too_rare,,,
11617,0.0,,too_rare,,,
11618,0.0,,too_rare,,,
11619,2.8008066323101054e-05,,too_rare,,,
11620,0.0,,too_rare,,,
11621,5.601613264620211e-05,,too_rare,,,
11622,8.402419896930316e-05,,too_rare,,,
11623,2.8008066323101054e-05,,too_rare,,,
11624,0.0,,too_rare,,,
11625,0.0,,too_rare,,,
11626,0.0,,too_rare,,,
11627,2.8008066323101054e-05,,too_rare,,,
11628,0.0,,too_rare,,,
11629,0.0,,too_rare,,,
11630,0.0,,too_rare,,,
11631,0.00011203226529240422,,too_rare,,,
11632,0.0,,too_rare,,,
11633,0.00011203226529240422,,too_rare,,,
11634,0.0,,too_rare,,,
11635,0.0,,too_rare,,,
11636,2.8008066323101054e-05,,too_rare,,,
11638,0.0,,too_rare,,,
11639,0.0,,too_rare,,,
11640,2.8008066323101054e-05,,too_rare,,,
11641,0.0,,too_rare,,,
11642,0.0,,too_rare,,,
11643,2.8008066323101054e-05,,too_rare,,,
11644,0.0,,too_rare,,,
11645,2.8008066323101054e-05,,too_rare,,,
11646,0.0,,too_rare,,,
11647,8.402419896930316e-05,,too_rare,,,
11648,0.0,,too_rare,,,
11649,0.0,,too_rare,,,
11650,0.0,,too_rare,,,
11651,0.0,,too_rare,,,
11652,0.0,,too_rare,,,
11653,0.0,,too_rare,,,
11655,0.0,,too_rare,,,
11656,0.003136903428187318,,too_rare,,,
11657,0.0,,too_rare,,,
11658,0.0,,too_rare,,,
11659,0.003865113152587945,,too_rare,,,
11660,0.0,,too_rare,,,
11661,0.0,,too_rare,,,
11662,0.0,,too_rare,,,
11663,0.0,,too_rare,,,
11664,0.0,,too_rare,,,
11665,0.0,,too_rare,,,
11666,0.00014004033161550526,,too_rare,,,
11667,0.0,,too_rare,,,
11669,0.0,,too_rare,,,
11670,0.0,,too_rare,,,
11671,0.00016804839793860632,,too_rare,,,
11673,0.0,,too_rare,,,
11674,0.0,,too_rare,,,
11675,0.0,,too_rare,,,
11676,0.0,,too_rare,,,
11677,0.0,,too_rare,,,
11678,0.0,,too_rare,,,
11680,2.8008066323101054e-05,,too_rare,,,
11681,0.0,,too_rare,,,
11682,0.0,,too_rare,,,
11683,0.0,,too_rare,,,
11684,0.0,,too_rare,,,
11685,0.0,,too_rare,,,
11686,0.00039211292852341475,,too_rare,,,
11687,0.0,,too_rare,,,
11688,0.0,,too_rare,,,
11689,0.0,,too_rare,,,
11690,5.601613264620211e-05,,too_rare,,,
11691,0.0,,too_rare,,,
11692,0.0,,too_rare,,,
11693,2.8008066323101054e-05,,too_rare,,,
11694,0.0,,too_rare,,,
11695,0.0,,too_rare,,,
11696,0.008122339233699306,,too_rare,,,
11697,0.00016804839793860632,,too_rare,,,
11698,0.0,,too_rare,,,
11699,0.0,,too_rare,,,
11700,0.0,,too_rare,,,
11701,0.0,,too_rare,,,
11702,0.0,,too_rare,,,
11703,0.0,,too_rare,,,
11704,0.0,,too_rare,,,
11705,0.0,,too_rare,,,
11706,0.0,,too_rare,,,
11707,0.0,,too_rare,,,
11708,0.0,,too_rare,,,
11709,0.0,,too_rare,,,
11710,2.8008066323101054e-05,,too_rare,,,
11711,0.0,,too_rare,,,
11712,0.0,,too_rare,,,
11713,0.0,,too_rare,,,
11714,0.0,,too_rare,,,
11715,0.0,,too_rare,,,
11716,2.8008066323101054e-05,,too_rare,,,
11717,0.0,,too_rare,,,
11718,0.0,,too_rare,,,
11719,0.0,,too_rare,,,
11720,0.0,,too_rare,,,
11721,0.0,,too_rare,,,
11722,0.0,,too_rare,,,
11723,2.8008066323101054e-05,,too_rare,,,
11724,2.8008066323101054e-05,,too_rare,,,
11725,0.0,,too_rare,,,
11726,5.601613264620211e-05,,too_rare,,,
11727,0.0,,too_rare,,,
11728,0.0,,too_rare,,,
11729,0.0,,too_rare,,,
11730,0.0,,too_rare,,,
11731,5.601613264620211e-05,,too_rare,,,
11732,0.0,,too_rare,,,
11733,0.00022406453058480843,,too_rare,,,
11734,0.0,,too_rare,,,
11735,0.0,,too_rare,,,
11736,2.8008066323101054e-05,,too_rare,,,
11737,0.0004761371274927179,,too_rare,,,
11738,0.00011203226529240422,,too_rare,,,
11739,0.0,,too_rare,,,
11740,0.0,,too_rare,,,
11741,0.0,,too_rare,,,
11742,0.0008682500560161327,,too_rare,,,
11743,0.0,,too_rare,,,
11744,2.8008066323101054e-05,,too_rare,,,
11745,0.0,,too_rare,,,
11746,2.8008066323101054e-05,,too_rare,,,
11747,0.0,,too_rare,,,
11748,0.0,,too_rare,,,
11749,0.0,,too_rare,,,
11750,0.0,,too_rare,,,
11751,0.0,,too_rare,,,
11752,0.0,,too_rare,,,
11753,0.0,,too_rare,,,
11754,0.0,,too_rare,,,
11755,2.8008066323101054e-05,,too_rare,,,
11756,0.0,,too_rare,,,
11757,2.8008066323101054e-05,,too_rare,,,
11758,0.0,,too_rare,,,
11759,8.402419896930316e-05,,too_rare,,,
11760,2.8008066323101054e-05,,too_rare,,,
11761,0.0,,too_rare,,,
11762,2.8008066323101054e-05,,too_rare,,,
11763,0.0,,too_rare,,,
11764,0.0,,too_rare,,,
11765,2.8008066323101054e-05,,too_rare,,,
11766,0.0,,too_rare,,,
11767,0.0,,too_rare,,,
11768,0.0,,too_rare,,,
11769,0.0006441855254313242,,too_rare,,,
11770,0.00014004033161550526,,too_rare,,,
11771,0.0,,too_rare,,,
11772,0.0,,too_rare,,,
11773,2.8008066323101054e-05,,too_rare,,,
11774,0.0007002016580775263,,too_rare,,,
11775,8.402419896930316e-05,,too_rare,,,
11776,0.0,,too_rare,,,
11777,0.001568451714093659,,too_rare,,,
11778,2.8008066323101054e-05,,too_rare,,,
11780,0.0,,too_rare,,,
11781,2.8008066323101054e-05,,too_rare,,,
11782,0.0,,too_rare,,,
11783,2.8008066323101054e-05,,too_rare,,,
11784,0.0,,too_rare,,,
11785,0.0,,too_rare,,,
11786,0.0,,too_rare,,,
11787,0.0,,too_rare,,,
11788,0.0,,too_rare,,,
11789,2.8008066323101054e-05,,too_rare,,,
11790,0.0,,too_rare,,,
11791,2.8008066323101054e-05,,too_rare,,,
11792,5.601613264620211e-05,,too_rare,,,
11793,2.8008066323101054e-05,,too_rare,,,
11794,0.0,,too_rare,,,
11795,0.0,,too_rare,,,
11796,2.8008066323101054e-05,,too_rare,,,
11797,2.8008066323101054e-05,,too_rare,,,
11798,0.0,,too_rare,,,
11799,0.0,,too_rare,,,
11800,0.0,,too_rare,,,
11802,0.0,,too_rare,,,
11803,2.8008066323101054e-05,,too_rare,,,
11804,0.0,,too_rare,,,
11805,0.0,,too_rare,,,
11806,0.0,,too_rare,,,
11807,0.0,,too_rare,,,
11808,0.0,,too_rare,,,
11809,0.0,,too_rare,,,
11810,0.0,,too_rare,,,
11811,0.0,,too_rare,,,
11812,0.0,,too_rare,,,
11813,0.0,,too_rare,,,
11814,2.8008066323101054e-05,,too_rare,,,
11815,5.601613264620211e-05,,too_rare,,,
11816,0.0,,too_rare,,,
11817,0.0,,too_rare,,,
11818,0.0,,too_rare,,,
11819,0.0,,too_rare,,,
11820,0.0,,too_rare,,,
11821,0.0,,too_rare,,,
11822,8.402419896930316e-05,,too_rare,,,
11823,0.0,,too_rare,,,
11825,0.0,,too_rare,,,
11826,0.0,,too_rare,,,
11827,0.0,,too_rare,,,
11828,0.0,,too_rare,,,
11829,0.0,,too_rare,,,
11830,0.0,,too_rare,,,
11831,0.0,,too_rare,,,
11832,5.601613264620211e-05,,too_rare,,,
11833,2.8008066323101054e-05,,too_rare,,,
11834,0.0,,too_rare,,,
11835,8.402419896930316e-05,,too_rare,,,
11836,2.8008066323101054e-05,,too_rare,,,
11837,0.0,,too_rare,,,
11838,0.00019605646426170737,,too_rare,,,
11839,0.0,,too_rare,,,
11840,8.402419896930316e-05,,too_rare,,,
11842,0.0002800806632310105,,too_rare,,,
11844,0.0002800806632310105,,too_rare,,,
11845,0.0,,too_rare,,,
11846,0.0,,too_rare,,,
11847,0.0,,too_rare,,,
11848,0.0,,too_rare,,,
11849,0.0,,too_rare,,,
11850,5.601613264620211e-05,,too_rare,,,
11851,0.0,,too_rare,,,
11852,5.601613264620211e-05,,too_rare,,,
11853,0.0,,too_rare,,,
11854,0.007338113376652476,,too_rare,,,
11855,0.0,,too_rare,,,
11856,0.0,,too_rare,,,
11857,0.0,,too_rare,,,
11858,0.0,,too_rare,,,
11859,0.0,,too_rare,,,
11860,0.0,,too_rare,,,
11861,0.0,,too_rare,,,
11862,0.0,,too_rare,,,
11863,0.0,,too_rare,,,
11864,5.601613264620211e-05,,too_rare,,,
11865,0.0,,too_rare,,,
11866,0.0,,too_rare,,,
11867,5.601613264620211e-05,,too_rare,,,
11868,0.0,,too_rare,,,
11869,0.00014004033161550526,,too_rare,,,
11870,0.0,,too_rare,,,
11871,0.0,,too_rare,,,
11872,0.001512435581447457,,too_rare,,,
11873,0.0,,too_rare,,,
11874,2.8008066323101054e-05,,too_rare,,,
11875,0.0,,too_rare,,,
11876,0.0,,too_rare,,,
11877,0.0,,too_rare,,,
11878,0.0,,too_rare,,,
11879,0.0,,too_rare,,,
11880,0.0,,too_rare,,,
11881,0.0,,too_rare,,,
11882,0.0,,too_rare,,,
11883,5.601613264620211e-05,,too_rare,,,
11884,0.0,,too_rare,,,
11885,0.0,,too_rare,,,
11886,0.0,,too_rare,,,
11887,0.0,,too_rare,,,
11888,0.0,,too_rare,,,
11889,0.0,,too_rare,,,
11890,0.0,,too_rare,,,
11891,0.0,,too_rare,,,
11892,2.8008066323101054e-05,,too_rare,,,
11893,0.0,,too_rare,,,
11894,0.0,,too_rare,,,
11895,0.0,,too_rare,,,
11896,0.0,,too_rare,,,
11897,2.8008066323101054e-05,,too_rare,,,
11898,0.0,,too_rare,,,
11899,0.0,,too_rare,,,
11900,0.0,,too_rare,,,
11901,0.0,,too_rare,,,
11902,0.0,,too_rare,,,
11903,0.0,,too_rare,,,
11904,2.8008066323101054e-05,,too_rare,,,
11905,2.8008066323101054e-05,,too_rare,,,
11906,0.0,,too_rare,,,
11907,0.0,,too_rare,,,
11908,0.0,,too_rare,,,
11909,0.0,,too_rare,,,
11910,0.0,,too_rare,,,
11911,0.0,,too_rare,,,
11912,0.0,,too_rare,,,
11913,0.0,,too_rare,,,
11914,2.8008066323101054e-05,,too_rare,,,
11915,0.0,,too_rare,,,
11916,0.0,,too_rare,,,
11917,0.0,,too_rare,,,
11918,0.0,,too_rare,,,
11919,0.0,,too_rare,,,
11920,0.0,,too_rare,,,
11921,0.0,,too_rare,,,
11922,0.0,,too_rare,,,
11923,0.0,,too_rare,,,
11924,2.8008066323101054e-05,,too_rare,,,
11925,0.0,,too_rare,,,
11926,0.0,,too_rare,,,
11927,2.8008066323101054e-05,,too_rare,,,
11928,0.0,,too_rare,,,
11929,0.0,,too_rare,,,
11930,2.8008066323101054e-05,,too_rare,,,
11931,2.8008066323101054e-05,,too_rare,,,
11932,0.0,,too_rare,,,
11933,0.0,,too_rare,,,
11934,0.0,,too_rare,,,
11935,0.0,,too_rare,,,
11936,0.0,,too_rare,,,
11937,0.001652475913062962,,too_rare,,,
11938,0.0,,too_rare,,,
11939,0.0,,too_rare,,,
11940,0.0,,too_rare,,,
11941,2.8008066323101054e-05,,too_rare,,,
11942,0.0,,too_rare,,,
11943,0.0,,too_rare,,,
11944,0.0,,too_rare,,,
11945,2.8008066323101054e-05,,too_rare,,,
11946,0.0,,too_rare,,,
11947,0.0,,too_rare,,,
11948,0.0,,too_rare,,,
11949,0.0,,too_rare,,,
11950,0.0,,too_rare,,,
11951,0.0,,too_rare,,,
11952,0.0,,too_rare,,,
11953,8.402419896930316e-05,,too_rare,,,
11954,0.0,,too_rare,,,
11955,0.0,,too_rare,,,
11956,0.0,,too_rare,,,
11957,0.0,,too_rare,,,
11958,0.005237508402419897,,too_rare,,,
11959,0.0,,too_rare,,,
11960,0.0,,too_rare,,,
11961,0.0,,too_rare,,,
11962,0.0,,too_rare,,,
11963,0.0,,too_rare,,,
11964,0.0,,too_rare,,,
11965,0.0,,too_rare,,,
11966,0.0,,too_rare,,,
11967,0.0,,too_rare,,,
11968,0.00014004033161550526,,too_rare,,,
11969,0.0,,too_rare,,,
11970,0.0,,too_rare,,,
11971,0.0,,too_rare,,,
11972,2.8008066323101054e-05,,too_rare,,,
11973,0.0,,too_rare,,,
11974,0.0,,too_rare,,,
11975,0.0,,too_rare,,,
11976,2.8008066323101054e-05,,too_rare,,,
11977,0.0,,too_rare,,,
11978,8.402419896930316e-05,,too_rare,,,
11979,0.0,,too_rare,,,
11980,0.0,,too_rare,,,
11981,8.402419896930316e-05,,too_rare,,,
11982,0.0,,too_rare,,,
11983,8.402419896930316e-05,,too_rare,,,
11984,0.0,,too_rare,,,
11985,2.8008066323101054e-05,,too_rare,,,
11986,0.0,,too_rare,,,
11987,0.0,,too_rare,,,
11988,0.0,,too_rare,,,
11989,0.0,,too_rare,,,
11990,0.0,,too_rare,,,
11991,0.0,,too_rare,,,
11992,0.0,,too_rare,,,
11993,0.0,,too_rare,,,
11994,0.0,,too_rare,,,
11995,0.0,,too_rare,,,
11996,0.0,,too_rare,,,
11997,0.0,,too_rare,,,
11998,0.0,,too_rare,,,
11999,0.0,,too_rare,,,
12000,0.0,,too_rare,,,
12001,0.0,,too_rare,,,
12002,0.00014004033161550526,,too_rare,,,
12003,2.8008066323101054e-05,,too_rare,,,
12004,0.0,,too_rare,,,
12005,0.0,,too_rare,,,
12006,0.0,,too_rare,,,
12007,0.0,,too_rare,,,
12008,0.0,,too_rare,,,
12009,0.0,,too_rare,,,
12010,0.0,,too_rare,,,
12011,0.0,,too_rare,,,
12012,0.0,,too_rare,,,
12013,0.0,,too_rare,,,
12014,0.0,,too_rare,,,
12015,0.0,,too_rare,,,
12016,0.0,,too_rare,,,
12017,0.0,,too_rare,,,
12018,0.0,,too_rare,,,
12019,2.8008066323101054e-05,,too_rare,,,
12020,2.8008066323101054e-05,,too_rare,,,
12021,0.0,,too_rare,,,
12022,0.0,,too_rare,,,
12023,0.0,,too_rare,,,
12024,2.8008066323101054e-05,,too_rare,,,
12025,0.0,,too_rare,,,
12026,2.8008066323101054e-05,,too_rare,,,
12027,0.0,,too_rare,,,
12028,0.0002520725969079095,,too_rare,,,
12029,0.0,,too_rare,,,
12030,0.0,,too_rare,,,
12031,0.0,,too_rare,,,
12032,0.0,,too_rare,,,
12033,0.0,,too_rare,,,
12034,0.0,,too_rare,,,
12035,0.0,,too_rare,,,
12036,0.0,,too_rare,,,
12037,0.0,,too_rare,,,
12038,0.0,,too_rare,,,
12039,0.0,,too_rare,,,
12040,2.8008066323101054e-05,,too_rare,,,
12041,0.0,,too_rare,,,
12042,0.0,,too_rare,,,
12043,0.0,,too_rare,,,
12044,0.0,,too_rare,,,
12045,5.601613264620211e-05,,too_rare,,,
12046,0.0,,too_rare,,,
12047,2.8008066323101054e-05,,too_rare,,,
12048,2.8008066323101054e-05,,too_rare,,,
12049,0.0,,too_rare,,,
12050,0.0,,too_rare,,,
12051,0.0,,too_rare,,,
12052,2.8008066323101054e-05,,too_rare,,,
12053,0.0,,too_rare,,,
12054,0.0,,too_rare,,,
12055,0.0,,too_rare,,,
12056,0.0,,too_rare,,,
12057,0.0,,too_rare,,,
12058,0.0,,too_rare,,,
12059,0.0,,too_rare,,,
12060,0.0,,too_rare,,,
12061,0.0,,too_rare,,,
12062,2.8008066323101054e-05,,too_rare,,,
12063,0.0,,too_rare,,,
12064,0.0,,too_rare,,,
12065,0.0,,too_rare,,,
12066,0.0,,too_rare,,,
12067,0.0,,too_rare,,,
12068,0.0,,too_rare,,,
12069,0.0,,too_rare,,,
12070,0.0,,too_rare,,,
12071,0.0,,too_rare,,,
12072,0.0,,too_rare,,,
12073,0.0,,too_rare,,,
12074,0.0,,too_rare,,,
12075,2.8008066323101054e-05,,too_rare,,,
12076,0.00011203226529240422,,too_rare,,,
12077,0.0,,too_rare,,,
12078,0.0,,too_rare,,,
12079,0.0,,too_rare,,,
12080,0.0019045485099708716,,too_rare,,,
12081,0.0,,too_rare,,,
12082,0.0,,too_rare,,,
12083,0.0,,too_rare,,,
12084,0.0,,too_rare,,,
12085,0.0,,too_rare,,,
12086,5.601613264620211e-05,,too_rare,,,
12087,0.0,,too_rare,,,
12088,0.0,,too_rare,,,
12089,0.0,,too_rare,,,
12090,0.0,,too_rare,,,
12091,0.0,,too_rare,,,
12092,0.0,,too_rare,,,
12093,0.00019605646426170737,,too_rare,,,
12094,0.0,,too_rare,,,
12095,0.003080887295541116,,too_rare,,,
12096,0.0,,too_rare,,,
12097,0.0,,too_rare,,,
12098,0.00011203226529240422,,too_rare,,,
12099,5.601613264620211e-05,,too_rare,,,
12100,0.0,,too_rare,,,
12101,0.0,,too_rare,,,
12102,0.00022406453058480843,,too_rare,,,
12103,0.0,,too_rare,,,
12104,0.0,,too_rare,,,
12105,0.0,,too_rare,,,
12106,0.0,,too_rare,,,
12107,0.0,,too_rare,,,
12108,0.0,,too_rare,,,
12109,0.00014004033161550526,,too_rare,,,
12110,0.0,,too_rare,,,
12111,0.0,,too_rare,,,
12112,0.0006441855254313242,,too_rare,,,
12113,0.0,,too_rare,,,
12114,0.0,,too_rare,,,
12115,0.0,,too_rare,,,
12116,0.0,,too_rare,,,
12117,0.0,,too_rare,,,
12118,0.0,,too_rare,,,
12119,2.8008066323101054e-05,,too_rare,,,
12120,5.601613264620211e-05,,too_rare,,,
12121,8.402419896930316e-05,,too_rare,,,
12122,0.0,,too_rare,,,
12123,0.000560161326462021,,too_rare,,,
12124,5.601613264620211e-05,,too_rare,,,
12125,0.0,,too_rare,,,
12126,0.0,,too_rare,,,
12127,0.0,,too_rare,,,
12128,0.0,,too_rare,,,
12129,0.0,,too_rare,,,
12130,0.0,,too_rare,,,
12131,0.0,,too_rare,,,
12132,2.8008066323101054e-05,,too_rare,,,
12133,0.0,,too_rare,,,
12134,2.8008066323101054e-05,,too_rare,,,
12135,0.0,,too_rare,,,
12136,2.8008066323101054e-05,,too_rare,,,
12137,0.0,,too_rare,,,
12138,2.8008066323101054e-05,,too_rare,,,
12139,2.8008066323101054e-05,,too_rare,,,
12140,0.0,,too_rare,,,
12141,0.0,,too_rare,,,
12142,5.601613264620211e-05,,too_rare,,,
12143,0.0,,too_rare,,,
12144,0.0,,too_rare,,,
12145,0.0,,too_rare,,,
12146,2.8008066323101054e-05,,too_rare,,,
12147,0.0,,too_rare,,,
12148,0.0,,too_rare,,,
12149,0.0002520725969079095,,too_rare,,,
12150,8.402419896930316e-05,,too_rare,,,
12151,8.402419896930316e-05,,too_rare,,,
12152,0.0,,too_rare,,,
12153,0.0,,too_rare,,,
12154,5.601613264620211e-05,,too_rare,,,
12155,2.8008066323101054e-05,,too_rare,,,
12156,0.0,,too_rare,,,
12157,0.0,,too_rare,,,
12158,2.8008066323101054e-05,,too_rare,,,
12160,2.8008066323101054e-05,,too_rare,,,
12161,0.0,,too_rare,,,
12162,0.0,,too_rare,,,
12163,0.00011203226529240422,,too_rare,,,
12164,2.8008066323101054e-05,,too_rare,,,
12165,0.0,,too_rare,,,
12166,0.0,,too_rare,,,
12167,0.0,,too_rare,,,
12168,2.8008066323101054e-05,,too_rare,,,
12169,2.8008066323101054e-05,,too_rare,,,
12170,0.0,,too_rare,,,
12171,0.0,,too_rare,,,
12172,0.0,,too_rare,,,
12173,0.0,,too_rare,,,
12174,0.0,,too_rare,,,
12175,0.0,,too_rare,,,
12176,0.0,,too_rare,,,
12177,0.0,,too_rare,,,
12178,0.0,,too_rare,,,
12179,0.0,,too_rare,,,
12180,2.8008066323101054e-05,,too_rare,,,
12181,0.0,,too_rare,,,
12182,0.0,,too_rare,,,
12183,2.8008066323101054e-05,,too_rare,,,
12184,0.0,,too_rare,,,
12185,0.0,,too_rare,,,
12186,0.0,,too_rare,,,
12187,2.8008066323101054e-05,,too_rare,,,
12188,0.0,,too_rare,,,
12189,0.0,,too_rare,,,
12190,0.0,,too_rare,,,
12191,0.0,,too_rare,,,
12192,0.0,,too_rare,,,
12193,0.0,,too_rare,,,
12194,2.8008066323101054e-05,,too_rare,,,
12195,0.0,,too_rare,,,
12196,0.0,,too_rare,,,
12197,0.0,,too_rare,,,
12198,0.0,,too_rare,,,
12199,0.0,,too_rare,,,
12200,0.0,,too_rare,,,
12201,0.00019605646426170737,,too_rare,,,
12202,0.0013443871835088505,,too_rare,,,
12203,0.0,,too_rare,,,
12204,0.0,,too_rare,,,
12205,0.0,,too_rare,,,
12206,0.0,,too_rare,,,
12207,0.0,,too_rare,,,
12208,0.0,,too_rare,,,
12209,0.0,,too_rare,,,
12210,0.0,,too_rare,,,
12211,0.0,,too_rare,,,
12212,8.402419896930316e-05,,too_rare,,,
12213,0.0,,too_rare,,,
12214,0.0,,too_rare,,,
12215,2.8008066323101054e-05,,too_rare,,,
12216,0.0,,too_rare,,,
12217,0.0,,too_rare,,,
12218,0.0,,too_rare,,,
12219,0.0,,too_rare,,,
12220,0.0,,too_rare,,,
12221,0.002100604974232579,,too_rare,,,
12222,8.402419896930316e-05,,too_rare,,,
12223,0.00016804839793860632,,too_rare,,,
12225,0.0,,too_rare,,,
12226,2.8008066323101054e-05,,too_rare,,,
12227,0.0,,too_rare,,,
12228,0.0,,too_rare,,,
12229,0.0,,too_rare,,,
12230,0.0,,too_rare,,,
12231,0.0,,too_rare,,,
12232,0.0,,too_rare,,,
12233,0.0,,too_rare,,,
12234,0.0,,too_rare,,,
12235,0.0,,too_rare,,,
12236,2.8008066323101054e-05,,too_rare,,,
12237,0.0,,too_rare,,,
12238,0.0,,too_rare,,,
12239,0.0,,too_rare,,,
12240,0.0,,too_rare,,,
12241,0.0,,too_rare,,,
12242,0.0,,too_rare,,,
12243,0.00039211292852341475,,too_rare,,,
12244,0.0,,too_rare,,,
12245,0.0,,too_rare,,,
12246,0.0,,too_rare,,,
12247,0.0,,too_rare,,,
12248,0.0,,too_rare,,,
12249,2.8008066323101054e-05,,too_rare,,,
12250,2.8008066323101054e-05,,too_rare,,,
12251,0.0,,too_rare,,,
12252,0.0,,too_rare,,,
12253,2.8008066323101054e-05,,too_rare,,,
12254,0.0,,too_rare,,,
12255,5.601613264620211e-05,,too_rare,,,
12256,0.0,,too_rare,,,
12257,0.0,,too_rare,,,
12258,2.8008066323101054e-05,,too_rare,,,
12259,0.0,,too_rare,,,
12260,0.0,,too_rare,,,
12261,0.0,,too_rare,,,
12262,0.00033609679587721263,,too_rare,,,
12263,0.0,,too_rare,,,
12264,0.0,,too_rare,,,
12265,0.0,,too_rare,,,
12266,0.0,,too_rare,,,
12267,2.8008066323101054e-05,,too_rare,,,
12268,0.0,,too_rare,,,
12269,0.0,,too_rare,,,
12270,0.0,,too_rare,,,
12271,0.0,,too_rare,,,
12272,0.0,,too_rare,,,
12273,0.0,,too_rare,,,
12274,0.00033609679587721263,,too_rare,,,
12275,0.0,,too_rare,,,
12276,0.0,,too_rare,,,
12277,0.0,,too_rare,,,
12278,0.0,,too_rare,,,
12279,0.0,,too_rare,,,
12281,0.0,,too_rare,,,
12282,2.8008066323101054e-05,,too_rare,,,
12283,0.0,,too_rare,,,
12284,0.0,,too_rare,,,
12285,5.601613264620211e-05,,too_rare,,,
12286,0.0,,too_rare,,,
12287,0.0,,too_rare,,,
12288,0.0,,too_rare,,,
12289,0.0,,too_rare,,,
12290,0.0,,too_rare,,,
12291,0.0,,too_rare,,,
12292,2.8008066323101054e-05,,too_rare,,,
12293,0.0,,too_rare,,,
12294,0.0,,too_rare,,,
12295,0.0,,too_rare,,,
12296,0.0,,too_rare,,,
12297,0.0,,too_rare,,,
12298,0.0,,too_rare,,,
12299,0.0,,too_rare,,,
12300,0.0,,too_rare,,,
12301,0.0,,too_rare,,,
12302,0.0,,too_rare,,,
12303,2.8008066323101054e-05,,too_rare,,,
12304,0.0,,too_rare,,,
12305,2.8008066323101054e-05,,too_rare,,,
12306,0.0,,too_rare,,,
12307,2.8008066323101054e-05,,too_rare,,,
12308,0.0,,too_rare,,,
12309,0.0,,too_rare,,,
12310,0.0,,too_rare,,,
12311,0.00044812906116961686,,too_rare,,,
12312,0.0,,too_rare,,,
12313,0.0,,too_rare,,,
12314,0.0,,too_rare,,,
12315,0.0,,too_rare,,,
12316,0.0,,too_rare,,,
12317,0.0,,too_rare,,,
12319,2.8008066323101054e-05,,too_rare,,,
12320,0.0,,too_rare,,,
12321,0.0,,too_rare,,,
12322,0.0004201209948465158,,too_rare,,,
12323,0.0,,too_rare,,,
12324,0.0,,too_rare,,,
12325,2.8008066323101054e-05,,too_rare,,,
12326,0.0,,too_rare,,,
12327,0.0,,too_rare,,,
12328,0.0,,too_rare,,,
12329,2.8008066323101054e-05,,too_rare,,,
12330,0.0,,too_rare,,,
12331,0.00011203226529240422,,too_rare,,,
12332,0.0,,too_rare,,,
12333,2.8008066323101054e-05,,too_rare,,,
12334,0.00044812906116961686,,too_rare,,,
12335,2.8008066323101054e-05,,too_rare,,,
12336,0.0,,too_rare,,,
12337,0.0,,too_rare,,,
12338,0.0,,too_rare,,,
12339,0.0,,too_rare,,,
12340,8.402419896930316e-05,,too_rare,,,
12341,2.8008066323101054e-05,,too_rare,,,
12342,0.0,,too_rare,,,
12343,0.0,,too_rare,,,
12344,0.0,,too_rare,,,
12345,0.0,,too_rare,,,
12346,0.0,,too_rare,,,
12348,0.0,,too_rare,,,
12349,0.0,,too_rare,,,
12350,0.0,,too_rare,,,
12351,0.0,,too_rare,,,
12352,5.601613264620211e-05,,too_rare,,,
12353,0.00011203226529240422,,too_rare,,,
12354,0.0,,too_rare,,,
12355,2.8008066323101054e-05,,too_rare,,,
12356,0.0,,too_rare,,,
12357,0.0,,too_rare,,,
12358,0.0,,too_rare,,,
12359,0.0,,too_rare,,,
12360,0.0,,too_rare,,,
12361,0.0,,too_rare,,,
12362,0.0,,too_rare,,,
12363,0.0,,too_rare,,,
12364,0.0,,too_rare,,,
12365,0.0,,too_rare,,,
12366,5.601613264620211e-05,,too_rare,,,
12367,0.0,,too_rare,,,
12368,2.8008066323101054e-05,,too_rare,,,
12369,0.0,,too_rare,,,
12370,0.0,,too_rare,,,
12371,2.8008066323101054e-05,,too_rare,,,
12372,0.0,,too_rare,,,
12373,0.0,,too_rare,,,
12374,0.0,,too_rare,,,
12375,0.0,,too_rare,,,
12376,0.0,,too_rare,,,
12377,0.0,,too_rare,,,
12378,0.00019605646426170737,,too_rare,,,
12379,2.8008066323101054e-05,,too_rare,,,
12380,0.0,,too_rare,,,
12381,0.00039211292852341475,,too_rare,,,
12382,0.0,,too_rare,,,
12383,0.0,,too_rare,,,
12384,0.0,,too_rare,,,
12385,0.0,,too_rare,,,
12386,0.0023806856374635893,,too_rare,,,
12387,5.601613264620211e-05,,too_rare,,,
12388,0.0,,too_rare,,,
12389,0.0,,too_rare,,,
12390,0.0,,too_rare,,,
12391,0.0,,too_rare,,,
12392,2.8008066323101054e-05,,too_rare,,,
12393,0.0007282097244006273,,too_rare,,,
12394,0.0,,too_rare,,,
12395,0.0,,too_rare,,,
12396,0.0,,too_rare,,,
12397,0.0,,too_rare,,,
12398,0.0,,too_rare,,,
12399,0.0,,too_rare,,,
12400,0.0,,too_rare,,,
12401,0.0,,too_rare,,,
12402,0.0,,too_rare,,,
12403,0.0,,too_rare,,,
12404,0.0,,too_rare,,,
12405,0.0,,too_rare,,,
12406,2.8008066323101054e-05,,too_rare,,,
12407,0.0,,too_rare,,,
12408,0.0,,too_rare,,,
12409,0.0,,too_rare,,,
12410,0.0,,too_rare,,,
12411,0.0,,too_rare,,,
12412,0.0,,too_rare,,,
12413,0.0,,too_rare,,,
12414,0.0,,too_rare,,,
12415,0.0,,too_rare,,,
12416,0.00039211292852341475,,too_rare,,,
12417,2.8008066323101054e-05,,too_rare,,,
12418,0.0,,too_rare,,,
12419,0.0,,too_rare,,,
12420,0.0,,too_rare,,,
12421,0.0,,too_rare,,,
12422,0.0,,too_rare,,,
12423,0.00033609679587721263,,too_rare,,,
12424,0.0,,too_rare,,,
12425,2.8008066323101054e-05,,too_rare,,,
12426,2.8008066323101054e-05,,too_rare,,,
12427,0.0,,too_rare,,,
12428,0.0,,too_rare,,,
12429,0.00011203226529240422,,too_rare,,,
12430,0.0,,too_rare,,,
12431,0.0,,too_rare,,,
12432,0.0,,too_rare,,,
12433,0.0,,too_rare,,,
12434,0.0,,too_rare,,,
12435,0.0,,too_rare,,,
12436,0.0,,too_rare,,,
12437,0.0,,too_rare,,,
12438,0.0,,too_rare,,,
12440,0.0,,too_rare,,,
12441,0.0,,too_rare,,,
12442,2.8008066323101054e-05,,too_rare,,,
12443,0.0,,too_rare,,,
12444,0.0,,too_rare,,,
12445,0.0,,too_rare,,,
12446,0.0,,too_rare,,,
12447,0.0,,too_rare,,,
12448,0.0,,too_rare,,,
12449,5.601613264620211e-05,,too_rare,,,
12450,0.0,,too_rare,,,
12451,0.0,,too_rare,,,
12452,0.0,,too_rare,,,
12453,0.0,,too_rare,,,
12454,2.8008066323101054e-05,,too_rare,,,
12455,0.0,,too_rare,,,
12456,0.001036298453954739,,too_rare,,,
12457,0.0012603629845395474,,too_rare,,,
12458,0.0,,too_rare,,,
12459,0.0,,too_rare,,,
12460,0.0,,too_rare,,,
12461,5.601613264620211e-05,,too_rare,,,
12462,0.0,,too_rare,,,
12463,0.0,,too_rare,,,
12464,0.0,,too_rare,,,
12465,0.0,,too_rare,,,
12466,8.402419896930316e-05,,too_rare,,,
12467,0.0,,too_rare,,,
12468,2.8008066323101054e-05,,too_rare,,,
12469,0.0,,too_rare,,,
12470,0.0,,too_rare,,,
12471,0.0,,too_rare,,,
12472,0.0,,too_rare,,,
12473,0.0,,too_rare,,,
12474,0.00019605646426170737,,too_rare,,,
12475,0.0,,too_rare,,,
12476,0.0,,too_rare,,,
12477,0.0,,too_rare,,,
12478,0.0,,too_rare,,,
12479,0.0002520725969079095,,too_rare,,,
12480,5.601613264620211e-05,,too_rare,,,
12481,0.0,,too_rare,,,
12482,0.0,,too_rare,,,
12483,0.0,,too_rare,,,
12484,0.0,,too_rare,,,
12485,0.0,,too_rare,,,
12486,0.0004761371274927179,,too_rare,,,
12487,8.402419896930316e-05,,too_rare,,,
12488,2.8008066323101054e-05,,too_rare,,,
12489,0.0,,too_rare,,,
12490,0.0,,too_rare,,,
12491,0.0,,too_rare,,,
12492,2.8008066323101054e-05,,too_rare,,,
12493,0.0,,too_rare,,,
12494,0.0,,too_rare,,,
12495,0.0,,too_rare,,,
12496,0.0,,too_rare,,,
12497,0.0,,too_rare,,,
12498,0.0,,too_rare,,,
12499,0.0,,too_rare,,,
12500,0.0,,too_rare,,,
12501,0.0,,too_rare,,,
12502,2.8008066323101054e-05,,too_rare,,,
12503,2.8008066323101054e-05,,too_rare,,,
12504,0.0,,too_rare,,,
12505,0.0,,too_rare,,,
12506,2.8008066323101054e-05,,too_rare,,,
12507,0.0,,too_rare,,,
12508,0.0,,too_rare,,,
12509,0.0,,too_rare,,,
12510,0.0,,too_rare,,,
12511,0.0,,too_rare,,,
12512,0.0,,too_rare,,,
12513,0.0,,too_rare,,,
12514,5.601613264620211e-05,,too_rare,,,
12515,0.0,,too_rare,,,
12516,0.0,,too_rare,,,
12517,0.0,,too_rare,,,
12518,2.8008066323101054e-05,,too_rare,,,
12519,0.0,,too_rare,,,
12520,0.0,,too_rare,,,
12521,0.0,,too_rare,,,
12522,0.0,,too_rare,,,
12523,2.8008066323101054e-05,,too_rare,,,
12524,0.0,,too_rare,,,
12525,0.0,,too_rare,,,
12527,2.8008066323101054e-05,,too_rare,,,
12528,0.0,,too_rare,,,
12529,0.0,,too_rare,,,
12530,0.0,,too_rare,,,
12531,0.0,,too_rare,,,
12532,2.8008066323101054e-05,,too_rare,,,
12533,0.0,,too_rare,,,
12534,0.00019605646426170737,,too_rare,,,
12535,0.0,,too_rare,,,
12536,0.0004761371274927179,,too_rare,,,
12537,0.0,,too_rare,,,
12538,0.0,,too_rare,,,
12539,0.0,,too_rare,,,
12540,0.0,,too_rare,,,
12541,0.0,,too_rare,,,
12542,0.0,,too_rare,,,
12544,0.0,,too_rare,,,
12545,0.0,,too_rare,,,
12547,0.0,,too_rare,,,
12548,0.0,,too_rare,,,
12549,0.0,,too_rare,,,
12550,0.0,,too_rare,,,
12551,0.0,,too_rare,,,
12552,0.0,,too_rare,,,
12553,0.0,,too_rare,,,
12554,5.601613264620211e-05,,too_rare,,,
12555,0.0,,too_rare,,,
12556,0.0,,too_rare,,,
12557,0.0,,too_rare,,,
12558,0.0,,too_rare,,,
12559,0.0,,too_rare,,,
12560,0.0,,too_rare,,,
12561,0.0,,too_rare,,,
12562,0.0,,too_rare,,,
12563,0.0,,too_rare,,,
12564,0.0,,too_rare,,,
12565,0.0,,too_rare,,,
12566,0.0,,too_rare,,,
12567,0.0,,too_rare,,,
12568,0.0,,too_rare,,,
12569,0.0,,too_rare,,,
12570,2.8008066323101054e-05,,too_rare,,,
12571,0.0,,too_rare,,,
12572,0.0,,too_rare,,,
12573,0.0,,too_rare,,,
12574,0.0,,too_rare,,,
12575,0.0,,too_rare,,,
12576,0.0,,too_rare,,,
12577,0.0,,too_rare,,,
12578,0.0,,too_rare,,,
12579,0.0,,too_rare,,,
12580,0.0,,too_rare,,,
12581,0.0,,too_rare,,,
12582,0.0,,too_rare,,,
12583,0.0,,too_rare,,,
12584,0.0,,too_rare,,,
12585,2.8008066323101054e-05,,too_rare,,,
12586,0.0012323549182164464,,too_rare,,,
12587,0.0,,too_rare,,,
12588,0.0,,too_rare,,,
12589,0.0,,too_rare,,,
12590,5.601613264620211e-05,,too_rare,,,
12592,0.0,,too_rare,,,
12593,2.8008066323101054e-05,,too_rare,,,
12594,0.0,,too_rare,,,
12595,0.0,,too_rare,,,
12596,2.8008066323101054e-05,,too_rare,,,
12597,0.0,,too_rare,,,
12598,2.8008066323101054e-05,,too_rare,,,
12599,0.0,,too_rare,,,
12600,0.0,,too_rare,,,
12601,0.0,,too_rare,,,
12602,0.00016804839793860632,,too_rare,,,
12603,0.0,,too_rare,,,
12604,0.0,,too_rare,,,
12605,0.0,,too_rare,,,
12606,0.0,,too_rare,,,
12607,0.00053215326013892,,too_rare,,,
12608,2.8008066323101054e-05,,too_rare,,,
12609,2.8008066323101054e-05,,too_rare,,,
12610,2.8008066323101054e-05,,too_rare,,,
12611,0.0,,too_rare,,,
12612,0.0,,too_rare,,,
12613,0.0,,too_rare,,,
12614,0.00717006497871387,,too_rare,,,
12615,0.0,,too_rare,,,
12616,0.0,,too_rare,,,
12617,5.601613264620211e-05,,too_rare,,,
12618,0.0,,too_rare,,,
12619,0.0,,too_rare,,,
12620,0.0,,too_rare,,,
12621,0.0,,too_rare,,,
12622,0.0,,too_rare,,,
12623,0.0,,too_rare,,,
12624,0.0,,too_rare,,,
12625,0.0,,too_rare,,,
12626,2.8008066323101054e-05,,too_rare,,,
12627,0.0,,too_rare,,,
12628,0.00011203226529240422,,too_rare,,,
12629,0.0,,too_rare,,,
12630,0.0,,too_rare,,,
12631,0.0,,too_rare,,,
12632,0.0,,too_rare,,,
12633,2.8008066323101054e-05,,too_rare,,,
12634,2.8008066323101054e-05,,too_rare,,,
12635,0.0,,too_rare,,,
12637,0.0,,too_rare,,,
12638,0.0,,too_rare,,,
12639,0.0,,too_rare,,,
12640,0.0,,too_rare,,,
12641,0.0,,too_rare,,,
12642,8.402419896930316e-05,,too_rare,,,
12643,0.0,,too_rare,,,
12644,2.8008066323101054e-05,,too_rare,,,
12645,0.0,,too_rare,,,
12646,0.0,,too_rare,,,
12647,2.8008066323101054e-05,,too_rare,,,
12648,0.0,,too_rare,,,
12649,0.0,,too_rare,,,
12650,0.0,,too_rare,,,
12651,0.0,,too_rare,,,
12652,0.0,,too_rare,,,
12653,2.8008066323101054e-05,,too_rare,,,
12654,2.8008066323101054e-05,,too_rare,,,
12655,0.0,,too_rare,,,
12656,0.0,,too_rare,,,
12657,0.0,,too_rare,,,
12658,0.0,,too_rare,,,
12659,0.0,,too_rare,,,
12660,0.0,,too_rare,,,
12661,0.0,,too_rare,,,
12662,0.0,,too_rare,,,
12663,0.0,,too_rare,,,
12664,0.00022406453058480843,,too_rare,,,
12665,0.0,,too_rare,,,
12666,0.0,,too_rare,,,
12667,0.0,,too_rare,,,
12668,0.0,,too_rare,,,
12669,2.8008066323101054e-05,,too_rare,,,
12670,0.0,,too_rare,,,
12671,0.0,,too_rare,,,
12672,0.00022406453058480843,,too_rare,,,
12673,0.0,,too_rare,,,
12674,0.0,,too_rare,,,
12675,0.0,,too_rare,,,
12676,0.0,,too_rare,,,
12677,0.00014004033161550526,,too_rare,,,
12678,0.0,,too_rare,,,
12679,0.0,,too_rare,,,
12680,0.0,,too_rare,,,
12681,0.0,,too_rare,,,
12682,0.0,,too_rare,,,
12683,0.0,,too_rare,,,
12684,0.0,,too_rare,,,
12685,0.0,,too_rare,,,
12686,0.0,,too_rare,,,
12687,0.0,,too_rare,,,
12688,0.0,,too_rare,,,
12689,0.0,,too_rare,,,
12690,0.0007282097244006273,,too_rare,,,
12691,0.0,,too_rare,,,
12692,0.0,,too_rare,,,
12693,5.601613264620211e-05,,too_rare,,,
12694,2.8008066323101054e-05,,too_rare,,,
12695,0.0,,too_rare,,,
12696,0.0,,too_rare,,,
12697,0.0,,too_rare,,,
12698,0.0,,too_rare,,,
12699,0.0,,too_rare,,,
12700,0.0,,too_rare,,,
12701,0.0,,too_rare,,,
12702,0.0,,too_rare,,,
12703,0.0,,too_rare,,,
12704,0.0,,too_rare,,,
12705,2.8008066323101054e-05,,too_rare,,,
12706,0.0,,too_rare,,,
12707,0.00014004033161550526,,too_rare,,,
12708,0.0,,too_rare,,,
12709,0.0,,too_rare,,,
12710,5.601613264620211e-05,,too_rare,,,
12711,0.00011203226529240422,,too_rare,,,
12712,0.00011203226529240422,,too_rare,,,
12713,0.0,,too_rare,,,
12714,2.8008066323101054e-05,,too_rare,,,
12715,0.0,,too_rare,,,
12716,0.0,,too_rare,,,
12718,0.0,,too_rare,,,
12719,0.0,,too_rare,,,
12720,0.0,,too_rare,,,
12721,0.0,,too_rare,,,
12722,5.601613264620211e-05,,too_rare,,,
12723,0.0,,too_rare,,,
12724,0.0,,too_rare,,,
12725,0.0,,too_rare,,,
12726,2.8008066323101054e-05,,too_rare,,,
12727,0.0,,too_rare,,,
12728,0.0,,too_rare,,,
12729,2.8008066323101054e-05,,too_rare,,,
12730,0.0,,too_rare,,,
12731,2.8008066323101054e-05,,too_rare,,,
12732,0.0,,too_rare,,,
12733,0.0,,too_rare,,,
12734,0.003529016356710733,,too_rare,,,
12735,0.0,,too_rare,,,
12736,2.8008066323101054e-05,,too_rare,,,
12737,0.0067779520501904545,,too_rare,,,
12738,2.8008066323101054e-05,,too_rare,,,
12739,0.0,,too_rare,,,
12740,0.0,,too_rare,,,
12741,0.0,,too_rare,,,
12742,0.0,,too_rare,,,
12743,0.0,,too_rare,,,
12744,0.0,,too_rare,,,
12745,2.8008066323101054e-05,,too_rare,,,
12746,0.0,,too_rare,,,
12747,0.00011203226529240422,,too_rare,,,
12748,0.0,,too_rare,,,
12749,0.0,,too_rare,,,
12750,0.001036298453954739,,too_rare,,,
12751,0.0,,too_rare,,,
12752,0.0,,too_rare,,,
12753,0.0,,too_rare,,,
12754,2.8008066323101054e-05,,too_rare,,,
12755,0.0,,too_rare,,,
12756,0.0,,too_rare,,,
12757,0.0,,too_rare,,,
12758,0.0,,too_rare,,,
12759,0.0,,too_rare,,,
12760,0.0,,too_rare,,,
12761,0.0,,too_rare,,,
12762,0.0,,too_rare,,,
12763,0.0,,too_rare,,,
12764,0.0,,too_rare,,,
12765,0.0,,too_rare,,,
12766,0.0,,too_rare,,,
12767,0.0,,too_rare,,,
12768,0.0,,too_rare,,,
12769,0.0,,too_rare,,,
12770,0.0,,too_rare,,,
12771,0.0,,too_rare,,,
12772,2.8008066323101054e-05,,too_rare,,,
12773,0.0,,too_rare,,,
12774,0.0,,too_rare,,,
12775,0.0,,too_rare,,,
12776,0.0,,too_rare,,,
12777,0.0,,too_rare,,,
12778,0.0,,too_rare,,,
12779,0.0,,too_rare,,,
12780,8.402419896930316e-05,,too_rare,,,
12781,0.00022406453058480843,,too_rare,,,
12782,0.0,,too_rare,,,
12783,0.0,,too_rare,,,
12784,0.0,,too_rare,,,
12785,0.0,,too_rare,,,
12786,0.0,,too_rare,,,
12787,0.0,,too_rare,,,
12788,0.0,,too_rare,,,
12789,0.0,,too_rare,,,
12790,0.0,,too_rare,,,
12791,0.0,,too_rare,,,
12792,0.0,,too_rare,,,
12793,2.8008066323101054e-05,,too_rare,,,
12794,8.402419896930316e-05,,too_rare,,,
12795,0.0,,too_rare,,,
12796,2.8008066323101054e-05,,too_rare,,,
12797,0.0,,too_rare,,,
12798,2.8008066323101054e-05,,too_rare,,,
12799,0.0,,too_rare,,,
12800,0.0,,too_rare,,,
12801,0.0,,too_rare,,,
12802,0.0,,too_rare,,,
12803,0.0014564194488012547,,too_rare,,,
12804,2.8008066323101054e-05,,too_rare,,,
12805,0.0,,too_rare,,,
12806,0.0,,too_rare,,,
12807,0.0,,too_rare,,,
12808,0.0,,too_rare,,,
12809,0.0,,too_rare,,,
12810,0.0,,too_rare,,,
12811,0.0,,too_rare,,,
12812,0.0,,too_rare,,,
12813,0.0,,too_rare,,,
12814,0.0,,too_rare,,,
12816,0.0,,too_rare,,,
12817,0.00036410486220031366,,too_rare,,,
12818,0.0,,too_rare,,,
12819,2.8008066323101054e-05,,too_rare,,,
12820,0.0,,too_rare,,,
12821,0.0,,too_rare,,,
12822,0.0,,too_rare,,,
12823,0.0,,too_rare,,,
12824,2.8008066323101054e-05,,too_rare,,,
12825,0.0,,too_rare,,,
12827,0.0,,too_rare,,,
12828,5.601613264620211e-05,,too_rare,,,
12829,0.0,,too_rare,,,
12830,5.601613264620211e-05,,too_rare,,,
12831,0.0,,too_rare,,,
12832,0.0,,too_rare,,,
12833,0.0,,too_rare,,,
12834,5.601613264620211e-05,,too_rare,,,
12835,0.0004201209948465158,,too_rare,,,
12836,0.0,,too_rare,,,
12837,0.00033609679587721263,,too_rare,,,
12838,0.0,,too_rare,,,
12839,0.0,,too_rare,,,
12840,5.601613264620211e-05,,too_rare,,,
12841,0.0,,too_rare,,,
12842,0.0,,too_rare,,,
12843,0.0,,too_rare,,,
12844,0.0,,too_rare,,,
12845,0.0,,too_rare,,,
12846,0.0018765404436477705,,too_rare,,,
12847,0.0,,too_rare,,,
12848,0.0,,too_rare,,,
12849,0.0,,too_rare,,,
12850,0.0,,too_rare,,,
12851,0.0002800806632310105,,too_rare,,,
12852,0.0,,too_rare,,,
12853,0.0,,too_rare,,,
12854,0.0,,too_rare,,,
12855,0.0,,too_rare,,,
12856,0.0,,too_rare,,,
12857,0.0,,too_rare,,,
12858,0.0007002016580775263,,too_rare,,,
12859,2.8008066323101054e-05,,too_rare,,,
12860,0.0,,too_rare,,,
12861,0.0,,too_rare,,,
12862,0.0,,too_rare,,,
12863,0.0,,too_rare,,,
12864,0.0,,too_rare,,,
12865,0.0,,too_rare,,,
12866,2.8008066323101054e-05,,too_rare,,,
12867,0.0,,too_rare,,,
12868,0.0,,too_rare,,,
12869,0.0,,too_rare,,,
12870,0.0,,too_rare,,,
12871,0.0,,too_rare,,,
12872,0.0,,too_rare,,,
12873,0.0,,too_rare,,,
12874,0.0,,too_rare,,,
12875,0.0,,too_rare,,,
12876,0.0,,too_rare,,,
12877,0.0,,too_rare,,,
12878,2.8008066323101054e-05,,too_rare,,,
12879,0.0,,too_rare,,,
12880,0.0,,too_rare,,,
12881,2.8008066323101054e-05,,too_rare,,,
12882,0.0,,too_rare,,,
12883,0.0,,too_rare,,,
12884,0.0,,too_rare,,,
12886,0.0,,too_rare,,,
12887,0.0,,too_rare,,,
12888,0.0,,too_rare,,,
12889,0.0,,too_rare,,,
12890,0.0,,too_rare,,,
12891,0.0,,too_rare,,,
12892,0.0,,too_rare,,,
12893,0.0,,too_rare,,,
12894,0.0,,too_rare,,,
12895,0.0,,too_rare,,,
12896,2.8008066323101054e-05,,too_rare,,,
12897,2.8008066323101054e-05,,too_rare,,,
12898,0.005937710060497424,,too_rare,,,
12899,0.0,,too_rare,,,
12900,0.0,,too_rare,,,
12901,0.0,,too_rare,,,
12902,0.0,,too_rare,,,
12903,0.0,,too_rare,,,
12904,0.0,,too_rare,,,
12905,0.0,,too_rare,,,
12906,2.8008066323101054e-05,,too_rare,,,
12907,0.0,,too_rare,,,
12908,2.8008066323101054e-05,,too_rare,,,
12909,0.0,,too_rare,,,
12910,0.0,,too_rare,,,
12911,0.0,,too_rare,,,
12912,0.0002800806632310105,,too_rare,,,
12914,2.8008066323101054e-05,,too_rare,,,
12915,5.601613264620211e-05,,too_rare,,,
12916,0.0,,too_rare,,,
12917,5.601613264620211e-05,,too_rare,,,
12918,2.8008066323101054e-05,,too_rare,,,
12919,0.0,,too_rare,,,
12920,0.0,,too_rare,,,
12921,0.0,,too_rare,,,
12922,0.0,,too_rare,,,
12923,0.0008122339233699305,,too_rare,,,
12924,0.0,,too_rare,,,
12925,0.0,,too_rare,,,
12926,0.0,,too_rare,,,
12927,0.0,,too_rare,,,
12928,0.0,,too_rare,,,
12929,0.0,,too_rare,,,
12930,2.8008066323101054e-05,,too_rare,,,
12931,0.0,,too_rare,,,
12932,0.0,,too_rare,,,
12933,0.0,,too_rare,,,
12934,0.0008402419896930316,,too_rare,,,
12935,0.0,,too_rare,,,
12936,0.0,,too_rare,,,
12937,0.0,,too_rare,,,
12938,2.8008066323101054e-05,,too_rare,,,
12939,0.0,,too_rare,,,
12940,2.8008066323101054e-05,,too_rare,,,
12942,0.0,,too_rare,,,
12943,0.0,,too_rare,,,
12944,0.0,,too_rare,,,
12945,0.0,,too_rare,,,
12946,0.0,,too_rare,,,
12947,2.8008066323101054e-05,,too_rare,,,
12948,0.0,,too_rare,,,
12949,0.0,,too_rare,,,
12950,2.8008066323101054e-05,,too_rare,,,
12951,0.0,,too_rare,,,
12952,0.0,,too_rare,,,
12953,0.0,,too_rare,,,
12954,0.0,,too_rare,,,
12955,0.0,,too_rare,,,
12956,0.0,,too_rare,,,
12957,0.0,,too_rare,,,
12958,0.0,,too_rare,,,
12959,5.601613264620211e-05,,too_rare,,,
12960,0.0,,too_rare,,,
12961,0.0,,too_rare,,,
12962,0.0,,too_rare,,,
12963,0.0,,too_rare,,,
12964,0.0003080887295541116,,too_rare,,,
12965,0.0,,too_rare,,,
12966,0.0,,too_rare,,,
12967,0.0,,too_rare,,,
12968,5.601613264620211e-05,,too_rare,,,
12969,0.00044812906116961686,,too_rare,,,
12970,0.0,,too_rare,,,
12971,0.0,,too_rare,,,
12972,8.402419896930316e-05,,too_rare,,,
12973,5.601613264620211e-05,,too_rare,,,
12974,0.0,,too_rare,,,
12975,0.0,,too_rare,,,
12976,0.0,,too_rare,,,
12977,0.0,,too_rare,,,
12978,0.0,,too_rare,,,
12979,0.0,,too_rare,,,
12980,2.8008066323101054e-05,,too_rare,,,
12981,0.0,,too_rare,,,
12982,0.0,,too_rare,,,
12983,0.0,,too_rare,,,
12984,0.0,,too_rare,,,
12985,0.0,,too_rare,,,
12986,0.0,,too_rare,,,
12987,0.0,,too_rare,,,
12988,0.0,,too_rare,,,
12989,0.0,,too_rare,,,
12990,0.0,,too_rare,,,
12992,5.601613264620211e-05,,too_rare,,,
12993,0.0,,too_rare,,,
12994,0.0,,too_rare,,,
12995,0.0003080887295541116,,too_rare,,,
12996,0.0,,too_rare,,,
12997,0.0,,too_rare,,,
12998,0.0,,too_rare,,,
12999,0.0,,too_rare,,,
13000,0.0,,too_rare,,,
13001,0.0,,too_rare,,,
13002,2.8008066323101054e-05,,too_rare,,,
13003,0.0,,too_rare,,,
13004,0.0,,too_rare,,,
13005,0.0,,too_rare,,,
13006,0.0,,too_rare,,,
13007,0.0,,too_rare,,,
13008,0.0,,too_rare,,,
13009,0.00033609679587721263,,too_rare,,,
13010,0.0,,too_rare,,,
13011,0.0,,too_rare,,,
13012,8.402419896930316e-05,,too_rare,,,
13013,0.0,,too_rare,,,
13014,0.0,,too_rare,,,
13015,0.0,,too_rare,,,
13016,5.601613264620211e-05,,too_rare,,,
13017,0.0,,too_rare,,,
13019,0.0,,too_rare,,,
13020,0.0,,too_rare,,,
13021,0.0,,too_rare,,,
13022,0.0,,too_rare,,,
13023,2.8008066323101054e-05,,too_rare,,,
13024,2.8008066323101054e-05,,too_rare,,,
13025,0.0,,too_rare,,,
13026,2.8008066323101054e-05,,too_rare,,,
13028,0.0,,too_rare,,,
13029,0.0,,too_rare,,,
13030,2.8008066323101054e-05,,too_rare,,,
13031,0.0,,too_rare,,,
13032,0.0008962581223392337,,too_rare,,,
13033,0.0,,too_rare,,,
13034,0.0,,too_rare,,,
13035,0.0,,too_rare,,,
13037,0.0,,too_rare,,,
13038,0.0,,too_rare,,,
13039,0.0,,too_rare,,,
13040,0.0,,too_rare,,,
13041,0.0,,too_rare,,,
13042,0.0,,too_rare,,,
13043,0.0,,too_rare,,,
13044,0.0,,too_rare,,,
13045,0.0,,too_rare,,,
13046,0.0,,too_rare,,,
13047,5.601613264620211e-05,,too_rare,,,
13048,2.8008066323101054e-05,,too_rare,,,
13049,0.0,,too_rare,,,
13050,5.601613264620211e-05,,too_rare,,,
13051,0.0,,too_rare,,,
13052,2.8008066323101054e-05,,too_rare,,,
13053,0.0,,too_rare,,,
13054,0.0,,too_rare,,,
13055,0.0,,too_rare,,,
13056,0.0,,too_rare,,,
13057,0.0,,too_rare,,,
13058,5.601613264620211e-05,,too_rare,,,
13059,0.0,,too_rare,,,
13060,2.8008066323101054e-05,,too_rare,,,
13061,0.0,,too_rare,,,
13062,0.0,,too_rare,,,
13063,0.0,,too_rare,,,
13064,0.0,,too_rare,,,
13066,0.0,,too_rare,,,
13067,0.0,,too_rare,,,
13068,5.601613264620211e-05,,too_rare,,,
13069,0.00033609679587721263,,too_rare,,,
13070,2.8008066323101054e-05,,too_rare,,,
13071,0.0,,too_rare,,,
13072,0.0,,too_rare,,,
13073,0.0,,too_rare,,,
13074,0.0,,too_rare,,,
13075,0.00022406453058480843,,too_rare,,,
13076,0.0,,too_rare,,,
13077,0.0,,too_rare,,,
13078,0.0,,too_rare,,,
13079,5.601613264620211e-05,,too_rare,,,
13080,0.0,,too_rare,,,
13081,0.0,,too_rare,,,
13082,0.0,,too_rare,,,
13083,0.0,,too_rare,,,
13084,2.8008066323101054e-05,,too_rare,,,
13085,0.00011203226529240422,,too_rare,,,
13086,0.0,,too_rare,,,
13087,8.402419896930316e-05,,too_rare,,,
13088,0.0,,too_rare,,,
13089,0.0,,too_rare,,,
13090,2.8008066323101054e-05,,too_rare,,,
13091,0.0,,too_rare,,,
13092,0.0,,too_rare,,,
13093,0.0,,too_rare,,,
13094,0.0,,too_rare,,,
13095,0.0,,too_rare,,,
13097,0.0,,too_rare,,,
13098,0.0,,too_rare,,,
13099,0.0,,too_rare,,,
13100,2.8008066323101054e-05,,too_rare,,,
13101,0.0,,too_rare,,,
13102,0.0,,too_rare,,,
13103,0.0,,too_rare,,,
13104,0.0,,too_rare,,,
13105,0.0,,too_rare,,,
13106,0.0,,too_rare,,,
13107,0.0,,too_rare,,,
13108,2.8008066323101054e-05,,too_rare,,,
13109,0.0,,too_rare,,,
13110,0.0004201209948465158,,too_rare,,,
13111,0.0,,too_rare,,,
13112,0.0,,too_rare,,,
13113,0.0,,too_rare,,,
13114,0.0,,too_rare,,,
13115,0.0,,too_rare,,,
13116,0.0,,too_rare,,,
13117,0.0,,too_rare,,,
13118,2.8008066323101054e-05,,too_rare,,,
13119,0.0,,too_rare,,,
13120,0.0,,too_rare,,,
13121,0.0,,too_rare,,,
13122,0.0,,too_rare,,,
13123,0.0,,too_rare,,,
13124,0.0,,too_rare,,,
13125,5.601613264620211e-05,,too_rare,,,
13126,0.0,,too_rare,,,
13127,0.0,,too_rare,,,
13128,0.00033609679587721263,,too_rare,,,
13129,0.0,,too_rare,,,
13130,0.0,,too_rare,,,
13131,0.0,,too_rare,,,
13132,0.0,,too_rare,,,
13133,0.0,,too_rare,,,
13134,2.8008066323101054e-05,,too_rare,,,
13135,0.0,,too_rare,,,
13136,0.0004201209948465158,,too_rare,,,
13137,2.8008066323101054e-05,,too_rare,,,
13138,0.0,,too_rare,,,
13139,0.0,,too_rare,,,
13140,0.0,,too_rare,,,
13141,2.8008066323101054e-05,,too_rare,,,
13142,0.0,,too_rare,,,
13143,0.0,,too_rare,,,
13144,0.0,,too_rare,,,
13145,0.0,,too_rare,,,
13146,0.0,,too_rare,,,
13147,0.0,,too_rare,,,
13149,0.0,,too_rare,,,
13150,0.0,,too_rare,,,
13151,0.0,,too_rare,,,
13152,0.0,,too_rare,,,
13153,2.8008066323101054e-05,,too_rare,,,
13154,0.0,,too_rare,,,
13155,0.0,,too_rare,,,
13156,0.0,,too_rare,,,
13157,5.601613264620211e-05,,too_rare,,,
13158,0.0,,too_rare,,,
13159,0.0,,too_rare,,,
13160,2.8008066323101054e-05,,too_rare,,,
13161,0.0,,too_rare,,,
13162,0.0,,too_rare,,,
13163,0.0,,too_rare,,,
13164,0.0,,too_rare,,,
13165,0.0,,too_rare,,,
13166,0.0,,too_rare,,,
13167,2.8008066323101054e-05,,too_rare,,,
13168,0.0,,too_rare,,,
13169,0.0,,too_rare,,,
13170,0.0,,too_rare,,,
13171,0.0,,too_rare,,,
13172,0.0,,too_rare,,,
13173,0.0,,too_rare,,,
13174,0.0,,too_rare,,,
13175,2.8008066323101054e-05,,too_rare,,,
13176,2.8008066323101054e-05,,too_rare,,,
13177,0.0006441855254313242,,too_rare,,,
13178,0.0,,too_rare,,,
13179,0.0,,too_rare,,,
13180,0.0,,too_rare,,,
13181,0.0,,too_rare,,,
13182,5.601613264620211e-05,,too_rare,,,
13183,0.0,,too_rare,,,
13184,0.0,,too_rare,,,
13185,0.0006721935917544253,,too_rare,,,
13186,0.0,,too_rare,,,
13187,0.0,,too_rare,,,
13188,0.0,,too_rare,,,
13189,0.00011203226529240422,,too_rare,,,
13190,5.601613264620211e-05,,too_rare,,,
13191,5.601613264620211e-05,,too_rare,,,
13192,2.8008066323101054e-05,,too_rare,,,
13193,0.0,,too_rare,,,
13194,0.0,,too_rare,,,
13195,0.0,,too_rare,,,
13196,5.601613264620211e-05,,too_rare,,,
13197,0.0,,too_rare,,,
13198,0.0,,too_rare,,,
13199,0.0,,too_rare,,,
13200,0.0,,too_rare,,,
13201,0.0,,too_rare,,,
13202,0.00011203226529240422,,too_rare,,,
13203,0.0,,too_rare,,,
13204,0.0,,too_rare,,,
13205,0.0,,too_rare,,,
13206,0.0,,too_rare,,,
13207,0.0,,too_rare,,,
13208,0.0,,too_rare,,,
13209,2.8008066323101054e-05,,too_rare,,,
13210,0.0,,too_rare,,,
13211,2.8008066323101054e-05,,too_rare,,,
13212,0.0,,too_rare,,,
13213,8.402419896930316e-05,,too_rare,,,
13214,0.0,,too_rare,,,
13215,0.00011203226529240422,,too_rare,,,
13216,0.00014004033161550526,,too_rare,,,
13217,0.0,,too_rare,,,
13218,0.0,,too_rare,,,
13219,0.0,,too_rare,,,
13220,0.0,,too_rare,,,
13221,2.8008066323101054e-05,,too_rare,,,
13222,0.0,,too_rare,,,
13223,0.0,,too_rare,,,
13224,2.8008066323101054e-05,,too_rare,,,
13225,0.0,,too_rare,,,
13226,0.0,,too_rare,,,
13227,0.0,,too_rare,,,
13228,2.8008066323101054e-05,,too_rare,,,
13229,0.000504145193815819,,too_rare,,,
13230,0.0,,too_rare,,,
13231,0.00014004033161550526,,too_rare,,,
13232,0.0007002016580775263,,too_rare,,,
13233,5.601613264620211e-05,,too_rare,,,
13234,0.0,,too_rare,,,
13235,0.0,,too_rare,,,
13236,0.0,,too_rare,,,
13237,2.8008066323101054e-05,,too_rare,,,
13238,0.0006441855254313242,,too_rare,,,
13239,0.00039211292852341475,,too_rare,,,
13240,0.0,,too_rare,,,
13241,2.8008066323101054e-05,,too_rare,,,
13242,0.0,,too_rare,,,
13243,0.0,,too_rare,,,
13244,0.0,,too_rare,,,
13245,0.0,,too_rare,,,
13246,2.8008066323101054e-05,,too_rare,,,
13247,0.0,,too_rare,,,
13248,0.0,,too_rare,,,
13249,0.0,,too_rare,,,
13250,0.0,,too_rare,,,
13251,0.006273806856374636,,too_rare,,,
13252,0.0,,too_rare,,,
13253,0.0,,too_rare,,,
13254,0.0,,too_rare,,,
13255,0.0,,too_rare,,,
13256,0.0,,too_rare,,,
13257,0.0002520725969079095,,too_rare,,,
13258,0.0,,too_rare,,,
13259,0.0,,too_rare,,,
13260,0.0,,too_rare,,,
13261,0.0,,too_rare,,,
13262,0.0,,too_rare,,,
13263,0.0,,too_rare,,,
13264,0.0,,too_rare,,,
13265,0.0,,too_rare,,,
13266,0.0,,too_rare,,,
13267,5.601613264620211e-05,,too_rare,,,
13268,0.0,,too_rare,,,
13269,0.0,,too_rare,,,
13270,0.0,,too_rare,,,
13271,0.0,,too_rare,,,
13272,0.0,,too_rare,,,
13273,5.601613264620211e-05,,too_rare,,,
13274,0.0,,too_rare,,,
13275,0.0,,too_rare,,,
13276,0.0,,too_rare,,,
13277,0.0,,too_rare,,,
13278,0.0,,too_rare,,,
13279,0.0,,too_rare,,,
13280,0.0,,too_rare,,,
13281,2.8008066323101054e-05,,too_rare,,,
13282,0.0,,too_rare,,,
13283,0.0,,too_rare,,,
13284,0.0,,too_rare,,,
13285,0.0,,too_rare,,,
13286,0.0,,too_rare,,,
13287,0.0,,too_rare,,,
13288,0.0,,too_rare,,,
13289,0.0,,too_rare,,,
13290,0.0,,too_rare,,,
13291,0.0,,too_rare,,,
13292,0.0,,too_rare,,,
13293,2.8008066323101054e-05,,too_rare,,,
13294,0.0,,too_rare,,,
13295,0.0,,too_rare,,,
13296,0.0,,too_rare,,,
13297,0.0,,too_rare,,,
13298,0.0,,too_rare,,,
13299,0.0,,too_rare,,,
13300,0.0,,too_rare,,,
13301,0.0,,too_rare,,,
13302,0.0,,too_rare,,,
13303,0.0,,too_rare,,,
13304,0.0,,too_rare,,,
13305,0.00022406453058480843,,too_rare,,,
13306,0.0,,too_rare,,,
13307,0.0,,too_rare,,,
13308,0.0,,too_rare,,,
13309,2.8008066323101054e-05,,too_rare,,,
13310,0.002016580775263276,,too_rare,,,
13311,0.0,,too_rare,,,
13312,0.0,,too_rare,,,
13313,0.0,,too_rare,,,
13315,0.0,,too_rare,,,
13317,0.0,,too_rare,,,
13318,2.8008066323101054e-05,,too_rare,,,
13319,0.0,,too_rare,,,
13320,0.0,,too_rare,,,
13321,0.0,,too_rare,,,
13322,0.0,,too_rare,,,
13323,0.0,,too_rare,,,
13324,0.00011203226529240422,,too_rare,,,
13325,0.0,,too_rare,,,
13326,2.8008066323101054e-05,,too_rare,,,
13327,0.00014004033161550526,,too_rare,,,
13328,0.0,,too_rare,,,
13329,0.0,,too_rare,,,
13330,0.0,,too_rare,,,
13331,0.0,,too_rare,,,
13332,0.0,,too_rare,,,
13333,0.0,,too_rare,,,
13334,0.0,,too_rare,,,
13335,8.402419896930316e-05,,too_rare,,,
13336,0.0,,too_rare,,,
13337,0.0,,too_rare,,,
13338,5.601613264620211e-05,,too_rare,,,
13339,0.001008290387631638,,too_rare,,,
13340,0.0,,too_rare,,,
13341,0.0,,too_rare,,,
13342,0.0,,too_rare,,,
13343,0.0,,too_rare,,,
13344,0.0,,too_rare,,,
13345,0.0,,too_rare,,,
13346,0.0,,too_rare,,,
13347,5.601613264620211e-05,,too_rare,,,
13348,0.0,,too_rare,,,
13349,2.8008066323101054e-05,,too_rare,,,
13350,0.0,,too_rare,,,
13351,0.0,,too_rare,,,
13352,2.8008066323101054e-05,,too_rare,,,
13353,0.0,,too_rare,,,
13354,0.0,,too_rare,,,
13355,0.0,,too_rare,,,
13356,0.0,,too_rare,,,
13357,0.0,,too_rare,,,
13358,0.0,,too_rare,,,
13359,0.0,,too_rare,,,
13360,0.0,,too_rare,,,
13361,0.0,,too_rare,,,
13362,0.0,,too_rare,,,
13363,0.0,,too_rare,,,
13364,0.0,,too_rare,,,
13365,0.0,,too_rare,,,
13366,0.000560161326462021,,too_rare,,,
13367,0.0,,too_rare,,,
13368,0.0,,too_rare,,,
13369,0.0,,too_rare,,,
13370,2.8008066323101054e-05,,too_rare,,,
13371,0.0,,too_rare,,,
13372,0.000560161326462021,,too_rare,,,
13373,0.0,,too_rare,,,
13374,0.0,,too_rare,,,
13375,0.0,,too_rare,,,
13376,2.8008066323101054e-05,,too_rare,,,
13377,0.0,,too_rare,,,
13378,2.8008066323101054e-05,,too_rare,,,
13379,0.0,,too_rare,,,
13380,0.0,,too_rare,,,
13381,2.8008066323101054e-05,,too_rare,,,
13382,0.0,,too_rare,,,
13383,0.0,,too_rare,,,
13384,0.0,,too_rare,,,
13385,0.0,,too_rare,,,
13386,0.0,,too_rare,,,
13387,0.0,,too_rare,,,
13389,0.0,,too_rare,,,
13390,0.0,,too_rare,,,
13391,0.0,,too_rare,,,
13392,0.0,,too_rare,,,
13393,0.0,,too_rare,,,
13394,0.0,,too_rare,,,
13395,2.8008066323101054e-05,,too_rare,,,
13396,8.402419896930316e-05,,too_rare,,,
13397,8.402419896930316e-05,,too_rare,,,
13398,0.0,,too_rare,,,
13399,0.0,,too_rare,,,
13400,0.0,,too_rare,,,
13401,0.0,,too_rare,,,
13402,0.0,,too_rare,,,
13403,0.0,,too_rare,,,
13404,0.0,,too_rare,,,
13405,0.0,,too_rare,,,
13407,0.0,,too_rare,,,
13408,0.0,,too_rare,,,
13409,0.0,,too_rare,,,
13410,0.0,,too_rare,,,
13411,0.0,,too_rare,,,
13412,0.0,,too_rare,,,
13413,0.0,,too_rare,,,
13414,8.402419896930316e-05,,too_rare,,,
13415,0.0,,too_rare,,,
13416,5.601613264620211e-05,,too_rare,,,
13417,0.0,,too_rare,,,
13418,0.0,,too_rare,,,
13419,0.0,,too_rare,,,
13420,8.402419896930316e-05,,too_rare,,,
13421,2.8008066323101054e-05,,too_rare,,,
13422,0.0,,too_rare,,,
13423,0.0,,too_rare,,,
13424,0.0,,too_rare,,,
13425,0.0,,too_rare,,,
13426,2.8008066323101054e-05,,too_rare,,,
13427,0.0,,too_rare,,,
13428,0.0,,too_rare,,,
13429,0.0,,too_rare,,,
13430,0.0,,too_rare,,,
13431,0.0,,too_rare,,,
13432,0.0,,too_rare,,,
13433,0.0,,too_rare,,,
13434,0.0,,too_rare,,,
13435,0.0,,too_rare,,,
13436,0.0,,too_rare,,,
13437,0.0,,too_rare,,,
13438,0.0,,too_rare,,,
13439,0.0,,too_rare,,,
13440,0.0,,too_rare,,,
13441,0.0,,too_rare,,,
13442,0.0,,too_rare,,,
13443,0.0,,too_rare,,,
13444,0.0,,too_rare,,,
13445,0.0,,too_rare,,,
13446,0.0,,too_rare,,,
13447,0.0,,too_rare,,,
13448,0.0,,too_rare,,,
13449,0.0,,too_rare,,,
13450,0.0,,too_rare,,,
13451,2.8008066323101054e-05,,too_rare,,,
13452,0.0,,too_rare,,,
13453,0.0,,too_rare,,,
13454,0.0,,too_rare,,,
13455,0.0,,too_rare,,,
13456,2.8008066323101054e-05,,too_rare,,,
13457,0.0,,too_rare,,,
13458,2.8008066323101054e-05,,too_rare,,,
13459,0.0,,too_rare,,,
13460,0.0,,too_rare,,,
13461,0.0,,too_rare,,,
13462,0.0,,too_rare,,,
13463,2.8008066323101054e-05,,too_rare,,,
13464,0.0,,too_rare,,,
13465,0.0,,too_rare,,,
13466,0.0,,too_rare,,,
13467,0.0,,too_rare,,,
13468,0.0,,too_rare,,,
13469,2.8008066323101054e-05,,too_rare,,,
13470,8.402419896930316e-05,,too_rare,,,
13471,0.0,,too_rare,,,
13472,0.0,,too_rare,,,
13473,0.0,,too_rare,,,
13474,0.0,,too_rare,,,
13475,0.00039211292852341475,,too_rare,,,
13476,0.0,,too_rare,,,
13477,0.0,,too_rare,,,
13478,2.8008066323101054e-05,,too_rare,,,
13479,0.0013443871835088505,,too_rare,,,
13480,0.0,,too_rare,,,
13481,2.8008066323101054e-05,,too_rare,,,
13482,0.0,,too_rare,,,
13483,0.0,,too_rare,,,
13484,0.0,,too_rare,,,
13485,0.00033609679587721263,,too_rare,,,
13486,0.0,,too_rare,,,
13487,0.0,,too_rare,,,
13488,0.0,,too_rare,,,
13489,0.00011203226529240422,,too_rare,,,
13490,0.0,,too_rare,,,
13491,8.402419896930316e-05,,too_rare,,,
13492,0.0,,too_rare,,,
13493,0.0,,too_rare,,,
13494,0.0,,too_rare,,,
13495,0.0,,too_rare,,,
13496,2.8008066323101054e-05,,too_rare,,,
13497,0.0,,too_rare,,,
13498,0.0,,too_rare,,,
13499,0.0,,too_rare,,,
13500,0.0,,too_rare,,,
13501,0.0,,too_rare,,,
13502,0.0,,too_rare,,,
13503,0.0,,too_rare,,,
13504,2.8008066323101054e-05,,too_rare,,,
13505,0.0,,too_rare,,,
13507,0.0,,too_rare,,,
13508,5.601613264620211e-05,,too_rare,,,
13509,2.8008066323101054e-05,,too_rare,,,
13510,0.0,,too_rare,,,
13511,2.8008066323101054e-05,,too_rare,,,
13512,0.0,,too_rare,,,
13513,0.0,,too_rare,,,
13514,0.0,,too_rare,,,
13515,0.0,,too_rare,,,
13516,0.0,,too_rare,,,
13517,0.0,,too_rare,,,
13518,2.8008066323101054e-05,,too_rare,,,
13519,0.0,,too_rare,,,
13520,0.0,,too_rare,,,
13521,0.0,,too_rare,,,
13522,2.8008066323101054e-05,,too_rare,,,
13523,2.8008066323101054e-05,,too_rare,,,
13524,0.0,,too_rare,,,
13525,0.0,,too_rare,,,
13526,0.0,,too_rare,,,
13527,0.0,,too_rare,,,
13528,0.0,,too_rare,,,
13529,0.0,,too_rare,,,
13530,0.0014284113824781536,,too_rare,,,
13531,0.0,,too_rare,,,
13532,0.00014004033161550526,,too_rare,,,
13533,0.0,,too_rare,,,
13534,0.0,,too_rare,,,
13535,2.8008066323101054e-05,,too_rare,,,
13536,0.0,,too_rare,,,
13537,0.0,,too_rare,,,
13538,0.0,,too_rare,,,
13539,0.0,,too_rare,,,
13540,0.0,,too_rare,,,
13541,0.0,,too_rare,,,
13542,0.0,,too_rare,,,
13543,8.402419896930316e-05,,too_rare,,,
13544,0.0,,too_rare,,,
13545,2.8008066323101054e-05,,too_rare,,,
13546,0.0,,too_rare,,,
13547,0.0,,too_rare,,,
13548,2.8008066323101054e-05,,too_rare,,,
13549,0.0,,too_rare,,,
13550,2.8008066323101054e-05,,too_rare,,,
13551,0.0,,too_rare,,,
13552,0.0,,too_rare,,,
13553,0.0,,too_rare,,,
13554,0.0,,too_rare,,,
13555,0.0,,too_rare,,,
13556,0.0,,too_rare,,,
13557,0.0,,too_rare,,,
13558,0.0002520725969079095,,too_rare,,,
13559,0.0004201209948465158,,too_rare,,,
13560,0.0,,too_rare,,,
13561,0.0002800806632310105,,too_rare,,,
13562,0.0,,too_rare,,,
13563,0.0,,too_rare,,,
13564,2.8008066323101054e-05,,too_rare,,,
13565,0.0,,too_rare,,,
13567,0.0,,too_rare,,,
13568,5.601613264620211e-05,,too_rare,,,
13569,0.0,,too_rare,,,
13570,2.8008066323101054e-05,,too_rare,,,
13571,0.0,,too_rare,,,
13572,2.8008066323101054e-05,,too_rare,,,
13573,5.601613264620211e-05,,too_rare,,,
13574,0.0,,too_rare,,,
13575,5.601613264620211e-05,,too_rare,,,
13576,5.601613264620211e-05,,too_rare,,,
13577,0.0,,too_rare,,,
13578,0.0,,too_rare,,,
13579,0.0,,too_rare,,,
13580,0.0,,too_rare,,,
13581,0.0,,too_rare,,,
13582,0.00044812906116961686,,too_rare,,,
13583,0.0,,too_rare,,,
13584,2.8008066323101054e-05,,too_rare,,,
13585,0.0,,too_rare,,,
13586,0.00016804839793860632,,too_rare,,,
13587,0.0,,too_rare,,,
13588,0.0,,too_rare,,,
13589,5.601613264620211e-05,,too_rare,,,
13590,0.0,,too_rare,,,
13591,2.8008066323101054e-05,,too_rare,,,
13592,0.0,,too_rare,,,
13593,2.8008066323101054e-05,,too_rare,,,
13594,2.8008066323101054e-05,,too_rare,,,
13595,5.601613264620211e-05,,too_rare,,,
13596,0.0,,too_rare,,,
13597,5.601613264620211e-05,,too_rare,,,
13598,0.0,,too_rare,,,
13599,0.0,,too_rare,,,
13600,0.0,,too_rare,,,
13601,5.601613264620211e-05,,too_rare,,,
13602,5.601613264620211e-05,,too_rare,,,
13603,2.8008066323101054e-05,,too_rare,,,
13604,0.0,,too_rare,,,
13605,0.0,,too_rare,,,
13606,5.601613264620211e-05,,too_rare,,,
13607,0.00016804839793860632,,too_rare,,,
13608,0.0,,too_rare,,,
13609,0.0,,too_rare,,,
13610,0.00011203226529240422,,too_rare,,,
13611,0.0,,too_rare,,,
13612,2.8008066323101054e-05,,too_rare,,,
13613,0.0,,too_rare,,,
13614,0.0,,too_rare,,,
13615,5.601613264620211e-05,,too_rare,,,
13616,2.8008066323101054e-05,,too_rare,,,
13617,2.8008066323101054e-05,,too_rare,,,
13618,0.0,,too_rare,,,
13619,0.0,,too_rare,,,
13620,8.402419896930316e-05,,too_rare,,,
13621,0.00014004033161550526,,too_rare,,,
13622,0.0,,too_rare,,,
13623,0.000560161326462021,,too_rare,,,
13624,0.0,,too_rare,,,
13625,0.0,,too_rare,,,
13626,0.0,,too_rare,,,
13627,0.0,,too_rare,,,
13628,2.8008066323101054e-05,,too_rare,,,
13629,2.8008066323101054e-05,,too_rare,,,
13630,2.8008066323101054e-05,,too_rare,,,
13632,0.0,,too_rare,,,
13633,2.8008066323101054e-05,,too_rare,,,
13634,8.402419896930316e-05,,too_rare,,,
13635,2.8008066323101054e-05,,too_rare,,,
13636,0.0,,too_rare,,,
13637,0.0,,too_rare,,,
13638,2.8008066323101054e-05,,too_rare,,,
13639,0.0,,too_rare,,,
13640,0.0004761371274927179,,too_rare,,,
13641,0.0002800806632310105,,too_rare,,,
13642,0.0,,too_rare,,,
13643,2.8008066323101054e-05,,too_rare,,,
13644,0.0,,too_rare,,,
13645,0.0,,too_rare,,,
13646,0.0,,too_rare,,,
13647,0.0,,too_rare,,,
13648,0.0,,too_rare,,,
13649,2.8008066323101054e-05,,too_rare,,,
13650,0.0,,too_rare,,,
13651,2.8008066323101054e-05,,too_rare,,,
13652,0.0,,too_rare,,,
13653,0.0,,too_rare,,,
13655,0.0,,too_rare,,,
13656,0.0,,too_rare,,,
13657,0.0,,too_rare,,,
13658,0.0,,too_rare,,,
13659,2.8008066323101054e-05,,too_rare,,,
13660,0.000560161326462021,,too_rare,,,
13661,0.0,,too_rare,,,
13662,0.0,,too_rare,,,
13663,0.0,,too_rare,,,
13664,0.0,,too_rare,,,
13665,0.0,,too_rare,,,
13666,2.8008066323101054e-05,,too_rare,,,
13667,0.0,,too_rare,,,
13668,0.0,,too_rare,,,
13669,0.0,,too_rare,,,
13670,0.0,,too_rare,,,
13671,0.0,,too_rare,,,
13672,0.0,,too_rare,,,
13673,2.8008066323101054e-05,,too_rare,,,
13674,0.0,,too_rare,,,
13675,0.0,,too_rare,,,
13676,0.0,,too_rare,,,
13677,0.0014004033161550526,,too_rare,,,
13678,0.0,,too_rare,,,
13679,0.0,,too_rare,,,
13680,0.0,,too_rare,,,
13681,0.0,,too_rare,,,
13682,0.0,,too_rare,,,
13683,0.0,,too_rare,,,
13684,2.8008066323101054e-05,,too_rare,,,
13685,5.601613264620211e-05,,too_rare,,,
13686,2.8008066323101054e-05,,too_rare,,,
13687,0.0,,too_rare,,,
13688,0.0,,too_rare,,,
13689,0.0,,too_rare,,,
13690,0.0,,too_rare,,,
13691,0.00044812906116961686,,too_rare,,,
13692,5.601613264620211e-05,,too_rare,,,
13693,0.0,,too_rare,,,
13694,0.0,,too_rare,,,
13695,0.0,,too_rare,,,
13696,0.00014004033161550526,,too_rare,,,
13697,0.0,,too_rare,,,
13698,0.0,,too_rare,,,
13699,0.0,,too_rare,,,
13700,5.601613264620211e-05,,too_rare,,,
13701,0.0002800806632310105,,too_rare,,,
13702,0.0,,too_rare,,,
13703,0.0,,too_rare,,,
13704,0.0,,too_rare,,,
13705,0.00033609679587721263,,too_rare,,,
13706,2.8008066323101054e-05,,too_rare,,,
13707,2.8008066323101054e-05,,too_rare,,,
13708,0.0,,too_rare,,,
13709,0.0,,too_rare,,,
13710,0.0,,too_rare,,,
13711,0.0,,too_rare,,,
13712,0.0,,too_rare,,,
13713,0.0,,too_rare,,,
13714,0.0,,too_rare,,,
13715,0.0,,too_rare,,,
13716,0.0,,too_rare,,,
13717,0.0,,too_rare,,,
13718,0.0,,too_rare,,,
13719,0.0,,too_rare,,,
13720,0.0,,too_rare,,,
13721,5.601613264620211e-05,,too_rare,,,
13722,0.0,,too_rare,,,
13723,0.0,,too_rare,,,
13724,0.0,,too_rare,,,
13725,0.0,,too_rare,,,
13726,0.0,,too_rare,,,
13727,2.8008066323101054e-05,,too_rare,,,
13728,0.0,,too_rare,,,
13730,0.0,,too_rare,,,
13731,0.0,,too_rare,,,
13732,2.8008066323101054e-05,,too_rare,,,
13733,0.0,,too_rare,,,
13734,0.0,,too_rare,,,
13735,0.0,,too_rare,,,
13736,0.0,,too_rare,,,
13737,0.002996863096571813,,too_rare,,,
13738,2.8008066323101054e-05,,too_rare,,,
13739,0.0,,too_rare,,,
13740,0.0,,too_rare,,,
13741,0.0,,too_rare,,,
13742,0.00014004033161550526,,too_rare,,,
13743,8.402419896930316e-05,,too_rare,,,
13744,0.0,,too_rare,,,
13745,0.0,,too_rare,,,
13746,0.0,,too_rare,,,
13747,0.0,,too_rare,,,
13748,0.0,,too_rare,,,
13749,0.0,,too_rare,,,
13750,0.0,,too_rare,,,
13751,0.0,,too_rare,,,
13752,0.0,,too_rare,,,
13753,0.0,,too_rare,,,
13754,0.0,,too_rare,,,
13755,0.0,,too_rare,,,
13756,0.0,,too_rare,,,
13757,2.8008066323101054e-05,,too_rare,,,
13758,0.0002800806632310105,,too_rare,,,
13759,5.601613264620211e-05,,too_rare,,,
13760,0.0,,too_rare,,,
13761,0.0,,too_rare,,,
13763,0.0,,too_rare,,,
13764,0.0,,too_rare,,,
13765,0.0,,too_rare,,,
13766,0.002576742101725297,,too_rare,,,
13767,0.0,,too_rare,,,
13768,0.0,,too_rare,,,
13769,0.00036410486220031366,,too_rare,,,
13771,0.0,,too_rare,,,
13772,0.0,,too_rare,,,
13773,0.008542460228545821,,too_rare,,,
13774,2.8008066323101054e-05,,too_rare,,,
13775,5.601613264620211e-05,,too_rare,,,
13776,0.0,,too_rare,,,
13777,0.0,,too_rare,,,
13778,0.0,,too_rare,,,
13779,0.00011203226529240422,,too_rare,,,
13780,0.0,,too_rare,,,
13781,2.8008066323101054e-05,,too_rare,,,
13782,0.0,,too_rare,,,
13784,0.0,,too_rare,,,
13785,0.0,,too_rare,,,
13786,2.8008066323101054e-05,,too_rare,,,
13788,0.0,,too_rare,,,
13789,0.0,,too_rare,,,
13790,0.0,,too_rare,,,
13791,0.0,,too_rare,,,
13792,0.0,,too_rare,,,
13793,0.0,,too_rare,,,
13794,0.0,,too_rare,,,
13795,0.0,,too_rare,,,
13796,0.0,,too_rare,,,
13797,0.0,,too_rare,,,
13798,2.8008066323101054e-05,,too_rare,,,
13799,0.0,,too_rare,,,
13800,0.0,,too_rare,,,
13801,0.0,,too_rare,,,
13802,0.0019325565762939726,,too_rare,,,
13803,0.0,,too_rare,,,
13804,2.8008066323101054e-05,,too_rare,,,
13805,2.8008066323101054e-05,,too_rare,,,
13806,0.0,,too_rare,,,
13807,0.0,,too_rare,,,
13809,0.0,,too_rare,,,
13810,0.0,,too_rare,,,
13811,0.0,,too_rare,,,
13812,0.0,,too_rare,,,
13813,0.0,,too_rare,,,
13814,0.0,,too_rare,,,
13815,0.0,,too_rare,,,
13816,2.8008066323101054e-05,,too_rare,,,
13817,0.0,,too_rare,,,
13818,0.0003080887295541116,,too_rare,,,
13819,0.0,,too_rare,,,
13820,0.0,,too_rare,,,
13821,0.0,,too_rare,,,
13822,0.0,,too_rare,,,
13823,0.0,,too_rare,,,
13824,0.0,,too_rare,,,
13825,0.0,,too_rare,,,
13826,0.0,,too_rare,,,
13827,0.0,,too_rare,,,
13828,0.0,,too_rare,,,
13829,0.0,,too_rare,,,
13831,0.0,,too_rare,,,
13832,0.0,,too_rare,,,
13833,0.0,,too_rare,,,
13834,0.0,,too_rare,,,
13835,0.0002800806632310105,,too_rare,,,
13836,2.8008066323101054e-05,,too_rare,,,
13837,0.0,,too_rare,,,
13838,2.8008066323101054e-05,,too_rare,,,
13839,0.0,,too_rare,,,
13840,0.0,,too_rare,,,
13841,2.8008066323101054e-05,,too_rare,,,
13842,0.0,,too_rare,,,
13843,0.0,,too_rare,,,
13844,0.0,,too_rare,,,
13846,2.8008066323101054e-05,,too_rare,,,
13847,0.0,,too_rare,,,
13848,0.0,,too_rare,,,
13849,0.0,,too_rare,,,
13850,0.0,,too_rare,,,
13851,0.0,,too_rare,,,
13852,8.402419896930316e-05,,too_rare,,,
13853,0.0,,too_rare,,,
13854,0.0,,too_rare,,,
13855,0.0008682500560161327,,too_rare,,,
13856,0.0002520725969079095,,too_rare,,,
13857,0.0,,too_rare,,,
13858,0.0,,too_rare,,,
13859,0.0,,too_rare,,,
13860,2.8008066323101054e-05,,too_rare,,,
13861,0.0,,too_rare,,,
13862,0.0,,too_rare,,,
13863,2.8008066323101054e-05,,too_rare,,,
13864,0.0,,too_rare,,,
13865,2.8008066323101054e-05,,too_rare,,,
13866,0.0,,too_rare,,,
13867,2.8008066323101054e-05,,too_rare,,,
13868,0.0,,too_rare,,,
13869,0.0,,too_rare,,,
13870,0.0,,too_rare,,,
13871,2.8008066323101054e-05,,too_rare,,,
13872,0.0,,too_rare,,,
13873,0.0,,too_rare,,,
13874,0.0,,too_rare,,,
13875,2.8008066323101054e-05,,too_rare,,,
13876,2.8008066323101054e-05,,too_rare,,,
13877,0.0,,too_rare,,,
13878,2.8008066323101054e-05,,too_rare,,,
13879,0.0,,too_rare,,,
13880,0.0,,too_rare,,,
13881,0.0,,too_rare,,,
13882,0.0,,too_rare,,,
13883,0.0,,too_rare,,,
13884,0.0,,too_rare,,,
13885,0.0,,too_rare,,,
13886,0.0,,too_rare,,,
13887,0.0,,too_rare,,,
13888,0.0,,too_rare,,,
13889,0.0008402419896930316,,too_rare,,,
13890,0.001036298453954739,,too_rare,,,
13891,0.0,,too_rare,,,
13892,0.0,,too_rare,,,
13893,2.8008066323101054e-05,,too_rare,,,
13894,0.0,,too_rare,,,
13895,0.0,,too_rare,,,
13896,0.0,,too_rare,,,
13897,0.0,,too_rare,,,
13898,0.0,,too_rare,,,
13899,0.0,,too_rare,,,
13900,0.0,,too_rare,,,
13901,0.0,,too_rare,,,
13902,0.0,,too_rare,,,
13903,0.0,,too_rare,,,
13904,0.0,,too_rare,,,
13905,0.0,,too_rare,,,
13906,0.0,,too_rare,,,
13907,2.8008066323101054e-05,,too_rare,,,
13908,0.0,,too_rare,,,
13909,0.0008122339233699305,,too_rare,,,
13910,0.0,,too_rare,,,
13911,2.8008066323101054e-05,,too_rare,,,
13912,0.0,,too_rare,,,
13913,0.0,,too_rare,,,
13914,0.0,,too_rare,,,
13915,0.0,,too_rare,,,
13916,0.00014004033161550526,,too_rare,,,
13917,0.0,,too_rare,,,
13918,8.402419896930316e-05,,too_rare,,,
13919,0.0,,too_rare,,,
13920,0.0,,too_rare,,,
13921,0.0,,too_rare,,,
13922,0.0,,too_rare,,,
13923,2.8008066323101054e-05,,too_rare,,,
13924,0.0,,too_rare,,,
13925,0.0,,too_rare,,,
13926,0.0,,too_rare,,,
13927,0.0,,too_rare,,,
13928,0.0,,too_rare,,,
13929,0.0,,too_rare,,,
13930,0.0,,too_rare,,,
13931,5.601613264620211e-05,,too_rare,,,
13932,0.0,,too_rare,,,
13933,0.0,,too_rare,,,
13934,0.0,,too_rare,,,
13935,2.8008066323101054e-05,,too_rare,,,
13936,0.0,,too_rare,,,
13937,0.0,,too_rare,,,
13938,0.0,,too_rare,,,
13939,0.0,,too_rare,,,
13940,2.8008066323101054e-05,,too_rare,,,
13941,0.0,,too_rare,,,
13942,0.0,,too_rare,,,
13943,0.0,,too_rare,,,
13944,0.0,,too_rare,,,
13945,0.0,,too_rare,,,
13946,0.0,,too_rare,,,
13948,0.0,,too_rare,,,
13950,0.0,,too_rare,,,
13951,5.601613264620211e-05,,too_rare,,,
13953,2.8008066323101054e-05,,too_rare,,,
13954,0.0,,too_rare,,,
13955,0.0,,too_rare,,,
13956,0.0,,too_rare,,,
13957,0.0,,too_rare,,,
13958,0.0,,too_rare,,,
13959,0.0,,too_rare,,,
13960,0.0,,too_rare,,,
13961,0.0,,too_rare,,,
13962,0.0,,too_rare,,,
13963,0.001960564642617074,,too_rare,,,
13964,0.0,,too_rare,,,
13965,0.000504145193815819,,too_rare,,,
13966,0.00014004033161550526,,too_rare,,,
13967,2.8008066323101054e-05,,too_rare,,,
13968,0.00019605646426170737,,too_rare,,,
13969,0.0,,too_rare,,,
13970,2.8008066323101054e-05,,too_rare,,,
13971,0.000560161326462021,,too_rare,,,
13972,0.0,,too_rare,,,
13973,0.0,,too_rare,,,
13974,2.8008066323101054e-05,,too_rare,,,
13975,2.8008066323101054e-05,,too_rare,,,
13976,0.0,,too_rare,,,
13977,0.0,,too_rare,,,
13978,0.00011203226529240422,,too_rare,,,
13979,0.0,,too_rare,,,
13980,0.0012323549182164464,,too_rare,,,
13981,0.0,,too_rare,,,
13982,0.0,,too_rare,,,
13983,0.0,,too_rare,,,
13984,5.601613264620211e-05,,too_rare,,,
13985,0.0,,too_rare,,,
13986,0.0,,too_rare,,,
13987,0.0,,too_rare,,,
13988,0.0,,too_rare,,,
13989,0.0,,too_rare,,,
13990,0.0,,too_rare,,,
13991,0.0,,too_rare,,,
13992,0.0,,too_rare,,,
13993,5.601613264620211e-05,,too_rare,,,
13994,0.0002520725969079095,,too_rare,,,
13995,0.0,,too_rare,,,
13996,0.0,,too_rare,,,
13997,0.0,,too_rare,,,
13998,5.601613264620211e-05,,too_rare,,,
13999,2.8008066323101054e-05,,too_rare,,,
14000,2.8008066323101054e-05,,too_rare,,,
14001,0.0,,too_rare,,,
14002,0.0,,too_rare,,,
14003,0.0,,too_rare,,,
14004,0.0,,too_rare,,,
14005,2.8008066323101054e-05,,too_rare,,,
14006,2.8008066323101054e-05,,too_rare,,,
14007,0.00011203226529240422,,too_rare,,,
14008,0.001008290387631638,,too_rare,,,
14009,0.0,,too_rare,,,
14010,0.0,,too_rare,,,
14011,0.0,,too_rare,,,
14012,5.601613264620211e-05,,too_rare,,,
14013,0.0,,too_rare,,,
14014,0.0,,too_rare,,,
14015,0.0,,too_rare,,,
14016,5.601613264620211e-05,,too_rare,,,
14017,0.0,,too_rare,,,
14018,0.00014004033161550526,,too_rare,,,
14019,0.0,,too_rare,,,
14020,0.0,,too_rare,,,
14021,0.0,,too_rare,,,
14022,0.0,,too_rare,,,
14023,0.00011203226529240422,,too_rare,,,
14024,0.0,,too_rare,,,
14025,2.8008066323101054e-05,,too_rare,,,
14026,5.601613264620211e-05,,too_rare,,,
14027,2.8008066323101054e-05,,too_rare,,,
14028,0.0,,too_rare,,,
14029,0.0,,too_rare,,,
14030,0.00019605646426170737,,too_rare,,,
14031,0.0,,too_rare,,,
14032,0.0,,too_rare,,,
14033,0.0,,too_rare,,,
14034,0.0,,too_rare,,,
14035,0.0,,too_rare,,,
14036,0.0,,too_rare,,,
14037,2.8008066323101054e-05,,too_rare,,,
14038,0.0,,too_rare,,,
14039,0.004201209948465158,,too_rare,,,
14040,0.0,,too_rare,,,
14041,2.8008066323101054e-05,,too_rare,,,
14042,0.0,,too_rare,,,
14043,2.8008066323101054e-05,,too_rare,,,
14044,0.0,,too_rare,,,
14045,2.8008066323101054e-05,,too_rare,,,
14046,0.0,,too_rare,,,
14047,0.0,,too_rare,,,
14048,0.0,,too_rare,,,
14049,0.0,,too_rare,,,
14050,0.0,,too_rare,,,
14051,0.0,,too_rare,,,
14052,0.0,,too_rare,,,
14053,0.0,,too_rare,,,
14054,0.0,,too_rare,,,
14055,0.0,,too_rare,,,
14056,0.0,,too_rare,,,
14057,0.00011203226529240422,,too_rare,,,
14058,0.0,,too_rare,,,
14059,0.0,,too_rare,,,
14060,0.0,,too_rare,,,
14061,0.0009522742549854358,,too_rare,,,
14062,0.0,,too_rare,,,
14063,0.0,,too_rare,,,
14064,0.0,,too_rare,,,
14065,0.0,,too_rare,,,
14066,0.0,,too_rare,,,
14067,0.0,,too_rare,,,
14068,0.0,,too_rare,,,
14069,2.8008066323101054e-05,,too_rare,,,
14070,0.0,,too_rare,,,
14071,0.0,,too_rare,,,
14072,0.0,,too_rare,,,
14073,0.0,,too_rare,,,
14075,0.0,,too_rare,,,
14076,0.0,,too_rare,,,
14077,0.0,,too_rare,,,
14078,2.8008066323101054e-05,,too_rare,,,
14079,0.0,,too_rare,,,
14080,0.0,,too_rare,,,
14081,0.0,,too_rare,,,
14082,0.0,,too_rare,,,
14083,0.0,,too_rare,,,
14084,0.0,,too_rare,,,
14085,0.0,,too_rare,,,
14086,0.0,,too_rare,,,
14087,2.8008066323101054e-05,,too_rare,,,
14088,0.00022406453058480843,,too_rare,,,
14089,0.0,,too_rare,,,
14090,0.0,,too_rare,,,
14091,2.8008066323101054e-05,,too_rare,,,
14092,0.000504145193815819,,too_rare,,,
14093,0.003529016356710733,,too_rare,,,
14094,0.0002800806632310105,,too_rare,,,
14095,2.8008066323101054e-05,,too_rare,,,
14096,0.0,,too_rare,,,
14097,0.0,,too_rare,,,
14098,0.0,,too_rare,,,
14099,0.0,,too_rare,,,
14100,2.8008066323101054e-05,,too_rare,,,
14101,0.0,,too_rare,,,
14102,0.0,,too_rare,,,
14103,0.0,,too_rare,,,
14104,0.0,,too_rare,,,
14105,0.0,,too_rare,,,
14106,0.0,,too_rare,,,
14107,8.402419896930316e-05,,too_rare,,,
14108,0.0,,too_rare,,,
14109,0.0,,too_rare,,,
14110,0.0,,too_rare,,,
14111,2.8008066323101054e-05,,too_rare,,,
14112,0.0,,too_rare,,,
14113,0.0,,too_rare,,,
14114,0.00717006497871387,,too_rare,,,
14115,0.0,,too_rare,,,
14116,0.0,,too_rare,,,
14117,0.0,,too_rare,,,
14118,0.0007562177907237285,,too_rare,,,
14119,0.0,,too_rare,,,
14120,2.8008066323101054e-05,,too_rare,,,
14121,0.0,,too_rare,,,
14122,0.0,,too_rare,,,
14123,0.0,,too_rare,,,
14124,0.0,,too_rare,,,
14125,0.0,,too_rare,,,
14126,0.0,,too_rare,,,
14127,0.0,,too_rare,,,
14128,0.0,,too_rare,,,
14129,0.0,,too_rare,,,
14130,0.0,,too_rare,,,
14131,0.0,,too_rare,,,
14132,0.0,,too_rare,,,
14133,0.0,,too_rare,,,
14134,0.0,,too_rare,,,
14135,0.0,,too_rare,,,
14136,0.0,,too_rare,,,
14137,0.0,,too_rare,,,
14138,0.0,,too_rare,,,
14139,0.0009522742549854358,,too_rare,,,
14140,0.0,,too_rare,,,
14141,0.0,,too_rare,,,
14142,8.402419896930316e-05,,too_rare,,,
14143,0.0,,too_rare,,,
14144,2.8008066323101054e-05,,too_rare,,,
14145,0.0,,too_rare,,,
14146,0.0,,too_rare,,,
14147,0.0,,too_rare,,,
14148,0.0,,too_rare,,,
14149,0.0,,too_rare,,,
14150,8.402419896930316e-05,,too_rare,,,
14151,0.0,,too_rare,,,
14152,0.0,,too_rare,,,
14153,2.8008066323101054e-05,,too_rare,,,
14155,2.8008066323101054e-05,,too_rare,,,
14156,0.0,,too_rare,,,
14157,0.0,,too_rare,,,
14158,0.0002800806632310105,,too_rare,,,
14159,0.0,,too_rare,,,
14160,0.0,,too_rare,,,
14161,0.0,,too_rare,,,
14162,0.0,,too_rare,,,
14163,0.0,,too_rare,,,
14164,0.0,,too_rare,,,
14165,0.000504145193815819,,too_rare,,,
14166,0.0,,too_rare,,,
14167,0.0,,too_rare,,,
14169,0.0,,too_rare,,,
14170,0.0,,too_rare,,,
14172,8.402419896930316e-05,,too_rare,,,
14173,0.0004761371274927179,,too_rare,,,
14174,0.0,,too_rare,,,
14175,0.0,,too_rare,,,
14176,0.0,,too_rare,,,
14177,0.0,,too_rare,,,
14178,0.0,,too_rare,,,
14179,5.601613264620211e-05,,too_rare,,,
14180,2.8008066323101054e-05,,too_rare,,,
14181,0.0,,too_rare,,,
14182,0.0,,too_rare,,,
14183,0.0,,too_rare,,,
14184,0.0,,too_rare,,,
14185,0.0,,too_rare,,,
14186,0.0,,too_rare,,,
14187,0.0,,too_rare,,,
14188,0.0,,too_rare,,,
14189,0.0,,too_rare,,,
14190,0.0,,too_rare,,,
14191,0.0,,too_rare,,,
14192,0.0,,too_rare,,,
14193,0.0,,too_rare,,,
14194,2.8008066323101054e-05,,too_rare,,,
14195,0.0,,too_rare,,,
14196,0.0,,too_rare,,,
14198,0.0,,too_rare,,,
14199,2.8008066323101054e-05,,too_rare,,,
14200,0.0,,too_rare,,,
14201,0.0,,too_rare,,,
14202,0.0,,too_rare,,,
14203,0.0,,too_rare,,,
14204,0.0,,too_rare,,,
14205,2.8008066323101054e-05,,too_rare,,,
14206,0.0,,too_rare,,,
14207,0.0,,too_rare,,,
14208,0.0,,too_rare,,,
14209,0.0,,too_rare,,,
14210,0.0,,too_rare,,,
14211,0.0,,too_rare,,,
14212,0.00011203226529240422,,too_rare,,,
14213,2.8008066323101054e-05,,too_rare,,,
14214,0.0,,too_rare,,,
14215,0.0,,too_rare,,,
14216,0.0,,too_rare,,,
14217,2.8008066323101054e-05,,too_rare,,,
14218,0.0,,too_rare,,,
14219,2.8008066323101054e-05,,too_rare,,,
14220,0.0,,too_rare,,,
14221,0.0,,too_rare,,,
14222,2.8008066323101054e-05,,too_rare,,,
14223,0.0,,too_rare,,,
14224,2.8008066323101054e-05,,too_rare,,,
14225,0.0,,too_rare,,,
14226,2.8008066323101054e-05,,too_rare,,,
14227,0.0,,too_rare,,,
14228,2.8008066323101054e-05,,too_rare,,,
14229,0.0,,too_rare,,,
14230,2.8008066323101054e-05,,too_rare,,,
14231,0.0,,too_rare,,,
14232,0.0,,too_rare,,,
14233,0.0,,too_rare,,,
14234,0.0,,too_rare,,,
14235,0.0,,too_rare,,,
14236,0.0,,too_rare,,,
14237,0.0,,too_rare,,,
14238,0.0,,too_rare,,,
14239,0.0,,too_rare,,,
14240,0.0,,too_rare,,,
14241,0.0,,too_rare,,,
14243,0.0,,too_rare,,,
14244,2.8008066323101054e-05,,too_rare,,,
14245,0.0,,too_rare,,,
14246,0.0,,too_rare,,,
14247,0.0,,too_rare,,,
14248,0.0,,too_rare,,,
14249,0.0,,too_rare,,,
14250,0.0,,too_rare,,,
14251,0.0,,too_rare,,,
14252,0.0002800806632310105,,too_rare,,,
14253,2.8008066323101054e-05,,too_rare,,,
14254,0.0,,too_rare,,,
14255,0.0,,too_rare,,,
14256,0.0,,too_rare,,,
14257,0.0,,too_rare,,,
14258,0.0,,too_rare,,,
14259,0.0,,too_rare,,,
14260,0.00011203226529240422,,too_rare,,,
14262,0.008542460228545821,,too_rare,,,
14263,0.0,,too_rare,,,
14264,2.8008066323101054e-05,,too_rare,,,
14265,0.0,,too_rare,,,
14266,0.0,,too_rare,,,
14268,0.0,,too_rare,,,
14269,0.0,,too_rare,,,
14270,2.8008066323101054e-05,,too_rare,,,
14271,0.0,,too_rare,,,
14272,2.8008066323101054e-05,,too_rare,,,
14274,0.0002800806632310105,,too_rare,,,
14275,0.0,,too_rare,,,
14276,0.0,,too_rare,,,
14277,2.8008066323101054e-05,,too_rare,,,
14278,0.0,,too_rare,,,
14279,0.0,,too_rare,,,
14280,0.0,,too_rare,,,
14281,0.0,,too_rare,,,
14282,0.0,,too_rare,,,
14283,0.004285234147434461,,too_rare,,,
14284,0.0,,too_rare,,,
14285,0.0,,too_rare,,,
14286,0.0,,too_rare,,,
14287,0.0,,too_rare,,,
14288,2.8008066323101054e-05,,too_rare,,,
14289,0.0,,too_rare,,,
14290,0.0,,too_rare,,,
14291,0.0,,too_rare,,,
14292,0.0,,too_rare,,,
14293,0.0,,too_rare,,,
14294,0.0,,too_rare,,,
14295,0.0,,too_rare,,,
14296,0.0,,too_rare,,,
14297,0.0,,too_rare,,,
14298,0.0,,too_rare,,,
14299,8.402419896930316e-05,,too_rare,,,
14300,0.0,,too_rare,,,
14301,0.0,,too_rare,,,
14302,0.0,,too_rare,,,
14303,0.0,,too_rare,,,
14304,0.0,,too_rare,,,
14305,0.0,,too_rare,,,
14306,5.601613264620211e-05,,too_rare,,,
14307,0.0,,too_rare,,,
14308,2.8008066323101054e-05,,too_rare,,,
14309,0.0,,too_rare,,,
14310,2.8008066323101054e-05,,too_rare,,,
14311,0.0,,too_rare,,,
14312,0.0,,too_rare,,,
14313,0.0,,too_rare,,,
14314,0.0,,too_rare,,,
14315,0.0004201209948465158,,too_rare,,,
14316,0.0,,too_rare,,,
14317,0.0,,too_rare,,,
14318,2.8008066323101054e-05,,too_rare,,,
14319,0.0,,too_rare,,,
14320,0.0,,too_rare,,,
14321,0.0,,too_rare,,,
14322,0.0,,too_rare,,,
14323,0.0,,too_rare,,,
14324,0.0,,too_rare,,,
14325,0.0,,too_rare,,,
14326,8.402419896930316e-05,,too_rare,,,
14327,0.0,,too_rare,,,
14328,0.00011203226529240422,,too_rare,,,
14329,0.00036410486220031366,,too_rare,,,
14330,0.0,,too_rare,,,
14331,0.00011203226529240422,,too_rare,,,
14332,0.0,,too_rare,,,
14333,0.0,,too_rare,,,
14334,2.8008066323101054e-05,,too_rare,,,
14335,0.0,,too_rare,,,
14336,0.0,,too_rare,,,
14337,0.0,,too_rare,,,
14338,0.0,,too_rare,,,
14339,0.0,,too_rare,,,
14340,0.0,,too_rare,,,
14341,0.0,,too_rare,,,
14342,2.8008066323101054e-05,,too_rare,,,
14343,2.8008066323101054e-05,,too_rare,,,
14344,0.0,,too_rare,,,
14345,0.0,,too_rare,,,
14346,0.0,,too_rare,,,
14347,0.0,,too_rare,,,
14348,0.0,,too_rare,,,
14349,0.0,,too_rare,,,
14350,2.8008066323101054e-05,,too_rare,,,
14351,0.0,,too_rare,,,
14352,2.8008066323101054e-05,,too_rare,,,
14353,2.8008066323101054e-05,,too_rare,,,
14354,0.0,,too_rare,,,
14355,0.0,,too_rare,,,
14356,2.8008066323101054e-05,,too_rare,,,
14357,0.0,,too_rare,,,
14358,0.0,,too_rare,,,
14359,0.0,,too_rare,,,
14360,0.0,,too_rare,,,
14361,0.0,,too_rare,,,
14362,0.0,,too_rare,,,
14363,0.0,,too_rare,,,
14364,0.0,,too_rare,,,
14365,0.0,,too_rare,,,
14366,0.0,,too_rare,,,
14367,0.0,,too_rare,,,
14368,0.0,,too_rare,,,
14369,0.0,,too_rare,,,
14370,0.0,,too_rare,,,
14371,0.0,,too_rare,,,
14372,0.0,,too_rare,,,
14373,0.0,,too_rare,,,
14374,5.601613264620211e-05,,too_rare,,,
14375,0.0,,too_rare,,,
14376,0.0,,too_rare,,,
14377,0.0,,too_rare,,,
14378,0.0,,too_rare,,,
14379,2.8008066323101054e-05,,too_rare,,,
14380,0.0,,too_rare,,,
14381,0.0,,too_rare,,,
14382,0.00011203226529240422,,too_rare,,,
14383,2.8008066323101054e-05,,too_rare,,,
14384,0.0,,too_rare,,,
14385,5.601613264620211e-05,,too_rare,,,
14386,0.0,,too_rare,,,
14387,0.00011203226529240422,,too_rare,,,
14388,0.0,,too_rare,,,
14389,0.0,,too_rare,,,
14390,0.0,,too_rare,,,
14391,8.402419896930316e-05,,too_rare,,,
14392,0.0,,too_rare,,,
14393,0.0,,too_rare,,,
14394,0.0,,too_rare,,,
14395,0.0,,too_rare,,,
14396,0.0,,too_rare,,,
14397,0.0,,too_rare,,,
14398,0.0,,too_rare,,,
14399,0.0,,too_rare,,,
14400,0.0,,too_rare,,,
14401,0.0007282097244006273,,too_rare,,,
14402,5.601613264620211e-05,,too_rare,,,
14404,0.0,,too_rare,,,
14405,0.0,,too_rare,,,
14406,0.0,,too_rare,,,
14407,2.8008066323101054e-05,,too_rare,,,
14408,0.0,,too_rare,,,
14409,0.0,,too_rare,,,
14410,0.0,,too_rare,,,
14411,0.0,,too_rare,,,
14412,0.0,,too_rare,,,
14413,0.0,,too_rare,,,
14414,8.402419896930316e-05,,too_rare,,,
14415,0.0,,too_rare,,,
14416,0.0,,too_rare,,,
14417,0.0,,too_rare,,,
14418,0.0,,too_rare,,,
14419,0.0006161774591082232,,too_rare,,,
14420,0.0,,too_rare,,,
14421,2.8008066323101054e-05,,too_rare,,,
14422,0.001036298453954739,,too_rare,,,
14423,0.0,,too_rare,,,
14424,0.0,,too_rare,,,
14425,0.0,,too_rare,,,
14426,0.0,,too_rare,,,
14427,0.0,,too_rare,,,
14428,0.0,,too_rare,,,
14429,0.0,,too_rare,,,
14430,0.0,,too_rare,,,
14431,0.0,,too_rare,,,
14432,0.0,,too_rare,,,
14433,0.0,,too_rare,,,
14434,2.8008066323101054e-05,,too_rare,,,
14435,0.0,,too_rare,,,
14436,0.0,,too_rare,,,
14437,0.0,,too_rare,,,
14438,0.0,,too_rare,,,
14439,0.0,,too_rare,,,
14440,0.0,,too_rare,,,
14441,0.0003080887295541116,,too_rare,,,
14442,2.8008066323101054e-05,,too_rare,,,
14443,0.0,,too_rare,,,
14444,0.0,,too_rare,,,
14445,0.00033609679587721263,,too_rare,,,
14446,2.8008066323101054e-05,,too_rare,,,
14447,0.0,,too_rare,,,
14448,2.8008066323101054e-05,,too_rare,,,
14449,0.0,,too_rare,,,
14450,5.601613264620211e-05,,too_rare,,,
14451,0.0,,too_rare,,,
14452,0.0,,too_rare,,,
14453,0.0,,too_rare,,,
14454,5.601613264620211e-05,,too_rare,,,
14455,0.0,,too_rare,,,
14456,0.0,,too_rare,,,
14457,0.0,,too_rare,,,
14459,0.0,,too_rare,,,
14460,0.0,,too_rare,,,
14461,0.0,,too_rare,,,
14462,0.0,,too_rare,,,
14464,0.0,,too_rare,,,
14465,2.8008066323101054e-05,,too_rare,,,
14467,0.0,,too_rare,,,
14468,0.008542460228545821,,too_rare,,,
14469,0.002044588841586377,,too_rare,,,
14470,5.601613264620211e-05,,too_rare,,,
14471,0.0,,too_rare,,,
14472,0.0,,too_rare,,,
14473,0.0,,too_rare,,,
14474,0.0,,too_rare,,,
14475,0.0,,too_rare,,,
14476,2.8008066323101054e-05,,too_rare,,,
14477,0.0,,too_rare,,,
14478,2.8008066323101054e-05,,too_rare,,,
14479,2.8008066323101054e-05,,too_rare,,,
14480,0.0,,too_rare,,,
14481,0.0,,too_rare,,,
14482,2.8008066323101054e-05,,too_rare,,,
14483,0.0,,too_rare,,,
14484,0.0,,too_rare,,,
14485,0.0,,too_rare,,,
14486,0.0,,too_rare,,,
14487,2.8008066323101054e-05,,too_rare,,,
14488,0.0,,too_rare,,,
14489,0.0,,too_rare,,,
14490,0.0,,too_rare,,,
14491,0.0,,too_rare,,,
14492,0.0,,too_rare,,,
14493,2.8008066323101054e-05,,too_rare,,,
14494,0.0,,too_rare,,,
14495,5.601613264620211e-05,,too_rare,,,
14496,0.0,,too_rare,,,
14497,0.0,,too_rare,,,
14498,0.0,,too_rare,,,
14499,0.0,,too_rare,,,
14500,0.0,,too_rare,,,
14501,0.0,,too_rare,,,
14502,0.0,,too_rare,,,
14503,0.0,,too_rare,,,
14505,0.0,,too_rare,,,
14506,0.0,,too_rare,,,
14507,0.003753080887295541,,too_rare,,,
14508,8.402419896930316e-05,,too_rare,,,
14509,0.0,,too_rare,,,
14510,2.8008066323101054e-05,,too_rare,,,
14511,0.0,,too_rare,,,
14512,2.8008066323101054e-05,,too_rare,,,
14513,0.0,,too_rare,,,
14514,0.0,,too_rare,,,
14515,0.0,,too_rare,,,
14516,0.0,,too_rare,,,
14517,0.0,,too_rare,,,
14518,0.0,,too_rare,,,
14519,0.0,,too_rare,,,
14520,2.8008066323101054e-05,,too_rare,,,
14521,2.8008066323101054e-05,,too_rare,,,
14522,0.0,,too_rare,,,
14523,0.0,,too_rare,,,
14524,0.0,,too_rare,,,
14525,0.0,,too_rare,,,
14526,0.0,,too_rare,,,
14527,0.0,,too_rare,,,
14528,0.0,,too_rare,,,
14529,0.0,,too_rare,,,
14530,0.0,,too_rare,,,
14531,0.0,,too_rare,,,
14532,0.0,,too_rare,,,
14533,0.0,,too_rare,,,
14534,5.601613264620211e-05,,too_rare,,,
14535,0.0,,too_rare,,,
14536,0.0,,too_rare,,,
14537,0.0,,too_rare,,,
14538,0.0007002016580775263,,too_rare,,,
14539,0.0,,too_rare,,,
14540,0.00011203226529240422,,too_rare,,,
14541,0.0,,too_rare,,,
14542,0.0,,too_rare,,,
14543,2.8008066323101054e-05,,too_rare,,,
14544,2.8008066323101054e-05,,too_rare,,,
14545,0.0,,too_rare,,,
14546,0.0,,too_rare,,,
14547,0.0,,too_rare,,,
14548,0.0,,too_rare,,,
14549,0.0,,too_rare,,,
14550,0.0,,too_rare,,,
14551,0.0,,too_rare,,,
14552,0.0,,too_rare,,,
14553,0.0,,too_rare,,,
14554,0.0,,too_rare,,,
14555,0.0,,too_rare,,,
14556,0.0,,too_rare,,,
14557,0.0008122339233699305,,too_rare,,,
14558,2.8008066323101054e-05,,too_rare,,,
14559,2.8008066323101054e-05,,too_rare,,,
14560,0.0,,too_rare,,,
14561,8.402419896930316e-05,,too_rare,,,
14562,2.8008066323101054e-05,,too_rare,,,
14563,0.0,,too_rare,,,
14564,0.00039211292852341475,,too_rare,,,
14565,0.0,,too_rare,,,
14566,0.0,,too_rare,,,
14567,0.0,,too_rare,,,
14568,0.0,,too_rare,,,
14569,0.0,,too_rare,,,
14570,0.0,,too_rare,,,
14571,0.0,,too_rare,,,
14572,5.601613264620211e-05,,too_rare,,,
14573,2.8008066323101054e-05,,too_rare,,,
14574,0.0,,too_rare,,,
14575,0.0,,too_rare,,,
14577,0.0,,too_rare,,,
14578,0.0,,too_rare,,,
14579,0.0,,too_rare,,,
14580,0.0,,too_rare,,,
14581,2.8008066323101054e-05,,too_rare,,,
14582,0.0,,too_rare,,,
14583,0.0,,too_rare,,,
14584,0.0,,too_rare,,,
14585,0.0,,too_rare,,,
14586,0.0,,too_rare,,,
14587,2.8008066323101054e-05,,too_rare,,,
14588,2.8008066323101054e-05,,too_rare,,,
14589,0.0,,too_rare,,,
14591,0.0,,too_rare,,,
14592,0.0019045485099708716,,too_rare,,,
14593,0.0006161774591082232,,too_rare,,,
14594,0.0,,too_rare,,,
14595,0.0,,too_rare,,,
14596,0.009746807080439167,,too_rare,,,
14597,0.0,,too_rare,,,
14598,0.0,,too_rare,,,
14599,0.00014004033161550526,,too_rare,,,
14601,0.0,,too_rare,,,
14602,5.601613264620211e-05,,too_rare,,,
14603,2.8008066323101054e-05,,too_rare,,,
14604,0.0004761371274927179,,too_rare,,,
14605,0.0,,too_rare,,,
14606,0.0,,too_rare,,,
14607,0.0,,too_rare,,,
14608,0.0,,too_rare,,,
14609,0.0,,too_rare,,,
14610,0.0,,too_rare,,,
14611,0.0,,too_rare,,,
14612,0.0,,too_rare,,,
14613,0.0,,too_rare,,,
14614,0.0,,too_rare,,,
14615,0.0,,too_rare,,,
14616,0.0,,too_rare,,,
14617,0.0,,too_rare,,,
14618,0.0,,too_rare,,,
14619,0.0,,too_rare,,,
14620,5.601613264620211e-05,,too_rare,,,
14621,5.601613264620211e-05,,too_rare,,,
14622,0.0,,too_rare,,,
14623,5.601613264620211e-05,,too_rare,,,
14624,0.0,,too_rare,,,
14625,0.0,,too_rare,,,
14626,0.0,,too_rare,,,
14627,0.00014004033161550526,,too_rare,,,
14628,0.0,,too_rare,,,
14629,0.0,,too_rare,,,
14630,0.0005881693927851221,,too_rare,,,
14631,0.0,,too_rare,,,
14632,0.0004201209948465158,,too_rare,,,
14633,0.0,,too_rare,,,
14634,0.0006161774591082232,,too_rare,,,
14635,0.0,,too_rare,,,
14636,2.8008066323101054e-05,,too_rare,,,
14637,2.8008066323101054e-05,,too_rare,,,
14638,0.0,,too_rare,,,
14639,0.0011763387855702441,,too_rare,,,
14640,0.0,,too_rare,,,
14641,0.0,,too_rare,,,
14642,0.0,,too_rare,,,
14643,2.8008066323101054e-05,,too_rare,,,
14644,2.8008066323101054e-05,,too_rare,,,
14645,0.0,,too_rare,,,
14646,0.0,,too_rare,,,
14647,0.0,,too_rare,,,
14648,2.8008066323101054e-05,,too_rare,,,
14649,0.0,,too_rare,,,
14650,0.0,,too_rare,,,
14651,0.0,,too_rare,,,
14652,0.0,,too_rare,,,
14653,0.0,,too_rare,,,
14654,0.0,,too_rare,,,
14655,0.0,,too_rare,,,
14656,0.0,,too_rare,,,
14657,8.402419896930316e-05,,too_rare,,,
14658,8.402419896930316e-05,,too_rare,,,
14660,0.0,,too_rare,,,
14661,0.0,,too_rare,,,
14662,0.0,,too_rare,,,
14663,0.00033609679587721263,,too_rare,,,
14664,0.0004201209948465158,,too_rare,,,
14665,0.0,,too_rare,,,
14666,0.0,,too_rare,,,
14667,0.0,,too_rare,,,
14668,2.8008066323101054e-05,,too_rare,,,
14669,0.00022406453058480843,,too_rare,,,
14670,0.0,,too_rare,,,
14671,0.0,,too_rare,,,
14672,2.8008066323101054e-05,,too_rare,,,
14673,0.0,,too_rare,,,
14674,0.0,,too_rare,,,
14675,0.0,,too_rare,,,
14676,2.8008066323101054e-05,,too_rare,,,
14677,0.0,,too_rare,,,
14678,0.0,,too_rare,,,
14679,0.0,,too_rare,,,
14680,0.0,,too_rare,,,
14681,0.0,,too_rare,,,
14682,0.0,,too_rare,,,
14683,0.0,,too_rare,,,
14684,0.00033609679587721263,,too_rare,,,
14685,0.0,,too_rare,,,
14686,0.00014004033161550526,,too_rare,,,
14687,0.0,,too_rare,,,
14688,2.8008066323101054e-05,,too_rare,,,
14689,0.0,,too_rare,,,
14690,0.0,,too_rare,,,
14691,2.8008066323101054e-05,,too_rare,,,
14692,0.0,,too_rare,,,
14693,0.0,,too_rare,,,
14694,0.0,,too_rare,,,
14695,0.00016804839793860632,,too_rare,,,
14696,0.0,,too_rare,,,
14697,0.0,,too_rare,,,
14698,0.0,,too_rare,,,
14699,2.8008066323101054e-05,,too_rare,,,
14700,5.601613264620211e-05,,too_rare,,,
14701,2.8008066323101054e-05,,too_rare,,,
14702,0.0,,too_rare,,,
14703,0.0,,too_rare,,,
14704,5.601613264620211e-05,,too_rare,,,
14705,0.0,,too_rare,,,
14706,2.8008066323101054e-05,,too_rare,,,
14707,0.0,,too_rare,,,
14708,0.0006721935917544253,,too_rare,,,
14709,0.0,,too_rare,,,
14710,0.0014004033161550526,,too_rare,,,
14711,0.0,,too_rare,,,
14712,0.0,,too_rare,,,
14713,0.0,,too_rare,,,
14714,0.0,,too_rare,,,
14715,0.0,,too_rare,,,
14716,0.0,,too_rare,,,
14717,0.00011203226529240422,,too_rare,,,
14718,0.00022406453058480843,,too_rare,,,
14719,0.0,,too_rare,,,
14720,0.0,,too_rare,,,
14721,0.0,,too_rare,,,
14722,0.0,,too_rare,,,
14723,0.0,,too_rare,,,
14724,0.0,,too_rare,,,
14725,2.8008066323101054e-05,,too_rare,,,
14726,0.0,,too_rare,,,
14727,0.0,,too_rare,,,
14728,0.0,,too_rare,,,
14729,0.0,,too_rare,,,
14730,0.0,,too_rare,,,
14731,0.0004761371274927179,,too_rare,,,
14732,2.8008066323101054e-05,,too_rare,,,
14733,0.0,,too_rare,,,
14734,0.002968855030248712,,too_rare,,,
14735,8.402419896930316e-05,,too_rare,,,
14736,0.0,,too_rare,,,
14737,0.0,,too_rare,,,
14738,0.00011203226529240422,,too_rare,,,
14739,0.0,,too_rare,,,
14740,8.402419896930316e-05,,too_rare,,,
14741,0.0,,too_rare,,,
14742,0.0,,too_rare,,,
14743,0.0,,too_rare,,,
14744,0.0,,too_rare,,,
14745,0.00014004033161550526,,too_rare,,,
14747,2.8008066323101054e-05,,too_rare,,,
14748,2.8008066323101054e-05,,too_rare,,,
14749,0.0,,too_rare,,,
14750,0.0002520725969079095,,too_rare,,,
14751,0.0,,too_rare,,,
14752,0.0,,too_rare,,,
14753,0.0,,too_rare,,,
14754,0.0,,too_rare,,,
14755,0.0,,too_rare,,,
14756,0.0,,too_rare,,,
14757,0.0,,too_rare,,,
14758,0.0,,too_rare,,,
14759,5.601613264620211e-05,,too_rare,,,
14760,0.0,,too_rare,,,
14761,0.0,,too_rare,,,
14762,0.0,,too_rare,,,
14763,0.0,,too_rare,,,
14764,0.0,,too_rare,,,
14765,2.8008066323101054e-05,,too_rare,,,
14766,0.0,,too_rare,,,
14767,0.0,,too_rare,,,
14768,0.0,,too_rare,,,
14769,0.0,,too_rare,,,
14770,0.0,,too_rare,,,
14771,0.0,,too_rare,,,
14772,0.0014284113824781536,,too_rare,,,
14773,0.0,,too_rare,,,
14774,2.8008066323101054e-05,,too_rare,,,
14775,2.8008066323101054e-05,,too_rare,,,
14776,0.0,,too_rare,,,
14777,0.0,,too_rare,,,
14778,8.402419896930316e-05,,too_rare,,,
14779,0.0,,too_rare,,,
14780,0.0,,too_rare,,,
14781,0.0,,too_rare,,,
14782,0.0,,too_rare,,,
14783,2.8008066323101054e-05,,too_rare,,,
14784,2.8008066323101054e-05,,too_rare,,,
14785,0.0,,too_rare,,,
14786,2.8008066323101054e-05,,too_rare,,,
14787,0.0,,too_rare,,,
14788,2.8008066323101054e-05,,too_rare,,,
14790,0.0,,too_rare,,,
14791,0.0,,too_rare,,,
14792,0.0,,too_rare,,,
14793,0.0,,too_rare,,,
14794,0.0,,too_rare,,,
14795,0.0,,too_rare,,,
14796,2.8008066323101054e-05,,too_rare,,,
14797,0.0,,too_rare,,,
14798,0.0,,too_rare,,,
14799,0.0,,too_rare,,,
14800,2.8008066323101054e-05,,too_rare,,,
14801,0.0,,too_rare,,,
14802,0.0,,too_rare,,,
14803,5.601613264620211e-05,,too_rare,,,
14804,0.0,,too_rare,,,
14805,0.0,,too_rare,,,
14806,0.0002520725969079095,,too_rare,,,
14807,2.8008066323101054e-05,,too_rare,,,
14808,0.0,,too_rare,,,
14809,0.0,,too_rare,,,
14810,0.0,,too_rare,,,
14811,0.0,,too_rare,,,
14812,0.0,,too_rare,,,
14813,0.0,,too_rare,,,
14814,0.00014004033161550526,,too_rare,,,
14815,0.0,,too_rare,,,
14816,0.004313242213757562,,too_rare,,,
14817,5.601613264620211e-05,,too_rare,,,
14818,0.0,,too_rare,,,
14819,0.0,,too_rare,,,
14820,0.0,,too_rare,,,
14821,0.0,,too_rare,,,
14822,2.8008066323101054e-05,,too_rare,,,
14823,8.402419896930316e-05,,too_rare,,,
14824,0.0,,too_rare,,,
14825,0.0,,too_rare,,,
14826,0.0,,too_rare,,,
14827,5.601613264620211e-05,,too_rare,,,
14828,0.0,,too_rare,,,
14829,0.0,,too_rare,,,
14830,2.8008066323101054e-05,,too_rare,,,
14831,0.0,,too_rare,,,
14832,0.0,,too_rare,,,
14833,0.0009522742549854358,,too_rare,,,
14834,0.0,,too_rare,,,
14835,0.0,,too_rare,,,
14836,2.8008066323101054e-05,,too_rare,,,
14838,0.0,,too_rare,,,
14839,8.402419896930316e-05,,too_rare,,,
14840,8.402419896930316e-05,,too_rare,,,
14841,0.0,,too_rare,,,
14842,2.8008066323101054e-05,,too_rare,,,
14843,0.0,,too_rare,,,
14844,0.0,,too_rare,,,
14845,0.0,,too_rare,,,
14846,0.0,,too_rare,,,
14847,0.0003080887295541116,,too_rare,,,
14848,0.0,,too_rare,,,
14849,2.8008066323101054e-05,,too_rare,,,
14850,0.0,,too_rare,,,
14851,0.0,,too_rare,,,
14853,0.0,,too_rare,,,
14854,2.8008066323101054e-05,,too_rare,,,
14855,0.002968855030248712,,too_rare,,,
14856,0.0,,too_rare,,,
14857,0.0,,too_rare,,,
14858,0.0,,too_rare,,,
14859,0.0,,too_rare,,,
14860,0.0,,too_rare,,,
14861,0.0,,too_rare,,,
14862,0.0,,too_rare,,,
14863,0.0,,too_rare,,,
14864,0.0,,too_rare,,,
14865,0.0,,too_rare,,,
14866,0.0,,too_rare,,,
14867,0.0,,too_rare,,,
14868,0.0,,too_rare,,,
14869,0.0,,too_rare,,,
14870,0.0,,too_rare,,,
14871,0.0012603629845395474,,too_rare,,,
14872,0.0,,too_rare,,,
14873,0.0,,too_rare,,,
14874,0.0,,too_rare,,,
14875,0.0,,too_rare,,,
14876,0.0,,too_rare,,,
14877,0.0,,too_rare,,,
14878,0.0,,too_rare,,,
14879,5.601613264620211e-05,,too_rare,,,
14880,0.0,,too_rare,,,
14881,0.0,,too_rare,,,
14882,0.0,,too_rare,,,
14883,2.8008066323101054e-05,,too_rare,,,
14884,0.0008402419896930316,,too_rare,,,
14885,0.0,,too_rare,,,
14886,0.0,,too_rare,,,
14887,0.0,,too_rare,,,
14888,0.0,,too_rare,,,
14889,0.0,,too_rare,,,
14890,0.00014004033161550526,,too_rare,,,
14891,0.0,,too_rare,,,
14892,0.0,,too_rare,,,
14893,0.0,,too_rare,,,
14894,0.0,,too_rare,,,
14895,2.8008066323101054e-05,,too_rare,,,
14896,0.0,,too_rare,,,
14897,0.0,,too_rare,,,
14898,2.8008066323101054e-05,,too_rare,,,
14899,0.0,,too_rare,,,
14900,0.00019605646426170737,,too_rare,,,
14901,0.0,,too_rare,,,
14902,0.0,,too_rare,,,
14903,0.0,,too_rare,,,
14904,2.8008066323101054e-05,,too_rare,,,
14905,0.0,,too_rare,,,
14906,0.0,,too_rare,,,
14907,0.0,,too_rare,,,
14908,0.0,,too_rare,,,
14909,0.0,,too_rare,,,
14910,2.8008066323101054e-05,,too_rare,,,
14911,0.0,,too_rare,,,
14912,5.601613264620211e-05,,too_rare,,,
14913,0.0,,too_rare,,,
14914,0.0,,too_rare,,,
14915,0.0,,too_rare,,,
14916,5.601613264620211e-05,,too_rare,,,
14917,2.8008066323101054e-05,,too_rare,,,
14918,0.0,,too_rare,,,
14919,2.8008066323101054e-05,,too_rare,,,
14920,0.0,,too_rare,,,
14921,0.0,,too_rare,,,
14922,2.8008066323101054e-05,,too_rare,,,
14923,0.0,,too_rare,,,
14924,0.0,,too_rare,,,
14925,2.8008066323101054e-05,,too_rare,,,
14926,0.0,,too_rare,,,
14927,0.0,,too_rare,,,
14928,0.0,,too_rare,,,
14929,2.8008066323101054e-05,,too_rare,,,
14930,0.0,,too_rare,,,
14931,0.0,,too_rare,,,
14932,0.0,,too_rare,,,
14933,0.0,,too_rare,,,
14934,2.8008066323101054e-05,,too_rare,,,
14935,0.0,,too_rare,,,
14936,0.0,,too_rare,,,
14937,0.0,,too_rare,,,
14938,0.0,,too_rare,,,
14939,8.402419896930316e-05,,too_rare,,,
14940,0.0,,too_rare,,,
14941,0.0,,too_rare,,,
14942,8.402419896930316e-05,,too_rare,,,
14943,0.0,,too_rare,,,
14944,0.0,,too_rare,,,
14945,0.007534169840914183,,too_rare,,,
14946,0.0,,too_rare,,,
14947,2.8008066323101054e-05,,too_rare,,,
14948,0.0,,too_rare,,,
14949,0.0,,too_rare,,,
14950,0.0013723952498319516,,too_rare,,,
14951,0.0,,too_rare,,,
14952,2.8008066323101054e-05,,too_rare,,,
14953,5.601613264620211e-05,,too_rare,,,
14954,0.0,,too_rare,,,
14955,0.0,,too_rare,,,
14956,0.0,,too_rare,,,
14957,0.0,,too_rare,,,
14958,0.0,,too_rare,,,
14959,0.0,,too_rare,,,
14960,0.0,,too_rare,,,
14961,0.0,,too_rare,,,
14962,0.0018205243110015685,,too_rare,,,
14963,0.0,,too_rare,,,
14964,0.0,,too_rare,,,
14965,0.0,,too_rare,,,
14966,0.0,,too_rare,,,
14967,0.0,,too_rare,,,
14968,0.0,,too_rare,,,
14969,0.0,,too_rare,,,
14970,0.0,,too_rare,,,
14971,0.0,,too_rare,,,
14972,0.0,,too_rare,,,
14973,0.0,,too_rare,,,
14974,0.0,,too_rare,,,
14975,5.601613264620211e-05,,too_rare,,,
14976,5.601613264620211e-05,,too_rare,,,
14977,0.0,,too_rare,,,
14978,0.0,,too_rare,,,
14979,0.0,,too_rare,,,
14980,0.0,,too_rare,,,
14981,0.0,,too_rare,,,
14982,2.8008066323101054e-05,,too_rare,,,
14983,0.0,,too_rare,,,
14984,0.0,,too_rare,,,
14985,0.0,,too_rare,,,
14986,0.0,,too_rare,,,
14987,0.0,,too_rare,,,
14988,0.0,,too_rare,,,
14989,0.0,,too_rare,,,
14990,0.0,,too_rare,,,
14991,0.0,,too_rare,,,
14992,0.0,,too_rare,,,
14993,2.8008066323101054e-05,,too_rare,,,
14994,5.601613264620211e-05,,too_rare,,,
14995,0.0,,too_rare,,,
14996,0.0,,too_rare,,,
14997,0.0,,too_rare,,,
14998,0.00016804839793860632,,too_rare,,,
14999,2.8008066323101054e-05,,too_rare,,,
15000,2.8008066323101054e-05,,too_rare,,,
15001,0.0047053551422809765,,too_rare,,,
15002,0.0,,too_rare,,,
15003,2.8008066323101054e-05,,too_rare,,,
15004,0.0,,too_rare,,,
15005,0.0,,too_rare,,,
15006,0.0,,too_rare,,,
15007,0.0,,too_rare,,,
15008,0.0,,too_rare,,,
15009,2.8008066323101054e-05,,too_rare,,,
15010,0.0,,too_rare,,,
15011,2.8008066323101054e-05,,too_rare,,,
15012,0.0,,too_rare,,,
15013,5.601613264620211e-05,,too_rare,,,
15014,0.0,,too_rare,,,
15015,0.0,,too_rare,,,
15016,0.0,,too_rare,,,
15017,0.0,,too_rare,,,
15018,0.0,,too_rare,,,
15019,0.0,,too_rare,,,
15020,0.0,,too_rare,,,
15021,0.0,,too_rare,,,
15022,0.0,,too_rare,,,
15023,0.0,,too_rare,,,
15024,2.8008066323101054e-05,,too_rare,,,
15025,0.0,,too_rare,,,
15026,0.0,,too_rare,,,
15027,0.0,,too_rare,,,
15028,0.0,,too_rare,,,
15029,0.0,,too_rare,,,
15030,0.0,,too_rare,,,
15031,0.0,,too_rare,,,
15032,0.0,,too_rare,,,
15033,0.0,,too_rare,,,
15034,0.0,,too_rare,,,
15035,2.8008066323101054e-05,,too_rare,,,
15036,0.0,,too_rare,,,
15037,0.0,,too_rare,,,
15038,5.601613264620211e-05,,too_rare,,,
15039,0.0,,too_rare,,,
15040,0.0,,too_rare,,,
15041,5.601613264620211e-05,,too_rare,,,
15042,0.0,,too_rare,,,
15043,0.0,,too_rare,,,
15044,0.0,,too_rare,,,
15045,0.0,,too_rare,,,
15046,0.0,,too_rare,,,
15047,0.0,,too_rare,,,
15048,0.0,,too_rare,,,
15049,0.0,,too_rare,,,
15050,0.0,,too_rare,,,
15051,0.0,,too_rare,,,
15052,0.0,,too_rare,,,
15053,0.0,,too_rare,,,
15054,0.0,,too_rare,,,
15055,0.0,,too_rare,,,
15056,0.0,,too_rare,,,
15057,0.0,,too_rare,,,
15058,0.0,,too_rare,,,
15059,2.8008066323101054e-05,,too_rare,,,
15060,0.0,,too_rare,,,
15061,0.0,,too_rare,,,
15062,0.0,,too_rare,,,
15063,0.0,,too_rare,,,
15064,0.0,,too_rare,,,
15065,0.0,,too_rare,,,
15066,0.0,,too_rare,,,
15067,0.0,,too_rare,,,
15068,0.0004201209948465158,,too_rare,,,
15069,0.0,,too_rare,,,
15070,0.0,,too_rare,,,
15071,2.8008066323101054e-05,,too_rare,,,
15072,0.0,,too_rare,,,
15073,0.0,,too_rare,,,
15074,2.8008066323101054e-05,,too_rare,,,
15075,0.0008962581223392337,,too_rare,,,
15076,0.0,,too_rare,,,
15077,0.0,,too_rare,,,
15078,0.0,,too_rare,,,
15079,0.0,,too_rare,,,
15080,0.0,,too_rare,,,
15081,0.0,,too_rare,,,
15082,0.0,,too_rare,,,
15083,0.0,,too_rare,,,
15084,0.0,,too_rare,,,
15085,0.0,,too_rare,,,
15086,2.8008066323101054e-05,,too_rare,,,
15087,0.00011203226529240422,,too_rare,,,
15088,0.0,,too_rare,,,
15089,0.0,,too_rare,,,
15090,0.0,,too_rare,,,
15091,0.0,,too_rare,,,
15092,0.0,,too_rare,,,
15093,0.0,,too_rare,,,
15094,2.8008066323101054e-05,,too_rare,,,
15095,0.0,,too_rare,,,
15096,2.8008066323101054e-05,,too_rare,,,
15097,0.0,,too_rare,,,
15098,2.8008066323101054e-05,,too_rare,,,
15099,0.0,,too_rare,,,
15100,0.0,,too_rare,,,
15101,0.0,,too_rare,,,
15102,0.0,,too_rare,,,
15103,0.0,,too_rare,,,
15104,0.0,,too_rare,,,
15105,0.0,,too_rare,,,
15106,0.0,,too_rare,,,
15107,0.0,,too_rare,,,
15108,0.0,,too_rare,,,
15109,2.8008066323101054e-05,,too_rare,,,
15110,0.0,,too_rare,,,
15111,0.0,,too_rare,,,
15112,0.0,,too_rare,,,
15113,2.8008066323101054e-05,,too_rare,,,
15114,5.601613264620211e-05,,too_rare,,,
15115,0.0,,too_rare,,,
15116,0.0,,too_rare,,,
15117,0.0,,too_rare,,,
15118,0.0,,too_rare,,,
15119,0.0,,too_rare,,,
15120,2.8008066323101054e-05,,too_rare,,,
15121,0.0,,too_rare,,,
15122,2.8008066323101054e-05,,too_rare,,,
15123,0.0,,too_rare,,,
15124,0.0,,too_rare,,,
15125,0.0,,too_rare,,,
15126,0.0,,too_rare,,,
15127,0.0,,too_rare,,,
15128,0.0,,too_rare,,,
15129,0.0,,too_rare,,,
15131,0.0,,too_rare,,,
15132,0.0,,too_rare,,,
15133,0.0,,too_rare,,,
15134,0.0,,too_rare,,,
15135,2.8008066323101054e-05,,too_rare,,,
15136,0.0,,too_rare,,,
15137,0.000504145193815819,,too_rare,,,
15138,0.0,,too_rare,,,
15139,0.0,,too_rare,,,
15140,0.0,,too_rare,,,
15141,0.0,,too_rare,,,
15142,2.8008066323101054e-05,,too_rare,,,
15143,0.0,,too_rare,,,
15144,0.0008402419896930316,,too_rare,,,
15145,0.0,,too_rare,,,
15146,0.0,,too_rare,,,
15147,0.0,,too_rare,,,
15148,0.0,,too_rare,,,
15149,2.8008066323101054e-05,,too_rare,,,
15150,0.0,,too_rare,,,
15151,0.0,,too_rare,,,
15152,0.0,,too_rare,,,
15153,0.0,,too_rare,,,
15154,2.8008066323101054e-05,,too_rare,,,
15155,0.0,,too_rare,,,
15156,0.0,,too_rare,,,
15157,0.0,,too_rare,,,
15158,0.0,,too_rare,,,
15159,2.8008066323101054e-05,,too_rare,,,
15160,0.0,,too_rare,,,
15161,0.0,,too_rare,,,
15162,0.0,,too_rare,,,
15163,0.0,,too_rare,,,
15164,0.0,,too_rare,,,
15165,0.0,,too_rare,,,
15166,0.0,,too_rare,,,
15167,0.0,,too_rare,,,
15168,0.0,,too_rare,,,
15169,0.0,,too_rare,,,
15170,0.0,,too_rare,,,
15171,0.0,,too_rare,,,
15172,0.00022406453058480843,,too_rare,,,
15173,0.0,,too_rare,,,
15174,0.000504145193815819,,too_rare,,,
15175,0.0,,too_rare,,,
15176,2.8008066323101054e-05,,too_rare,,,
15177,0.0,,too_rare,,,
15178,0.0,,too_rare,,,
15179,0.0,,too_rare,,,
15180,0.0,,too_rare,,,
15181,2.8008066323101054e-05,,too_rare,,,
15182,0.0,,too_rare,,,
15183,5.601613264620211e-05,,too_rare,,,
15184,0.0,,too_rare,,,
15185,0.0,,too_rare,,,
15186,0.0033889760250952273,,too_rare,,,
15187,0.0,,too_rare,,,
15188,0.0,,too_rare,,,
15189,0.0,,too_rare,,,
15190,0.0,,too_rare,,,
15191,0.0,,too_rare,,,
15192,0.0,,too_rare,,,
15193,0.0,,too_rare,,,
15194,0.0,,too_rare,,,
15195,0.0,,too_rare,,,
15196,0.00019605646426170737,,too_rare,,,
15197,0.00016804839793860632,,too_rare,,,
15198,8.402419896930316e-05,,too_rare,,,
15199,0.0,,too_rare,,,
15200,0.0,,too_rare,,,
15201,0.0,,too_rare,,,
15202,0.0,,too_rare,,,
15203,0.0,,too_rare,,,
15204,0.0012043468518933454,,too_rare,,,
15205,0.0,,too_rare,,,
15206,0.0,,too_rare,,,
15207,2.8008066323101054e-05,,too_rare,,,
15208,0.0,,too_rare,,,
15209,0.0,,too_rare,,,
15210,0.0,,too_rare,,,
15211,0.0,,too_rare,,,
15212,0.0,,too_rare,,,
15213,0.0,,too_rare,,,
15214,5.601613264620211e-05,,too_rare,,,
15215,0.00014004033161550526,,too_rare,,,
15216,0.0,,too_rare,,,
15217,0.0,,too_rare,,,
15218,0.0,,too_rare,,,
15219,0.0,,too_rare,,,
15220,0.0,,too_rare,,,
15221,0.0,,too_rare,,,
15222,2.8008066323101054e-05,,too_rare,,,
15223,0.0,,too_rare,,,
15224,0.0,,too_rare,,,
15225,0.0,,too_rare,,,
15226,0.0,,too_rare,,,
15227,0.0,,too_rare,,,
15228,0.0,,too_rare,,,
15229,0.0,,too_rare,,,
15230,0.0,,too_rare,,,
15231,0.0,,too_rare,,,
15232,0.0,,too_rare,,,
15233,0.0,,too_rare,,,
15235,0.0,,too_rare,,,
15236,0.0,,too_rare,,,
15237,0.0,,too_rare,,,
15238,0.0,,too_rare,,,
15239,0.0,,too_rare,,,
15240,0.0,,too_rare,,,
15241,0.0,,too_rare,,,
15242,2.8008066323101054e-05,,too_rare,,,
15243,0.0,,too_rare,,,
15244,0.0,,too_rare,,,
15245,0.0,,too_rare,,,
15246,0.0,,too_rare,,,
15247,0.0,,too_rare,,,
15248,0.0009242661886623348,,too_rare,,,
15249,0.0,,too_rare,,,
15250,0.0,,too_rare,,,
15251,0.0,,too_rare,,,
15252,0.0008122339233699305,,too_rare,,,
15253,2.8008066323101054e-05,,too_rare,,,
15254,0.0,,too_rare,,,
15255,0.0,,too_rare,,,
15256,0.0,,too_rare,,,
15257,0.0,,too_rare,,,
15258,0.0,,too_rare,,,
15259,0.0,,too_rare,,,
15260,0.0,,too_rare,,,
15261,0.0,,too_rare,,,
15262,0.0,,too_rare,,,
15263,0.0,,too_rare,,,
15264,2.8008066323101054e-05,,too_rare,,,
15266,0.0,,too_rare,,,
15267,0.0,,too_rare,,,
15268,0.0,,too_rare,,,
15269,8.402419896930316e-05,,too_rare,,,
15270,0.0,,too_rare,,,
15271,0.0,,too_rare,,,
15272,0.0,,too_rare,,,
15274,0.0002520725969079095,,too_rare,,,
15275,0.0,,too_rare,,,
15276,0.0002520725969079095,,too_rare,,,
15277,0.0,,too_rare,,,
15278,0.0,,too_rare,,,
15279,0.0,,too_rare,,,
15280,0.00016804839793860632,,too_rare,,,
15281,0.0,,too_rare,,,
15282,0.0,,too_rare,,,
15283,0.0,,too_rare,,,
15284,0.0004761371274927179,,too_rare,,,
15285,0.0,,too_rare,,,
15286,0.0,,too_rare,,,
15287,0.0,,too_rare,,,
15288,0.0,,too_rare,,,
15289,0.0,,too_rare,,,
15290,0.0005881693927851221,,too_rare,,,
15291,0.0,,too_rare,,,
15292,0.0,,too_rare,,,
15293,0.0,,too_rare,,,
15294,2.8008066323101054e-05,,too_rare,,,
15295,0.0,,too_rare,,,
15296,0.0,,too_rare,,,
15297,0.0,,too_rare,,,
15298,0.0,,too_rare,,,
15299,0.0,,too_rare,,,
15300,2.8008066323101054e-05,,too_rare,,,
15301,2.8008066323101054e-05,,too_rare,,,
15302,0.0,,too_rare,,,
15303,0.0,,too_rare,,,
15304,0.0,,too_rare,,,
15305,0.0,,too_rare,,,
15306,0.0,,too_rare,,,
15307,5.601613264620211e-05,,too_rare,,,
15308,0.0,,too_rare,,,
15309,0.0,,too_rare,,,
15310,0.0,,too_rare,,,
15311,0.0,,too_rare,,,
15312,8.402419896930316e-05,,too_rare,,,
15313,0.0,,too_rare,,,
15314,0.0,,too_rare,,,
15315,0.0,,too_rare,,,
15316,0.0,,too_rare,,,
15317,5.601613264620211e-05,,too_rare,,,
15318,0.0,,too_rare,,,
15320,2.8008066323101054e-05,,too_rare,,,
15321,0.0,,too_rare,,,
15322,0.0,,too_rare,,,
15323,0.0,,too_rare,,,
15324,0.0,,too_rare,,,
15325,0.0,,too_rare,,,
15326,0.0,,too_rare,,,
15327,0.0,,too_rare,,,
15328,0.0,,too_rare,,,
15329,0.001624467846739861,,too_rare,,,
15330,0.0,,too_rare,,,
15331,0.000560161326462021,,too_rare,,,
15332,0.0,,too_rare,,,
15333,2.8008066323101054e-05,,too_rare,,,
15334,5.601613264620211e-05,,too_rare,,,
15335,0.0,,too_rare,,,
15336,0.0,,too_rare,,,
15337,2.8008066323101054e-05,,too_rare,,,
15338,0.0,,too_rare,,,
15339,2.8008066323101054e-05,,too_rare,,,
15340,0.004453282545373067,,too_rare,,,
15341,0.0,,too_rare,,,
15342,0.0,,too_rare,,,
15343,2.8008066323101054e-05,,too_rare,,,
15344,0.002772798565987004,,too_rare,,,
15345,0.0,,too_rare,,,
15346,0.0,,too_rare,,,
15347,0.0,,too_rare,,,
15348,0.0,,too_rare,,,
15349,2.8008066323101054e-05,,too_rare,,,
15350,0.0,,too_rare,,,
15351,0.0,,too_rare,,,
15352,0.0,,too_rare,,,
15353,0.0,,too_rare,,,
15354,0.0,,too_rare,,,
15355,0.0,,too_rare,,,
15356,0.0,,too_rare,,,
15357,0.0,,too_rare,,,
15358,0.00011203226529240422,,too_rare,,,
15359,0.0,,too_rare,,,
15360,0.0,,too_rare,,,
15361,0.0,,too_rare,,,
15362,0.0,,too_rare,,,
15363,2.8008066323101054e-05,,too_rare,,,
15364,0.0,,too_rare,,,
15365,0.0,,too_rare,,,
15366,0.0,,too_rare,,,
15367,0.0,,too_rare,,,
15368,0.0,,too_rare,,,
15369,0.0,,too_rare,,,
15370,0.0,,too_rare,,,
15371,5.601613264620211e-05,,too_rare,,,
15372,0.0,,too_rare,,,
15373,0.0,,too_rare,,,
15374,0.0,,too_rare,,,
15375,0.0004761371274927179,,too_rare,,,
15376,0.0,,too_rare,,,
15377,0.0,,too_rare,,,
15378,0.0,,too_rare,,,
15379,0.00019605646426170737,,too_rare,,,
15380,0.0,,too_rare,,,
15381,2.8008066323101054e-05,,too_rare,,,
15382,0.0,,too_rare,,,
15383,0.0,,too_rare,,,
15384,0.0,,too_rare,,,
15385,0.0,,too_rare,,,
15386,2.8008066323101054e-05,,too_rare,,,
15387,0.0,,too_rare,,,
15388,0.0,,too_rare,,,
15389,0.0,,too_rare,,,
15390,0.0,,too_rare,,,
15391,0.00033609679587721263,,too_rare,,,
15392,0.0,,too_rare,,,
15393,0.0,,too_rare,,,
15394,0.0,,too_rare,,,
15395,5.601613264620211e-05,,too_rare,,,
15396,8.402419896930316e-05,,too_rare,,,
15397,0.0007562177907237285,,too_rare,,,
15398,0.0,,too_rare,,,
15399,0.0,,too_rare,,,
15400,0.0,,too_rare,,,
15401,0.0,,too_rare,,,
15402,0.0,,too_rare,,,
15403,0.0,,too_rare,,,
15404,2.8008066323101054e-05,,too_rare,,,
15405,0.0,,too_rare,,,
15406,2.8008066323101054e-05,,too_rare,,,
15407,0.0,,too_rare,,,
15409,5.601613264620211e-05,,too_rare,,,
15410,0.0,,too_rare,,,
15411,0.0,,too_rare,,,
15412,0.0,,too_rare,,,
15413,0.0,,too_rare,,,
15414,0.0,,too_rare,,,
15415,0.0,,too_rare,,,
15416,0.0,,too_rare,,,
15417,8.402419896930316e-05,,too_rare,,,
15418,0.0,,too_rare,,,
15419,0.0,,too_rare,,,
15420,0.0,,too_rare,,,
15421,0.0,,too_rare,,,
15422,0.0,,too_rare,,,
15423,0.0,,too_rare,,,
15424,5.601613264620211e-05,,too_rare,,,
15425,0.0,,too_rare,,,
15426,0.0,,too_rare,,,
15427,2.8008066323101054e-05,,too_rare,,,
15428,0.0,,too_rare,,,
15429,0.0,,too_rare,,,
15430,0.0,,too_rare,,,
15431,0.0,,too_rare,,,
15432,0.0,,too_rare,,,
15433,0.0,,too_rare,,,
15434,8.402419896930316e-05,,too_rare,,,
15435,0.0,,too_rare,,,
15436,0.0,,too_rare,,,
15437,0.0,,too_rare,,,
15438,0.0013443871835088505,,too_rare,,,
15439,0.0,,too_rare,,,
15440,0.0,,too_rare,,,
15441,0.0,,too_rare,,,
15442,0.0,,too_rare,,,
15443,2.8008066323101054e-05,,too_rare,,,
15444,0.0,,too_rare,,,
15445,0.0,,too_rare,,,
15446,2.8008066323101054e-05,,too_rare,,,
15447,0.0,,too_rare,,,
15448,0.0,,too_rare,,,
15449,0.002100604974232579,,too_rare,,,
15450,0.0,,too_rare,,,
15451,8.402419896930316e-05,,too_rare,,,
15452,0.0,,too_rare,,,
15453,0.0,,too_rare,,,
15454,0.0,,too_rare,,,
15455,0.0,,too_rare,,,
15456,0.0,,too_rare,,,
15457,2.8008066323101054e-05,,too_rare,,,
15458,5.601613264620211e-05,,too_rare,,,
15459,0.0,,too_rare,,,
15460,0.0057416535962357155,,too_rare,,,
15461,2.8008066323101054e-05,,too_rare,,,
15462,0.0,,too_rare,,,
15463,0.0,,too_rare,,,
15464,0.0,,too_rare,,,
15465,0.0,,too_rare,,,
15466,0.0,,too_rare,,,
15467,0.0,,too_rare,,,
15468,0.0,,too_rare,,,
15469,0.0,,too_rare,,,
15470,2.8008066323101054e-05,,too_rare,,,
15471,2.8008066323101054e-05,,too_rare,,,
15472,0.00019605646426170737,,too_rare,,,
15473,0.0,,too_rare,,,
15474,0.0008402419896930316,,too_rare,,,
15475,0.00011203226529240422,,too_rare,,,
15476,2.8008066323101054e-05,,too_rare,,,
15477,5.601613264620211e-05,,too_rare,,,
15478,0.0,,too_rare,,,
15479,2.8008066323101054e-05,,too_rare,,,
15480,0.0,,too_rare,,,
15481,2.8008066323101054e-05,,too_rare,,,
15482,0.0,,too_rare,,,
15483,2.8008066323101054e-05,,too_rare,,,
15484,0.0,,too_rare,,,
15485,0.0,,too_rare,,,
15486,0.0,,too_rare,,,
15487,0.0,,too_rare,,,
15488,0.0,,too_rare,,,
15489,0.0,,too_rare,,,
15490,0.0,,too_rare,,,
15491,0.0,,too_rare,,,
15492,2.8008066323101054e-05,,too_rare,,,
15493,0.0,,too_rare,,,
15494,0.0,,too_rare,,,
15495,0.0,,too_rare,,,
15496,0.0,,too_rare,,,
15497,2.8008066323101054e-05,,too_rare,,,
15498,2.8008066323101054e-05,,too_rare,,,
15499,0.0,,too_rare,,,
15500,0.0002800806632310105,,too_rare,,,
15501,0.00011203226529240422,,too_rare,,,
15502,0.0,,too_rare,,,
15503,2.8008066323101054e-05,,too_rare,,,
15504,0.0,,too_rare,,,
15505,0.0,,too_rare,,,
15506,0.0,,too_rare,,,
15507,2.8008066323101054e-05,,too_rare,,,
15508,0.0,,too_rare,,,
15509,0.0,,too_rare,,,
15510,0.0,,too_rare,,,
15511,2.8008066323101054e-05,,too_rare,,,
15512,0.0,,too_rare,,,
15513,0.0003080887295541116,,too_rare,,,
15514,5.601613264620211e-05,,too_rare,,,
15515,0.0,,too_rare,,,
15516,0.0,,too_rare,,,
15517,5.601613264620211e-05,,too_rare,,,
15518,0.0,,too_rare,,,
15519,5.601613264620211e-05,,too_rare,,,
15520,0.0,,too_rare,,,
15521,0.0002800806632310105,,too_rare,,,
15522,0.0,,too_rare,,,
15523,2.8008066323101054e-05,,too_rare,,,
15524,0.0,,too_rare,,,
15525,0.0,,too_rare,,,
15526,0.0,,too_rare,,,
15527,0.0,,too_rare,,,
15528,0.0,,too_rare,,,
15529,2.8008066323101054e-05,,too_rare,,,
15530,0.00044812906116961686,,too_rare,,,
15531,0.0,,too_rare,,,
15532,2.8008066323101054e-05,,too_rare,,,
15533,0.002212637239524983,,too_rare,,,
15534,0.0,,too_rare,,,
15535,2.8008066323101054e-05,,too_rare,,,
15536,2.8008066323101054e-05,,too_rare,,,
15537,0.0,,too_rare,,,
15538,2.8008066323101054e-05,,too_rare,,,
15539,0.0,,too_rare,,,
15540,0.0,,too_rare,,,
15541,0.0,,too_rare,,,
15542,0.0,,too_rare,,,
15543,0.0,,too_rare,,,
15544,0.0,,too_rare,,,
15545,5.601613264620211e-05,,too_rare,,,
15546,0.0,,too_rare,,,
15547,0.0,,too_rare,,,
15548,0.0,,too_rare,,,
15549,0.00019605646426170737,,too_rare,,,
15550,0.0,,too_rare,,,
15551,0.0,,too_rare,,,
15552,2.8008066323101054e-05,,too_rare,,,
15553,0.002044588841586377,,too_rare,,,
15554,0.0,,too_rare,,,
15555,0.0,,too_rare,,,
15556,0.0,,too_rare,,,
15557,0.0,,too_rare,,,
15558,2.8008066323101054e-05,,too_rare,,,
15559,0.0,,too_rare,,,
15560,0.0,,too_rare,,,
15561,0.0,,too_rare,,,
15562,5.601613264620211e-05,,too_rare,,,
15563,0.00044812906116961686,,too_rare,,,
15564,0.0,,too_rare,,,
15565,0.0008962581223392337,,too_rare,,,
15566,8.402419896930316e-05,,too_rare,,,
15567,2.8008066323101054e-05,,too_rare,,,
15568,2.8008066323101054e-05,,too_rare,,,
15569,2.8008066323101054e-05,,too_rare,,,
15570,0.0,,too_rare,,,
15571,0.0,,too_rare,,,
15572,0.0,,too_rare,,,
15573,0.00932668608559265,,too_rare,,,
15574,0.0,,too_rare,,,
15575,0.0,,too_rare,,,
15576,0.0,,too_rare,,,
15577,0.0,,too_rare,,,
15578,0.0,,too_rare,,,
15579,8.402419896930316e-05,,too_rare,,,
15580,0.0,,too_rare,,,
15581,0.0,,too_rare,,,
15582,0.0,,too_rare,,,
15583,0.0,,too_rare,,,
15584,0.0,,too_rare,,,
15585,0.0,,too_rare,,,
15586,0.0,,too_rare,,,
15587,0.0,,too_rare,,,
15588,0.00039211292852341475,,too_rare,,,
15589,5.601613264620211e-05,,too_rare,,,
15590,2.8008066323101054e-05,,too_rare,,,
15591,0.0,,too_rare,,,
15592,2.8008066323101054e-05,,too_rare,,,
15593,0.00022406453058480843,,too_rare,,,
15594,0.0,,too_rare,,,
15595,0.0,,too_rare,,,
15596,0.0,,too_rare,,,
15597,0.0,,too_rare,,,
15598,0.0,,too_rare,,,
15599,5.601613264620211e-05,,too_rare,,,
15600,0.0,,too_rare,,,
15601,0.0,,too_rare,,,
15602,2.8008066323101054e-05,,too_rare,,,
15603,0.0,,too_rare,,,
15604,0.0,,too_rare,,,
15605,2.8008066323101054e-05,,too_rare,,,
15606,0.0,,too_rare,,,
15607,0.0,,too_rare,,,
15608,0.0,,too_rare,,,
15609,2.8008066323101054e-05,,too_rare,,,
15610,2.8008066323101054e-05,,too_rare,,,
15611,0.0,,too_rare,,,
15612,0.0,,too_rare,,,
15613,0.00011203226529240422,,too_rare,,,
15614,0.0,,too_rare,,,
15615,2.8008066323101054e-05,,too_rare,,,
15616,0.0,,too_rare,,,
15617,5.601613264620211e-05,,too_rare,,,
15618,0.0,,too_rare,,,
15619,0.0,,too_rare,,,
15620,8.402419896930316e-05,,too_rare,,,
15621,0.0,,too_rare,,,
15622,0.0,,too_rare,,,
15623,0.00053215326013892,,too_rare,,,
15624,0.0,,too_rare,,,
15625,0.0,,too_rare,,,
15626,0.0,,too_rare,,,
15627,0.0,,too_rare,,,
15628,0.0,,too_rare,,,
15629,0.0,,too_rare,,,
15630,0.0,,too_rare,,,
15631,0.0,,too_rare,,,
15632,2.8008066323101054e-05,,too_rare,,,
15633,2.8008066323101054e-05,,too_rare,,,
15634,0.0,,too_rare,,,
15635,0.0,,too_rare,,,
15636,0.0,,too_rare,,,
15637,0.0,,too_rare,,,
15638,2.8008066323101054e-05,,too_rare,,,
15639,2.8008066323101054e-05,,too_rare,,,
15640,0.0,,too_rare,,,
15641,0.0,,too_rare,,,
15642,0.0,,too_rare,,,
15643,0.0,,too_rare,,,
15644,0.0,,too_rare,,,
15645,2.8008066323101054e-05,,too_rare,,,
15646,0.0,,too_rare,,,
15647,0.0,,too_rare,,,
15648,0.0,,too_rare,,,
15649,0.0,,too_rare,,,
15650,2.8008066323101054e-05,,too_rare,,,
15651,2.8008066323101054e-05,,too_rare,,,
15652,0.0,,too_rare,,,
15653,0.0008122339233699305,,too_rare,,,
15654,0.0,,too_rare,,,
15655,2.8008066323101054e-05,,too_rare,,,
15656,0.0,,too_rare,,,
15657,0.0,,too_rare,,,
15658,0.0,,too_rare,,,
15659,0.0,,too_rare,,,
15660,0.0,,too_rare,,,
15661,0.0,,too_rare,,,
15662,2.8008066323101054e-05,,too_rare,,,
15663,0.0,,too_rare,,,
15664,0.0,,too_rare,,,
15665,0.00053215326013892,,too_rare,,,
15666,0.0,,too_rare,,,
15667,0.0,,too_rare,,,
15668,2.8008066323101054e-05,,too_rare,,,
15669,0.0,,too_rare,,,
15670,0.0013163791171857495,,too_rare,,,
15671,0.0,,too_rare,,,
15672,0.0033889760250952273,,too_rare,,,
15673,0.0,,too_rare,,,
15674,2.8008066323101054e-05,,too_rare,,,
15676,0.0,,too_rare,,,
15677,0.0,,too_rare,,,
15678,0.0,,too_rare,,,
15679,0.0,,too_rare,,,
15680,0.0,,too_rare,,,
15681,0.0,,too_rare,,,
15682,0.0,,too_rare,,,
15683,0.0,,too_rare,,,
15684,2.8008066323101054e-05,,too_rare,,,
15685,0.0,,too_rare,,,
15686,0.0,,too_rare,,,
15687,0.0,,too_rare,,,
15688,0.0,,too_rare,,,
15689,8.402419896930316e-05,,too_rare,,,
15690,0.0014004033161550526,,too_rare,,,
15691,0.0,,too_rare,,,
15693,0.0,,too_rare,,,
15694,0.0,,too_rare,,,
15695,0.0,,too_rare,,,
15696,0.0,,too_rare,,,
15697,0.0,,too_rare,,,
15698,0.0,,too_rare,,,
15699,0.0,,too_rare,,,
15700,0.0,,too_rare,,,
15701,0.0,,too_rare,,,
15702,0.0,,too_rare,,,
15703,0.00011203226529240422,,too_rare,,,
15704,0.0,,too_rare,,,
15705,0.0,,too_rare,,,
15706,0.0,,too_rare,,,
15707,0.0,,too_rare,,,
15708,0.0,,too_rare,,,
15709,0.0,,too_rare,,,
15710,2.8008066323101054e-05,,too_rare,,,
15711,0.0,,too_rare,,,
15712,0.0,,too_rare,,,
15713,0.0,,too_rare,,,
15714,5.601613264620211e-05,,too_rare,,,
15715,0.0,,too_rare,,,
15716,0.0,,too_rare,,,
15717,0.0003080887295541116,,too_rare,,,
15719,2.8008066323101054e-05,,too_rare,,,
15720,0.0,,too_rare,,,
15721,0.0,,too_rare,,,
15722,0.0,,too_rare,,,
15723,0.0,,too_rare,,,
15724,0.0,,too_rare,,,
15726,5.601613264620211e-05,,too_rare,,,
15727,0.0,,too_rare,,,
15728,0.0,,too_rare,,,
15729,0.0,,too_rare,,,
15730,0.0,,too_rare,,,
15731,0.0,,too_rare,,,
15732,0.0,,too_rare,,,
15733,0.0,,too_rare,,,
15734,0.0,,too_rare,,,
15735,0.0,,too_rare,,,
15736,0.0,,too_rare,,,
15737,0.0,,too_rare,,,
15738,0.0,,too_rare,,,
15739,0.0,,too_rare,,,
15740,0.000504145193815819,,too_rare,,,
15741,0.0,,too_rare,,,
15742,2.8008066323101054e-05,,too_rare,,,
15743,0.0,,too_rare,,,
15744,0.0,,too_rare,,,
15745,0.0,,too_rare,,,
15746,0.0,,too_rare,,,
15747,0.0,,too_rare,,,
15748,0.0,,too_rare,,,
15749,0.0,,too_rare,,,
15750,2.8008066323101054e-05,,too_rare,,,
15751,0.0,,too_rare,,,
15752,0.0,,too_rare,,,
15753,0.0,,too_rare,,,
15754,0.00014004033161550526,,too_rare,,,
15755,0.0,,too_rare,,,
15756,0.0,,too_rare,,,
15757,0.00019605646426170737,,too_rare,,,
15758,0.0,,too_rare,,,
15759,0.0,,too_rare,,,
15760,0.0,,too_rare,,,
15761,2.8008066323101054e-05,,too_rare,,,
15762,0.0,,too_rare,,,
15763,0.0,,too_rare,,,
15764,0.0,,too_rare,,,
15765,0.0,,too_rare,,,
15766,0.0,,too_rare,,,
15767,0.0,,too_rare,,,
15768,0.0,,too_rare,,,
15769,2.8008066323101054e-05,,too_rare,,,
15770,2.8008066323101054e-05,,too_rare,,,
15771,0.0,,too_rare,,,
15772,0.0002800806632310105,,too_rare,,,
15773,0.0,,too_rare,,,
15774,0.0,,too_rare,,,
15775,0.0,,too_rare,,,
15776,0.00011203226529240422,,too_rare,,,
15777,0.0,,too_rare,,,
15778,0.0,,too_rare,,,
15779,0.0,,too_rare,,,
15780,0.0,,too_rare,,,
15781,0.0,,too_rare,,,
15782,0.0,,too_rare,,,
15784,2.8008066323101054e-05,,too_rare,,,
15785,0.0,,too_rare,,,
15786,0.0,,too_rare,,,
15787,0.0,,too_rare,,,
15788,0.0,,too_rare,,,
15789,0.0,,too_rare,,,
15790,0.0,,too_rare,,,
15791,8.402419896930316e-05,,too_rare,,,
15792,0.0,,too_rare,,,
15793,0.0,,too_rare,,,
15794,0.0,,too_rare,,,
15795,0.0,,too_rare,,,
15796,0.0,,too_rare,,,
15797,0.00014004033161550526,,too_rare,,,
15798,0.0,,too_rare,,,
15799,0.0,,too_rare,,,
15800,0.0,,too_rare,,,
15801,0.0,,too_rare,,,
15802,0.0,,too_rare,,,
15803,0.00036410486220031366,,too_rare,,,
15804,2.8008066323101054e-05,,too_rare,,,
15805,0.0,,too_rare,,,
15806,0.0,,too_rare,,,
15807,0.0,,too_rare,,,
15808,0.0,,too_rare,,,
15809,0.0,,too_rare,,,
15811,0.0,,too_rare,,,
15812,5.601613264620211e-05,,too_rare,,,
15813,0.0008682500560161327,,too_rare,,,
15814,0.003080887295541116,,too_rare,,,
15815,0.0,,too_rare,,,
15816,0.0,,too_rare,,,
15818,0.0,,too_rare,,,
15819,0.0,,too_rare,,,
15820,2.8008066323101054e-05,,too_rare,,,
15821,2.8008066323101054e-05,,too_rare,,,
15822,0.0,,too_rare,,,
15823,0.0,,too_rare,,,
15824,0.0,,too_rare,,,
15825,0.0,,too_rare,,,
15826,0.0,,too_rare,,,
15827,0.0,,too_rare,,,
15828,0.0,,too_rare,,,
15829,0.0,,too_rare,,,
15830,0.0,,too_rare,,,
15831,0.0,,too_rare,,,
15832,0.0,,too_rare,,,
15833,0.0,,too_rare,,,
15834,0.0,,too_rare,,,
15835,0.0,,too_rare,,,
15836,5.601613264620211e-05,,too_rare,,,
15837,0.0,,too_rare,,,
15838,2.8008066323101054e-05,,too_rare,,,
15839,0.0,,too_rare,,,
15840,5.601613264620211e-05,,too_rare,,,
15841,0.0,,too_rare,,,
15842,0.0,,too_rare,,,
15843,5.601613264620211e-05,,too_rare,,,
15844,0.000560161326462021,,too_rare,,,
15845,2.8008066323101054e-05,,too_rare,,,
15846,0.0,,too_rare,,,
15847,0.0,,too_rare,,,
15848,0.0,,too_rare,,,
15849,0.0,,too_rare,,,
15850,0.0,,too_rare,,,
15851,0.0,,too_rare,,,
15852,0.0,,too_rare,,,
15853,0.0,,too_rare,,,
15854,0.0,,too_rare,,,
15855,2.8008066323101054e-05,,too_rare,,,
15856,0.0,,too_rare,,,
15857,0.0,,too_rare,,,
15858,0.00011203226529240422,,too_rare,,,
15859,0.0,,too_rare,,,
15860,0.0,,too_rare,,,
15861,0.002016580775263276,,too_rare,,,
15862,2.8008066323101054e-05,,too_rare,,,
15863,0.0,,too_rare,,,
15864,0.0,,too_rare,,,
15865,0.0,,too_rare,,,
15866,0.0,,too_rare,,,
15867,0.0,,too_rare,,,
15868,0.0,,too_rare,,,
15869,0.0,,too_rare,,,
15870,0.0,,too_rare,,,
15871,0.0,,too_rare,,,
15872,0.0,,too_rare,,,
15873,0.0,,too_rare,,,
15874,0.0,,too_rare,,,
15875,0.0,,too_rare,,,
15876,0.0,,too_rare,,,
15877,0.00016804839793860632,,too_rare,,,
15878,0.0,,too_rare,,,
15879,0.0,,too_rare,,,
15880,0.0,,too_rare,,,
15881,0.0,,too_rare,,,
15882,0.0,,too_rare,,,
15883,2.8008066323101054e-05,,too_rare,,,
15884,0.0,,too_rare,,,
15885,0.0,,too_rare,,,
15886,8.402419896930316e-05,,too_rare,,,
15887,0.0,,too_rare,,,
15888,2.8008066323101054e-05,,too_rare,,,
15889,0.0,,too_rare,,,
15890,2.8008066323101054e-05,,too_rare,,,
15891,0.0,,too_rare,,,
15892,0.00011203226529240422,,too_rare,,,
15893,0.0,,too_rare,,,
15894,0.0,,too_rare,,,
15895,0.0,,too_rare,,,
15896,2.8008066323101054e-05,,too_rare,,,
15897,0.0,,too_rare,,,
15898,0.0,,too_rare,,,
15899,0.0,,too_rare,,,
15900,0.0,,too_rare,,,
15901,0.0,,too_rare,,,
15902,0.0,,too_rare,,,
15903,0.0,,too_rare,,,
15905,0.00039211292852341475,,too_rare,,,
15906,2.8008066323101054e-05,,too_rare,,,
15907,0.0,,too_rare,,,
15908,0.0,,too_rare,,,
15909,0.0,,too_rare,,,
15910,5.601613264620211e-05,,too_rare,,,
15911,0.0,,too_rare,,,
15912,0.0,,too_rare,,,
15913,0.0,,too_rare,,,
15914,0.0,,too_rare,,,
15915,0.0,,too_rare,,,
15916,0.0,,too_rare,,,
15917,0.0,,too_rare,,,
15918,2.8008066323101054e-05,,too_rare,,,
15919,8.402419896930316e-05,,too_rare,,,
15920,0.0,,too_rare,,,
15921,0.0,,too_rare,,,
15922,0.0,,too_rare,,,
15923,0.0,,too_rare,,,
15924,2.8008066323101054e-05,,too_rare,,,
15925,2.8008066323101054e-05,,too_rare,,,
15926,0.0,,too_rare,,,
15927,0.0,,too_rare,,,
15928,0.0,,too_rare,,,
15929,0.0,,too_rare,,,
15930,2.8008066323101054e-05,,too_rare,,,
15931,0.0,,too_rare,,,
15932,0.00053215326013892,,too_rare,,,
15933,0.0,,too_rare,,,
15934,0.0,,too_rare,,,
15935,8.402419896930316e-05,,too_rare,,,
15936,0.0013723952498319516,,too_rare,,,
15937,0.0,,too_rare,,,
15938,0.0,,too_rare,,,
15939,0.0,,too_rare,,,
15940,0.0,,too_rare,,,
15941,0.0,,too_rare,,,
15942,0.0,,too_rare,,,
15943,0.0,,too_rare,,,
15944,0.0,,too_rare,,,
15945,8.402419896930316e-05,,too_rare,,,
15946,0.0,,too_rare,,,
15947,0.0,,too_rare,,,
15948,0.0,,too_rare,,,
15949,2.8008066323101054e-05,,too_rare,,,
15950,2.8008066323101054e-05,,too_rare,,,
15951,0.0,,too_rare,,,
15952,2.8008066323101054e-05,,too_rare,,,
15953,0.0,,too_rare,,,
15954,0.0,,too_rare,,,
15955,0.0,,too_rare,,,
15956,0.0,,too_rare,,,
15957,0.0,,too_rare,,,
15958,0.0,,too_rare,,,
15959,0.0,,too_rare,,,
15960,2.8008066323101054e-05,,too_rare,,,
15961,0.0,,too_rare,,,
15962,0.0,,too_rare,,,
15963,0.0,,too_rare,,,
15964,0.0,,too_rare,,,
15965,0.0,,too_rare,,,
15966,2.8008066323101054e-05,,too_rare,,,
15967,0.0,,too_rare,,,
15968,0.0,,too_rare,,,
15969,0.0,,too_rare,,,
15970,0.0,,too_rare,,,
15971,0.0,,too_rare,,,
15972,0.0,,too_rare,,,
15973,2.8008066323101054e-05,,too_rare,,,
15974,0.0,,too_rare,,,
15975,0.0,,too_rare,,,
15976,0.00036410486220031366,,too_rare,,,
15977,0.0,,too_rare,,,
15978,0.0,,too_rare,,,
15979,0.0,,too_rare,,,
15980,0.0,,too_rare,,,
15981,2.8008066323101054e-05,,too_rare,,,
15982,0.0,,too_rare,,,
15983,0.0,,too_rare,,,
15984,2.8008066323101054e-05,,too_rare,,,
15985,2.8008066323101054e-05,,too_rare,,,
15986,0.0,,too_rare,,,
15987,0.0,,too_rare,,,
15988,0.0,,too_rare,,,
15989,0.0,,too_rare,,,
15990,0.0,,too_rare,,,
15991,0.0,,too_rare,,,
15992,0.0,,too_rare,,,
15993,0.0,,too_rare,,,
15994,0.0,,too_rare,,,
15995,0.0,,too_rare,,,
15996,0.0,,too_rare,,,
15997,0.0,,too_rare,,,
15998,0.0,,too_rare,,,
15999,2.8008066323101054e-05,,too_rare,,,
16000,0.0,,too_rare,,,
16001,0.0,,too_rare,,,
16002,2.8008066323101054e-05,,too_rare,,,
16003,0.0,,too_rare,,,
16004,0.0,,too_rare,,,
16005,5.601613264620211e-05,,too_rare,,,
16006,0.0,,too_rare,,,
16007,0.0,,too_rare,,,
16008,0.0,,too_rare,,,
16009,0.0,,too_rare,,,
16010,0.0,,too_rare,,,
16011,0.0,,too_rare,,,
16012,0.0,,too_rare,,,
16013,2.8008066323101054e-05,,too_rare,,,
16014,0.0,,too_rare,,,
16015,0.0,,too_rare,,,
16016,0.0,,too_rare,,,
16017,0.0,,too_rare,,,
16018,0.0,,too_rare,,,
16019,0.006049742325789828,,too_rare,,,
16020,0.0,,too_rare,,,
16021,0.0,,too_rare,,,
16022,2.8008066323101054e-05,,too_rare,,,
16023,0.0,,too_rare,,,
16024,8.402419896930316e-05,,too_rare,,,
16025,2.8008066323101054e-05,,too_rare,,,
16026,2.8008066323101054e-05,,too_rare,,,
16027,0.0,,too_rare,,,
16028,0.0,,too_rare,,,
16029,0.0,,too_rare,,,
16030,0.0,,too_rare,,,
16031,0.0,,too_rare,,,
16032,0.0,,too_rare,,,
16033,2.8008066323101054e-05,,too_rare,,,
16034,0.0,,too_rare,,,
16035,0.0,,too_rare,,,
16036,0.0,,too_rare,,,
16037,2.8008066323101054e-05,,too_rare,,,
16038,0.0,,too_rare,,,
16039,0.00022406453058480843,,too_rare,,,
16040,2.8008066323101054e-05,,too_rare,,,
16041,0.0,,too_rare,,,
16042,0.00011203226529240422,,too_rare,,,
16043,0.0,,too_rare,,,
16044,0.0,,too_rare,,,
16045,0.0,,too_rare,,,
16046,0.0,,too_rare,,,
16047,0.0,,too_rare,,,
16048,0.0,,too_rare,,,
16049,0.0,,too_rare,,,
16050,2.8008066323101054e-05,,too_rare,,,
16051,0.0006441855254313242,,too_rare,,,
16052,0.003080887295541116,,too_rare,,,
16053,0.001120322652924042,,too_rare,,,
16054,0.0,,too_rare,,,
16055,0.0,,too_rare,,,
16056,0.0,,too_rare,,,
16057,2.8008066323101054e-05,,too_rare,,,
16058,0.0,,too_rare,,,
16059,0.0,,too_rare,,,
16060,2.8008066323101054e-05,,too_rare,,,
16061,2.8008066323101054e-05,,too_rare,,,
16062,2.8008066323101054e-05,,too_rare,,,
16063,0.0,,too_rare,,,
16064,2.8008066323101054e-05,,too_rare,,,
16065,8.402419896930316e-05,,too_rare,,,
16066,8.402419896930316e-05,,too_rare,,,
16067,0.0004761371274927179,,too_rare,,,
16068,8.402419896930316e-05,,too_rare,,,
16070,0.0,,too_rare,,,
16072,2.8008066323101054e-05,,too_rare,,,
16073,0.00014004033161550526,,too_rare,,,
16074,0.0,,too_rare,,,
16075,0.0,,too_rare,,,
16076,5.601613264620211e-05,,too_rare,,,
16077,0.0,,too_rare,,,
16078,0.00016804839793860632,,too_rare,,,
16079,0.0002800806632310105,,too_rare,,,
16080,0.0,,too_rare,,,
16081,5.601613264620211e-05,,too_rare,,,
16082,0.0,,too_rare,,,
16083,0.0,,too_rare,,,
16084,2.8008066323101054e-05,,too_rare,,,
16085,0.0,,too_rare,,,
16086,0.0,,too_rare,,,
16087,0.0,,too_rare,,,
16088,0.0,,too_rare,,,
16089,0.0,,too_rare,,,
16090,0.0,,too_rare,,,
16091,2.8008066323101054e-05,,too_rare,,,
16092,0.0,,too_rare,,,
16093,0.0,,too_rare,,,
16094,0.0,,too_rare,,,
16095,0.0,,too_rare,,,
16096,0.0,,too_rare,,,
16097,0.0,,too_rare,,,
16098,0.0,,too_rare,,,
16099,2.8008066323101054e-05,,too_rare,,,
16100,0.0,,too_rare,,,
16101,0.0,,too_rare,,,
16102,0.0,,too_rare,,,
16103,0.0,,too_rare,,,
16104,0.0,,too_rare,,,
16105,0.0,,too_rare,,,
16106,0.0,,too_rare,,,
16107,0.0,,too_rare,,,
16108,0.0,,too_rare,,,
16109,0.0,,too_rare,,,
16110,0.0,,too_rare,,,
16111,0.0,,too_rare,,,
16112,0.006357831055343939,,too_rare,,,
16113,0.0,,too_rare,,,
16114,0.0,,too_rare,,,
16115,0.0,,too_rare,,,
16116,0.0,,too_rare,,,
16117,0.0,,too_rare,,,
16118,0.00053215326013892,,too_rare,,,
16119,0.0,,too_rare,,,
16120,0.0,,too_rare,,,
16121,0.0,,too_rare,,,
16122,0.0,,too_rare,,,
16123,0.0,,too_rare,,,
16124,0.0,,too_rare,,,
16125,0.0,,too_rare,,,
16126,0.0,,too_rare,,,
16127,2.8008066323101054e-05,,too_rare,,,
16128,0.0,,too_rare,,,
16129,0.0,,too_rare,,,
16130,0.0,,too_rare,,,
16131,0.0,,too_rare,,,
16132,0.0,,too_rare,,,
16133,2.8008066323101054e-05,,too_rare,,,
16134,0.0,,too_rare,,,
16135,0.0,,too_rare,,,
16136,2.8008066323101054e-05,,too_rare,,,
16137,0.0,,too_rare,,,
16138,2.8008066323101054e-05,,too_rare,,,
16139,0.0,,too_rare,,,
16140,0.0,,too_rare,,,
16141,2.8008066323101054e-05,,too_rare,,,
16142,2.8008066323101054e-05,,too_rare,,,
16143,0.000560161326462021,,too_rare,,,
16144,2.8008066323101054e-05,,too_rare,,,
16145,0.0,,too_rare,,,
16147,5.601613264620211e-05,,too_rare,,,
16148,0.00036410486220031366,,too_rare,,,
16150,0.0,,too_rare,,,
16151,0.0,,too_rare,,,
16152,0.0,,too_rare,,,
16153,0.0,,too_rare,,,
16154,2.8008066323101054e-05,,too_rare,,,
16155,2.8008066323101054e-05,,too_rare,,,
16156,0.0,,too_rare,,,
16157,0.0,,too_rare,,,
16158,0.0,,too_rare,,,
16159,0.0,,too_rare,,,
16160,0.0,,too_rare,,,
16161,0.0,,too_rare,,,
16163,8.402419896930316e-05,,too_rare,,,
16164,0.0,,too_rare,,,
16165,0.0,,too_rare,,,
16166,0.0,,too_rare,,,
16167,0.0,,too_rare,,,
16168,0.0,,too_rare,,,
16170,0.0,,too_rare,,,
16171,0.0,,too_rare,,,
16172,2.8008066323101054e-05,,too_rare,,,
16173,2.8008066323101054e-05,,too_rare,,,
16174,0.0,,too_rare,,,
16175,5.601613264620211e-05,,too_rare,,,
16176,0.0,,too_rare,,,
16177,0.0,,too_rare,,,
16178,5.601613264620211e-05,,too_rare,,,
16179,0.0,,too_rare,,,
16180,0.0,,too_rare,,,
16181,0.0,,too_rare,,,
16182,0.0,,too_rare,,,
16183,0.0005881693927851221,,too_rare,,,
16184,0.0,,too_rare,,,
16185,0.0,,too_rare,,,
16187,0.00016804839793860632,,too_rare,,,
16188,0.0,,too_rare,,,
16189,2.8008066323101054e-05,,too_rare,,,
16190,0.0,,too_rare,,,
16191,0.0,,too_rare,,,
16192,0.0,,too_rare,,,
16193,0.0,,too_rare,,,
16194,0.0,,too_rare,,,
16195,0.0,,too_rare,,,
16196,0.0056856374635895135,,too_rare,,,
16197,0.0,,too_rare,,,
16198,0.0,,too_rare,,,
16199,0.0,,too_rare,,,
16200,0.0,,too_rare,,,
16201,0.0,,too_rare,,,
16202,0.0,,too_rare,,,
16203,0.0,,too_rare,,,
16204,0.0,,too_rare,,,
16205,0.0,,too_rare,,,
16206,0.0,,too_rare,,,
16207,0.0,,too_rare,,,
16208,0.0,,too_rare,,,
16209,0.0,,too_rare,,,
16210,0.0,,too_rare,,,
16211,0.0,,too_rare,,,
16212,0.0002520725969079095,,too_rare,,,
16213,0.0,,too_rare,,,
16214,0.00016804839793860632,,too_rare,,,
16215,0.0,,too_rare,,,
16216,0.0,,too_rare,,,
16217,0.0,,too_rare,,,
16218,5.601613264620211e-05,,too_rare,,,
16219,0.0,,too_rare,,,
16220,0.0,,too_rare,,,
16221,0.0,,too_rare,,,
16222,0.0,,too_rare,,,
16223,0.0,,too_rare,,,
16224,0.0,,too_rare,,,
16225,0.0,,too_rare,,,
16226,0.0,,too_rare,,,
16227,2.8008066323101054e-05,,too_rare,,,
16228,0.0,,too_rare,,,
16229,0.0,,too_rare,,,
16230,0.0,,too_rare,,,
16231,5.601613264620211e-05,,too_rare,,,
16232,0.0,,too_rare,,,
16233,0.0,,too_rare,,,
16234,0.0,,too_rare,,,
16236,0.0,,too_rare,,,
16237,0.0,,too_rare,,,
16238,0.0,,too_rare,,,
16239,0.0,,too_rare,,,
16240,2.8008066323101054e-05,,too_rare,,,
16241,0.0,,too_rare,,,
16242,2.8008066323101054e-05,,too_rare,,,
16243,2.8008066323101054e-05,,too_rare,,,
16244,0.0,,too_rare,,,
16245,0.0,,too_rare,,,
16246,2.8008066323101054e-05,,too_rare,,,
16247,0.0,,too_rare,,,
16248,0.0,,too_rare,,,
16249,0.0,,too_rare,,,
16250,0.0003080887295541116,,too_rare,,,
16251,0.0,,too_rare,,,
16252,0.0,,too_rare,,,
16253,0.0,,too_rare,,,
16254,0.0,,too_rare,,,
16255,0.0,,too_rare,,,
16256,2.8008066323101054e-05,,too_rare,,,
16257,0.0,,too_rare,,,
16258,2.8008066323101054e-05,,too_rare,,,
16259,0.0,,too_rare,,,
16260,0.0,,too_rare,,,
16261,0.0,,too_rare,,,
16262,0.0,,too_rare,,,
16263,0.0,,too_rare,,,
16264,0.0,,too_rare,,,
16265,0.0,,too_rare,,,
16266,0.0,,too_rare,,,
16267,2.8008066323101054e-05,,too_rare,,,
16268,0.008598476361192023,,too_rare,,,
16269,0.0,,too_rare,,,
16270,0.0,,too_rare,,,
16271,0.0,,too_rare,,,
16272,0.0,,too_rare,,,
16273,0.0,,too_rare,,,
16274,0.0,,too_rare,,,
16275,0.0,,too_rare,,,
16276,0.0,,too_rare,,,
16277,2.8008066323101054e-05,,too_rare,,,
16278,0.0,,too_rare,,,
16279,0.0,,too_rare,,,
16280,0.0,,too_rare,,,
16281,0.0,,too_rare,,,
16282,0.0,,too_rare,,,
16283,2.8008066323101054e-05,,too_rare,,,
16284,0.0,,too_rare,,,
16285,0.00011203226529240422,,too_rare,,,
16286,0.0,,too_rare,,,
16287,0.0026607663006946,,too_rare,,,
16288,0.0,,too_rare,,,
16289,0.0,,too_rare,,,
16290,0.0,,too_rare,,,
16291,0.0,,too_rare,,,
16292,0.0,,too_rare,,,
16293,0.0,,too_rare,,,
16294,0.0,,too_rare,,,
16295,0.0,,too_rare,,,
16296,0.0,,too_rare,,,
16297,0.0,,too_rare,,,
16298,0.0,,too_rare,,,
16299,0.0,,too_rare,,,
16300,0.0,,too_rare,,,
16301,0.0,,too_rare,,,
16302,0.0,,too_rare,,,
16303,0.0,,too_rare,,,
16304,0.0,,too_rare,,,
16305,0.0,,too_rare,,,
16306,0.0,,too_rare,,,
16307,0.0,,too_rare,,,
16308,0.0,,too_rare,,,
16309,2.8008066323101054e-05,,too_rare,,,
16310,0.001008290387631638,,too_rare,,,
16311,2.8008066323101054e-05,,too_rare,,,
16312,0.0,,too_rare,,,
16313,0.0,,too_rare,,,
16314,2.8008066323101054e-05,,too_rare,,,
16315,0.0,,too_rare,,,
16316,0.0,,too_rare,,,
16317,0.0,,too_rare,,,
16318,2.8008066323101054e-05,,too_rare,,,
16319,0.0,,too_rare,,,
16320,0.00019605646426170737,,too_rare,,,
16321,0.0,,too_rare,,,
16322,0.002772798565987004,,too_rare,,,
16323,0.0,,too_rare,,,
16324,0.0,,too_rare,,,
16325,0.0,,too_rare,,,
16326,0.0,,too_rare,,,
16327,0.0,,too_rare,,,
16328,0.0,,too_rare,,,
16329,0.0,,too_rare,,,
16330,0.0,,too_rare,,,
16331,0.0,,too_rare,,,
16332,0.0,,too_rare,,,
16333,0.0,,too_rare,,,
16334,0.0,,too_rare,,,
16335,2.8008066323101054e-05,,too_rare,,,
16336,0.0,,too_rare,,,
16337,0.0,,too_rare,,,
16338,0.0,,too_rare,,,
16339,8.402419896930316e-05,,too_rare,,,
16340,0.0,,too_rare,,,
16341,0.0,,too_rare,,,
16342,0.0,,too_rare,,,
16343,0.0,,too_rare,,,
16344,0.0,,too_rare,,,
16345,0.0,,too_rare,,,
16346,5.601613264620211e-05,,too_rare,,,
16347,0.0,,too_rare,,,
16348,0.0,,too_rare,,,
16349,0.0,,too_rare,,,
16350,0.0014284113824781536,,too_rare,,,
16351,0.0,,too_rare,,,
16352,0.0017925162446784674,,too_rare,,,
16353,0.0,,too_rare,,,
16354,0.00016804839793860632,,too_rare,,,
16355,0.0,,too_rare,,,
16356,2.8008066323101054e-05,,too_rare,,,
16357,0.0,,too_rare,,,
16358,0.0,,too_rare,,,
16359,0.0,,too_rare,,,
16360,0.0,,too_rare,,,
16361,0.0,,too_rare,,,
16362,0.0,,too_rare,,,
16363,0.0017645081783553664,,too_rare,,,
16364,0.0,,too_rare,,,
16365,0.0,,too_rare,,,
16366,0.0,,too_rare,,,
16367,0.0,,too_rare,,,
16368,0.0,,too_rare,,,
16369,0.0,,too_rare,,,
16370,0.0,,too_rare,,,
16371,0.0,,too_rare,,,
16372,0.00011203226529240422,,too_rare,,,
16373,0.0,,too_rare,,,
16374,0.0,,too_rare,,,
16375,0.0,,too_rare,,,
16376,0.0,,too_rare,,,
16377,0.0017925162446784674,,too_rare,,,
16378,0.00014004033161550526,,too_rare,,,
16379,2.8008066323101054e-05,,too_rare,,,
16380,0.0,,too_rare,,,
16381,0.0,,too_rare,,,
16382,2.8008066323101054e-05,,too_rare,,,
16383,0.0,,too_rare,,,
16384,0.0,,too_rare,,,
16385,0.0,,too_rare,,,
16386,0.0,,too_rare,,,
16387,0.0,,too_rare,,,
16388,5.601613264620211e-05,,too_rare,,,
16389,0.0,,too_rare,,,
16390,0.0,,too_rare,,,
16391,0.0,,too_rare,,,
16392,0.0,,too_rare,,,
16393,0.0,,too_rare,,,
16394,0.0,,too_rare,,,
16395,0.0,,too_rare,,,
16396,0.0,,too_rare,,,
16397,0.0,,too_rare,,,
16398,0.0,,too_rare,,,
16399,0.0,,too_rare,,,
16400,0.0,,too_rare,,,
16401,0.0,,too_rare,,,
16402,8.402419896930316e-05,,too_rare,,,
16403,0.0,,too_rare,,,
16404,0.0,,too_rare,,,
16405,0.0,,too_rare,,,
16406,2.8008066323101054e-05,,too_rare,,,
16407,0.0018765404436477705,,too_rare,,,
16408,5.601613264620211e-05,,too_rare,,,
16409,0.003613040555680036,,too_rare,,,
16410,0.0,,too_rare,,,
16411,0.0,,too_rare,,,
16412,0.0,,too_rare,,,
16413,0.0,,too_rare,,,
16414,0.0,,too_rare,,,
16415,2.8008066323101054e-05,,too_rare,,,
16416,0.0,,too_rare,,,
16417,2.8008066323101054e-05,,too_rare,,,
16418,0.0,,too_rare,,,
16419,2.8008066323101054e-05,,too_rare,,,
16420,0.0,,too_rare,,,
16421,0.0,,too_rare,,,
16422,0.0,,too_rare,,,
16423,0.0,,too_rare,,,
16424,0.0,,too_rare,,,
16425,2.8008066323101054e-05,,too_rare,,,
16426,0.0,,too_rare,,,
16427,0.00014004033161550526,,too_rare,,,
16428,0.0,,too_rare,,,
16429,0.0,,too_rare,,,
16430,0.0,,too_rare,,,
16431,0.003753080887295541,,too_rare,,,
16432,0.0008962581223392337,,too_rare,,,
16433,0.0,,too_rare,,,
16434,0.0,,too_rare,,,
16435,0.0,,too_rare,,,
16436,2.8008066323101054e-05,,too_rare,,,
16437,0.0,,too_rare,,,
16438,0.0,,too_rare,,,
16439,0.009018597356038539,,too_rare,,,
16440,0.0,,too_rare,,,
16441,0.0,,too_rare,,,
16442,0.0,,too_rare,,,
16443,0.0,,too_rare,,,
16444,0.0,,too_rare,,,
16445,0.0,,too_rare,,,
16446,0.0,,too_rare,,,
16447,0.0,,too_rare,,,
16448,0.0,,too_rare,,,
16449,2.8008066323101054e-05,,too_rare,,,
16450,0.0,,too_rare,,,
16451,0.0004761371274927179,,too_rare,,,
16452,0.0,,too_rare,,,
16453,0.0,,too_rare,,,
16454,0.0,,too_rare,,,
16455,5.601613264620211e-05,,too_rare,,,
16456,0.0,,too_rare,,,
16457,0.0,,too_rare,,,
16458,0.0,,too_rare,,,
16459,0.0,,too_rare,,,
16460,0.0,,too_rare,,,
16461,0.0,,too_rare,,,
16462,0.0,,too_rare,,,
16463,0.00016804839793860632,,too_rare,,,
16464,0.0,,too_rare,,,
16465,0.0,,too_rare,,,
16466,0.0,,too_rare,,,
16467,0.0,,too_rare,,,
16468,0.0,,too_rare,,,
16469,0.0,,too_rare,,,
16470,0.0,,too_rare,,,
16471,0.0,,too_rare,,,
16472,0.0,,too_rare,,,
16473,0.0,,too_rare,,,
16474,0.0,,too_rare,,,
16475,0.0,,too_rare,,,
16476,0.0,,too_rare,,,
16477,0.001120322652924042,,too_rare,,,
16478,0.0,,too_rare,,,
16479,0.0,,too_rare,,,
16480,0.0,,too_rare,,,
16481,0.0,,too_rare,,,
16482,2.8008066323101054e-05,,too_rare,,,
16483,0.0,,too_rare,,,
16484,0.0,,too_rare,,,
16485,0.0,,too_rare,,,
16486,2.8008066323101054e-05,,too_rare,,,
16487,0.0,,too_rare,,,
16488,0.0,,too_rare,,,
16489,2.8008066323101054e-05,,too_rare,,,
16490,2.8008066323101054e-05,,too_rare,,,
16491,0.0,,too_rare,,,
16492,5.601613264620211e-05,,too_rare,,,
16493,0.0,,too_rare,,,
16494,5.601613264620211e-05,,too_rare,,,
16495,0.0,,too_rare,,,
16496,0.0,,too_rare,,,
16497,0.0,,too_rare,,,
16498,0.0,,too_rare,,,
16499,2.8008066323101054e-05,,too_rare,,,
16500,0.0068899843154828595,,too_rare,,,
16501,0.0,,too_rare,,,
16503,0.0,,too_rare,,,
16504,0.0,,too_rare,,,
16505,2.8008066323101054e-05,,too_rare,,,
16506,0.0,,too_rare,,,
16507,0.0,,too_rare,,,
16508,0.0,,too_rare,,,
16509,0.0,,too_rare,,,
16510,2.8008066323101054e-05,,too_rare,,,
16511,0.0,,too_rare,,,
16512,0.0,,too_rare,,,
16513,0.0,,too_rare,,,
16514,0.0,,too_rare,,,
16515,0.0,,too_rare,,,
16516,0.0,,too_rare,,,
16517,2.8008066323101054e-05,,too_rare,,,
16518,0.0,,too_rare,,,
16519,0.0,,too_rare,,,
16520,0.0,,too_rare,,,
16521,0.0,,too_rare,,,
16522,0.0,,too_rare,,,
16523,0.0,,too_rare,,,
16524,0.0,,too_rare,,,
16525,0.0,,too_rare,,,
16526,0.0,,too_rare,,,
16527,0.0,,too_rare,,,
16528,0.0,,too_rare,,,
16529,0.0,,too_rare,,,
16530,0.0,,too_rare,,,
16531,0.0,,too_rare,,,
16532,0.0,,too_rare,,,
16533,0.0,,too_rare,,,
16535,0.0,,too_rare,,,
16536,2.8008066323101054e-05,,too_rare,,,
16537,0.0,,too_rare,,,
16538,0.0,,too_rare,,,
16539,0.005797669728881918,,too_rare,,,
16540,2.8008066323101054e-05,,too_rare,,,
16541,0.0079542908357607,,too_rare,,,
16543,0.0,,too_rare,,,
16544,0.0,,too_rare,,,
16546,0.0,,too_rare,,,
16547,0.0,,too_rare,,,
16548,0.0,,too_rare,,,
16549,0.0,,too_rare,,,
16550,2.8008066323101054e-05,,too_rare,,,
16551,0.0,,too_rare,,,
16552,0.0,,too_rare,,,
16553,0.0,,too_rare,,,
16554,0.00014004033161550526,,too_rare,,,
16555,0.0,,too_rare,,,
16556,2.8008066323101054e-05,,too_rare,,,
16557,0.00106430652027784,,too_rare,,,
16558,2.8008066323101054e-05,,too_rare,,,
16559,0.0,,too_rare,,,
16560,8.402419896930316e-05,,too_rare,,,
16561,0.0,,too_rare,,,
16562,0.0,,too_rare,,,
16563,0.0,,too_rare,,,
16564,2.8008066323101054e-05,,too_rare,,,
16565,0.0,,too_rare,,,
16566,0.0,,too_rare,,,
16567,2.8008066323101054e-05,,too_rare,,,
16568,0.0,,too_rare,,,
16569,0.0,,too_rare,,,
16570,0.0,,too_rare,,,
16571,0.0,,too_rare,,,
16572,0.0,,too_rare,,,
16573,0.0,,too_rare,,,
16574,0.0,,too_rare,,,
16575,0.0,,too_rare,,,
16576,0.0,,too_rare,,,
16577,0.001120322652924042,,too_rare,,,
16578,0.0,,too_rare,,,
16579,0.0,,too_rare,,,
16580,0.0,,too_rare,,,
16581,0.0,,too_rare,,,
16582,8.402419896930316e-05,,too_rare,,,
16583,0.0,,too_rare,,,
16584,0.0,,too_rare,,,
16585,0.0,,too_rare,,,
16586,0.00016804839793860632,,too_rare,,,
16587,0.0,,too_rare,,,
16588,0.0,,too_rare,,,
16589,0.0,,too_rare,,,
16590,0.0,,too_rare,,,
16591,0.0,,too_rare,,,
16592,0.0,,too_rare,,,
16593,0.0,,too_rare,,,
16594,0.0,,too_rare,,,
16595,0.009914855478377773,,too_rare,,,
16596,0.0,,too_rare,,,
16597,2.8008066323101054e-05,,too_rare,,,
16598,0.0,,too_rare,,,
16599,0.0,,too_rare,,,
16600,0.0,,too_rare,,,
16601,0.0,,too_rare,,,
16602,2.8008066323101054e-05,,too_rare,,,
16603,0.0,,too_rare,,,
16604,0.0,,too_rare,,,
16605,0.0,,too_rare,,,
16606,0.0,,too_rare,,,
16608,0.0,,too_rare,,,
16609,0.0,,too_rare,,,
16610,2.8008066323101054e-05,,too_rare,,,
16611,0.0008682500560161327,,too_rare,,,
16612,0.0,,too_rare,,,
16613,2.8008066323101054e-05,,too_rare,,,
16614,0.0,,too_rare,,,
16615,0.005405556800358503,,too_rare,,,
16616,0.0,,too_rare,,,
16617,0.0,,too_rare,,,
16618,0.0,,too_rare,,,
16619,0.0,,too_rare,,,
16620,0.0,,too_rare,,,
16621,0.0,,too_rare,,,
16622,0.0,,too_rare,,,
16623,0.0,,too_rare,,,
16624,0.0,,too_rare,,,
16625,0.0,,too_rare,,,
16626,0.0,,too_rare,,,
16627,0.0,,too_rare,,,
16628,0.0,,too_rare,,,
16629,0.0,,too_rare,,,
16630,2.8008066323101054e-05,,too_rare,,,
16631,0.0,,too_rare,,,
16632,0.0,,too_rare,,,
16633,0.0,,too_rare,,,
16634,0.0,,too_rare,,,
16635,0.0,,too_rare,,,
16636,0.0,,too_rare,,,
16637,0.0,,too_rare,,,
16638,0.0,,too_rare,,,
16639,0.0,,too_rare,,,
16640,0.0,,too_rare,,,
16641,0.0,,too_rare,,,
16642,0.0,,too_rare,,,
16643,2.8008066323101054e-05,,too_rare,,,
16644,0.0,,too_rare,,,
16645,0.0,,too_rare,,,
16646,0.0,,too_rare,,,
16647,0.00014004033161550526,,too_rare,,,
16648,0.0,,too_rare,,,
16649,2.8008066323101054e-05,,too_rare,,,
16650,0.0,,too_rare,,,
16651,2.8008066323101054e-05,,too_rare,,,
16652,0.0,,too_rare,,,
16653,2.8008066323101054e-05,,too_rare,,,
16654,2.8008066323101054e-05,,too_rare,,,
16655,0.0,,too_rare,,,
16656,2.8008066323101054e-05,,too_rare,,,
16657,0.0,,too_rare,,,
16658,0.0,,too_rare,,,
16660,0.0,,too_rare,,,
16661,0.0,,too_rare,,,
16662,0.0,,too_rare,,,
16663,0.0,,too_rare,,,
16665,2.8008066323101054e-05,,too_rare,,,
16666,0.00014004033161550526,,too_rare,,,
16667,2.8008066323101054e-05,,too_rare,,,
16668,0.0,,too_rare,,,
16669,0.0,,too_rare,,,
16670,0.00011203226529240422,,too_rare,,,
16671,0.0,,too_rare,,,
16672,0.0,,too_rare,,,
16673,0.0,,too_rare,,,
16674,5.601613264620211e-05,,too_rare,,,
16675,2.8008066323101054e-05,,too_rare,,,
16676,0.0,,too_rare,,,
16677,0.0,,too_rare,,,
16678,0.0,,too_rare,,,
16679,0.0,,too_rare,,,
16680,0.0,,too_rare,,,
16681,0.0,,too_rare,,,
16682,0.00014004033161550526,,too_rare,,,
16683,0.0,,too_rare,,,
16684,0.0,,too_rare,,,
16685,0.0,,too_rare,,,
16686,0.0,,too_rare,,,
16687,0.0,,too_rare,,,
16688,0.0,,too_rare,,,
16689,0.0,,too_rare,,,
16691,0.001092314586600941,,too_rare,,,
16692,2.8008066323101054e-05,,too_rare,,,
16693,0.0,,too_rare,,,
16694,0.0,,too_rare,,,
16695,0.0,,too_rare,,,
16696,0.0,,too_rare,,,
16697,0.0,,too_rare,,,
16698,0.0,,too_rare,,,
16699,0.0,,too_rare,,,
16700,0.0,,too_rare,,,
16701,0.0,,too_rare,,,
16702,0.0,,too_rare,,,
16703,0.0,,too_rare,,,
16704,0.0,,too_rare,,,
16705,5.601613264620211e-05,,too_rare,,,
16706,0.0,,too_rare,,,
16707,0.0,,too_rare,,,
16708,0.0,,too_rare,,,
16709,0.0,,too_rare,,,
16710,0.0,,too_rare,,,
16711,0.0,,too_rare,,,
16712,0.0,,too_rare,,,
16713,0.0,,too_rare,,,
16714,0.0,,too_rare,,,
16715,0.0,,too_rare,,,
16716,0.00022406453058480843,,too_rare,,,
16717,0.0,,too_rare,,,
16718,0.0,,too_rare,,,
16719,0.0,,too_rare,,,
16720,0.001120322652924042,,too_rare,,,
16721,0.0,,too_rare,,,
16722,0.0,,too_rare,,,
16723,0.0,,too_rare,,,
16724,0.0,,too_rare,,,
16725,2.8008066323101054e-05,,too_rare,,,
16726,0.0,,too_rare,,,
16727,5.601613264620211e-05,,too_rare,,,
16729,0.0,,too_rare,,,
16730,2.8008066323101054e-05,,too_rare,,,
16731,0.0,,too_rare,,,
16732,2.8008066323101054e-05,,too_rare,,,
16733,2.8008066323101054e-05,,too_rare,,,
16734,0.0,,too_rare,,,
16735,0.0,,too_rare,,,
16736,0.000560161326462021,,too_rare,,,
16737,0.0,,too_rare,,,
16738,2.8008066323101054e-05,,too_rare,,,
16739,2.8008066323101054e-05,,too_rare,,,
16740,2.8008066323101054e-05,,too_rare,,,
16741,0.0,,too_rare,,,
16742,0.0,,too_rare,,,
16743,0.00053215326013892,,too_rare,,,
16744,0.0,,too_rare,,,
16745,0.0,,too_rare,,,
16746,0.0,,too_rare,,,
16748,0.0,,too_rare,,,
16749,0.0,,too_rare,,,
16750,0.0,,too_rare,,,
16751,0.0,,too_rare,,,
16752,2.8008066323101054e-05,,too_rare,,,
16753,0.0,,too_rare,,,
16754,0.0,,too_rare,,,
16756,0.0,,too_rare,,,
16757,0.0,,too_rare,,,
16758,0.0,,too_rare,,,
16759,0.0,,too_rare,,,
16760,0.0,,too_rare,,,
16761,0.0,,too_rare,,,
16762,0.0,,too_rare,,,
16763,0.0,,too_rare,,,
16764,0.0,,too_rare,,,
16765,0.0,,too_rare,,,
16766,0.0,,too_rare,,,
16767,0.0,,too_rare,,,
16768,2.8008066323101054e-05,,too_rare,,,
16769,0.0,,too_rare,,,
16770,5.601613264620211e-05,,too_rare,,,
16771,2.8008066323101054e-05,,too_rare,,,
16772,0.0,,too_rare,,,
16773,0.0,,too_rare,,,
16774,0.0,,too_rare,,,
16775,0.0,,too_rare,,,
16776,2.8008066323101054e-05,,too_rare,,,
16777,0.0,,too_rare,,,
16778,0.0,,too_rare,,,
16779,0.0,,too_rare,,,
16780,2.8008066323101054e-05,,too_rare,,,
16781,2.8008066323101054e-05,,too_rare,,,
16782,0.0,,too_rare,,,
16783,0.0,,too_rare,,,
16784,0.00036410486220031366,,too_rare,,,
16785,0.0,,too_rare,,,
16786,2.8008066323101054e-05,,too_rare,,,
16787,0.0,,too_rare,,,
16788,0.0,,too_rare,,,
16789,0.0,,too_rare,,,
16790,0.0,,too_rare,,,
16791,0.0,,too_rare,,,
16792,0.0,,too_rare,,,
16793,2.8008066323101054e-05,,too_rare,,,
16794,0.0,,too_rare,,,
16795,0.0,,too_rare,,,
16796,2.8008066323101054e-05,,too_rare,,,
16797,0.0,,too_rare,,,
16798,0.0,,too_rare,,,
16799,0.0,,too_rare,,,
16800,0.0,,too_rare,,,
16801,0.0,,too_rare,,,
16802,0.0,,too_rare,,,
16803,0.0,,too_rare,,,
16804,0.0,,too_rare,,,
16805,0.0,,too_rare,,,
16806,0.0003080887295541116,,too_rare,,,
16807,0.0,,too_rare,,,
16808,0.0,,too_rare,,,
16809,0.0004761371274927179,,too_rare,,,
16810,2.8008066323101054e-05,,too_rare,,,
16811,0.0,,too_rare,,,
16812,0.0,,too_rare,,,
16813,0.0,,too_rare,,,
16814,0.0,,too_rare,,,
16815,2.8008066323101054e-05,,too_rare,,,
16816,0.0,,too_rare,,,
16817,0.0,,too_rare,,,
16818,0.0,,too_rare,,,
16819,0.0,,too_rare,,,
16820,2.8008066323101054e-05,,too_rare,,,
16821,0.0,,too_rare,,,
16822,0.0,,too_rare,,,
16823,0.0,,too_rare,,,
16824,0.0,,too_rare,,,
16825,0.0,,too_rare,,,
16826,5.601613264620211e-05,,too_rare,,,
16828,0.0,,too_rare,,,
16829,0.0,,too_rare,,,
16830,0.00011203226529240422,,too_rare,,,
16831,5.601613264620211e-05,,too_rare,,,
16832,0.00014004033161550526,,too_rare,,,
16833,0.0,,too_rare,,,
16834,0.0,,too_rare,,,
16835,0.0,,too_rare,,,
16836,0.0,,too_rare,,,
16837,0.0,,too_rare,,,
16838,2.8008066323101054e-05,,too_rare,,,
16839,0.0,,too_rare,,,
16840,0.0,,too_rare,,,
16841,0.0,,too_rare,,,
16842,0.0,,too_rare,,,
16843,0.0,,too_rare,,,
16844,0.0,,too_rare,,,
16845,8.402419896930316e-05,,too_rare,,,
16846,0.0,,too_rare,,,
16847,0.0,,too_rare,,,
16848,0.00011203226529240422,,too_rare,,,
16849,0.0,,too_rare,,,
16850,0.0,,too_rare,,,
16851,0.0,,too_rare,,,
16852,0.0,,too_rare,,,
16853,0.0,,too_rare,,,
16854,0.0,,too_rare,,,
16855,0.0,,too_rare,,,
16856,0.0,,too_rare,,,
16857,0.0009522742549854358,,too_rare,,,
16858,0.0,,too_rare,,,
16859,2.8008066323101054e-05,,too_rare,,,
16860,2.8008066323101054e-05,,too_rare,,,
16861,0.0,,too_rare,,,
16862,0.0,,too_rare,,,
16863,0.00019605646426170737,,too_rare,,,
16864,0.0,,too_rare,,,
16865,2.8008066323101054e-05,,too_rare,,,
16866,0.0,,too_rare,,,
16867,0.0,,too_rare,,,
16868,0.00044812906116961686,,too_rare,,,
16869,0.0,,too_rare,,,
16870,0.0,,too_rare,,,
16871,0.0,,too_rare,,,
16872,0.0,,too_rare,,,
16873,0.0,,too_rare,,,
16874,0.0,,too_rare,,,
16875,0.0,,too_rare,,,
16876,0.0,,too_rare,,,
16877,0.0,,too_rare,,,
16878,0.0,,too_rare,,,
16879,0.0,,too_rare,,,
16880,0.0,,too_rare,,,
16881,0.0,,too_rare,,,
16882,0.0,,too_rare,,,
16883,0.0,,too_rare,,,
16884,0.0,,too_rare,,,
16885,0.0,,too_rare,,,
16886,0.0,,too_rare,,,
16887,2.8008066323101054e-05,,too_rare,,,
16888,2.8008066323101054e-05,,too_rare,,,
16890,0.0,,too_rare,,,
16891,0.0,,too_rare,,,
16892,0.0,,too_rare,,,
16893,0.0,,too_rare,,,
16894,8.402419896930316e-05,,too_rare,,,
16895,0.0,,too_rare,,,
16896,0.00016804839793860632,,too_rare,,,
16897,5.601613264620211e-05,,too_rare,,,
16898,0.0,,too_rare,,,
16899,0.00011203226529240422,,too_rare,,,
16900,0.0,,too_rare,,,
16901,0.0,,too_rare,,,
16902,0.0,,too_rare,,,
16903,0.0,,too_rare,,,
16904,0.0,,too_rare,,,
16905,0.0,,too_rare,,,
16906,0.0,,too_rare,,,
16907,0.0,,too_rare,,,
16908,0.0,,too_rare,,,
16909,0.0,,too_rare,,,
16910,0.0,,too_rare,,,
16911,5.601613264620211e-05,,too_rare,,,
16912,0.0,,too_rare,,,
16913,0.0,,too_rare,,,
16914,2.8008066323101054e-05,,too_rare,,,
16915,0.0028848308312794083,,too_rare,,,
16916,0.00011203226529240422,,too_rare,,,
16917,0.0,,too_rare,,,
16918,0.0,,too_rare,,,
16919,0.0,,too_rare,,,
16920,0.0,,too_rare,,,
16921,0.0,,too_rare,,,
16923,0.0,,too_rare,,,
16924,0.0,,too_rare,,,
16925,0.0,,too_rare,,,
16926,0.0,,too_rare,,,
16927,0.0,,too_rare,,,
16928,0.0,,too_rare,,,
16929,0.0,,too_rare,,,
16930,5.601613264620211e-05,,too_rare,,,
16931,5.601613264620211e-05,,too_rare,,,
16933,0.0,,too_rare,,,
16934,5.601613264620211e-05,,too_rare,,,
16935,0.0,,too_rare,,,
16936,2.8008066323101054e-05,,too_rare,,,
16937,8.402419896930316e-05,,too_rare,,,
16938,0.00011203226529240422,,too_rare,,,
16939,0.0,,too_rare,,,
16940,2.8008066323101054e-05,,too_rare,,,
16941,2.8008066323101054e-05,,too_rare,,,
16942,0.0,,too_rare,,,
16943,0.0,,too_rare,,,
16944,0.0,,too_rare,,,
16945,2.8008066323101054e-05,,too_rare,,,
16946,0.0,,too_rare,,,
16947,0.0,,too_rare,,,
16948,0.0,,too_rare,,,
16949,0.0,,too_rare,,,
16950,0.0,,too_rare,,,
16951,0.0,,too_rare,,,
16952,2.8008066323101054e-05,,too_rare,,,
16953,0.002296661438494286,,too_rare,,,
16954,8.402419896930316e-05,,too_rare,,,
16955,0.0,,too_rare,,,
16956,0.0,,too_rare,,,
16957,5.601613264620211e-05,,too_rare,,,
16958,0.0,,too_rare,,,
16959,2.8008066323101054e-05,,too_rare,,,
16960,0.0,,too_rare,,,
16961,2.8008066323101054e-05,,too_rare,,,
16962,0.0,,too_rare,,,
16963,0.0,,too_rare,,,
16964,0.0,,too_rare,,,
16965,0.0004761371274927179,,too_rare,,,
16966,0.0,,too_rare,,,
16967,0.0,,too_rare,,,
16968,0.0,,too_rare,,,
16969,0.0008402419896930316,,too_rare,,,
16970,0.00016804839793860632,,too_rare,,,
16971,0.0,,too_rare,,,
16972,0.0,,too_rare,,,
16973,0.0,,too_rare,,,
16974,0.0,,too_rare,,,
16975,0.0,,too_rare,,,
16976,0.0,,too_rare,,,
16977,2.8008066323101054e-05,,too_rare,,,
16978,0.0,,too_rare,,,
16979,0.0,,too_rare,,,
16980,0.0,,too_rare,,,
16981,0.0,,too_rare,,,
16982,0.0,,too_rare,,,
16983,2.8008066323101054e-05,,too_rare,,,
16984,0.0,,too_rare,,,
16985,0.0,,too_rare,,,
16986,2.8008066323101054e-05,,too_rare,,,
16987,0.0,,too_rare,,,
16988,0.0,,too_rare,,,
16989,0.0,,too_rare,,,
16990,0.0,,too_rare,,,
16991,5.601613264620211e-05,,too_rare,,,
16992,0.0,,too_rare,,,
16993,0.00019605646426170737,,too_rare,,,
16994,0.0,,too_rare,,,
16995,5.601613264620211e-05,,too_rare,,,
16996,0.0,,too_rare,,,
16997,0.0,,too_rare,,,
16998,0.0,,too_rare,,,
16999,0.0,,too_rare,,,
17000,0.0,,too_rare,,,
17001,0.0,,too_rare,,,
17002,2.8008066323101054e-05,,too_rare,,,
17003,0.0,,too_rare,,,
17004,0.0,,too_rare,,,
17005,2.8008066323101054e-05,,too_rare,,,
17006,0.0,,too_rare,,,
17007,0.00019605646426170737,,too_rare,,,
17008,0.0,,too_rare,,,
17009,0.0,,too_rare,,,
17010,2.8008066323101054e-05,,too_rare,,,
17011,0.0014564194488012547,,too_rare,,,
17012,2.8008066323101054e-05,,too_rare,,,
17013,0.0,,too_rare,,,
17014,0.0,,too_rare,,,
17015,0.0,,too_rare,,,
17016,0.0,,too_rare,,,
17017,0.0,,too_rare,,,
17018,0.0,,too_rare,,,
17019,0.0,,too_rare,,,
17020,0.0,,too_rare,,,
17021,0.0,,too_rare,,,
17022,2.8008066323101054e-05,,too_rare,,,
17023,2.8008066323101054e-05,,too_rare,,,
17024,0.0,,too_rare,,,
17025,2.8008066323101054e-05,,too_rare,,,
17026,0.0,,too_rare,,,
17027,0.0,,too_rare,,,
17028,0.0,,too_rare,,,
17029,0.0,,too_rare,,,
17030,0.0,,too_rare,,,
17031,2.8008066323101054e-05,,too_rare,,,
17032,0.0,,too_rare,,,
17033,0.0,,too_rare,,,
17034,0.000980282321308537,,too_rare,,,
17035,0.0,,too_rare,,,
17036,0.0,,too_rare,,,
17037,0.0,,too_rare,,,
17038,0.0,,too_rare,,,
17039,0.0,,too_rare,,,
17040,0.0,,too_rare,,,
17041,0.0,,too_rare,,,
17042,0.0,,too_rare,,,
17043,0.0,,too_rare,,,
17044,0.0,,too_rare,,,
17045,0.0,,too_rare,,,
17046,0.0,,too_rare,,,
17047,0.0,,too_rare,,,
17048,0.0004761371274927179,,too_rare,,,
17049,0.0,,too_rare,,,
17050,0.0,,too_rare,,,
17051,0.0008122339233699305,,too_rare,,,
17052,0.0,,too_rare,,,
17053,0.0,,too_rare,,,
17054,0.0,,too_rare,,,
17055,0.0,,too_rare,,,
17056,0.0,,too_rare,,,
17057,0.0,,too_rare,,,
17058,0.0,,too_rare,,,
17059,2.8008066323101054e-05,,too_rare,,,
17060,0.0,,too_rare,,,
17061,2.8008066323101054e-05,,too_rare,,,
17062,2.8008066323101054e-05,,too_rare,,,
17063,2.8008066323101054e-05,,too_rare,,,
17064,0.0,,too_rare,,,
17065,0.0007002016580775263,,too_rare,,,
17066,5.601613264620211e-05,,too_rare,,,
17067,2.8008066323101054e-05,,too_rare,,,
17068,0.0,,too_rare,,,
17069,0.0,,too_rare,,,
17070,0.001484427515124356,,too_rare,,,
17071,0.0,,too_rare,,,
17072,0.0,,too_rare,,,
17073,0.0,,too_rare,,,
17074,0.0,,too_rare,,,
17075,0.0,,too_rare,,,
17077,2.8008066323101054e-05,,too_rare,,,
17078,8.402419896930316e-05,,too_rare,,,
17079,5.601613264620211e-05,,too_rare,,,
17080,0.0,,too_rare,,,
17081,0.0,,too_rare,,,
17082,0.0,,too_rare,,,
17083,5.601613264620211e-05,,too_rare,,,
17084,0.0,,too_rare,,,
17085,0.0,,too_rare,,,
17086,0.00011203226529240422,,too_rare,,,
17087,0.0,,too_rare,,,
17088,0.0,,too_rare,,,
17089,0.0,,too_rare,,,
17090,0.0,,too_rare,,,
17091,2.8008066323101054e-05,,too_rare,,,
17093,5.601613264620211e-05,,too_rare,,,
17094,0.0,,too_rare,,,
17095,0.00014004033161550526,,too_rare,,,
17096,0.0,,too_rare,,,
17097,0.0,,too_rare,,,
17098,0.0008682500560161327,,too_rare,,,
17099,0.0,,too_rare,,,
17100,0.0,,too_rare,,,
17101,5.601613264620211e-05,,too_rare,,,
17102,0.0,,too_rare,,,
17103,0.0,,too_rare,,,
17104,5.601613264620211e-05,,too_rare,,,
17105,0.0,,too_rare,,,
17106,0.0,,too_rare,,,
17107,2.8008066323101054e-05,,too_rare,,,
17108,0.0,,too_rare,,,
17109,0.0,,too_rare,,,
17110,0.0,,too_rare,,,
17111,0.0,,too_rare,,,
17112,0.0,,too_rare,,,
17113,0.0,,too_rare,,,
17114,0.0,,too_rare,,,
17115,0.0,,too_rare,,,
17116,0.000504145193815819,,too_rare,,,
17117,0.0,,too_rare,,,
17118,0.0,,too_rare,,,
17119,0.00039211292852341475,,too_rare,,,
17120,0.0,,too_rare,,,
17121,0.0,,too_rare,,,
17122,0.0,,too_rare,,,
17123,2.8008066323101054e-05,,too_rare,,,
17124,0.0,,too_rare,,,
17125,0.00022406453058480843,,too_rare,,,
17126,0.00011203226529240422,,too_rare,,,
17127,0.0,,too_rare,,,
17128,0.00036410486220031366,,too_rare,,,
17129,0.0,,too_rare,,,
17130,0.0,,too_rare,,,
17131,0.0,,too_rare,,,
17132,0.0,,too_rare,,,
17133,0.0,,too_rare,,,
17134,0.0,,too_rare,,,
17135,0.0,,too_rare,,,
17136,0.0,,too_rare,,,
17137,0.0,,too_rare,,,
17138,0.0,,too_rare,,,
17139,0.0,,too_rare,,,
17140,2.8008066323101054e-05,,too_rare,,,
17141,2.8008066323101054e-05,,too_rare,,,
17142,0.0,,too_rare,,,
17143,0.0,,too_rare,,,
17144,0.000504145193815819,,too_rare,,,
17145,0.0,,too_rare,,,
17146,0.0,,too_rare,,,
17147,0.0,,too_rare,,,
17148,0.0,,too_rare,,,
17149,0.0034730002240645308,,too_rare,,,
17150,0.0,,too_rare,,,
17151,0.0,,too_rare,,,
17152,0.0,,too_rare,,,
17153,0.0,,too_rare,,,
17154,0.0,,too_rare,,,
17155,2.8008066323101054e-05,,too_rare,,,
17156,0.0,,too_rare,,,
17157,0.0,,too_rare,,,
17158,0.0,,too_rare,,,
17159,0.00022406453058480843,,too_rare,,,
17160,0.0,,too_rare,,,
17161,2.8008066323101054e-05,,too_rare,,,
17162,0.00011203226529240422,,too_rare,,,
17163,0.0,,too_rare,,,
17164,0.0,,too_rare,,,
17165,2.8008066323101054e-05,,too_rare,,,
17166,0.009410710284561953,,too_rare,,,
17167,0.0,,too_rare,,,
17168,0.0,,too_rare,,,
17169,0.0,,too_rare,,,
17170,2.8008066323101054e-05,,too_rare,,,
17171,0.0,,too_rare,,,
17172,0.0,,too_rare,,,
17173,0.0,,too_rare,,,
17174,0.0,,too_rare,,,
17175,8.402419896930316e-05,,too_rare,,,
17176,2.8008066323101054e-05,,too_rare,,,
17177,0.0,,too_rare,,,
17178,0.0,,too_rare,,,
17179,0.0,,too_rare,,,
17180,0.0,,too_rare,,,
17181,0.0,,too_rare,,,
17182,0.00016804839793860632,,too_rare,,,
17183,2.8008066323101054e-05,,too_rare,,,
17184,0.0,,too_rare,,,
17185,0.0,,too_rare,,,
17186,0.0,,too_rare,,,
17187,0.0,,too_rare,,,
17188,2.8008066323101054e-05,,too_rare,,,
17189,0.0,,too_rare,,,
17190,0.0,,too_rare,,,
17191,0.0,,too_rare,,,
17192,0.0,,too_rare,,,
17193,0.0,,too_rare,,,
17194,0.0,,too_rare,,,
17195,0.0,,too_rare,,,
17196,0.0,,too_rare,,,
17197,0.0,,too_rare,,,
17198,2.8008066323101054e-05,,too_rare,,,
17199,2.8008066323101054e-05,,too_rare,,,
17200,0.0,,too_rare,,,
17201,0.0,,too_rare,,,
17202,0.0002800806632310105,,too_rare,,,
17203,2.8008066323101054e-05,,too_rare,,,
17204,0.0,,too_rare,,,
17205,2.8008066323101054e-05,,too_rare,,,
17206,5.601613264620211e-05,,too_rare,,,
17207,0.0,,too_rare,,,
17208,0.0,,too_rare,,,
17209,0.00036410486220031366,,too_rare,,,
17210,2.8008066323101054e-05,,too_rare,,,
17211,2.8008066323101054e-05,,too_rare,,,
17212,0.0,,too_rare,,,
17213,2.8008066323101054e-05,,too_rare,,,
17214,0.0,,too_rare,,,
17215,2.8008066323101054e-05,,too_rare,,,
17216,0.0,,too_rare,,,
17217,0.0,,too_rare,,,
17218,0.00039211292852341475,,too_rare,,,
17219,0.00022406453058480843,,too_rare,,,
17220,0.0,,too_rare,,,
17221,0.0,,too_rare,,,
17222,0.0,,too_rare,,,
17223,2.8008066323101054e-05,,too_rare,,,
17224,0.0,,too_rare,,,
17225,2.8008066323101054e-05,,too_rare,,,
17226,0.0,,too_rare,,,
17227,0.0,,too_rare,,,
17228,2.8008066323101054e-05,,too_rare,,,
17229,0.0,,too_rare,,,
17230,0.0,,too_rare,,,
17231,2.8008066323101054e-05,,too_rare,,,
17232,2.8008066323101054e-05,,too_rare,,,
17233,0.0,,too_rare,,,
17234,0.0,,too_rare,,,
17235,0.0,,too_rare,,,
17236,0.0,,too_rare,,,
17237,2.8008066323101054e-05,,too_rare,,,
17238,0.0,,too_rare,,,
17239,0.0,,too_rare,,,
17240,0.0,,too_rare,,,
17241,0.0,,too_rare,,,
17242,0.0,,too_rare,,,
17243,0.0,,too_rare,,,
17244,0.0,,too_rare,,,
17245,0.0,,too_rare,,,
17246,0.0,,too_rare,,,
17247,0.0,,too_rare,,,
17248,0.0,,too_rare,,,
17249,0.0,,too_rare,,,
17250,0.0,,too_rare,,,
17251,0.0,,too_rare,,,
17253,5.601613264620211e-05,,too_rare,,,
17254,2.8008066323101054e-05,,too_rare,,,
17255,0.0,,too_rare,,,
17258,0.0,,too_rare,,,
17259,0.0,,too_rare,,,
17261,0.0,,too_rare,,,
17262,0.0,,too_rare,,,
17263,5.601613264620211e-05,,too_rare,,,
17264,0.0,,too_rare,,,
17265,0.0,,too_rare,,,
17266,0.0,,too_rare,,,
17267,0.00039211292852341475,,too_rare,,,
17268,0.0,,too_rare,,,
17269,5.601613264620211e-05,,too_rare,,,
17270,0.0,,too_rare,,,
17271,0.0,,too_rare,,,
17272,0.0,,too_rare,,,
17273,2.8008066323101054e-05,,too_rare,,,
17274,0.0,,too_rare,,,
17275,0.0,,too_rare,,,
17276,2.8008066323101054e-05,,too_rare,,,
17277,0.0,,too_rare,,,
17278,0.0,,too_rare,,,
17279,0.0,,too_rare,,,
17280,0.0,,too_rare,,,
17281,5.601613264620211e-05,,too_rare,,,
17282,0.0,,too_rare,,,
17283,0.0,,too_rare,,,
17284,0.0,,too_rare,,,
17285,0.0,,too_rare,,,
17286,0.0,,too_rare,,,
17287,0.0,,too_rare,,,
17288,0.0,,too_rare,,,
17289,2.8008066323101054e-05,,too_rare,,,
17290,2.8008066323101054e-05,,too_rare,,,
17291,0.0,,too_rare,,,
17292,0.0,,too_rare,,,
17293,2.8008066323101054e-05,,too_rare,,,
17294,0.0,,too_rare,,,
17295,0.0,,too_rare,,,
17296,0.0,,too_rare,,,
17297,0.0,,too_rare,,,
17298,2.8008066323101054e-05,,too_rare,,,
17300,0.0,,too_rare,,,
17301,0.0,,too_rare,,,
17302,0.0,,too_rare,,,
17303,0.0,,too_rare,,,
17304,0.0,,too_rare,,,
17305,2.8008066323101054e-05,,too_rare,,,
17306,0.0,,too_rare,,,
17307,0.0,,too_rare,,,
17308,0.0,,too_rare,,,
17309,0.0,,too_rare,,,
17310,0.0,,too_rare,,,
17311,0.0,,too_rare,,,
17312,0.0,,too_rare,,,
17313,0.0,,too_rare,,,
17314,0.0,,too_rare,,,
17315,0.0,,too_rare,,,
17316,0.0,,too_rare,,,
17317,0.0,,too_rare,,,
17318,0.0,,too_rare,,,
17319,0.0,,too_rare,,,
17320,0.0,,too_rare,,,
17321,0.0,,too_rare,,,
17322,0.0,,too_rare,,,
17323,0.0,,too_rare,,,
17324,0.003136903428187318,,too_rare,,,
17325,0.0,,too_rare,,,
17326,0.0012323549182164464,,too_rare,,,
17327,0.0,,too_rare,,,
17328,0.0,,too_rare,,,
17329,0.0,,too_rare,,,
17330,0.0,,too_rare,,,
17331,0.0,,too_rare,,,
17332,0.0,,too_rare,,,
17333,2.8008066323101054e-05,,too_rare,,,
17334,0.0,,too_rare,,,
17335,0.0,,too_rare,,,
17336,0.0,,too_rare,,,
17337,2.8008066323101054e-05,,too_rare,,,
17338,0.0,,too_rare,,,
17339,0.0,,too_rare,,,
17340,0.0,,too_rare,,,
17341,0.0,,too_rare,,,
17342,0.0,,too_rare,,,
17343,0.0,,too_rare,,,
17344,0.0,,too_rare,,,
17345,0.00016804839793860632,,too_rare,,,
17346,0.0,,too_rare,,,
17347,0.0,,too_rare,,,
17348,0.0003080887295541116,,too_rare,,,
17349,0.0,,too_rare,,,
17350,0.0,,too_rare,,,
17351,0.0,,too_rare,,,
17352,0.00019605646426170737,,too_rare,,,
17353,0.0,,too_rare,,,
17354,0.0,,too_rare,,,
17355,0.0,,too_rare,,,
17356,2.8008066323101054e-05,,too_rare,,,
17357,0.0,,too_rare,,,
17358,0.0,,too_rare,,,
17359,0.0,,too_rare,,,
17360,2.8008066323101054e-05,,too_rare,,,
17361,0.0,,too_rare,,,
17362,0.00014004033161550526,,too_rare,,,
17363,0.0,,too_rare,,,
17364,0.0,,too_rare,,,
17365,0.00019605646426170737,,too_rare,,,
17366,5.601613264620211e-05,,too_rare,,,
17367,0.00022406453058480843,,too_rare,,,
17368,0.0,,too_rare,,,
17369,2.8008066323101054e-05,,too_rare,,,
17370,0.0,,too_rare,,,
17371,0.000980282321308537,,too_rare,,,
17372,2.8008066323101054e-05,,too_rare,,,
17373,0.0,,too_rare,,,
17374,0.0,,too_rare,,,
17375,2.8008066323101054e-05,,too_rare,,,
17376,0.0,,too_rare,,,
17377,0.00033609679587721263,,too_rare,,,
17378,2.8008066323101054e-05,,too_rare,,,
17379,0.0,,too_rare,,,
17380,0.0,,too_rare,,,
17381,2.8008066323101054e-05,,too_rare,,,
17382,0.0,,too_rare,,,
17383,0.0,,too_rare,,,
17384,0.00016804839793860632,,too_rare,,,
17385,0.0,,too_rare,,,
17386,0.0,,too_rare,,,
17387,0.0,,too_rare,,,
17388,0.0,,too_rare,,,
17389,0.0,,too_rare,,,
17391,0.0,,too_rare,,,
17392,0.0,,too_rare,,,
17393,0.0,,too_rare,,,
17394,0.0,,too_rare,,,
17395,0.0,,too_rare,,,
17396,0.0,,too_rare,,,
17397,5.601613264620211e-05,,too_rare,,,
17398,0.0,,too_rare,,,
17399,0.0,,too_rare,,,
17400,0.0,,too_rare,,,
17401,0.0,,too_rare,,,
17402,0.0,,too_rare,,,
17403,0.0,,too_rare,,,
17404,2.8008066323101054e-05,,too_rare,,,
17405,0.0,,too_rare,,,
17406,0.0,,too_rare,,,
17407,0.0,,too_rare,,,
17408,0.0,,too_rare,,,
17409,0.0,,too_rare,,,
17410,0.0,,too_rare,,,
17411,2.8008066323101054e-05,,too_rare,,,
17412,0.0012883710508626485,,too_rare,,,
17413,0.0,,too_rare,,,
17414,0.0,,too_rare,,,
17415,0.0,,too_rare,,,
17416,2.8008066323101054e-05,,too_rare,,,
17418,0.0,,too_rare,,,
17419,0.0,,too_rare,,,
17420,0.0,,too_rare,,,
17421,0.0018205243110015685,,too_rare,,,
17422,0.0,,too_rare,,,
17423,0.0,,too_rare,,,
17424,0.0,,too_rare,,,
17425,0.0,,too_rare,,,
17426,0.0,,too_rare,,,
17427,0.0,,too_rare,,,
17429,2.8008066323101054e-05,,too_rare,,,
17430,0.0007282097244006273,,too_rare,,,
17431,0.0,,too_rare,,,
17432,0.0,,too_rare,,,
17433,0.0005881693927851221,,too_rare,,,
17434,0.0,,too_rare,,,
17435,0.0,,too_rare,,,
17436,0.0,,too_rare,,,
17437,0.0,,too_rare,,,
17438,0.0,,too_rare,,,
17439,2.8008066323101054e-05,,too_rare,,,
17440,0.0,,too_rare,,,
17441,0.0,,too_rare,,,
17442,2.8008066323101054e-05,,too_rare,,,
17443,0.0,,too_rare,,,
17444,0.0,,too_rare,,,
17445,0.0,,too_rare,,,
17446,0.0,,too_rare,,,
17447,0.0,,too_rare,,,
17448,0.00053215326013892,,too_rare,,,
17449,5.601613264620211e-05,,too_rare,,,
17450,0.0,,too_rare,,,
17451,2.8008066323101054e-05,,too_rare,,,
17452,0.0,,too_rare,,,
17453,0.0,,too_rare,,,
17454,0.00022406453058480843,,too_rare,,,
17455,0.0,,too_rare,,,
17456,0.0,,too_rare,,,
17457,0.0,,too_rare,,,
17458,0.0,,too_rare,,,
17459,0.0,,too_rare,,,
17460,0.0,,too_rare,,,
17461,0.0,,too_rare,,,
17462,0.0,,too_rare,,,
17463,0.0,,too_rare,,,
17464,2.8008066323101054e-05,,too_rare,,,
17465,0.0,,too_rare,,,
17466,0.0,,too_rare,,,
17467,0.0,,too_rare,,,
17468,0.0,,too_rare,,,
17469,0.0005881693927851221,,too_rare,,,
17470,0.0,,too_rare,,,
17471,0.0,,too_rare,,,
17472,0.0,,too_rare,,,
17473,0.0,,too_rare,,,
17474,0.0,,too_rare,,,
17475,0.0,,too_rare,,,
17476,0.0,,too_rare,,,
17477,0.0,,too_rare,,,
17478,2.8008066323101054e-05,,too_rare,,,
17479,2.8008066323101054e-05,,too_rare,,,
17480,0.0,,too_rare,,,
17481,0.0,,too_rare,,,
17482,0.0,,too_rare,,,
17483,0.0,,too_rare,,,
17484,2.8008066323101054e-05,,too_rare,,,
17485,0.00011203226529240422,,too_rare,,,
17486,0.0,,too_rare,,,
17487,0.0,,too_rare,,,
17488,0.0,,too_rare,,,
17489,0.0,,too_rare,,,
17490,0.00016804839793860632,,too_rare,,,
17491,0.0,,too_rare,,,
17492,0.0,,too_rare,,,
17493,0.00014004033161550526,,too_rare,,,
17494,5.601613264620211e-05,,too_rare,,,
17495,2.8008066323101054e-05,,too_rare,,,
17496,0.0,,too_rare,,,
17497,0.0,,too_rare,,,
17498,2.8008066323101054e-05,,too_rare,,,
17499,0.0,,too_rare,,,
17500,0.0,,too_rare,,,
17501,0.0,,too_rare,,,
17502,0.0,,too_rare,,,
17503,0.0,,too_rare,,,
17504,2.8008066323101054e-05,,too_rare,,,
17505,0.0,,too_rare,,,
17506,0.0,,too_rare,,,
17507,0.0,,too_rare,,,
17508,0.0,,too_rare,,,
17509,0.0,,too_rare,,,
17510,0.0,,too_rare,,,
17511,0.0,,too_rare,,,
17512,0.0,,too_rare,,,
17513,2.8008066323101054e-05,,too_rare,,,
17514,0.0,,too_rare,,,
17515,0.0,,too_rare,,,
17516,0.0,,too_rare,,,
17517,0.0,,too_rare,,,
17518,0.0,,too_rare,,,
17519,0.0,,too_rare,,,
17520,0.0,,too_rare,,,
17521,0.0,,too_rare,,,
17522,0.0,,too_rare,,,
17523,0.0,,too_rare,,,
17524,0.0,,too_rare,,,
17525,0.0008682500560161327,,too_rare,,,
17526,2.8008066323101054e-05,,too_rare,,,
17527,0.0,,too_rare,,,
17528,0.0,,too_rare,,,
17529,0.0,,too_rare,,,
17530,0.0,,too_rare,,,
17531,0.0,,too_rare,,,
17532,0.0,,too_rare,,,
17533,0.0,,too_rare,,,
17534,0.0,,too_rare,,,
17535,0.0,,too_rare,,,
17536,0.0,,too_rare,,,
17537,0.0,,too_rare,,,
17538,2.8008066323101054e-05,,too_rare,,,
17539,0.0,,too_rare,,,
17540,0.0,,too_rare,,,
17541,0.0,,too_rare,,,
17542,0.0,,too_rare,,,
17543,2.8008066323101054e-05,,too_rare,,,
17544,0.0,,too_rare,,,
17545,0.0018765404436477705,,too_rare,,,
17546,2.8008066323101054e-05,,too_rare,,,
17547,0.0,,too_rare,,,
17548,0.0,,too_rare,,,
17549,0.0,,too_rare,,,
17550,0.0,,too_rare,,,
17552,0.0,,too_rare,,,
17553,0.0,,too_rare,,,
17554,0.0,,too_rare,,,
17555,0.0,,too_rare,,,
17556,0.0,,too_rare,,,
17557,0.0,,too_rare,,,
17558,0.0,,too_rare,,,
17559,0.0,,too_rare,,,
17560,0.0,,too_rare,,,
17561,0.0,,too_rare,,,
17562,0.0,,too_rare,,,
17563,0.00019605646426170737,,too_rare,,,
17564,0.0,,too_rare,,,
17565,0.0,,too_rare,,,
17566,0.0,,too_rare,,,
17567,0.0,,too_rare,,,
17568,2.8008066323101054e-05,,too_rare,,,
17569,0.0,,too_rare,,,
17570,0.0,,too_rare,,,
17571,0.0006721935917544253,,too_rare,,,
17572,0.0,,too_rare,,,
17573,0.0,,too_rare,,,
17575,0.0,,too_rare,,,
17576,2.8008066323101054e-05,,too_rare,,,
17577,0.0,,too_rare,,,
17578,0.0,,too_rare,,,
17579,0.0,,too_rare,,,
17580,0.0,,too_rare,,,
17581,0.0,,too_rare,,,
17582,0.00014004033161550526,,too_rare,,,
17583,0.0,,too_rare,,,
17584,0.0,,too_rare,,,
17585,0.0,,too_rare,,,
17586,0.0,,too_rare,,,
17587,2.8008066323101054e-05,,too_rare,,,
17588,0.0,,too_rare,,,
17589,0.0,,too_rare,,,
17590,0.0,,too_rare,,,
17591,2.8008066323101054e-05,,too_rare,,,
17592,0.0,,too_rare,,,
17593,0.0,,too_rare,,,
17594,0.0,,too_rare,,,
17595,0.0,,too_rare,,,
17596,0.0013163791171857495,,too_rare,,,
17598,0.0007562177907237285,,too_rare,,,
17599,0.0,,too_rare,,,
17600,0.0,,too_rare,,,
17601,0.00044812906116961686,,too_rare,,,
17602,0.0,,too_rare,,,
17603,0.0017084920457091641,,too_rare,,,
17604,0.0,,too_rare,,,
17605,2.8008066323101054e-05,,too_rare,,,
17606,0.0,,too_rare,,,
17607,0.0,,too_rare,,,
17608,0.0,,too_rare,,,
17609,0.0,,too_rare,,,
17610,0.0,,too_rare,,,
17611,0.0,,too_rare,,,
17612,0.0,,too_rare,,,
17613,2.8008066323101054e-05,,too_rare,,,
17614,0.0,,too_rare,,,
17616,0.0,,too_rare,,,
17617,0.0,,too_rare,,,
17618,0.0,,too_rare,,,
17619,0.0,,too_rare,,,
17620,0.0,,too_rare,,,
17621,0.0,,too_rare,,,
17622,2.8008066323101054e-05,,too_rare,,,
17623,0.0,,too_rare,,,
17624,0.0,,too_rare,,,
17625,2.8008066323101054e-05,,too_rare,,,
17626,0.0,,too_rare,,,
17627,0.0,,too_rare,,,
17628,0.0,,too_rare,,,
17629,0.0,,too_rare,,,
17630,0.0,,too_rare,,,
17631,0.0,,too_rare,,,
17632,0.0,,too_rare,,,
17633,0.0002800806632310105,,too_rare,,,
17634,2.8008066323101054e-05,,too_rare,,,
17635,0.0005881693927851221,,too_rare,,,
17636,0.0,,too_rare,,,
17637,0.005013443871835089,,too_rare,,,
17638,0.0,,too_rare,,,
17639,0.0,,too_rare,,,
17640,0.0,,too_rare,,,
17641,0.0,,too_rare,,,
17642,0.0007002016580775263,,too_rare,,,
17643,0.0,,too_rare,,,
17644,0.0,,too_rare,,,
17645,0.005573605198297109,,too_rare,,,
17646,0.0,,too_rare,,,
17647,0.0,,too_rare,,,
17648,0.0,,too_rare,,,
17649,0.0,,too_rare,,,
17650,0.0,,too_rare,,,
17651,0.0,,too_rare,,,
17652,0.0,,too_rare,,,
17653,0.0,,too_rare,,,
17654,0.0,,too_rare,,,
17655,2.8008066323101054e-05,,too_rare,,,
17656,2.8008066323101054e-05,,too_rare,,,
17657,0.0,,too_rare,,,
17658,0.0,,too_rare,,,
17659,2.8008066323101054e-05,,too_rare,,,
17660,2.8008066323101054e-05,,too_rare,,,
17661,0.0,,too_rare,,,
17662,0.0,,too_rare,,,
17663,0.0,,too_rare,,,
17664,0.0,,too_rare,,,
17665,0.0,,too_rare,,,
17666,0.0,,too_rare,,,
17667,2.8008066323101054e-05,,too_rare,,,
17668,0.0,,too_rare,,,
17669,0.0,,too_rare,,,
17670,0.0,,too_rare,,,
17671,0.0,,too_rare,,,
17672,2.8008066323101054e-05,,too_rare,,,
17673,5.601613264620211e-05,,too_rare,,,
17674,0.0,,too_rare,,,
17675,0.0,,too_rare,,,
17676,0.0,,too_rare,,,
17677,2.8008066323101054e-05,,too_rare,,,
17678,0.0,,too_rare,,,
17679,5.601613264620211e-05,,too_rare,,,
17680,0.00022406453058480843,,too_rare,,,
17681,0.0,,too_rare,,,
17682,0.0,,too_rare,,,
17683,0.0,,too_rare,,,
17684,0.0,,too_rare,,,
17685,0.0,,too_rare,,,
17686,0.0,,too_rare,,,
17687,2.8008066323101054e-05,,too_rare,,,
17688,0.0,,too_rare,,,
17689,8.402419896930316e-05,,too_rare,,,
17690,0.0003080887295541116,,too_rare,,,
17691,0.0,,too_rare,,,
17692,2.8008066323101054e-05,,too_rare,,,
17693,0.0,,too_rare,,,
17694,0.0,,too_rare,,,
17695,0.0,,too_rare,,,
17696,0.0,,too_rare,,,
17697,0.0,,too_rare,,,
17698,0.00022406453058480843,,too_rare,,,
17699,0.0,,too_rare,,,
17700,0.0,,too_rare,,,
17701,5.601613264620211e-05,,too_rare,,,
17702,0.0,,too_rare,,,
17703,0.0,,too_rare,,,
17704,0.0,,too_rare,,,
17705,0.0,,too_rare,,,
17706,0.0,,too_rare,,,
17707,0.00022406453058480843,,too_rare,,,
17708,2.8008066323101054e-05,,too_rare,,,
17709,0.0,,too_rare,,,
17710,2.8008066323101054e-05,,too_rare,,,
17711,0.0,,too_rare,,,
17712,0.0,,too_rare,,,
17713,0.0,,too_rare,,,
17714,0.0,,too_rare,,,
17715,0.0,,too_rare,,,
17716,5.601613264620211e-05,,too_rare,,,
17717,0.0,,too_rare,,,
17718,0.0,,too_rare,,,
17719,0.0,,too_rare,,,
17720,0.0,,too_rare,,,
17721,0.0,,too_rare,,,
17722,0.0,,too_rare,,,
17723,0.007618194039883486,,too_rare,,,
17724,0.0,,too_rare,,,
17725,0.0,,too_rare,,,
17726,0.0,,too_rare,,,
17727,0.0,,too_rare,,,
17728,0.0,,too_rare,,,
17729,0.0,,too_rare,,,
17730,0.0,,too_rare,,,
17731,0.0,,too_rare,,,
17732,0.0,,too_rare,,,
17733,0.0,,too_rare,,,
17734,0.0,,too_rare,,,
17735,2.8008066323101054e-05,,too_rare,,,
17736,0.0,,too_rare,,,
17737,8.402419896930316e-05,,too_rare,,,
17738,2.8008066323101054e-05,,too_rare,,,
17739,0.0,,too_rare,,,
17740,0.00036410486220031366,,too_rare,,,
17741,0.0,,too_rare,,,
17742,0.0,,too_rare,,,
17743,0.0,,too_rare,,,
17744,2.8008066323101054e-05,,too_rare,,,
17745,0.0,,too_rare,,,
17746,2.8008066323101054e-05,,too_rare,,,
17747,8.402419896930316e-05,,too_rare,,,
17748,0.0,,too_rare,,,
17749,0.0,,too_rare,,,
17750,0.0,,too_rare,,,
17751,0.0,,too_rare,,,
17752,2.8008066323101054e-05,,too_rare,,,
17753,5.601613264620211e-05,,too_rare,,,
17754,2.8008066323101054e-05,,too_rare,,,
17755,0.0,,too_rare,,,
17756,0.0,,too_rare,,,
17757,0.0,,too_rare,,,
17758,0.0,,too_rare,,,
17759,0.0,,too_rare,,,
17760,0.0,,too_rare,,,
17761,2.8008066323101054e-05,,too_rare,,,
17762,0.0,,too_rare,,,
17763,0.0,,too_rare,,,
17764,0.0,,too_rare,,,
17765,2.8008066323101054e-05,,too_rare,,,
17766,0.0,,too_rare,,,
17767,0.0,,too_rare,,,
17768,8.402419896930316e-05,,too_rare,,,
17769,0.00016804839793860632,,too_rare,,,
17770,0.0,,too_rare,,,
17771,0.0,,too_rare,,,
17772,2.8008066323101054e-05,,too_rare,,,
17773,0.0,,too_rare,,,
17774,0.0,,too_rare,,,
17775,0.0,,too_rare,,,
17776,0.0,,too_rare,,,
17777,0.0,,too_rare,,,
17778,0.0,,too_rare,,,
17779,0.002296661438494286,,too_rare,,,
17780,0.0,,too_rare,,,
17781,0.0007842258570468295,,too_rare,,,
17782,2.8008066323101054e-05,,too_rare,,,
17783,0.0,,too_rare,,,
17784,0.0,,too_rare,,,
17785,0.0,,too_rare,,,
17786,0.0,,too_rare,,,
17787,0.0,,too_rare,,,
17788,0.0,,too_rare,,,
17789,0.0003080887295541116,,too_rare,,,
17790,2.8008066323101054e-05,,too_rare,,,
17791,0.0,,too_rare,,,
17792,2.8008066323101054e-05,,too_rare,,,
17793,0.0,,too_rare,,,
17794,2.8008066323101054e-05,,too_rare,,,
17795,0.00106430652027784,,too_rare,,,
17796,0.0,,too_rare,,,
17797,0.00014004033161550526,,too_rare,,,
17798,0.0,,too_rare,,,
17799,2.8008066323101054e-05,,too_rare,,,
17800,0.0,,too_rare,,,
17801,2.8008066323101054e-05,,too_rare,,,
17802,5.601613264620211e-05,,too_rare,,,
17803,0.0,,too_rare,,,
17804,2.8008066323101054e-05,,too_rare,,,
17805,0.0004201209948465158,,too_rare,,,
17806,2.8008066323101054e-05,,too_rare,,,
17807,0.0,,too_rare,,,
17808,0.0,,too_rare,,,
17809,0.0,,too_rare,,,
17810,0.001512435581447457,,too_rare,,,
17811,0.0,,too_rare,,,
17812,0.0,,too_rare,,,
17813,0.0,,too_rare,,,
17814,0.0,,too_rare,,,
17815,0.0,,too_rare,,,
17816,0.0,,too_rare,,,
17817,2.8008066323101054e-05,,too_rare,,,
17818,0.00014004033161550526,,too_rare,,,
17819,0.0,,too_rare,,,
17820,0.0,,too_rare,,,
17821,0.0,,too_rare,,,
17822,0.0,,too_rare,,,
17823,0.0,,too_rare,,,
17824,5.601613264620211e-05,,too_rare,,,
17825,0.0,,too_rare,,,
17826,0.0,,too_rare,,,
17827,0.0006161774591082232,,too_rare,,,
17828,2.8008066323101054e-05,,too_rare,,,
17829,2.8008066323101054e-05,,too_rare,,,
17830,0.0,,too_rare,,,
17831,0.002296661438494286,,too_rare,,,
17832,0.0,,too_rare,,,
17833,0.0,,too_rare,,,
17834,0.0,,too_rare,,,
17835,0.0,,too_rare,,,
17836,0.0,,too_rare,,,
17837,2.8008066323101054e-05,,too_rare,,,
17838,0.0,,too_rare,,,
17839,2.8008066323101054e-05,,too_rare,,,
17840,0.0,,too_rare,,,
17841,0.0,,too_rare,,,
17842,2.8008066323101054e-05,,too_rare,,,
17843,0.00016804839793860632,,too_rare,,,
17844,0.00016804839793860632,,too_rare,,,
17845,0.0,,too_rare,,,
17846,0.0,,too_rare,,,
17847,0.0,,too_rare,,,
17848,0.0,,too_rare,,,
17849,0.0,,too_rare,,,
17850,0.0,,too_rare,,,
17851,0.0,,too_rare,,,
17852,0.0,,too_rare,,,
17853,0.0,,too_rare,,,
17854,0.0,,too_rare,,,
17855,0.0,,too_rare,,,
17856,0.0,,too_rare,,,
17857,0.0,,too_rare,,,
17858,0.0006721935917544253,,too_rare,,,
17859,0.0,,too_rare,,,
17860,0.0,,too_rare,,,
17861,0.0,,too_rare,,,
17862,2.8008066323101054e-05,,too_rare,,,
17863,0.0,,too_rare,,,
17864,0.0,,too_rare,,,
17865,2.8008066323101054e-05,,too_rare,,,
17866,0.0,,too_rare,,,
17867,0.0,,too_rare,,,
17868,0.0,,too_rare,,,
17869,2.8008066323101054e-05,,too_rare,,,
17870,0.0,,too_rare,,,
17871,0.0,,too_rare,,,
17872,0.0,,too_rare,,,
17873,0.0,,too_rare,,,
17874,0.0,,too_rare,,,
17875,0.0,,too_rare,,,
17876,0.0,,too_rare,,,
17877,0.0,,too_rare,,,
17878,8.402419896930316e-05,,too_rare,,,
17879,0.0,,too_rare,,,
17880,0.0,,too_rare,,,
17881,0.0,,too_rare,,,
17882,0.0,,too_rare,,,
17883,0.0,,too_rare,,,
17884,0.0,,too_rare,,,
17885,0.0,,too_rare,,,
17886,0.0,,too_rare,,,
17888,0.0,,too_rare,,,
17889,0.0,,too_rare,,,
17890,0.0,,too_rare,,,
17891,0.0,,too_rare,,,
17892,0.0,,too_rare,,,
17893,2.8008066323101054e-05,,too_rare,,,
17894,0.0,,too_rare,,,
17895,2.8008066323101054e-05,,too_rare,,,
17896,0.0,,too_rare,,,
17897,2.8008066323101054e-05,,too_rare,,,
17898,0.0,,too_rare,,,
17899,0.0,,too_rare,,,
17900,0.0,,too_rare,,,
17901,0.0,,too_rare,,,
17902,2.8008066323101054e-05,,too_rare,,,
17903,0.0,,too_rare,,,
17904,0.0,,too_rare,,,
17905,0.0,,too_rare,,,
17906,2.8008066323101054e-05,,too_rare,,,
17907,0.0,,too_rare,,,
17908,0.0,,too_rare,,,
17909,0.0,,too_rare,,,
17910,0.0,,too_rare,,,
17911,0.0002800806632310105,,too_rare,,,
17912,5.601613264620211e-05,,too_rare,,,
17913,8.402419896930316e-05,,too_rare,,,
17914,0.0,,too_rare,,,
17915,0.0,,too_rare,,,
17916,0.0,,too_rare,,,
17918,2.8008066323101054e-05,,too_rare,,,
17919,2.8008066323101054e-05,,too_rare,,,
17920,0.0,,too_rare,,,
17921,0.0,,too_rare,,,
17922,0.0,,too_rare,,,
17923,0.0012323549182164464,,too_rare,,,
17924,0.0,,too_rare,,,
17925,0.0,,too_rare,,,
17926,0.0,,too_rare,,,
17927,0.0,,too_rare,,,
17928,2.8008066323101054e-05,,too_rare,,,
17929,0.0,,too_rare,,,
17930,0.0,,too_rare,,,
17931,0.0,,too_rare,,,
17932,0.0,,too_rare,,,
17933,0.0,,too_rare,,,
17934,0.0,,too_rare,,,
17935,0.0,,too_rare,,,
17936,0.0,,too_rare,,,
17937,0.0,,too_rare,,,
17938,2.8008066323101054e-05,,too_rare,,,
17939,0.0,,too_rare,,,
17940,0.00016804839793860632,,too_rare,,,
17941,0.0,,too_rare,,,
17942,0.0,,too_rare,,,
17943,2.8008066323101054e-05,,too_rare,,,
17944,0.0,,too_rare,,,
17945,0.0,,too_rare,,,
17946,0.0,,too_rare,,,
17947,0.0,,too_rare,,,
17949,2.8008066323101054e-05,,too_rare,,,
17950,0.0,,too_rare,,,
17951,2.8008066323101054e-05,,too_rare,,,
17952,0.0,,too_rare,,,
17953,0.0,,too_rare,,,
17954,0.0,,too_rare,,,
17955,0.0056856374635895135,,too_rare,,,
17956,2.8008066323101054e-05,,too_rare,,,
17957,2.8008066323101054e-05,,too_rare,,,
17958,0.001008290387631638,,too_rare,,,
17959,0.0,,too_rare,,,
17960,0.0,,too_rare,,,
17961,0.0,,too_rare,,,
17962,0.0,,too_rare,,,
17963,0.0,,too_rare,,,
17964,0.0,,too_rare,,,
17965,0.0,,too_rare,,,
17966,5.601613264620211e-05,,too_rare,,,
17967,2.8008066323101054e-05,,too_rare,,,
17968,0.0,,too_rare,,,
17969,0.0,,too_rare,,,
17970,0.0,,too_rare,,,
17971,0.0,,too_rare,,,
17972,0.0,,too_rare,,,
17973,0.003921129285234148,,too_rare,,,
17974,2.8008066323101054e-05,,too_rare,,,
17975,0.0,,too_rare,,,
17976,0.0,,too_rare,,,
17977,0.0,,too_rare,,,
17978,0.0,,too_rare,,,
17979,0.0,,too_rare,,,
17980,0.0,,too_rare,,,
17981,0.0,,too_rare,,,
17982,2.8008066323101054e-05,,too_rare,,,
17983,0.0,,too_rare,,,
17984,0.0,,too_rare,,,
17985,0.0,,too_rare,,,
17986,0.0,,too_rare,,,
17987,0.0,,too_rare,,,
17988,0.0,,too_rare,,,
17989,0.0,,too_rare,,,
17990,0.0,,too_rare,,,
17991,0.0,,too_rare,,,
17992,0.0,,too_rare,,,
17993,0.0,,too_rare,,,
17994,2.8008066323101054e-05,,too_rare,,,
17995,5.601613264620211e-05,,too_rare,,,
17996,0.0,,too_rare,,,
17997,5.601613264620211e-05,,too_rare,,,
17998,0.0,,too_rare,,,
17999,0.0,,too_rare,,,
18000,0.0,,too_rare,,,
18001,0.0,,too_rare,,,
18002,8.402419896930316e-05,,too_rare,,,
18003,0.0,,too_rare,,,
18005,0.00022406453058480843,,too_rare,,,
18006,0.0003080887295541116,,too_rare,,,
18007,0.0,,too_rare,,,
18008,0.0,,too_rare,,,
18009,0.0,,too_rare,,,
18011,2.8008066323101054e-05,,too_rare,,,
18012,0.0,,too_rare,,,
18013,0.0,,too_rare,,,
18014,0.0,,too_rare,,,
18015,2.8008066323101054e-05,,too_rare,,,
18016,0.00014004033161550526,,too_rare,,,
18018,0.0,,too_rare,,,
18019,0.0,,too_rare,,,
18020,0.0,,too_rare,,,
18021,0.0,,too_rare,,,
18022,0.0,,too_rare,,,
18023,0.00022406453058480843,,too_rare,,,
18024,0.0,,too_rare,,,
18025,2.8008066323101054e-05,,too_rare,,,
18026,0.0,,too_rare,,,
18027,0.0,,too_rare,,,
18028,0.0,,too_rare,,,
18029,0.0,,too_rare,,,
18030,0.0,,too_rare,,,
18031,0.0,,too_rare,,,
18032,0.0016804839793860631,,too_rare,,,
18033,0.0003080887295541116,,too_rare,,,
18034,0.0,,too_rare,,,
18035,0.0,,too_rare,,,
18036,0.0,,too_rare,,,
18037,0.0,,too_rare,,,
18038,0.0,,too_rare,,,
18039,2.8008066323101054e-05,,too_rare,,,
18040,2.8008066323101054e-05,,too_rare,,,
18041,0.0,,too_rare,,,
18042,0.0,,too_rare,,,
18043,0.0,,too_rare,,,
18044,0.0002800806632310105,,too_rare,,,
18045,0.00039211292852341475,,too_rare,,,
18046,0.0,,too_rare,,,
18047,0.003304951826125924,,too_rare,,,
18048,2.8008066323101054e-05,,too_rare,,,
18049,0.0,,too_rare,,,
18050,0.0,,too_rare,,,
18051,0.0,,too_rare,,,
18052,2.8008066323101054e-05,,too_rare,,,
18053,0.0,,too_rare,,,
18054,0.0,,too_rare,,,
18055,0.0,,too_rare,,,
18056,0.0,,too_rare,,,
18057,0.0,,too_rare,,,
18058,0.0,,too_rare,,,
18059,0.0,,too_rare,,,
18060,0.0,,too_rare,,,
18061,5.601613264620211e-05,,too_rare,,,
18062,2.8008066323101054e-05,,too_rare,,,
18063,0.0,,too_rare,,,
18064,2.8008066323101054e-05,,too_rare,,,
18065,0.00106430652027784,,too_rare,,,
18066,0.0,,too_rare,,,
18067,0.0,,too_rare,,,
18068,5.601613264620211e-05,,too_rare,,,
18069,0.0,,too_rare,,,
18070,0.0,,too_rare,,,
18071,0.0,,too_rare,,,
18072,0.0,,too_rare,,,
18073,0.0,,too_rare,,,
18074,0.0,,too_rare,,,
18075,2.8008066323101054e-05,,too_rare,,,
18077,0.0,,too_rare,,,
18078,0.0008402419896930316,,too_rare,,,
18079,0.0,,too_rare,,,
18080,0.0,,too_rare,,,
18081,0.0,,too_rare,,,
18082,0.0,,too_rare,,,
18083,0.0,,too_rare,,,
18084,0.0,,too_rare,,,
18085,0.0,,too_rare,,,
18086,0.0,,too_rare,,,
18087,0.0,,too_rare,,,
18088,0.0,,too_rare,,,
18089,2.8008066323101054e-05,,too_rare,,,
18090,0.0,,too_rare,,,
18091,0.0,,too_rare,,,
18092,0.0,,too_rare,,,
18093,0.0,,too_rare,,,
18094,0.0006441855254313242,,too_rare,,,
18095,0.0,,too_rare,,,
18096,2.8008066323101054e-05,,too_rare,,,
18097,0.0,,too_rare,,,
18098,0.0,,too_rare,,,
18099,2.8008066323101054e-05,,too_rare,,,
18100,0.0,,too_rare,,,
18101,0.0,,too_rare,,,
18102,0.0,,too_rare,,,
18103,0.0,,too_rare,,,
18104,0.0,,too_rare,,,
18105,0.002268653372171185,,too_rare,,,
18106,0.0,,too_rare,,,
18107,0.0,,too_rare,,,
18108,2.8008066323101054e-05,,too_rare,,,
18109,0.0,,too_rare,,,
18110,2.8008066323101054e-05,,too_rare,,,
18111,0.0,,too_rare,,,
18112,0.0,,too_rare,,,
18113,0.0,,too_rare,,,
18114,0.0,,too_rare,,,
18115,0.0,,too_rare,,,
18116,0.0,,too_rare,,,
18117,0.0,,too_rare,,,
18118,2.8008066323101054e-05,,too_rare,,,
18119,2.8008066323101054e-05,,too_rare,,,
18120,0.0,,too_rare,,,
18121,0.0,,too_rare,,,
18122,0.0,,too_rare,,,
18123,0.0,,too_rare,,,
18124,0.0,,too_rare,,,
18125,0.0,,too_rare,,,
18126,0.0,,too_rare,,,
18127,2.8008066323101054e-05,,too_rare,,,
18128,0.0,,too_rare,,,
18129,0.0,,too_rare,,,
18130,0.0,,too_rare,,,
18131,0.0,,too_rare,,,
18132,0.00039211292852341475,,too_rare,,,
18135,0.0,,too_rare,,,
18136,0.0,,too_rare,,,
18137,0.0,,too_rare,,,
18138,0.0,,too_rare,,,
18139,2.8008066323101054e-05,,too_rare,,,
18140,0.0,,too_rare,,,
18141,5.601613264620211e-05,,too_rare,,,
18142,0.0,,too_rare,,,
18143,2.8008066323101054e-05,,too_rare,,,
18144,0.0,,too_rare,,,
18145,0.0,,too_rare,,,
18146,0.0,,too_rare,,,
18147,0.0004761371274927179,,too_rare,,,
18148,0.0,,too_rare,,,
18149,0.0,,too_rare,,,
18150,8.402419896930316e-05,,too_rare,,,
18151,0.0,,too_rare,,,
18152,0.0,,too_rare,,,
18153,0.0,,too_rare,,,
18154,0.0,,too_rare,,,
18155,0.0,,too_rare,,,
18156,0.0,,too_rare,,,
18157,0.00159645978041676,,too_rare,,,
18158,2.8008066323101054e-05,,too_rare,,,
18159,0.0,,too_rare,,,
18160,0.0,,too_rare,,,
18161,0.00019605646426170737,,too_rare,,,
18162,5.601613264620211e-05,,too_rare,,,
18163,0.0,,too_rare,,,
18164,0.0,,too_rare,,,
18165,0.00011203226529240422,,too_rare,,,
18166,0.0,,too_rare,,,
18167,0.0,,too_rare,,,
18168,0.0,,too_rare,,,
18169,0.0,,too_rare,,,
18170,0.0004201209948465158,,too_rare,,,
18171,0.0,,too_rare,,,
18172,0.00016804839793860632,,too_rare,,,
18173,0.0,,too_rare,,,
18174,0.0,,too_rare,,,
18175,0.0,,too_rare,,,
18176,0.0,,too_rare,,,
18177,0.0,,too_rare,,,
18178,0.0,,too_rare,,,
18180,0.0,,too_rare,,,
18181,0.0,,too_rare,,,
18182,0.0,,too_rare,,,
18183,0.0,,too_rare,,,
18184,0.0,,too_rare,,,
18185,0.0,,too_rare,,,
18186,0.0,,too_rare,,,
18187,0.0,,too_rare,,,
18188,0.0,,too_rare,,,
18189,0.0,,too_rare,,,
18190,0.0,,too_rare,,,
18191,0.0,,too_rare,,,
18192,0.0,,too_rare,,,
18193,0.003865113152587945,,too_rare,,,
18194,0.0,,too_rare,,,
18195,0.0,,too_rare,,,
18196,0.0,,too_rare,,,
18197,2.8008066323101054e-05,,too_rare,,,
18198,0.0,,too_rare,,,
18200,0.0,,too_rare,,,
18201,0.0,,too_rare,,,
18202,0.0,,too_rare,,,
18203,0.0,,too_rare,,,
18204,0.0,,too_rare,,,
18205,0.0,,too_rare,,,
18206,0.0,,too_rare,,,
18207,0.0,,too_rare,,,
18208,0.0,,too_rare,,,
18209,0.0,,too_rare,,,
18210,0.0,,too_rare,,,
18211,0.0,,too_rare,,,
18212,2.8008066323101054e-05,,too_rare,,,
18213,0.0,,too_rare,,,
18214,0.0009522742549854358,,too_rare,,,
18216,5.601613264620211e-05,,too_rare,,,
18217,8.402419896930316e-05,,too_rare,,,
18218,0.0,,too_rare,,,
18219,0.0,,too_rare,,,
18220,2.8008066323101054e-05,,too_rare,,,
18221,8.402419896930316e-05,,too_rare,,,
18223,0.0,,too_rare,,,
18224,0.0,,too_rare,,,
18226,0.0,,too_rare,,,
18227,0.0,,too_rare,,,
18229,0.0,,too_rare,,,
18230,0.0,,too_rare,,,
18231,0.0,,too_rare,,,
18232,0.0017084920457091641,,too_rare,,,
18233,0.0,,too_rare,,,
18234,0.0,,too_rare,,,
18235,5.601613264620211e-05,,too_rare,,,
18236,0.0,,too_rare,,,
18237,2.8008066323101054e-05,,too_rare,,,
18238,0.0,,too_rare,,,
18239,0.0,,too_rare,,,
18240,2.8008066323101054e-05,,too_rare,,,
18241,0.0,,too_rare,,,
18242,5.601613264620211e-05,,too_rare,,,
18243,0.00011203226529240422,,too_rare,,,
18244,5.601613264620211e-05,,too_rare,,,
18245,0.0,,too_rare,,,
18246,2.8008066323101054e-05,,too_rare,,,
18247,0.0,,too_rare,,,
18248,0.0,,too_rare,,,
18249,0.0,,too_rare,,,
18250,2.8008066323101054e-05,,too_rare,,,
18251,2.8008066323101054e-05,,too_rare,,,
18252,0.0,,too_rare,,,
18253,0.0,,too_rare,,,
18254,0.00016804839793860632,,too_rare,,,
18255,0.0058816939278512215,,too_rare,,,
18256,0.0,,too_rare,,,
18257,0.0,,too_rare,,,
18258,0.00022406453058480843,,too_rare,,,
18259,0.0,,too_rare,,,
18260,0.0,,too_rare,,,
18261,2.8008066323101054e-05,,too_rare,,,
18262,2.8008066323101054e-05,,too_rare,,,
18263,0.0,,too_rare,,,
18264,2.8008066323101054e-05,,too_rare,,,
18265,2.8008066323101054e-05,,too_rare,,,
18266,0.0,,too_rare,,,
18267,0.0,,too_rare,,,
18268,0.0,,too_rare,,,
18269,0.0,,too_rare,,,
18270,0.0,,too_rare,,,
18271,0.0,,too_rare,,,
18272,0.0,,too_rare,,,
18273,0.0,,too_rare,,,
18274,2.8008066323101054e-05,,too_rare,,,
18275,0.0,,too_rare,,,
18276,0.0,,too_rare,,,
18277,0.0,,too_rare,,,
18278,0.0,,too_rare,,,
18279,0.0,,too_rare,,,
18280,2.8008066323101054e-05,,too_rare,,,
18281,0.00036410486220031366,,too_rare,,,
18282,0.0,,too_rare,,,
18283,0.0,,too_rare,,,
18284,0.0,,too_rare,,,
18286,2.8008066323101054e-05,,too_rare,,,
18287,0.0,,too_rare,,,
18288,8.402419896930316e-05,,too_rare,,,
18289,0.0,,too_rare,,,
18290,2.8008066323101054e-05,,too_rare,,,
18291,0.0,,too_rare,,,
18292,2.8008066323101054e-05,,too_rare,,,
18293,2.8008066323101054e-05,,too_rare,,,
18294,0.0,,too_rare,,,
18295,0.0002520725969079095,,too_rare,,,
18296,0.0,,too_rare,,,
18297,0.0,,too_rare,,,
18298,0.0,,too_rare,,,
18299,2.8008066323101054e-05,,too_rare,,,
18300,0.0,,too_rare,,,
18301,0.0,,too_rare,,,
18302,0.0,,too_rare,,,
18303,0.0,,too_rare,,,
18304,0.0,,too_rare,,,
18305,0.0,,too_rare,,,
18306,0.0,,too_rare,,,
18307,0.0,,too_rare,,,
18309,0.0,,too_rare,,,
18310,0.0,,too_rare,,,
18311,0.00019605646426170737,,too_rare,,,
18312,0.0,,too_rare,,,
18313,2.8008066323101054e-05,,too_rare,,,
18314,0.0,,too_rare,,,
18315,5.601613264620211e-05,,too_rare,,,
18316,0.0,,too_rare,,,
18317,0.0,,too_rare,,,
18318,0.0,,too_rare,,,
18319,0.0,,too_rare,,,
18321,0.0,,too_rare,,,
18322,0.0,,too_rare,,,
18323,0.0,,too_rare,,,
18324,0.001036298453954739,,too_rare,,,
18325,0.0,,too_rare,,,
18326,0.0,,too_rare,,,
18327,0.00011203226529240422,,too_rare,,,
18328,0.0,,too_rare,,,
18329,0.0,,too_rare,,,
18330,0.0,,too_rare,,,
18331,0.0,,too_rare,,,
18333,2.8008066323101054e-05,,too_rare,,,
18334,0.0,,too_rare,,,
18335,2.8008066323101054e-05,,too_rare,,,
18336,0.0,,too_rare,,,
18337,0.0,,too_rare,,,
18338,0.0,,too_rare,,,
18339,0.0,,too_rare,,,
18340,0.0,,too_rare,,,
18341,0.0,,too_rare,,,
18342,0.001120322652924042,,too_rare,,,
18343,0.0007002016580775263,,too_rare,,,
18344,2.8008066323101054e-05,,too_rare,,,
18345,0.0,,too_rare,,,
18346,5.601613264620211e-05,,too_rare,,,
18347,0.0,,too_rare,,,
18348,0.00019605646426170737,,too_rare,,,
18349,0.0,,too_rare,,,
18350,0.0,,too_rare,,,
18351,0.0,,too_rare,,,
18352,0.0,,too_rare,,,
18353,0.0,,too_rare,,,
18354,5.601613264620211e-05,,too_rare,,,
18355,0.0,,too_rare,,,
18356,0.0004201209948465158,,too_rare,,,
18357,0.0,,too_rare,,,
18358,0.0,,too_rare,,,
18359,0.0,,too_rare,,,
18360,0.0,,too_rare,,,
18361,0.0,,too_rare,,,
18362,0.0,,too_rare,,,
18363,0.0,,too_rare,,,
18364,0.0,,too_rare,,,
18365,0.0,,too_rare,,,
18366,0.0,,too_rare,,,
18367,2.8008066323101054e-05,,too_rare,,,
18368,0.0,,too_rare,,,
18369,2.8008066323101054e-05,,too_rare,,,
18370,0.00053215326013892,,too_rare,,,
18371,0.0,,too_rare,,,
18372,0.0,,too_rare,,,
18373,2.8008066323101054e-05,,too_rare,,,
18374,0.0,,too_rare,,,
18375,0.0,,too_rare,,,
18376,0.00022406453058480843,,too_rare,,,
18377,2.8008066323101054e-05,,too_rare,,,
18378,0.0,,too_rare,,,
18379,0.0,,too_rare,,,
18380,0.0,,too_rare,,,
18381,0.0,,too_rare,,,
18382,0.0,,too_rare,,,
18383,0.0,,too_rare,,,
18384,0.0,,too_rare,,,
18385,2.8008066323101054e-05,,too_rare,,,
18386,0.0,,too_rare,,,
18387,0.0,,too_rare,,,
18388,2.8008066323101054e-05,,too_rare,,,
18389,0.0,,too_rare,,,
18390,2.8008066323101054e-05,,too_rare,,,
18391,0.0,,too_rare,,,
18392,0.0,,too_rare,,,
18394,0.0,,too_rare,,,
18395,0.0,,too_rare,,,
18396,0.0,,too_rare,,,
18397,0.0,,too_rare,,,
18398,0.0,,too_rare,,,
18399,2.8008066323101054e-05,,too_rare,,,
18400,5.601613264620211e-05,,too_rare,,,
18401,2.8008066323101054e-05,,too_rare,,,
18402,0.0,,too_rare,,,
18403,0.0,,too_rare,,,
18404,0.0,,too_rare,,,
18405,0.0,,too_rare,,,
18406,0.0,,too_rare,,,
18407,2.8008066323101054e-05,,too_rare,,,
18408,0.001624467846739861,,too_rare,,,
18409,0.0,,too_rare,,,
18410,0.0,,too_rare,,,
18411,0.0,,too_rare,,,
18412,0.0,,too_rare,,,
18413,0.0,,too_rare,,,
18414,0.0,,too_rare,,,
18415,0.0,,too_rare,,,
18416,0.0,,too_rare,,,
18417,0.0,,too_rare,,,
18418,0.0,,too_rare,,,
18419,0.0,,too_rare,,,
18420,0.0,,too_rare,,,
18421,0.0,,too_rare,,,
18422,0.0,,too_rare,,,
18423,5.601613264620211e-05,,too_rare,,,
18424,0.0,,too_rare,,,
18425,0.0,,too_rare,,,
18426,0.0,,too_rare,,,
18427,0.0,,too_rare,,,
18428,0.0,,too_rare,,,
18429,0.0,,too_rare,,,
18430,0.0,,too_rare,,,
18431,0.0,,too_rare,,,
18432,0.0,,too_rare,,,
18433,0.00014004033161550526,,too_rare,,,
18434,0.0,,too_rare,,,
18435,0.0,,too_rare,,,
18436,0.0,,too_rare,,,
18437,0.0,,too_rare,,,
18438,0.00011203226529240422,,too_rare,,,
18439,8.402419896930316e-05,,too_rare,,,
18440,0.0,,too_rare,,,
18441,0.0,,too_rare,,,
18442,2.8008066323101054e-05,,too_rare,,,
18443,0.0,,too_rare,,,
18444,0.0,,too_rare,,,
18445,0.0,,too_rare,,,
18446,0.002184629173201882,,too_rare,,,
18447,0.0,,too_rare,,,
18448,0.0,,too_rare,,,
18449,0.0,,too_rare,,,
18450,2.8008066323101054e-05,,too_rare,,,
18451,0.0,,too_rare,,,
18452,0.0,,too_rare,,,
18453,0.0,,too_rare,,,
18454,0.0,,too_rare,,,
18455,0.0,,too_rare,,,
18456,0.0,,too_rare,,,
18457,0.0,,too_rare,,,
18458,0.0,,too_rare,,,
18459,0.0,,too_rare,,,
18460,0.001624467846739861,,too_rare,,,
18461,5.601613264620211e-05,,too_rare,,,
18462,0.0,,too_rare,,,
18463,0.0,,too_rare,,,
18464,0.0,,too_rare,,,
18465,2.8008066323101054e-05,,too_rare,,,
18466,0.0,,too_rare,,,
18467,0.0,,too_rare,,,
18468,0.0,,too_rare,,,
18469,0.0,,too_rare,,,
18470,2.8008066323101054e-05,,too_rare,,,
18471,0.0,,too_rare,,,
18472,2.8008066323101054e-05,,too_rare,,,
18473,0.0,,too_rare,,,
18474,0.0006161774591082232,,too_rare,,,
18475,2.8008066323101054e-05,,too_rare,,,
18476,8.402419896930316e-05,,too_rare,,,
18477,0.0,,too_rare,,,
18478,0.0,,too_rare,,,
18480,0.0,,too_rare,,,
18481,2.8008066323101054e-05,,too_rare,,,
18482,0.0,,too_rare,,,
18483,0.0007562177907237285,,too_rare,,,
18484,0.00011203226529240422,,too_rare,,,
18485,0.0,,too_rare,,,
18486,0.0,,too_rare,,,
18487,0.0,,too_rare,,,
18488,0.0,,too_rare,,,
18489,0.0,,too_rare,,,
18490,0.0,,too_rare,,,
18491,0.0,,too_rare,,,
18492,0.0,,too_rare,,,
18493,0.0,,too_rare,,,
18494,0.0,,too_rare,,,
18495,0.0,,too_rare,,,
18496,2.8008066323101054e-05,,too_rare,,,
18497,0.0,,too_rare,,,
18498,0.0,,too_rare,,,
18499,0.0,,too_rare,,,
18500,0.0,,too_rare,,,
18501,0.0004761371274927179,,too_rare,,,
18502,0.0,,too_rare,,,
18503,5.601613264620211e-05,,too_rare,,,
18504,0.0,,too_rare,,,
18505,0.0,,too_rare,,,
18506,8.402419896930316e-05,,too_rare,,,
18507,0.0,,too_rare,,,
18508,0.0007842258570468295,,too_rare,,,
18509,0.0,,too_rare,,,
18510,0.001652475913062962,,too_rare,,,
18511,2.8008066323101054e-05,,too_rare,,,
18512,0.0,,too_rare,,,
18513,2.8008066323101054e-05,,too_rare,,,
18514,0.0,,too_rare,,,
18515,5.601613264620211e-05,,too_rare,,,
18516,0.0,,too_rare,,,
18517,2.8008066323101054e-05,,too_rare,,,
18518,0.0,,too_rare,,,
18519,0.0,,too_rare,,,
18520,0.0,,too_rare,,,
18521,0.0,,too_rare,,,
18522,0.0,,too_rare,,,
18523,2.8008066323101054e-05,,too_rare,,,
18524,0.0,,too_rare,,,
18525,0.0,,too_rare,,,
18526,0.0,,too_rare,,,
18527,0.0,,too_rare,,,
18528,0.0,,too_rare,,,
18529,0.0,,too_rare,,,
18530,0.0002520725969079095,,too_rare,,,
18531,0.0003080887295541116,,too_rare,,,
18532,0.0,,too_rare,,,
18533,0.0,,too_rare,,,
18534,0.0,,too_rare,,,
18535,0.0,,too_rare,,,
18536,0.0,,too_rare,,,
18537,0.0,,too_rare,,,
18538,0.0,,too_rare,,,
18539,0.0,,too_rare,,,
18540,5.601613264620211e-05,,too_rare,,,
18541,0.0,,too_rare,,,
18542,2.8008066323101054e-05,,too_rare,,,
18543,0.0,,too_rare,,,
18544,0.0,,too_rare,,,
18545,0.0,,too_rare,,,
18546,0.0,,too_rare,,,
18547,0.0,,too_rare,,,
18548,5.601613264620211e-05,,too_rare,,,
18549,0.0,,too_rare,,,
18550,0.0,,too_rare,,,
18551,0.0,,too_rare,,,
18552,2.8008066323101054e-05,,too_rare,,,
18553,0.0,,too_rare,,,
18554,2.8008066323101054e-05,,too_rare,,,
18555,0.0,,too_rare,,,
18556,0.0,,too_rare,,,
18557,0.0,,too_rare,,,
18558,0.0,,too_rare,,,
18559,0.0,,too_rare,,,
18560,0.0,,too_rare,,,
18561,0.0,,too_rare,,,
18562,0.0,,too_rare,,,
18563,2.8008066323101054e-05,,too_rare,,,
18564,0.0,,too_rare,,,
18565,0.0,,too_rare,,,
18566,0.0,,too_rare,,,
18567,2.8008066323101054e-05,,too_rare,,,
18568,0.0,,too_rare,,,
18569,0.00014004033161550526,,too_rare,,,
18570,0.0,,too_rare,,,
18571,0.0,,too_rare,,,
18572,0.0,,too_rare,,,
18573,2.8008066323101054e-05,,too_rare,,,
18574,2.8008066323101054e-05,,too_rare,,,
18575,0.00011203226529240422,,too_rare,,,
18576,0.0,,too_rare,,,
18577,0.0,,too_rare,,,
18578,0.0,,too_rare,,,
18579,0.0,,too_rare,,,
18580,0.0,,too_rare,,,
18581,0.0002520725969079095,,too_rare,,,
18582,0.0,,too_rare,,,
18583,0.0,,too_rare,,,
18584,2.8008066323101054e-05,,too_rare,,,
18585,0.0,,too_rare,,,
18586,0.0,,too_rare,,,
18587,5.601613264620211e-05,,too_rare,,,
18588,0.0,,too_rare,,,
18589,0.00014004033161550526,,too_rare,,,
18590,0.0,,too_rare,,,
18591,0.0,,too_rare,,,
18592,0.0,,too_rare,,,
18593,0.0,,too_rare,,,
18594,0.0,,too_rare,,,
18595,0.0,,too_rare,,,
18596,0.0,,too_rare,,,
18597,0.0,,too_rare,,,
18598,2.8008066323101054e-05,,too_rare,,,
18599,0.0,,too_rare,,,
18600,0.0009522742549854358,,too_rare,,,
18602,0.0,,too_rare,,,
18603,5.601613264620211e-05,,too_rare,,,
18604,0.0,,too_rare,,,
18605,0.0,,too_rare,,,
18606,0.0,,too_rare,,,
18607,0.0,,too_rare,,,
18608,2.8008066323101054e-05,,too_rare,,,
18609,0.0,,too_rare,,,
18610,0.0,,too_rare,,,
18612,0.0,,too_rare,,,
18613,0.0,,too_rare,,,
18614,0.0002800806632310105,,too_rare,,,
18615,2.8008066323101054e-05,,too_rare,,,
18616,0.0,,too_rare,,,
18617,0.0,,too_rare,,,
18618,0.0,,too_rare,,,
18619,0.0,,too_rare,,,
18620,0.0,,too_rare,,,
18621,0.0,,too_rare,,,
18622,0.0,,too_rare,,,
18623,0.0,,too_rare,,,
18624,2.8008066323101054e-05,,too_rare,,,
18625,0.0,,too_rare,,,
18626,2.8008066323101054e-05,,too_rare,,,
18627,2.8008066323101054e-05,,too_rare,,,
18628,0.0,,too_rare,,,
18629,0.0,,too_rare,,,
18630,0.0,,too_rare,,,
18631,0.00019605646426170737,,too_rare,,,
18632,2.8008066323101054e-05,,too_rare,,,
18633,0.0,,too_rare,,,
18634,2.8008066323101054e-05,,too_rare,,,
18635,0.0,,too_rare,,,
18636,0.0,,too_rare,,,
18637,0.0,,too_rare,,,
18638,0.0,,too_rare,,,
18639,0.0,,too_rare,,,
18640,0.0,,too_rare,,,
18641,0.0,,too_rare,,,
18642,0.0,,too_rare,,,
18643,0.0,,too_rare,,,
18644,0.0,,too_rare,,,
18645,0.0,,too_rare,,,
18646,0.0,,too_rare,,,
18647,0.0,,too_rare,,,
18648,2.8008066323101054e-05,,too_rare,,,
18649,0.0002520725969079095,,too_rare,,,
18650,0.0,,too_rare,,,
18651,2.8008066323101054e-05,,too_rare,,,
18652,2.8008066323101054e-05,,too_rare,,,
18653,0.0,,too_rare,,,
18654,0.0,,too_rare,,,
18655,0.0,,too_rare,,,
18656,2.8008066323101054e-05,,too_rare,,,
18657,0.00016804839793860632,,too_rare,,,
18658,0.0,,too_rare,,,
18659,0.0,,too_rare,,,
18660,0.0,,too_rare,,,
18661,0.0,,too_rare,,,
18662,0.0,,too_rare,,,
18663,0.009494734483531256,,too_rare,,,
18665,0.0,,too_rare,,,
18666,2.8008066323101054e-05,,too_rare,,,
18667,0.0,,too_rare,,,
18668,0.0,,too_rare,,,
18669,0.0,,too_rare,,,
18670,0.0,,too_rare,,,
18671,0.0,,too_rare,,,
18672,2.8008066323101054e-05,,too_rare,,,
18673,0.0,,too_rare,,,
18674,0.0,,too_rare,,,
18675,0.0,,too_rare,,,
18676,2.8008066323101054e-05,,too_rare,,,
18677,0.0,,too_rare,,,
18678,5.601613264620211e-05,,too_rare,,,
18679,0.0,,too_rare,,,
18680,0.0,,too_rare,,,
18681,0.0,,too_rare,,,
18682,2.8008066323101054e-05,,too_rare,,,
18683,0.0,,too_rare,,,
18684,0.0,,too_rare,,,
18685,0.0,,too_rare,,,
18686,0.0,,too_rare,,,
18687,0.0,,too_rare,,,
18688,0.0,,too_rare,,,
18689,0.0,,too_rare,,,
18690,5.601613264620211e-05,,too_rare,,,
18691,0.0,,too_rare,,,
18692,0.0,,too_rare,,,
18693,0.0,,too_rare,,,
18694,0.0,,too_rare,,,
18695,0.0,,too_rare,,,
18696,0.0,,too_rare,,,
18697,2.8008066323101054e-05,,too_rare,,,
18698,0.0,,too_rare,,,
18699,2.8008066323101054e-05,,too_rare,,,
18700,0.0,,too_rare,,,
18701,0.0,,too_rare,,,
18702,0.0,,too_rare,,,
18704,0.0,,too_rare,,,
18705,0.0,,too_rare,,,
18706,0.0,,too_rare,,,
18707,0.0,,too_rare,,,
18708,0.0,,too_rare,,,
18709,0.0,,too_rare,,,
18710,0.00011203226529240422,,too_rare,,,
18711,0.0,,too_rare,,,
18713,2.8008066323101054e-05,,too_rare,,,
18714,0.0,,too_rare,,,
18715,0.0,,too_rare,,,
18716,2.8008066323101054e-05,,too_rare,,,
18717,2.8008066323101054e-05,,too_rare,,,
18718,0.0,,too_rare,,,
18719,0.0,,too_rare,,,
18720,0.0,,too_rare,,,
18721,0.0,,too_rare,,,
18722,0.0,,too_rare,,,
18723,2.8008066323101054e-05,,too_rare,,,
18724,0.0,,too_rare,,,
18725,0.0,,too_rare,,,
18726,0.0,,too_rare,,,
18727,0.0,,too_rare,,,
18728,0.0,,too_rare,,,
18729,0.0,,too_rare,,,
18730,5.601613264620211e-05,,too_rare,,,
18731,2.8008066323101054e-05,,too_rare,,,
18732,0.0,,too_rare,,,
18733,0.004957427739188887,,too_rare,,,
18734,0.0,,too_rare,,,
18735,0.0,,too_rare,,,
18736,0.0,,too_rare,,,
18737,0.0,,too_rare,,,
18738,0.0,,too_rare,,,
18739,0.0,,too_rare,,,
18740,0.0,,too_rare,,,
18741,0.00016804839793860632,,too_rare,,,
18742,0.00014004033161550526,,too_rare,,,
18743,0.0,,too_rare,,,
18745,0.0,,too_rare,,,
18746,0.0,,too_rare,,,
18747,0.0,,too_rare,,,
18748,0.0,,too_rare,,,
18749,0.0,,too_rare,,,
18750,0.0,,too_rare,,,
18751,0.0,,too_rare,,,
18752,0.0,,too_rare,,,
18753,0.0,,too_rare,,,
18754,0.0,,too_rare,,,
18755,2.8008066323101054e-05,,too_rare,,,
18756,5.601613264620211e-05,,too_rare,,,
18757,0.0,,too_rare,,,
18758,0.0,,too_rare,,,
18759,0.0,,too_rare,,,
18760,0.0,,too_rare,,,
18761,0.0,,too_rare,,,
18762,0.0,,too_rare,,,
18763,0.0,,too_rare,,,
18764,0.0011763387855702441,,too_rare,,,
18765,0.0,,too_rare,,,
18766,0.0,,too_rare,,,
18767,0.001120322652924042,,too_rare,,,
18768,0.0,,too_rare,,,
18769,0.0,,too_rare,,,
18770,5.601613264620211e-05,,too_rare,,,
18771,2.8008066323101054e-05,,too_rare,,,
18772,0.0,,too_rare,,,
18773,0.0,,too_rare,,,
18774,0.0,,too_rare,,,
18775,0.0,,too_rare,,,
18776,8.402419896930316e-05,,too_rare,,,
18777,0.0,,too_rare,,,
18778,0.0,,too_rare,,,
18779,8.402419896930316e-05,,too_rare,,,
18780,0.0,,too_rare,,,
18781,0.0,,too_rare,,,
18782,0.00022406453058480843,,too_rare,,,
18783,2.8008066323101054e-05,,too_rare,,,
18784,0.0,,too_rare,,,
18785,0.0,,too_rare,,,
18786,0.0,,too_rare,,,
18787,0.0,,too_rare,,,
18788,0.0,,too_rare,,,
18789,0.0,,too_rare,,,
18790,0.0,,too_rare,,,
18791,0.0,,too_rare,,,
18792,0.0,,too_rare,,,
18793,0.0,,too_rare,,,
18794,0.0,,too_rare,,,
18795,0.0,,too_rare,,,
18796,8.402419896930316e-05,,too_rare,,,
18797,0.0,,too_rare,,,
18798,0.0014284113824781536,,too_rare,,,
18799,0.0,,too_rare,,,
18800,0.0,,too_rare,,,
18801,0.0,,too_rare,,,
18802,0.0,,too_rare,,,
18803,0.0,,too_rare,,,
18804,2.8008066323101054e-05,,too_rare,,,
18805,0.0,,too_rare,,,
18806,0.001036298453954739,,too_rare,,,
18807,0.0,,too_rare,,,
18808,0.0,,too_rare,,,
18809,0.0,,too_rare,,,
18810,0.0,,too_rare,,,
18811,0.0,,too_rare,,,
18812,0.0,,too_rare,,,
18813,0.0,,too_rare,,,
18814,0.0,,too_rare,,,
18815,2.8008066323101054e-05,,too_rare,,,
18816,0.0,,too_rare,,,
18817,0.0,,too_rare,,,
18818,0.00014004033161550526,,too_rare,,,
18819,2.8008066323101054e-05,,too_rare,,,
18820,0.0,,too_rare,,,
18821,0.0,,too_rare,,,
18822,0.00011203226529240422,,too_rare,,,
18823,0.0,,too_rare,,,
18824,0.0,,too_rare,,,
18825,5.601613264620211e-05,,too_rare,,,
18826,0.00016804839793860632,,too_rare,,,
18827,0.0,,too_rare,,,
18828,2.8008066323101054e-05,,too_rare,,,
18829,0.0,,too_rare,,,
18830,0.0,,too_rare,,,
18831,0.0,,too_rare,,,
18832,2.8008066323101054e-05,,too_rare,,,
18834,0.0,,too_rare,,,
18835,0.0,,too_rare,,,
18836,0.0,,too_rare,,,
18837,2.8008066323101054e-05,,too_rare,,,
18838,2.8008066323101054e-05,,too_rare,,,
18839,0.0004201209948465158,,too_rare,,,
18840,2.8008066323101054e-05,,too_rare,,,
18841,0.009746807080439167,,too_rare,,,
18842,0.0,,too_rare,,,
18843,2.8008066323101054e-05,,too_rare,,,
18844,0.0,,too_rare,,,
18845,0.0,,too_rare,,,
18846,0.0,,too_rare,,,
18847,0.0,,too_rare,,,
18848,0.0,,too_rare,,,
18849,0.0,,too_rare,,,
18850,0.0,,too_rare,,,
18851,0.0,,too_rare,,,
18852,0.0,,too_rare,,,
18854,0.0,,too_rare,,,
18855,0.0,,too_rare,,,
18856,0.0,,too_rare,,,
18857,0.0,,too_rare,,,
18858,0.0,,too_rare,,,
18859,0.0,,too_rare,,,
18860,0.0,,too_rare,,,
18861,0.0,,too_rare,,,
18862,0.0,,too_rare,,,
18863,0.0,,too_rare,,,
18864,0.0,,too_rare,,,
18866,0.0,,too_rare,,,
18867,0.0,,too_rare,,,
18868,5.601613264620211e-05,,too_rare,,,
18869,0.0,,too_rare,,,
18870,0.0,,too_rare,,,
18871,0.0,,too_rare,,,
18872,0.0,,too_rare,,,
18873,0.0,,too_rare,,,
18874,2.8008066323101054e-05,,too_rare,,,
18875,0.0,,too_rare,,,
18876,0.0,,too_rare,,,
18877,0.0,,too_rare,,,
18878,0.0007842258570468295,,too_rare,,,
18879,0.0,,too_rare,,,
18880,2.8008066323101054e-05,,too_rare,,,
18881,0.0,,too_rare,,,
18883,2.8008066323101054e-05,,too_rare,,,
18884,2.8008066323101054e-05,,too_rare,,,
18885,0.0,,too_rare,,,
18886,0.0,,too_rare,,,
18888,0.0003080887295541116,,too_rare,,,
18889,0.0,,too_rare,,,
18890,0.0,,too_rare,,,
18891,0.0,,too_rare,,,
18892,2.8008066323101054e-05,,too_rare,,,
18893,5.601613264620211e-05,,too_rare,,,
18894,2.8008066323101054e-05,,too_rare,,,
18895,2.8008066323101054e-05,,too_rare,,,
18896,5.601613264620211e-05,,too_rare,,,
18897,0.0,,too_rare,,,
18898,0.0,,too_rare,,,
18899,2.8008066323101054e-05,,too_rare,,,
18900,0.0,,too_rare,,,
18901,0.0,,too_rare,,,
18902,0.0,,too_rare,,,
18903,0.0,,too_rare,,,
18904,0.0,,too_rare,,,
18905,0.0,,too_rare,,,
18906,0.0,,too_rare,,,
18907,0.0,,too_rare,,,
18908,0.0,,too_rare,,,
18909,0.0,,too_rare,,,
18910,2.8008066323101054e-05,,too_rare,,,
18911,0.0,,too_rare,,,
18912,0.0,,too_rare,,,
18913,0.0,,too_rare,,,
18914,0.0,,too_rare,,,
18915,0.0,,too_rare,,,
18916,0.0026607663006946,,too_rare,,,
18917,0.0,,too_rare,,,
18918,0.0,,too_rare,,,
18919,2.8008066323101054e-05,,too_rare,,,
18920,0.0,,too_rare,,,
18921,0.0,,too_rare,,,
18922,0.0,,too_rare,,,
18923,2.8008066323101054e-05,,too_rare,,,
18924,0.0,,too_rare,,,
18925,0.00033609679587721263,,too_rare,,,
18926,0.0,,too_rare,,,
18927,0.0,,too_rare,,,
18928,2.8008066323101054e-05,,too_rare,,,
18929,0.0,,too_rare,,,
18930,2.8008066323101054e-05,,too_rare,,,
18931,2.8008066323101054e-05,,too_rare,,,
18932,0.0,,too_rare,,,
18933,2.8008066323101054e-05,,too_rare,,,
18934,0.0,,too_rare,,,
18935,2.8008066323101054e-05,,too_rare,,,
18936,0.0,,too_rare,,,
18937,0.0,,too_rare,,,
18938,0.0,,too_rare,,,
18939,0.0,,too_rare,,,
18940,0.0,,too_rare,,,
18941,0.0,,too_rare,,,
18942,0.00011203226529240422,,too_rare,,,
18943,2.8008066323101054e-05,,too_rare,,,
18944,0.0,,too_rare,,,
18945,0.0,,too_rare,,,
18946,0.0,,too_rare,,,
18947,0.0,,too_rare,,,
18948,0.0,,too_rare,,,
18949,0.0,,too_rare,,,
18950,0.000560161326462021,,too_rare,,,
18951,0.0,,too_rare,,,
18952,0.0,,too_rare,,,
18953,2.8008066323101054e-05,,too_rare,,,
18954,0.0,,too_rare,,,
18955,0.0,,too_rare,,,
18956,0.0,,too_rare,,,
18957,0.0,,too_rare,,,
18958,0.0,,too_rare,,,
18959,0.00011203226529240422,,too_rare,,,
18960,2.8008066323101054e-05,,too_rare,,,
18961,0.0,,too_rare,,,
18962,0.0,,too_rare,,,
18963,0.0,,too_rare,,,
18964,0.00053215326013892,,too_rare,,,
18965,2.8008066323101054e-05,,too_rare,,,
18966,0.0,,too_rare,,,
18967,0.0,,too_rare,,,
18968,0.0,,too_rare,,,
18969,0.0,,too_rare,,,
18970,2.8008066323101054e-05,,too_rare,,,
18971,5.601613264620211e-05,,too_rare,,,
18972,0.0,,too_rare,,,
18973,0.0,,too_rare,,,
18974,0.0,,too_rare,,,
18975,0.0,,too_rare,,,
18976,0.0,,too_rare,,,
18977,0.0,,too_rare,,,
18978,0.0,,too_rare,,,
18979,0.0,,too_rare,,,
18980,2.8008066323101054e-05,,too_rare,,,
18981,2.8008066323101054e-05,,too_rare,,,
18982,0.0,,too_rare,,,
18983,0.0,,too_rare,,,
18984,0.006469863320636343,,too_rare,,,
18985,2.8008066323101054e-05,,too_rare,,,
18986,0.0,,too_rare,,,
18988,0.0,,too_rare,,,
18989,0.0,,too_rare,,,
18990,0.0,,too_rare,,,
18991,0.0,,too_rare,,,
18992,8.402419896930316e-05,,too_rare,,,
18995,2.8008066323101054e-05,,too_rare,,,
18996,0.0,,too_rare,,,
18998,0.0,,too_rare,,,
18999,0.0,,too_rare,,,
19000,2.8008066323101054e-05,,too_rare,,,
19001,0.0,,too_rare,,,
19003,0.0,,too_rare,,,
19005,0.0,,too_rare,,,
19006,0.0,,too_rare,,,
19007,2.8008066323101054e-05,,too_rare,,,
19008,0.0,,too_rare,,,
19009,5.601613264620211e-05,,too_rare,,,
19010,0.0,,too_rare,,,
19011,0.0,,too_rare,,,
19012,2.8008066323101054e-05,,too_rare,,,
19013,0.0,,too_rare,,,
19014,0.0,,too_rare,,,
19015,0.0,,too_rare,,,
19016,0.0,,too_rare,,,
19017,0.0,,too_rare,,,
19018,0.0,,too_rare,,,
19019,0.0,,too_rare,,,
19020,2.8008066323101054e-05,,too_rare,,,
19021,0.0,,too_rare,,,
19022,0.0,,too_rare,,,
19023,0.0,,too_rare,,,
19024,2.8008066323101054e-05,,too_rare,,,
19025,0.0,,too_rare,,,
19026,0.00036410486220031366,,too_rare,,,
19027,0.0,,too_rare,,,
19028,0.0,,too_rare,,,
19029,0.0,,too_rare,,,
19030,2.8008066323101054e-05,,too_rare,,,
19031,0.0016804839793860631,,too_rare,,,
19032,0.0,,too_rare,,,
19033,0.0,,too_rare,,,
19034,0.0,,too_rare,,,
19035,0.0,,too_rare,,,
19036,0.0,,too_rare,,,
19037,0.0,,too_rare,,,
19038,0.0,,too_rare,,,
19039,0.0,,too_rare,,,
19040,2.8008066323101054e-05,,too_rare,,,
19041,0.0,,too_rare,,,
19042,0.001120322652924042,,too_rare,,,
19043,0.0,,too_rare,,,
19044,0.0,,too_rare,,,
19045,0.0,,too_rare,,,
19046,0.0,,too_rare,,,
19047,2.8008066323101054e-05,,too_rare,,,
19048,0.0,,too_rare,,,
19049,0.0,,too_rare,,,
19050,0.0,,too_rare,,,
19051,0.0,,too_rare,,,
19052,0.0,,too_rare,,,
19053,0.0,,too_rare,,,
19054,0.0,,too_rare,,,
19055,0.0,,too_rare,,,
19056,0.0,,too_rare,,,
19057,0.0,,too_rare,,,
19058,0.0,,too_rare,,,
19059,0.0,,too_rare,,,
19060,2.8008066323101054e-05,,too_rare,,,
19061,0.0,,too_rare,,,
19062,0.0,,too_rare,,,
19063,0.0,,too_rare,,,
19064,0.0,,too_rare,,,
19065,0.0,,too_rare,,,
19066,2.8008066323101054e-05,,too_rare,,,
19067,0.0,,too_rare,,,
19068,0.0,,too_rare,,,
19069,0.0,,too_rare,,,
19070,0.0,,too_rare,,,
19071,0.0,,too_rare,,,
19072,2.8008066323101054e-05,,too_rare,,,
19073,2.8008066323101054e-05,,too_rare,,,
19074,0.0,,too_rare,,,
19075,0.0,,too_rare,,,
19076,5.601613264620211e-05,,too_rare,,,
19077,0.0,,too_rare,,,
19078,2.8008066323101054e-05,,too_rare,,,
19079,8.402419896930316e-05,,too_rare,,,
19080,0.0,,too_rare,,,
19081,0.0,,too_rare,,,
19082,0.0,,too_rare,,,
19083,0.0,,too_rare,,,
19084,0.0,,too_rare,,,
19085,0.0,,too_rare,,,
19086,0.00011203226529240422,,too_rare,,,
19087,2.8008066323101054e-05,,too_rare,,,
19088,0.0047893793412502805,,too_rare,,,
19089,2.8008066323101054e-05,,too_rare,,,
19090,0.0,,too_rare,,,
19091,0.0012603629845395474,,too_rare,,,
19092,2.8008066323101054e-05,,too_rare,,,
19093,0.0,,too_rare,,,
19095,0.0,,too_rare,,,
19096,0.0,,too_rare,,,
19097,0.0,,too_rare,,,
19098,0.0,,too_rare,,,
19099,0.0,,too_rare,,,
19100,0.0,,too_rare,,,
19101,0.0,,too_rare,,,
19102,0.0,,too_rare,,,
19103,0.0,,too_rare,,,
19104,0.0007002016580775263,,too_rare,,,
19105,0.0,,too_rare,,,
19106,0.0,,too_rare,,,
19107,0.0,,too_rare,,,
19108,8.402419896930316e-05,,too_rare,,,
19109,8.402419896930316e-05,,too_rare,,,
19110,0.0,,too_rare,,,
19111,0.0,,too_rare,,,
19112,0.0,,too_rare,,,
19113,2.8008066323101054e-05,,too_rare,,,
19114,0.0,,too_rare,,,
19115,0.0,,too_rare,,,
19117,0.0,,too_rare,,,
19118,2.8008066323101054e-05,,too_rare,,,
19119,0.003529016356710733,,too_rare,,,
19120,0.0005881693927851221,,too_rare,,,
19121,0.0,,too_rare,,,
19122,0.0,,too_rare,,,
19123,0.0,,too_rare,,,
19124,0.0,,too_rare,,,
19125,0.0,,too_rare,,,
19126,0.0,,too_rare,,,
19127,0.0,,too_rare,,,
19128,0.0,,too_rare,,,
19129,2.8008066323101054e-05,,too_rare,,,
19130,0.0,,too_rare,,,
19131,0.0,,too_rare,,,
19132,0.0,,too_rare,,,
19133,0.0,,too_rare,,,
19134,0.0,,too_rare,,,
19135,0.0,,too_rare,,,
19136,0.0,,too_rare,,,
19137,0.0,,too_rare,,,
19138,0.0,,too_rare,,,
19139,0.0,,too_rare,,,
19140,0.0,,too_rare,,,
19141,2.8008066323101054e-05,,too_rare,,,
19142,0.0,,too_rare,,,
19143,0.0,,too_rare,,,
19144,0.0,,too_rare,,,
19145,0.0,,too_rare,,,
19146,0.0,,too_rare,,,
19147,0.0,,too_rare,,,
19148,0.0,,too_rare,,,
19149,0.0,,too_rare,,,
19150,2.8008066323101054e-05,,too_rare,,,
19151,0.0,,too_rare,,,
19152,0.0,,too_rare,,,
19153,0.0,,too_rare,,,
19154,0.0,,too_rare,,,
19155,0.0,,too_rare,,,
19156,0.0,,too_rare,,,
19157,0.0,,too_rare,,,
19158,0.0,,too_rare,,,
19159,0.0,,too_rare,,,
19160,0.0,,too_rare,,,
19161,2.8008066323101054e-05,,too_rare,,,
19162,0.0,,too_rare,,,
19163,0.0,,too_rare,,,
19164,0.0,,too_rare,,,
19165,0.0,,too_rare,,,
19166,2.8008066323101054e-05,,too_rare,,,
19167,2.8008066323101054e-05,,too_rare,,,
19168,0.0,,too_rare,,,
19169,2.8008066323101054e-05,,too_rare,,,
19170,5.601613264620211e-05,,too_rare,,,
19171,0.0,,too_rare,,,
19172,0.0,,too_rare,,,
19173,0.0,,too_rare,,,
19174,0.0,,too_rare,,,
19175,2.8008066323101054e-05,,too_rare,,,
19176,0.0,,too_rare,,,
19177,0.0,,too_rare,,,
19178,0.0,,too_rare,,,
19179,0.0,,too_rare,,,
19180,0.0,,too_rare,,,
19181,0.0,,too_rare,,,
19182,0.0,,too_rare,,,
19183,0.0,,too_rare,,,
19185,0.00011203226529240422,,too_rare,,,
19186,0.0,,too_rare,,,
19187,0.00016804839793860632,,too_rare,,,
19188,0.0,,too_rare,,,
19189,2.8008066323101054e-05,,too_rare,,,
19190,0.0,,too_rare,,,
19191,2.8008066323101054e-05,,too_rare,,,
19192,0.0,,too_rare,,,
19193,0.0,,too_rare,,,
19194,0.0,,too_rare,,,
19195,0.0,,too_rare,,,
19196,0.0,,too_rare,,,
19197,5.601613264620211e-05,,too_rare,,,
19199,0.0011763387855702441,,too_rare,,,
19200,0.0,,too_rare,,,
19201,0.0,,too_rare,,,
19202,0.0,,too_rare,,,
19203,0.00011203226529240422,,too_rare,,,
19204,0.0,,too_rare,,,
19205,0.0,,too_rare,,,
19206,0.0,,too_rare,,,
19207,0.0,,too_rare,,,
19209,0.0,,too_rare,,,
19210,0.0,,too_rare,,,
19211,0.0,,too_rare,,,
19212,2.8008066323101054e-05,,too_rare,,,
19213,0.0,,too_rare,,,
19214,2.8008066323101054e-05,,too_rare,,,
19215,0.0,,too_rare,,,
19216,5.601613264620211e-05,,too_rare,,,
19217,0.0,,too_rare,,,
19218,0.0,,too_rare,,,
19219,0.0,,too_rare,,,
19220,0.0,,too_rare,,,
19221,0.0,,too_rare,,,
19222,0.0,,too_rare,,,
19223,0.0,,too_rare,,,
19224,0.0,,too_rare,,,
19225,0.0,,too_rare,,,
19226,0.0,,too_rare,,,
19227,5.601613264620211e-05,,too_rare,,,
19228,0.0,,too_rare,,,
19229,0.0,,too_rare,,,
19230,2.8008066323101054e-05,,too_rare,,,
19231,0.0,,too_rare,,,
19232,0.0,,too_rare,,,
19233,0.0,,too_rare,,,
19234,0.0,,too_rare,,,
19235,0.0,,too_rare,,,
19236,0.0,,too_rare,,,
19237,0.0,,too_rare,,,
19238,0.0,,too_rare,,,
19239,0.0,,too_rare,,,
19240,0.0,,too_rare,,,
19241,2.8008066323101054e-05,,too_rare,,,
19242,0.0,,too_rare,,,
19243,0.00014004033161550526,,too_rare,,,
19244,0.0,,too_rare,,,
19245,0.0,,too_rare,,,
19246,5.601613264620211e-05,,too_rare,,,
19247,0.0,,too_rare,,,
19248,2.8008066323101054e-05,,too_rare,,,
19249,0.0,,too_rare,,,
19250,2.8008066323101054e-05,,too_rare,,,
19251,0.001960564642617074,,too_rare,,,
19252,5.601613264620211e-05,,too_rare,,,
19253,0.0,,too_rare,,,
19254,0.00016804839793860632,,too_rare,,,
19255,0.0,,too_rare,,,
19256,0.0,,too_rare,,,
19257,2.8008066323101054e-05,,too_rare,,,
19258,0.0,,too_rare,,,
19259,2.8008066323101054e-05,,too_rare,,,
19260,0.0,,too_rare,,,
19261,0.0,,too_rare,,,
19262,0.0,,too_rare,,,
19263,0.0,,too_rare,,,
19264,2.8008066323101054e-05,,too_rare,,,
19265,0.0,,too_rare,,,
19266,2.8008066323101054e-05,,too_rare,,,
19267,0.0,,too_rare,,,
19268,2.8008066323101054e-05,,too_rare,,,
19269,0.0,,too_rare,,,
19270,0.0018485323773246695,,too_rare,,,
19271,0.0,,too_rare,,,
19272,0.0,,too_rare,,,
19273,0.0003080887295541116,,too_rare,,,
19274,0.0019045485099708716,,too_rare,,,
19275,0.0,,too_rare,,,
19276,0.0006441855254313242,,too_rare,,,
19277,0.0,,too_rare,,,
19278,0.0,,too_rare,,,
19279,0.0,,too_rare,,,
19280,2.8008066323101054e-05,,too_rare,,,
19281,0.0,,too_rare,,,
19282,0.0,,too_rare,,,
19283,0.0,,too_rare,,,
19284,0.0,,too_rare,,,
19285,0.0,,too_rare,,,
19286,0.0,,too_rare,,,
19287,0.0,,too_rare,,,
19288,0.00106430652027784,,too_rare,,,
19289,5.601613264620211e-05,,too_rare,,,
19290,0.0,,too_rare,,,
19291,0.0,,too_rare,,,
19292,0.0,,too_rare,,,
19293,0.0,,too_rare,,,
19294,0.0,,too_rare,,,
19295,0.0,,too_rare,,,
19296,0.0,,too_rare,,,
19297,0.0,,too_rare,,,
19298,0.0,,too_rare,,,
19299,0.00019605646426170737,,too_rare,,,
19300,2.8008066323101054e-05,,too_rare,,,
19301,0.0,,too_rare,,,
19302,2.8008066323101054e-05,,too_rare,,,
19303,0.0,,too_rare,,,
19304,0.0,,too_rare,,,
19305,0.0,,too_rare,,,
19306,2.8008066323101054e-05,,too_rare,,,
19307,0.0,,too_rare,,,
19308,0.0,,too_rare,,,
19309,5.601613264620211e-05,,too_rare,,,
19310,0.0,,too_rare,,,
19311,0.0,,too_rare,,,
19312,0.0,,too_rare,,,
19313,0.0,,too_rare,,,
19314,0.0007002016580775263,,too_rare,,,
19315,0.0,,too_rare,,,
19316,0.0,,too_rare,,,
19317,0.0,,too_rare,,,
19318,0.0,,too_rare,,,
19320,0.00011203226529240422,,too_rare,,,
19321,0.0,,too_rare,,,
19322,0.0,,too_rare,,,
19323,0.0,,too_rare,,,
19324,0.0,,too_rare,,,
19325,0.0,,too_rare,,,
19326,5.601613264620211e-05,,too_rare,,,
19327,0.0,,too_rare,,,
19328,2.8008066323101054e-05,,too_rare,,,
19329,0.0,,too_rare,,,
19330,0.0,,too_rare,,,
19331,0.0,,too_rare,,,
19332,0.0,,too_rare,,,
19333,0.0,,too_rare,,,
19334,0.0,,too_rare,,,
19335,0.00016804839793860632,,too_rare,,,
19336,0.0,,too_rare,,,
19337,0.0,,too_rare,,,
19338,0.0006161774591082232,,too_rare,,,
19339,0.0,,too_rare,,,
19340,0.0,,too_rare,,,
19341,0.0,,too_rare,,,
19342,5.601613264620211e-05,,too_rare,,,
19343,0.0006721935917544253,,too_rare,,,
19344,2.8008066323101054e-05,,too_rare,,,
19345,0.0,,too_rare,,,
19346,0.0,,too_rare,,,
19347,0.0,,too_rare,,,
19348,2.8008066323101054e-05,,too_rare,,,
19349,0.0,,too_rare,,,
19350,2.8008066323101054e-05,,too_rare,,,
19351,0.0,,too_rare,,,
19352,0.0,,too_rare,,,
19353,0.0,,too_rare,,,
19354,0.0,,too_rare,,,
19355,0.0,,too_rare,,,
19356,0.0,,too_rare,,,
19357,0.0011763387855702441,,too_rare,,,
19358,0.0,,too_rare,,,
19359,0.0,,too_rare,,,
19360,0.0005881693927851221,,too_rare,,,
19362,8.402419896930316e-05,,too_rare,,,
19363,0.0,,too_rare,,,
19364,0.0,,too_rare,,,
19365,0.0,,too_rare,,,
19366,0.0,,too_rare,,,
19367,0.0,,too_rare,,,
19368,0.0,,too_rare,,,
19369,0.0,,too_rare,,,
19370,2.8008066323101054e-05,,too_rare,,,
19371,0.0002520725969079095,,too_rare,,,
19372,2.8008066323101054e-05,,too_rare,,,
19373,0.0,,too_rare,,,
19375,0.0,,too_rare,,,
19376,0.0,,too_rare,,,
19377,0.0,,too_rare,,,
19378,0.0,,too_rare,,,
19379,0.0,,too_rare,,,
19380,2.8008066323101054e-05,,too_rare,,,
19381,0.0,,too_rare,,,
19382,5.601613264620211e-05,,too_rare,,,
19383,0.0002800806632310105,,too_rare,,,
19384,0.0,,too_rare,,,
19387,0.00044812906116961686,,too_rare,,,
19388,0.0,,too_rare,,,
19389,8.402419896930316e-05,,too_rare,,,
19390,5.601613264620211e-05,,too_rare,,,
19391,0.0,,too_rare,,,
19392,0.0,,too_rare,,,
19393,5.601613264620211e-05,,too_rare,,,
19394,0.0,,too_rare,,,
19395,2.8008066323101054e-05,,too_rare,,,
19396,0.0,,too_rare,,,
19397,2.8008066323101054e-05,,too_rare,,,
19398,0.0,,too_rare,,,
19399,0.0,,too_rare,,,
19400,0.0,,too_rare,,,
19401,0.0,,too_rare,,,
19402,2.8008066323101054e-05,,too_rare,,,
19403,0.0,,too_rare,,,
19404,0.0,,too_rare,,,
19405,0.00106430652027784,,too_rare,,,
19407,5.601613264620211e-05,,too_rare,,,
19408,0.0,,too_rare,,,
19409,0.0,,too_rare,,,
19410,0.0,,too_rare,,,
19411,0.0,,too_rare,,,
19412,0.0,,too_rare,,,
19413,0.0,,too_rare,,,
19414,0.0,,too_rare,,,
19415,0.0,,too_rare,,,
19416,0.0006161774591082232,,too_rare,,,
19417,0.0,,too_rare,,,
19418,0.0,,too_rare,,,
19419,2.8008066323101054e-05,,too_rare,,,
19420,0.0007002016580775263,,too_rare,,,
19421,0.0018765404436477705,,too_rare,,,
19422,0.0,,too_rare,,,
19423,5.601613264620211e-05,,too_rare,,,
19424,0.0,,too_rare,,,
19425,0.0,,too_rare,,,
19426,0.0,,too_rare,,,
19427,0.0,,too_rare,,,
19428,0.00022406453058480843,,too_rare,,,
19429,0.0,,too_rare,,,
19430,0.0,,too_rare,,,
19431,0.0,,too_rare,,,
19432,0.0,,too_rare,,,
19433,0.0,,too_rare,,,
19434,5.601613264620211e-05,,too_rare,,,
19435,0.0,,too_rare,,,
19436,0.0,,too_rare,,,
19437,0.0,,too_rare,,,
19438,0.0,,too_rare,,,
19439,0.0,,too_rare,,,
19440,0.0,,too_rare,,,
19441,0.0,,too_rare,,,
19442,2.8008066323101054e-05,,too_rare,,,
19443,0.0,,too_rare,,,
19444,0.0,,too_rare,,,
19445,0.0,,too_rare,,,
19446,0.0,,too_rare,,,
19447,0.00011203226529240422,,too_rare,,,
19448,2.8008066323101054e-05,,too_rare,,,
19449,0.0,,too_rare,,,
19450,0.0,,too_rare,,,
19451,0.0,,too_rare,,,
19452,5.601613264620211e-05,,too_rare,,,
19453,0.0,,too_rare,,,
19454,0.0,,too_rare,,,
19455,0.0,,too_rare,,,
19456,0.0,,too_rare,,,
19457,2.8008066323101054e-05,,too_rare,,,
19458,0.0,,too_rare,,,
19459,0.0,,too_rare,,,
19460,0.0,,too_rare,,,
19461,0.0,,too_rare,,,
19462,0.0,,too_rare,,,
19463,0.0,,too_rare,,,
19464,0.0,,too_rare,,,
19465,0.0,,too_rare,,,
19466,0.0,,too_rare,,,
19467,0.001540443647770558,,too_rare,,,
19468,0.0,,too_rare,,,
19469,0.0,,too_rare,,,
19470,0.0,,too_rare,,,
19471,0.00011203226529240422,,too_rare,,,
19472,0.0,,too_rare,,,
19473,0.001036298453954739,,too_rare,,,
19474,0.0,,too_rare,,,
19475,0.0,,too_rare,,,
19476,0.0,,too_rare,,,
19477,2.8008066323101054e-05,,too_rare,,,
19478,0.0,,too_rare,,,
19479,8.402419896930316e-05,,too_rare,,,
19480,5.601613264620211e-05,,too_rare,,,
19481,0.0,,too_rare,,,
19482,0.0,,too_rare,,,
19483,0.0,,too_rare,,,
19484,0.0,,too_rare,,,
19485,0.0,,too_rare,,,
19486,0.0,,too_rare,,,
19487,0.0,,too_rare,,,
19489,0.0,,too_rare,,,
19490,0.0,,too_rare,,,
19491,0.0,,too_rare,,,
19492,0.0,,too_rare,,,
19493,0.0009522742549854358,,too_rare,,,
19494,0.0,,too_rare,,,
19495,0.0,,too_rare,,,
19497,0.0017365001120322654,,too_rare,,,
19498,0.0,,too_rare,,,
19499,0.0,,too_rare,,,
19500,2.8008066323101054e-05,,too_rare,,,
19501,0.0,,too_rare,,,
19502,2.8008066323101054e-05,,too_rare,,,
19503,0.0,,too_rare,,,
19504,0.0,,too_rare,,,
19505,0.0,,too_rare,,,
19506,0.0,,too_rare,,,
19507,0.0,,too_rare,,,
19508,0.0,,too_rare,,,
19509,0.0,,too_rare,,,
19510,0.0,,too_rare,,,
19511,0.0,,too_rare,,,
19512,0.0,,too_rare,,,
19513,0.0,,too_rare,,,
19514,2.8008066323101054e-05,,too_rare,,,
19515,0.0,,too_rare,,,
19516,0.0,,too_rare,,,
19517,0.0,,too_rare,,,
19518,0.0,,too_rare,,,
19519,0.0,,too_rare,,,
19520,0.0,,too_rare,,,
19521,0.0,,too_rare,,,
19522,0.0,,too_rare,,,
19523,0.0,,too_rare,,,
19524,2.8008066323101054e-05,,too_rare,,,
19525,0.0,,too_rare,,,
19526,0.0,,too_rare,,,
19527,0.0,,too_rare,,,
19528,0.0,,too_rare,,,
19529,0.0,,too_rare,,,
19530,0.0,,too_rare,,,
19531,0.0,,too_rare,,,
19532,0.0,,too_rare,,,
19533,0.0,,too_rare,,,
19534,2.8008066323101054e-05,,too_rare,,,
19535,0.00011203226529240422,,too_rare,,,
19536,0.0,,too_rare,,,
19537,0.0,,too_rare,,,
19538,0.0,,too_rare,,,
19539,0.0,,too_rare,,,
19540,5.601613264620211e-05,,too_rare,,,
19541,0.0,,too_rare,,,
19542,0.0,,too_rare,,,
19543,0.0,,too_rare,,,
19544,0.0,,too_rare,,,
19545,0.0,,too_rare,,,
19546,0.0,,too_rare,,,
19547,0.0,,too_rare,,,
19548,0.0,,too_rare,,,
19549,2.8008066323101054e-05,,too_rare,,,
19550,0.0,,too_rare,,,
19551,2.8008066323101054e-05,,too_rare,,,
19552,0.0,,too_rare,,,
19553,0.0,,too_rare,,,
19554,2.8008066323101054e-05,,too_rare,,,
19555,0.0,,too_rare,,,
19556,2.8008066323101054e-05,,too_rare,,,
19557,0.0,,too_rare,,,
19558,0.0,,too_rare,,,
19559,0.0,,too_rare,,,
19560,0.0,,too_rare,,,
19561,0.0,,too_rare,,,
19562,0.0,,too_rare,,,
19563,8.402419896930316e-05,,too_rare,,,
19564,2.8008066323101054e-05,,too_rare,,,
19565,0.0,,too_rare,,,
19566,0.0,,too_rare,,,
19567,2.8008066323101054e-05,,too_rare,,,
19568,0.00016804839793860632,,too_rare,,,
19569,0.0,,too_rare,,,
19570,0.0,,too_rare,,,
19571,0.0,,too_rare,,,
19573,0.0,,too_rare,,,
19574,0.0,,too_rare,,,
19575,0.0,,too_rare,,,
19576,0.0,,too_rare,,,
19577,0.0,,too_rare,,,
19578,2.8008066323101054e-05,,too_rare,,,
19579,0.0,,too_rare,,,
19580,0.0,,too_rare,,,
19581,0.0,,too_rare,,,
19582,0.0,,too_rare,,,
19583,0.0,,too_rare,,,
19584,0.0,,too_rare,,,
19585,0.0,,too_rare,,,
19586,2.8008066323101054e-05,,too_rare,,,
19587,0.0,,too_rare,,,
19588,0.0026607663006946,,too_rare,,,
19589,0.0,,too_rare,,,
19590,0.0,,too_rare,,,
19591,0.0,,too_rare,,,
19592,0.0,,too_rare,,,
19593,0.0,,too_rare,,,
19594,0.0,,too_rare,,,
19595,0.007254089177683173,,too_rare,,,
19596,0.001568451714093659,,too_rare,,,
19597,0.0,,too_rare,,,
19598,0.0,,too_rare,,,
19599,0.0,,too_rare,,,
19600,0.0,,too_rare,,,
19601,0.0,,too_rare,,,
19602,0.0,,too_rare,,,
19603,0.0,,too_rare,,,
19604,0.0,,too_rare,,,
19606,0.0,,too_rare,,,
19607,2.8008066323101054e-05,,too_rare,,,
19608,0.0,,too_rare,,,
19609,0.0,,too_rare,,,
19610,0.0,,too_rare,,,
19611,0.0,,too_rare,,,
19612,0.0,,too_rare,,,
19613,0.0,,too_rare,,,
19614,0.0,,too_rare,,,
19615,2.8008066323101054e-05,,too_rare,,,
19616,0.0,,too_rare,,,
19617,0.0,,too_rare,,,
19618,0.0,,too_rare,,,
19619,2.8008066323101054e-05,,too_rare,,,
19620,0.0,,too_rare,,,
19621,2.8008066323101054e-05,,too_rare,,,
19622,0.0,,too_rare,,,
19623,0.0,,too_rare,,,
19624,2.8008066323101054e-05,,too_rare,,,
19625,0.0,,too_rare,,,
19626,0.0,,too_rare,,,
19627,0.0,,too_rare,,,
19629,0.0,,too_rare,,,
19630,0.0,,too_rare,,,
19631,0.0,,too_rare,,,
19632,2.8008066323101054e-05,,too_rare,,,
19633,0.0,,too_rare,,,
19634,0.0006161774591082232,,too_rare,,,
19635,0.0,,too_rare,,,
19636,8.402419896930316e-05,,too_rare,,,
19637,0.0,,too_rare,,,
19639,0.005545597131974008,,too_rare,,,
19640,0.0006161774591082232,,too_rare,,,
19641,0.00016804839793860632,,too_rare,,,
19642,0.0,,too_rare,,,
19643,0.0,,too_rare,,,
19644,0.0,,too_rare,,,
19645,0.0,,too_rare,,,
19646,0.0,,too_rare,,,
19647,0.0,,too_rare,,,
19648,0.0,,too_rare,,,
19649,0.0,,too_rare,,,
19650,0.0,,too_rare,,,
19651,0.0,,too_rare,,,
19652,0.0,,too_rare,,,
19653,2.8008066323101054e-05,,too_rare,,,
19654,2.8008066323101054e-05,,too_rare,,,
19655,2.8008066323101054e-05,,too_rare,,,
19656,0.0,,too_rare,,,
19658,0.0,,too_rare,,,
19659,0.0,,too_rare,,,
19660,2.8008066323101054e-05,,too_rare,,,
19661,0.0,,too_rare,,,
19662,0.0,,too_rare,,,
19663,5.601613264620211e-05,,too_rare,,,
19664,2.8008066323101054e-05,,too_rare,,,
19666,2.8008066323101054e-05,,too_rare,,,
19668,0.0,,too_rare,,,
19669,0.0,,too_rare,,,
19670,0.0,,too_rare,,,
19671,0.0,,too_rare,,,
19672,0.0,,too_rare,,,
19673,2.8008066323101054e-05,,too_rare,,,
19674,0.0,,too_rare,,,
19675,0.0,,too_rare,,,
19676,0.00011203226529240422,,too_rare,,,
19677,2.8008066323101054e-05,,too_rare,,,
19678,0.0,,too_rare,,,
19679,0.0,,too_rare,,,
19680,5.601613264620211e-05,,too_rare,,,
19681,0.0,,too_rare,,,
19682,0.0,,too_rare,,,
19683,0.0,,too_rare,,,
19684,0.0,,too_rare,,,
19685,2.8008066323101054e-05,,too_rare,,,
19686,0.0,,too_rare,,,
19687,0.0,,too_rare,,,
19688,0.0,,too_rare,,,
19689,0.0,,too_rare,,,
19690,2.8008066323101054e-05,,too_rare,,,
19691,0.0,,too_rare,,,
19692,0.0,,too_rare,,,
19693,0.0,,too_rare,,,
19694,0.0,,too_rare,,,
19695,2.8008066323101054e-05,,too_rare,,,
19696,0.0,,too_rare,,,
19697,0.0,,too_rare,,,
19698,0.0,,too_rare,,,
19699,0.0,,too_rare,,,
19700,2.8008066323101054e-05,,too_rare,,,
19701,0.0,,too_rare,,,
19702,0.0,,too_rare,,,
19703,0.00011203226529240422,,too_rare,,,
19704,0.0002520725969079095,,too_rare,,,
19705,0.0,,too_rare,,,
19706,0.0,,too_rare,,,
19707,0.0,,too_rare,,,
19708,5.601613264620211e-05,,too_rare,,,
19709,0.0,,too_rare,,,
19710,0.0007282097244006273,,too_rare,,,
19711,0.0,,too_rare,,,
19712,0.0,,too_rare,,,
19713,0.0,,too_rare,,,
19714,2.8008066323101054e-05,,too_rare,,,
19715,0.00014004033161550526,,too_rare,,,
19716,0.0,,too_rare,,,
19717,0.0,,too_rare,,,
19718,5.601613264620211e-05,,too_rare,,,
19719,0.0,,too_rare,,,
19720,0.0,,too_rare,,,
19721,0.0,,too_rare,,,
19722,0.0,,too_rare,,,
19723,0.0,,too_rare,,,
19724,0.0,,too_rare,,,
19725,0.0,,too_rare,,,
19726,0.0,,too_rare,,,
19727,0.0,,too_rare,,,
19728,0.001008290387631638,,too_rare,,,
19729,5.601613264620211e-05,,too_rare,,,
19730,5.601613264620211e-05,,too_rare,,,
19731,0.0,,too_rare,,,
19732,0.0,,too_rare,,,
19733,0.0007002016580775263,,too_rare,,,
19734,0.0,,too_rare,,,
19735,0.0,,too_rare,,,
19736,0.0,,too_rare,,,
19737,0.0,,too_rare,,,
19738,0.0006721935917544253,,too_rare,,,
19739,0.0,,too_rare,,,
19740,0.0,,too_rare,,,
19741,0.0,,too_rare,,,
19742,0.0,,too_rare,,,
19743,0.0,,too_rare,,,
19744,2.8008066323101054e-05,,too_rare,,,
19745,0.0,,too_rare,,,
19746,0.00011203226529240422,,too_rare,,,
19747,0.0,,too_rare,,,
19748,0.0,,too_rare,,,
19749,0.0,,too_rare,,,
19750,0.0,,too_rare,,,
19751,0.0,,too_rare,,,
19752,0.0,,too_rare,,,
19753,0.0,,too_rare,,,
19754,0.0,,too_rare,,,
19755,0.0,,too_rare,,,
19756,0.00019605646426170737,,too_rare,,,
19757,0.0,,too_rare,,,
19758,0.0,,too_rare,,,
19759,0.0,,too_rare,,,
19760,5.601613264620211e-05,,too_rare,,,
19761,0.0,,too_rare,,,
19762,0.0,,too_rare,,,
19763,0.0,,too_rare,,,
19764,0.0,,too_rare,,,
19765,0.0,,too_rare,,,
19766,0.0,,too_rare,,,
19767,0.00022406453058480843,,too_rare,,,
19768,2.8008066323101054e-05,,too_rare,,,
19769,0.0,,too_rare,,,
19770,2.8008066323101054e-05,,too_rare,,,
19771,0.0,,too_rare,,,
19772,0.0,,too_rare,,,
19773,0.0,,too_rare,,,
19774,0.0,,too_rare,,,
19775,8.402419896930316e-05,,too_rare,,,
19776,0.0,,too_rare,,,
19777,0.00019605646426170737,,too_rare,,,
19778,0.0,,too_rare,,,
19779,0.0,,too_rare,,,
19780,0.0,,too_rare,,,
19781,2.8008066323101054e-05,,too_rare,,,
19782,2.8008066323101054e-05,,too_rare,,,
19783,0.0,,too_rare,,,
19784,0.0,,too_rare,,,
19785,0.0,,too_rare,,,
19786,5.601613264620211e-05,,too_rare,,,
19787,2.8008066323101054e-05,,too_rare,,,
19788,0.0,,too_rare,,,
19789,0.0,,too_rare,,,
19790,5.601613264620211e-05,,too_rare,,,
19791,0.0,,too_rare,,,
19792,0.0,,too_rare,,,
19793,0.0,,too_rare,,,
19794,0.0,,too_rare,,,
19795,0.0,,too_rare,,,
19796,5.601613264620211e-05,,too_rare,,,
19797,2.8008066323101054e-05,,too_rare,,,
19798,0.0,,too_rare,,,
19799,0.0,,too_rare,,,
19800,0.0,,too_rare,,,
19801,8.402419896930316e-05,,too_rare,,,
19802,5.601613264620211e-05,,too_rare,,,
19803,0.0,,too_rare,,,
19804,0.0,,too_rare,,,
19806,2.8008066323101054e-05,,too_rare,,,
19807,0.0,,too_rare,,,
19808,2.8008066323101054e-05,,too_rare,,,
19809,0.0,,too_rare,,,
19810,0.0,,too_rare,,,
19811,0.0,,too_rare,,,
19812,0.0,,too_rare,,,
19813,0.0,,too_rare,,,
19815,0.0,,too_rare,,,
19816,0.0,,too_rare,,,
19817,0.0002800806632310105,,too_rare,,,
19818,2.8008066323101054e-05,,too_rare,,,
19819,0.0,,too_rare,,,
19820,0.0,,too_rare,,,
19821,0.0,,too_rare,,,
19822,2.8008066323101054e-05,,too_rare,,,
19823,0.0,,too_rare,,,
19824,0.0,,too_rare,,,
19825,0.0,,too_rare,,,
19826,0.0002800806632310105,,too_rare,,,
19827,5.601613264620211e-05,,too_rare,,,
19828,0.0,,too_rare,,,
19829,0.0,,too_rare,,,
19830,0.0,,too_rare,,,
19831,0.0,,too_rare,,,
19832,5.601613264620211e-05,,too_rare,,,
19833,0.0006721935917544253,,too_rare,,,
19834,0.0,,too_rare,,,
19835,0.0,,too_rare,,,
19836,0.0,,too_rare,,,
19837,0.0,,too_rare,,,
19838,0.0,,too_rare,,,
19839,2.8008066323101054e-05,,too_rare,,,
19840,0.0,,too_rare,,,
19841,0.0,,too_rare,,,
19842,2.8008066323101054e-05,,too_rare,,,
19843,0.0,,too_rare,,,
19844,0.0017365001120322654,,too_rare,,,
19845,0.0,,too_rare,,,
19846,0.0,,too_rare,,,
19847,0.0,,too_rare,,,
19848,0.0,,too_rare,,,
19849,0.0,,too_rare,,,
19850,0.0,,too_rare,,,
19851,2.8008066323101054e-05,,too_rare,,,
19852,8.402419896930316e-05,,too_rare,,,
19853,0.0,,too_rare,,,
19854,2.8008066323101054e-05,,too_rare,,,
19855,0.0,,too_rare,,,
19856,0.0,,too_rare,,,
19857,0.0033889760250952273,,too_rare,,,
19858,0.0,,too_rare,,,
19859,2.8008066323101054e-05,,too_rare,,,
19860,0.0,,too_rare,,,
19861,0.00014004033161550526,,too_rare,,,
19862,0.0,,too_rare,,,
19863,0.0,,too_rare,,,
19864,0.0,,too_rare,,,
19865,0.0,,too_rare,,,
19866,0.0,,too_rare,,,
19867,0.0,,too_rare,,,
19868,0.0,,too_rare,,,
19869,0.0,,too_rare,,,
19870,0.0,,too_rare,,,
19871,0.0,,too_rare,,,
19872,0.0,,too_rare,,,
19873,0.0,,too_rare,,,
19874,0.0002520725969079095,,too_rare,,,
19875,2.8008066323101054e-05,,too_rare,,,
19876,0.0,,too_rare,,,
19877,2.8008066323101054e-05,,too_rare,,,
19878,0.0,,too_rare,,,
19879,0.0,,too_rare,,,
19880,0.0,,too_rare,,,
19881,0.0,,too_rare,,,
19882,0.0,,too_rare,,,
19883,0.0,,too_rare,,,
19884,2.8008066323101054e-05,,too_rare,,,
19885,0.0,,too_rare,,,
19886,0.0,,too_rare,,,
19887,0.0,,too_rare,,,
19888,0.0,,too_rare,,,
19889,0.0,,too_rare,,,
19890,0.00014004033161550526,,too_rare,,,
19891,2.8008066323101054e-05,,too_rare,,,
19892,2.8008066323101054e-05,,too_rare,,,
19893,0.00011203226529240422,,too_rare,,,
19894,0.0,,too_rare,,,
19895,0.0002520725969079095,,too_rare,,,
19896,0.0,,too_rare,,,
19897,0.0,,too_rare,,,
19898,8.402419896930316e-05,,too_rare,,,
19899,2.8008066323101054e-05,,too_rare,,,
19900,0.0,,too_rare,,,
19901,2.8008066323101054e-05,,too_rare,,,
19902,0.0,,too_rare,,,
19903,0.0,,too_rare,,,
19904,0.0,,too_rare,,,
19905,0.0,,too_rare,,,
19906,0.0,,too_rare,,,
19907,2.8008066323101054e-05,,too_rare,,,
19908,0.0,,too_rare,,,
19910,0.0,,too_rare,,,
19911,5.601613264620211e-05,,too_rare,,,
19912,0.0,,too_rare,,,
19913,0.00560161326462021,,too_rare,,,
19914,0.0,,too_rare,,,
19916,0.0,,too_rare,,,
19917,0.0,,too_rare,,,
19918,0.0,,too_rare,,,
19919,2.8008066323101054e-05,,too_rare,,,
19920,2.8008066323101054e-05,,too_rare,,,
19921,0.0,,too_rare,,,
19922,0.0,,too_rare,,,
19923,8.402419896930316e-05,,too_rare,,,
19924,0.0,,too_rare,,,
19925,0.0,,too_rare,,,
19926,0.0,,too_rare,,,
19927,0.0,,too_rare,,,
19928,0.0004761371274927179,,too_rare,,,
19929,0.0,,too_rare,,,
19930,0.0,,too_rare,,,
19931,2.8008066323101054e-05,,too_rare,,,
19932,2.8008066323101054e-05,,too_rare,,,
19933,0.0,,too_rare,,,
19934,0.0,,too_rare,,,
19935,0.0,,too_rare,,,
19936,0.0,,too_rare,,,
19937,0.0,,too_rare,,,
19938,0.0,,too_rare,,,
19939,0.0,,too_rare,,,
19940,0.0,,too_rare,,,
19941,2.8008066323101054e-05,,too_rare,,,
19942,0.0,,too_rare,,,
19944,0.0,,too_rare,,,
19945,0.0,,too_rare,,,
19946,2.8008066323101054e-05,,too_rare,,,
19947,0.0,,too_rare,,,
19948,0.00014004033161550526,,too_rare,,,
19949,8.402419896930316e-05,,too_rare,,,
19950,2.8008066323101054e-05,,too_rare,,,
19951,0.0,,too_rare,,,
19952,0.007646202106206587,,too_rare,,,
19953,0.0,,too_rare,,,
19954,0.0,,too_rare,,,
19955,0.0,,too_rare,,,
19956,0.0,,too_rare,,,
19957,0.0,,too_rare,,,
19958,0.00011203226529240422,,too_rare,,,
19959,0.0,,too_rare,,,
19960,0.0,,too_rare,,,
19961,0.0,,too_rare,,,
19962,0.0,,too_rare,,,
19963,0.0,,too_rare,,,
19964,2.8008066323101054e-05,,too_rare,,,
19965,0.0,,too_rare,,,
19966,0.0,,too_rare,,,
19967,5.601613264620211e-05,,too_rare,,,
19968,0.0,,too_rare,,,
19969,0.0,,too_rare,,,
19970,0.0,,too_rare,,,
19971,0.0,,too_rare,,,
19972,0.001036298453954739,,too_rare,,,
19973,0.0,,too_rare,,,
19974,0.0,,too_rare,,,
19975,0.0,,too_rare,,,
19976,0.0,,too_rare,,,
19977,2.8008066323101054e-05,,too_rare,,,
19978,0.0,,too_rare,,,
19979,0.0,,too_rare,,,
19980,0.0,,too_rare,,,
19981,0.0,,too_rare,,,
19982,2.8008066323101054e-05,,too_rare,,,
19983,8.402419896930316e-05,,too_rare,,,
19984,2.8008066323101054e-05,,too_rare,,,
19985,0.0,,too_rare,,,
19986,0.0,,too_rare,,,
19987,0.0,,too_rare,,,
19988,0.0,,too_rare,,,
19989,0.0,,too_rare,,,
19990,8.402419896930316e-05,,too_rare,,,
19991,0.0,,too_rare,,,
19992,0.0004761371274927179,,too_rare,,,
19993,0.00033609679587721263,,too_rare,,,
19994,2.8008066323101054e-05,,too_rare,,,
19995,0.0,,too_rare,,,
19996,0.0,,too_rare,,,
19997,0.0,,too_rare,,,
19998,0.0,,too_rare,,,
19999,0.00011203226529240422,,too_rare,,,
20000,0.0,,too_rare,,,
20001,0.0,,too_rare,,,
20002,5.601613264620211e-05,,too_rare,,,
20003,0.0,,too_rare,,,
20004,2.8008066323101054e-05,,too_rare,,,
20005,0.0,,too_rare,,,
20006,0.0,,too_rare,,,
20007,0.0,,too_rare,,,
20008,0.0,,too_rare,,,
20009,0.0,,too_rare,,,
20011,0.0,,too_rare,,,
20012,0.0,,too_rare,,,
20013,0.0,,too_rare,,,
20014,2.8008066323101054e-05,,too_rare,,,
20015,0.0007562177907237285,,too_rare,,,
20016,2.8008066323101054e-05,,too_rare,,,
20017,0.0,,too_rare,,,
20018,2.8008066323101054e-05,,too_rare,,,
20019,0.0,,too_rare,,,
20020,0.0002520725969079095,,too_rare,,,
20021,0.0,,too_rare,,,
20022,2.8008066323101054e-05,,too_rare,,,
20023,2.8008066323101054e-05,,too_rare,,,
20024,0.0,,too_rare,,,
20025,2.8008066323101054e-05,,too_rare,,,
20026,0.0,,too_rare,,,
20027,0.0,,too_rare,,,
20028,0.0,,too_rare,,,
20029,0.0,,too_rare,,,
20030,0.0,,too_rare,,,
20031,0.0,,too_rare,,,
20032,0.0,,too_rare,,,
20033,0.0,,too_rare,,,
20034,0.0,,too_rare,,,
20035,0.0,,too_rare,,,
20036,0.0,,too_rare,,,
20037,0.0,,too_rare,,,
20038,0.0,,too_rare,,,
20039,0.0,,too_rare,,,
20040,0.0,,too_rare,,,
20041,2.8008066323101054e-05,,too_rare,,,
20042,0.0,,too_rare,,,
20043,0.0,,too_rare,,,
20044,0.0,,too_rare,,,
20045,0.0,,too_rare,,,
20046,0.0,,too_rare,,,
20047,0.0,,too_rare,,,
20048,0.0,,too_rare,,,
20049,5.601613264620211e-05,,too_rare,,,
20050,5.601613264620211e-05,,too_rare,,,
20051,0.0,,too_rare,,,
20052,0.0,,too_rare,,,
20053,0.0,,too_rare,,,
20054,0.002800806632310105,,too_rare,,,
20055,2.8008066323101054e-05,,too_rare,,,
20056,0.0,,too_rare,,,
20057,0.0,,too_rare,,,
20058,0.0,,too_rare,,,
20059,0.0,,too_rare,,,
20060,2.8008066323101054e-05,,too_rare,,,
20061,0.0,,too_rare,,,
20062,0.0,,too_rare,,,
20063,0.0,,too_rare,,,
20064,0.0,,too_rare,,,
20065,0.0,,too_rare,,,
20066,0.0,,too_rare,,,
20067,0.0,,too_rare,,,
20069,0.0,,too_rare,,,
20070,0.0,,too_rare,,,
20071,0.0,,too_rare,,,
20072,0.0007282097244006273,,too_rare,,,
20073,0.0,,too_rare,,,
20074,0.0,,too_rare,,,
20075,0.0012043468518933454,,too_rare,,,
20076,0.0,,too_rare,,,
20077,0.0014284113824781536,,too_rare,,,
20078,2.8008066323101054e-05,,too_rare,,,
20079,0.0,,too_rare,,,
20080,0.0,,too_rare,,,
20081,0.000980282321308537,,too_rare,,,
20082,0.0,,too_rare,,,
20083,0.0007562177907237285,,too_rare,,,
20084,0.00053215326013892,,too_rare,,,
20085,0.0,,too_rare,,,
20086,0.0,,too_rare,,,
20087,0.0,,too_rare,,,
20088,0.0,,too_rare,,,
20089,0.0,,too_rare,,,
20090,0.0,,too_rare,,,
20091,0.0,,too_rare,,,
20092,0.0,,too_rare,,,
20093,5.601613264620211e-05,,too_rare,,,
20094,0.0,,too_rare,,,
20095,0.0,,too_rare,,,
20097,0.0,,too_rare,,,
20098,0.0,,too_rare,,,
20099,2.8008066323101054e-05,,too_rare,,,
20100,0.0,,too_rare,,,
20102,2.8008066323101054e-05,,too_rare,,,
20103,5.601613264620211e-05,,too_rare,,,
20104,0.0,,too_rare,,,
20105,0.000980282321308537,,too_rare,,,
20106,0.0,,too_rare,,,
20107,0.0,,too_rare,,,
20108,0.0,,too_rare,,,
20109,0.00016804839793860632,,too_rare,,,
20110,2.8008066323101054e-05,,too_rare,,,
20111,0.0,,too_rare,,,
20112,0.0,,too_rare,,,
20113,0.0,,too_rare,,,
20114,0.0,,too_rare,,,
20115,2.8008066323101054e-05,,too_rare,,,
20116,0.0,,too_rare,,,
20117,0.0,,too_rare,,,
20118,0.0,,too_rare,,,
20119,0.0,,too_rare,,,
20120,0.0,,too_rare,,,
20121,0.0,,too_rare,,,
20122,0.0,,too_rare,,,
20123,5.601613264620211e-05,,too_rare,,,
20124,2.8008066323101054e-05,,too_rare,,,
20125,0.0,,too_rare,,,
20126,0.0,,too_rare,,,
20128,0.0,,too_rare,,,
20129,0.0,,too_rare,,,
20130,0.0,,too_rare,,,
20131,0.0,,too_rare,,,
20132,0.006245798790051535,,too_rare,,,
20133,0.0,,too_rare,,,
20134,0.0,,too_rare,,,
20135,2.8008066323101054e-05,,too_rare,,,
20136,0.0,,too_rare,,,
20137,0.0012603629845395474,,too_rare,,,
20138,0.0,,too_rare,,,
20139,0.0,,too_rare,,,
20140,0.0,,too_rare,,,
20141,0.0,,too_rare,,,
20142,0.0,,too_rare,,,
20143,0.0,,too_rare,,,
20144,0.0,,too_rare,,,
20145,0.0,,too_rare,,,
20146,0.0,,too_rare,,,
20147,0.0,,too_rare,,,
20148,0.0,,too_rare,,,
20149,0.0,,too_rare,,,
20150,0.0,,too_rare,,,
20151,2.8008066323101054e-05,,too_rare,,,
20152,0.0,,too_rare,,,
20153,2.8008066323101054e-05,,too_rare,,,
20154,0.0,,too_rare,,,
20155,0.0,,too_rare,,,
20156,0.0,,too_rare,,,
20157,0.0,,too_rare,,,
20158,2.8008066323101054e-05,,too_rare,,,
20159,0.0,,too_rare,,,
20160,0.0,,too_rare,,,
20161,0.004481290611696168,,too_rare,,,
20162,0.0,,too_rare,,,
20163,0.0,,too_rare,,,
20164,8.402419896930316e-05,,too_rare,,,
20165,0.0,,too_rare,,,
20166,0.0,,too_rare,,,
20167,2.8008066323101054e-05,,too_rare,,,
20168,0.0,,too_rare,,,
20169,0.0,,too_rare,,,
20170,0.00033609679587721263,,too_rare,,,
20171,0.0,,too_rare,,,
20172,2.8008066323101054e-05,,too_rare,,,
20173,0.0,,too_rare,,,
20174,0.0,,too_rare,,,
20175,0.005153484203450594,,too_rare,,,
20176,0.0,,too_rare,,,
20177,0.0,,too_rare,,,
20178,0.0,,too_rare,,,
20179,0.0,,too_rare,,,
20180,0.0,,too_rare,,,
20181,0.0,,too_rare,,,
20182,0.0,,too_rare,,,
20183,0.0,,too_rare,,,
20184,0.0,,too_rare,,,
20185,0.0,,too_rare,,,
20186,0.0,,too_rare,,,
20187,0.0,,too_rare,,,
20188,0.0,,too_rare,,,
20189,0.0,,too_rare,,,
20190,0.0,,too_rare,,,
20191,0.0,,too_rare,,,
20192,5.601613264620211e-05,,too_rare,,,
20193,0.0,,too_rare,,,
20194,0.0,,too_rare,,,
20195,0.0,,too_rare,,,
20196,0.0002800806632310105,,too_rare,,,
20197,2.8008066323101054e-05,,too_rare,,,
20198,0.0,,too_rare,,,
20199,0.0,,too_rare,,,
20200,0.0,,too_rare,,,
20202,0.0,,too_rare,,,
20203,0.001652475913062962,,too_rare,,,
20204,0.0,,too_rare,,,
20205,0.0,,too_rare,,,
20206,0.0,,too_rare,,,
20207,0.0,,too_rare,,,
20208,5.601613264620211e-05,,too_rare,,,
20210,0.0,,too_rare,,,
20211,0.0,,too_rare,,,
20212,0.0,,too_rare,,,
20213,0.0,,too_rare,,,
20214,0.0,,too_rare,,,
20215,0.0,,too_rare,,,
20216,0.00011203226529240422,,too_rare,,,
20217,0.0,,too_rare,,,
20218,2.8008066323101054e-05,,too_rare,,,
20219,0.0,,too_rare,,,
20220,2.8008066323101054e-05,,too_rare,,,
20221,0.0,,too_rare,,,
20222,8.402419896930316e-05,,too_rare,,,
20223,0.0,,too_rare,,,
20224,0.0,,too_rare,,,
20225,0.0,,too_rare,,,
20226,0.0,,too_rare,,,
20227,0.0,,too_rare,,,
20228,0.0,,too_rare,,,
20229,0.0,,too_rare,,,
20230,0.0,,too_rare,,,
20231,0.0,,too_rare,,,
20232,0.0,,too_rare,,,
20234,0.0,,too_rare,,,
20235,2.8008066323101054e-05,,too_rare,,,
20236,0.00016804839793860632,,too_rare,,,
20237,0.0,,too_rare,,,
20238,0.0,,too_rare,,,
20239,0.0,,too_rare,,,
20240,0.0,,too_rare,,,
20241,0.0,,too_rare,,,
20242,0.0,,too_rare,,,
20243,0.0007282097244006273,,too_rare,,,
20244,0.0,,too_rare,,,
20245,0.0,,too_rare,,,
20246,0.0,,too_rare,,,
20247,2.8008066323101054e-05,,too_rare,,,
20248,2.8008066323101054e-05,,too_rare,,,
20249,0.0002800806632310105,,too_rare,,,
20250,0.0,,too_rare,,,
20251,0.0,,too_rare,,,
20252,0.0,,too_rare,,,
20253,0.0,,too_rare,,,
20254,0.0,,too_rare,,,
20255,2.8008066323101054e-05,,too_rare,,,
20256,0.0,,too_rare,,,
20257,0.0,,too_rare,,,
20258,0.0,,too_rare,,,
20259,5.601613264620211e-05,,too_rare,,,
20260,0.0,,too_rare,,,
20261,0.0,,too_rare,,,
20262,0.0,,too_rare,,,
20263,2.8008066323101054e-05,,too_rare,,,
20264,0.0,,too_rare,,,
20265,0.0,,too_rare,,,
20266,5.601613264620211e-05,,too_rare,,,
20267,0.0,,too_rare,,,
20268,0.0,,too_rare,,,
20269,0.0,,too_rare,,,
20270,2.8008066323101054e-05,,too_rare,,,
20271,2.8008066323101054e-05,,too_rare,,,
20272,0.00372507282097244,,too_rare,,,
20273,0.0,,too_rare,,,
20274,0.0,,too_rare,,,
20275,0.0,,too_rare,,,
20276,0.0,,too_rare,,,
20277,0.0,,too_rare,,,
20278,0.0,,too_rare,,,
20279,0.0009522742549854358,,too_rare,,,
20280,2.8008066323101054e-05,,too_rare,,,
20281,0.0,,too_rare,,,
20282,0.0,,too_rare,,,
20283,0.0,,too_rare,,,
20284,0.0,,too_rare,,,
20285,0.0,,too_rare,,,
20286,2.8008066323101054e-05,,too_rare,,,
20287,0.0,,too_rare,,,
20288,0.0,,too_rare,,,
20289,0.0,,too_rare,,,
20290,0.0,,too_rare,,,
20291,0.0,,too_rare,,,
20292,0.0,,too_rare,,,
20293,0.0,,too_rare,,,
20294,0.0,,too_rare,,,
20295,0.0,,too_rare,,,
20296,0.0,,too_rare,,,
20297,5.601613264620211e-05,,too_rare,,,
20298,0.0,,too_rare,,,
20299,0.0,,too_rare,,,
20300,0.0,,too_rare,,,
20301,0.0,,too_rare,,,
20302,0.0,,too_rare,,,
20303,0.0,,too_rare,,,
20304,0.0,,too_rare,,,
20305,0.0,,too_rare,,,
20306,0.0,,too_rare,,,
20307,0.0,,too_rare,,,
20308,2.8008066323101054e-05,,too_rare,,,
20309,0.0,,too_rare,,,
20310,0.0,,too_rare,,,
20311,0.0,,too_rare,,,
20312,0.0,,too_rare,,,
20313,2.8008066323101054e-05,,too_rare,,,
20314,8.402419896930316e-05,,too_rare,,,
20315,0.0,,too_rare,,,
20316,2.8008066323101054e-05,,too_rare,,,
20317,0.0,,too_rare,,,
20318,0.00011203226529240422,,too_rare,,,
20319,0.0,,too_rare,,,
20320,0.0,,too_rare,,,
20321,0.0,,too_rare,,,
20322,0.0,,too_rare,,,
20323,0.0,,too_rare,,,
20324,0.0,,too_rare,,,
20326,0.0,,too_rare,,,
20327,0.00011203226529240422,,too_rare,,,
20328,2.8008066323101054e-05,,too_rare,,,
20329,0.0,,too_rare,,,
20330,0.0,,too_rare,,,
20331,0.0,,too_rare,,,
20332,2.8008066323101054e-05,,too_rare,,,
20333,0.0,,too_rare,,,
20334,5.601613264620211e-05,,too_rare,,,
20335,2.8008066323101054e-05,,too_rare,,,
20336,2.8008066323101054e-05,,too_rare,,,
20337,0.0,,too_rare,,,
20338,0.0,,too_rare,,,
20339,0.0,,too_rare,,,
20340,0.0,,too_rare,,,
20341,0.0,,too_rare,,,
20342,0.0,,too_rare,,,
20344,0.0,,too_rare,,,
20345,0.0,,too_rare,,,
20346,0.00014004033161550526,,too_rare,,,
20347,0.0,,too_rare,,,
20348,0.0,,too_rare,,,
20349,0.0,,too_rare,,,
20350,5.601613264620211e-05,,too_rare,,,
20351,2.8008066323101054e-05,,too_rare,,,
20352,0.0,,too_rare,,,
20353,0.0,,too_rare,,,
20354,0.005965718126820525,,too_rare,,,
20355,0.0,,too_rare,,,
20356,0.0,,too_rare,,,
20357,0.0,,too_rare,,,
20358,0.0,,too_rare,,,
20359,0.0,,too_rare,,,
20360,8.402419896930316e-05,,too_rare,,,
20361,0.0,,too_rare,,,
20363,0.0,,too_rare,,,
20364,0.0,,too_rare,,,
20365,0.0,,too_rare,,,
20366,0.0,,too_rare,,,
20367,0.00014004033161550526,,too_rare,,,
20368,0.0,,too_rare,,,
20369,2.8008066323101054e-05,,too_rare,,,
20370,0.0,,too_rare,,,
20371,2.8008066323101054e-05,,too_rare,,,
20372,2.8008066323101054e-05,,too_rare,,,
20373,2.8008066323101054e-05,,too_rare,,,
20374,0.00019605646426170737,,too_rare,,,
20375,0.0,,too_rare,,,
20376,0.0,,too_rare,,,
20377,0.0,,too_rare,,,
20378,0.0,,too_rare,,,
20379,5.601613264620211e-05,,too_rare,,,
20380,2.8008066323101054e-05,,too_rare,,,
20381,2.8008066323101054e-05,,too_rare,,,
20382,0.0,,too_rare,,,
20383,2.8008066323101054e-05,,too_rare,,,
20384,2.8008066323101054e-05,,too_rare,,,
20385,0.0,,too_rare,,,
20386,0.0,,too_rare,,,
20387,0.0,,too_rare,,,
20388,0.0,,too_rare,,,
20389,0.0,,too_rare,,,
20390,0.0,,too_rare,,,
20391,0.0,,too_rare,,,
20392,0.0,,too_rare,,,
20393,0.0,,too_rare,,,
20394,0.0,,too_rare,,,
20395,0.0,,too_rare,,,
20396,0.0,,too_rare,,,
20397,0.0,,too_rare,,,
20398,0.00053215326013892,,too_rare,,,
20399,2.8008066323101054e-05,,too_rare,,,
20400,5.601613264620211e-05,,too_rare,,,
20401,0.0,,too_rare,,,
20402,0.00019605646426170737,,too_rare,,,
20403,0.0,,too_rare,,,
20404,0.0,,too_rare,,,
20405,0.0,,too_rare,,,
20406,0.0,,too_rare,,,
20407,0.0,,too_rare,,,
20408,0.0,,too_rare,,,
20409,0.0,,too_rare,,,
20410,0.0,,too_rare,,,
20411,0.0,,too_rare,,,
20412,0.0,,too_rare,,,
20413,0.0002520725969079095,,too_rare,,,
20414,0.0,,too_rare,,,
20415,0.0,,too_rare,,,
20416,0.00036410486220031366,,too_rare,,,
20417,0.0,,too_rare,,,
20418,0.0013163791171857495,,too_rare,,,
20419,0.0,,too_rare,,,
20420,0.0,,too_rare,,,
20421,0.0,,too_rare,,,
20422,0.0,,too_rare,,,
20423,0.0,,too_rare,,,
20424,0.0,,too_rare,,,
20425,0.0,,too_rare,,,
20426,0.0,,too_rare,,,
20427,0.0,,too_rare,,,
20428,2.8008066323101054e-05,,too_rare,,,
20429,2.8008066323101054e-05,,too_rare,,,
20430,0.0,,too_rare,,,
20431,0.0008682500560161327,,too_rare,,,
20432,0.0,,too_rare,,,
20433,0.0,,too_rare,,,
20434,2.8008066323101054e-05,,too_rare,,,
20435,0.009102621555007842,,too_rare,,,
20436,0.0,,too_rare,,,
20437,0.0,,too_rare,,,
20438,0.00011203226529240422,,too_rare,,,
20439,0.0,,too_rare,,,
20440,0.0,,too_rare,,,
20441,0.0,,too_rare,,,
20442,2.8008066323101054e-05,,too_rare,,,
20443,2.8008066323101054e-05,,too_rare,,,
20444,0.0,,too_rare,,,
20445,0.00011203226529240422,,too_rare,,,
20446,0.0,,too_rare,,,
20447,0.0,,too_rare,,,
20448,0.0,,too_rare,,,
20449,0.0,,too_rare,,,
20450,0.00014004033161550526,,too_rare,,,
20451,0.0,,too_rare,,,
20452,0.0,,too_rare,,,
20453,0.0,,too_rare,,,
20454,0.0,,too_rare,,,
20455,0.0,,too_rare,,,
20456,0.0,,too_rare,,,
20457,0.0,,too_rare,,,
20458,0.0,,too_rare,,,
20459,0.0,,too_rare,,,
20460,2.8008066323101054e-05,,too_rare,,,
20461,0.0,,too_rare,,,
20462,0.0,,too_rare,,,
20463,2.8008066323101054e-05,,too_rare,,,
20464,0.0,,too_rare,,,
20465,0.0,,too_rare,,,
20466,0.0,,too_rare,,,
20467,0.0,,too_rare,,,
20468,5.601613264620211e-05,,too_rare,,,
20469,0.0,,too_rare,,,
20470,0.0,,too_rare,,,
20471,0.0,,too_rare,,,
20472,0.0,,too_rare,,,
20473,2.8008066323101054e-05,,too_rare,,,
20474,0.0,,too_rare,,,
20476,2.8008066323101054e-05,,too_rare,,,
20477,8.402419896930316e-05,,too_rare,,,
20478,0.0,,too_rare,,,
20479,0.0,,too_rare,,,
20480,0.0,,too_rare,,,
20481,0.0,,too_rare,,,
20482,0.0,,too_rare,,,
20483,0.0,,too_rare,,,
20484,0.0,,too_rare,,,
20485,0.0,,too_rare,,,
20486,2.8008066323101054e-05,,too_rare,,,
20487,2.8008066323101054e-05,,too_rare,,,
20488,0.00014004033161550526,,too_rare,,,
20489,0.0,,too_rare,,,
20490,0.0,,too_rare,,,
20491,0.0009242661886623348,,too_rare,,,
20492,0.0,,too_rare,,,
20493,0.0,,too_rare,,,
20494,2.8008066323101054e-05,,too_rare,,,
20495,0.0,,too_rare,,,
20496,0.0,,too_rare,,,
20497,0.0,,too_rare,,,
20498,0.0,,too_rare,,,
20499,8.402419896930316e-05,,too_rare,,,
20500,0.0,,too_rare,,,
20501,0.0,,too_rare,,,
20502,0.0,,too_rare,,,
20503,0.0,,too_rare,,,
20504,0.0,,too_rare,,,
20505,0.0,,too_rare,,,
20506,0.0,,too_rare,,,
20507,0.0,,too_rare,,,
20508,2.8008066323101054e-05,,too_rare,,,
20509,0.00011203226529240422,,too_rare,,,
20510,2.8008066323101054e-05,,too_rare,,,
20511,0.0,,too_rare,,,
20512,0.0,,too_rare,,,
20513,0.004873403540219584,,too_rare,,,
20514,5.601613264620211e-05,,too_rare,,,
20515,0.0,,too_rare,,,
20516,0.0,,too_rare,,,
20517,0.0,,too_rare,,,
20518,0.0,,too_rare,,,
20519,0.0006161774591082232,,too_rare,,,
20520,2.8008066323101054e-05,,too_rare,,,
20521,0.0,,too_rare,,,
20522,0.0,,too_rare,,,
20523,0.0,,too_rare,,,
20524,0.0,,too_rare,,,
20525,0.0,,too_rare,,,
20526,0.0,,too_rare,,,
20527,0.0,,too_rare,,,
20528,0.0,,too_rare,,,
20529,2.8008066323101054e-05,,too_rare,,,
20530,2.8008066323101054e-05,,too_rare,,,
20531,0.0,,too_rare,,,
20532,2.8008066323101054e-05,,too_rare,,,
20533,0.0,,too_rare,,,
20534,0.0,,too_rare,,,
20535,0.0,,too_rare,,,
20536,0.0,,too_rare,,,
20537,0.008990589289715438,,too_rare,,,
20539,0.0,,too_rare,,,
20540,2.8008066323101054e-05,,too_rare,,,
20541,2.8008066323101054e-05,,too_rare,,,
20542,0.0,,too_rare,,,
20543,0.0,,too_rare,,,
20544,5.601613264620211e-05,,too_rare,,,
20545,0.0,,too_rare,,,
20546,0.0,,too_rare,,,
20547,0.0,,too_rare,,,
20548,0.0002520725969079095,,too_rare,,,
20549,0.0,,too_rare,,,
20550,0.0,,too_rare,,,
20551,0.0,,too_rare,,,
20552,0.0,,too_rare,,,
20553,2.8008066323101054e-05,,too_rare,,,
20554,0.002800806632310105,,too_rare,,,
20555,0.003080887295541116,,too_rare,,,
20556,0.0,,too_rare,,,
20557,0.0,,too_rare,,,
20558,0.0,,too_rare,,,
20559,0.002016580775263276,,too_rare,,,
20560,0.0,,too_rare,,,
20561,0.0,,too_rare,,,
20562,0.0,,too_rare,,,
20563,0.0002520725969079095,,too_rare,,,
20564,0.0,,too_rare,,,
20565,0.0005881693927851221,,too_rare,,,
20566,2.8008066323101054e-05,,too_rare,,,
20567,2.8008066323101054e-05,,too_rare,,,
20568,0.0,,too_rare,,,
20569,0.0,,too_rare,,,
20570,0.0,,too_rare,,,
20571,2.8008066323101054e-05,,too_rare,,,
20572,0.0,,too_rare,,,
20573,0.0,,too_rare,,,
20574,0.0,,too_rare,,,
20575,0.0,,too_rare,,,
20576,0.0,,too_rare,,,
20577,5.601613264620211e-05,,too_rare,,,
20578,0.0,,too_rare,,,
20579,0.0,,too_rare,,,
20580,0.0,,too_rare,,,
20581,0.0,,too_rare,,,
20582,0.0,,too_rare,,,
20583,0.00044812906116961686,,too_rare,,,
20584,0.0,,too_rare,,,
20585,0.0,,too_rare,,,
20586,0.0,,too_rare,,,
20587,0.0,,too_rare,,,
20588,0.00011203226529240422,,too_rare,,,
20589,0.0,,too_rare,,,
20590,0.0,,too_rare,,,
20591,0.0,,too_rare,,,
20592,0.0,,too_rare,,,
20593,0.0,,too_rare,,,
20594,0.0,,too_rare,,,
20595,0.0,,too_rare,,,
20596,0.0,,too_rare,,,
20597,0.0,,too_rare,,,
20598,0.0,,too_rare,,,
20599,0.002968855030248712,,too_rare,,,
20600,0.0,,too_rare,,,
20601,5.601613264620211e-05,,too_rare,,,
20602,0.0,,too_rare,,,
20603,0.0,,too_rare,,,
20605,0.0,,too_rare,,,
20606,0.00011203226529240422,,too_rare,,,
20608,0.0,,too_rare,,,
20609,0.0,,too_rare,,,
20610,5.601613264620211e-05,,too_rare,,,
20611,0.0,,too_rare,,,
20612,0.0,,too_rare,,,
20613,0.0,,too_rare,,,
20614,0.0,,too_rare,,,
20615,0.0,,too_rare,,,
20616,0.0,,too_rare,,,
20617,0.0,,too_rare,,,
20618,0.0,,too_rare,,,
20619,0.0,,too_rare,,,
20620,2.8008066323101054e-05,,too_rare,,,
20621,0.0,,too_rare,,,
20622,0.0,,too_rare,,,
20623,0.00039211292852341475,,too_rare,,,
20624,0.0008122339233699305,,too_rare,,,
20625,0.0,,too_rare,,,
20626,0.0,,too_rare,,,
20627,0.0,,too_rare,,,
20628,0.0,,too_rare,,,
20629,0.0,,too_rare,,,
20630,0.0,,too_rare,,,
20631,0.0,,too_rare,,,
20632,0.0,,too_rare,,,
20633,2.8008066323101054e-05,,too_rare,,,
20634,0.0,,too_rare,,,
20635,2.8008066323101054e-05,,too_rare,,,
20636,0.0,,too_rare,,,
20637,0.0,,too_rare,,,
20638,0.0,,too_rare,,,
20639,0.0,,too_rare,,,
20640,0.0,,too_rare,,,
20641,0.0,,too_rare,,,
20642,2.8008066323101054e-05,,too_rare,,,
20643,0.00011203226529240422,,too_rare,,,
20644,0.0,,too_rare,,,
20645,2.8008066323101054e-05,,too_rare,,,
20646,0.0,,too_rare,,,
20647,0.0,,too_rare,,,
20648,0.0,,too_rare,,,
20649,0.0,,too_rare,,,
20650,0.0,,too_rare,,,
20651,0.0,,too_rare,,,
20652,2.8008066323101054e-05,,too_rare,,,
20653,0.007674210172529688,,too_rare,,,
20654,0.0,,too_rare,,,
20656,0.0,,too_rare,,,
20657,0.0,,too_rare,,,
20658,0.0,,too_rare,,,
20659,0.00044812906116961686,,too_rare,,,
20660,0.0,,too_rare,,,
20661,0.0,,too_rare,,,
20662,0.0,,too_rare,,,
20663,0.0,,too_rare,,,
20664,0.0,,too_rare,,,
20665,0.0,,too_rare,,,
20666,0.00039211292852341475,,too_rare,,,
20667,0.0,,too_rare,,,
20668,0.0003080887295541116,,too_rare,,,
20669,0.0,,too_rare,,,
20670,0.0,,too_rare,,,
20671,8.402419896930316e-05,,too_rare,,,
20672,2.8008066323101054e-05,,too_rare,,,
20673,0.0,,too_rare,,,
20674,0.0,,too_rare,,,
20675,0.0,,too_rare,,,
20676,0.0,,too_rare,,,
20677,0.0,,too_rare,,,
20678,0.0,,too_rare,,,
20679,0.0,,too_rare,,,
20680,0.0,,too_rare,,,
20681,0.0,,too_rare,,,
20682,0.00016804839793860632,,too_rare,,,
20683,0.0,,too_rare,,,
20684,0.0,,too_rare,,,
20685,0.0,,too_rare,,,
20686,0.0,,too_rare,,,
20687,2.8008066323101054e-05,,too_rare,,,
20688,0.0,,too_rare,,,
20689,5.601613264620211e-05,,too_rare,,,
20690,0.0,,too_rare,,,
20691,0.0,,too_rare,,,
20692,0.0,,too_rare,,,
20693,8.402419896930316e-05,,too_rare,,,
20694,0.0,,too_rare,,,
20695,2.8008066323101054e-05,,too_rare,,,
20696,0.0,,too_rare,,,
20697,0.0,,too_rare,,,
20698,0.0,,too_rare,,,
20699,2.8008066323101054e-05,,too_rare,,,
20700,2.8008066323101054e-05,,too_rare,,,
20701,0.0,,too_rare,,,
20702,0.0,,too_rare,,,
20703,0.0,,too_rare,,,
20704,0.00014004033161550526,,too_rare,,,
20705,0.0,,too_rare,,,
20706,2.8008066323101054e-05,,too_rare,,,
20707,0.0,,too_rare,,,
20708,0.00014004033161550526,,too_rare,,,
20709,0.0,,too_rare,,,
20710,0.0,,too_rare,,,
20711,0.00022406453058480843,,too_rare,,,
20712,0.0,,too_rare,,,
20713,0.0,,too_rare,,,
20714,0.0,,too_rare,,,
20715,0.0,,too_rare,,,
20716,0.0,,too_rare,,,
20717,0.0,,too_rare,,,
20718,0.0,,too_rare,,,
20719,0.0,,too_rare,,,
20720,0.0,,too_rare,,,
20721,0.0,,too_rare,,,
20722,0.0,,too_rare,,,
20723,2.8008066323101054e-05,,too_rare,,,
20724,0.0,,too_rare,,,
20725,0.0,,too_rare,,,
20726,2.8008066323101054e-05,,too_rare,,,
20727,0.0,,too_rare,,,
20729,0.00016804839793860632,,too_rare,,,
20730,0.0,,too_rare,,,
20731,0.0,,too_rare,,,
20732,0.0,,too_rare,,,
20733,0.0,,too_rare,,,
20734,0.0,,too_rare,,,
20735,0.0,,too_rare,,,
20736,2.8008066323101054e-05,,too_rare,,,
20737,0.0,,too_rare,,,
20738,0.001008290387631638,,too_rare,,,
20739,0.0,,too_rare,,,
20740,0.0,,too_rare,,,
20741,0.0007562177907237285,,too_rare,,,
20742,0.0,,too_rare,,,
20743,0.0,,too_rare,,,
20744,0.0,,too_rare,,,
20745,0.0,,too_rare,,,
20747,0.0,,too_rare,,,
20748,0.0,,too_rare,,,
20749,0.0,,too_rare,,,
20750,2.8008066323101054e-05,,too_rare,,,
20751,0.0,,too_rare,,,
20752,0.0,,too_rare,,,
20753,0.0,,too_rare,,,
20754,0.0,,too_rare,,,
20755,2.8008066323101054e-05,,too_rare,,,
20756,0.0,,too_rare,,,
20757,2.8008066323101054e-05,,too_rare,,,
20758,0.0,,too_rare,,,
20759,0.0,,too_rare,,,
20760,0.0,,too_rare,,,
20761,2.8008066323101054e-05,,too_rare,,,
20762,0.0,,too_rare,,,
20763,0.0,,too_rare,,,
20764,0.0,,too_rare,,,
20765,0.0,,too_rare,,,
20766,0.0,,too_rare,,,
20767,0.0,,too_rare,,,
20768,0.0,,too_rare,,,
20769,0.0,,too_rare,,,
20770,2.8008066323101054e-05,,too_rare,,,
20771,0.0,,too_rare,,,
20772,0.0004201209948465158,,too_rare,,,
20773,0.0,,too_rare,,,
20774,0.0,,too_rare,,,
20775,8.402419896930316e-05,,too_rare,,,
20776,0.0,,too_rare,,,
20777,2.8008066323101054e-05,,too_rare,,,
20778,0.0,,too_rare,,,
20779,0.0,,too_rare,,,
20780,0.0,,too_rare,,,
20781,0.0,,too_rare,,,
20782,2.8008066323101054e-05,,too_rare,,,
20783,5.601613264620211e-05,,too_rare,,,
20784,0.0,,too_rare,,,
20785,0.0,,too_rare,,,
20786,0.0,,too_rare,,,
20787,0.0,,too_rare,,,
20788,0.0,,too_rare,,,
20789,0.0,,too_rare,,,
20790,0.0,,too_rare,,,
20791,0.0,,too_rare,,,
20792,2.8008066323101054e-05,,too_rare,,,
20793,0.0,,too_rare,,,
20794,0.0,,too_rare,,,
20795,0.0,,too_rare,,,
20796,2.8008066323101054e-05,,too_rare,,,
20797,0.0,,too_rare,,,
20798,0.0,,too_rare,,,
20799,2.8008066323101054e-05,,too_rare,,,
20800,0.0,,too_rare,,,
20801,0.0,,too_rare,,,
20802,2.8008066323101054e-05,,too_rare,,,
20803,0.0,,too_rare,,,
20804,2.8008066323101054e-05,,too_rare,,,
20805,0.0,,too_rare,,,
20806,0.0,,too_rare,,,
20807,0.0,,too_rare,,,
20808,2.8008066323101054e-05,,too_rare,,,
20809,0.0,,too_rare,,,
20810,0.0,,too_rare,,,
20811,0.0003080887295541116,,too_rare,,,
20812,0.0,,too_rare,,,
20813,0.0,,too_rare,,,
20814,0.0,,too_rare,,,
20816,0.0,,too_rare,,,
20817,0.0,,too_rare,,,
20818,0.0,,too_rare,,,
20819,0.0,,too_rare,,,
20820,0.0,,too_rare,,,
20821,0.0,,too_rare,,,
20822,0.0012883710508626485,,too_rare,,,
20823,0.0,,too_rare,,,
20824,0.0,,too_rare,,,
20825,2.8008066323101054e-05,,too_rare,,,
20826,2.8008066323101054e-05,,too_rare,,,
20827,0.0,,too_rare,,,
20828,0.0,,too_rare,,,
20829,0.0,,too_rare,,,
20830,0.0,,too_rare,,,
20831,5.601613264620211e-05,,too_rare,,,
20832,0.0,,too_rare,,,
20833,2.8008066323101054e-05,,too_rare,,,
20834,0.0,,too_rare,,,
20835,0.0,,too_rare,,,
20836,0.0,,too_rare,,,
20837,0.00014004033161550526,,too_rare,,,
20838,0.0,,too_rare,,,
20839,5.601613264620211e-05,,too_rare,,,
20840,0.0,,too_rare,,,
20841,2.8008066323101054e-05,,too_rare,,,
20842,0.0,,too_rare,,,
20843,2.8008066323101054e-05,,too_rare,,,
20844,0.00014004033161550526,,too_rare,,,
20845,0.0,,too_rare,,,
20846,5.601613264620211e-05,,too_rare,,,
20847,0.0,,too_rare,,,
20848,0.0,,too_rare,,,
20849,0.0,,too_rare,,,
20850,0.0,,too_rare,,,
20851,0.0002800806632310105,,too_rare,,,
20852,0.0,,too_rare,,,
20853,0.00033609679587721263,,too_rare,,,
20854,0.0,,too_rare,,,
20855,0.0,,too_rare,,,
20856,0.0,,too_rare,,,
20857,0.0,,too_rare,,,
20858,2.8008066323101054e-05,,too_rare,,,
20859,0.0,,too_rare,,,
20860,0.0,,too_rare,,,
20861,0.0,,too_rare,,,
20862,0.0,,too_rare,,,
20863,0.0,,too_rare,,,
20864,2.8008066323101054e-05,,too_rare,,,
20865,0.0,,too_rare,,,
20866,0.0,,too_rare,,,
20867,5.601613264620211e-05,,too_rare,,,
20868,0.00039211292852341475,,too_rare,,,
20869,0.0,,too_rare,,,
20870,0.0,,too_rare,,,
20871,0.0,,too_rare,,,
20872,8.402419896930316e-05,,too_rare,,,
20873,8.402419896930316e-05,,too_rare,,,
20874,0.00036410486220031366,,too_rare,,,
20875,0.0,,too_rare,,,
20876,0.0,,too_rare,,,
20877,0.0,,too_rare,,,
20878,8.402419896930316e-05,,too_rare,,,
20879,0.0,,too_rare,,,
20880,0.0,,too_rare,,,
20881,0.0,,too_rare,,,
20882,0.0,,too_rare,,,
20883,0.0,,too_rare,,,
20884,2.8008066323101054e-05,,too_rare,,,
20885,0.0,,too_rare,,,
20886,0.0,,too_rare,,,
20887,0.0,,too_rare,,,
20888,0.0,,too_rare,,,
20889,0.0,,too_rare,,,
20890,2.8008066323101054e-05,,too_rare,,,
20891,0.0,,too_rare,,,
20892,0.0,,too_rare,,,
20893,0.00019605646426170737,,too_rare,,,
20894,0.0,,too_rare,,,
20895,0.0,,too_rare,,,
20896,0.0,,too_rare,,,
20897,0.0,,too_rare,,,
20898,0.0,,too_rare,,,
20899,2.8008066323101054e-05,,too_rare,,,
20900,0.0,,too_rare,,,
20901,0.0,,too_rare,,,
20902,0.0,,too_rare,,,
20903,0.0,,too_rare,,,
20904,0.00039211292852341475,,too_rare,,,
20905,0.0,,too_rare,,,
20906,0.003753080887295541,,too_rare,,,
20907,2.8008066323101054e-05,,too_rare,,,
20908,5.601613264620211e-05,,too_rare,,,
20909,0.0,,too_rare,,,
20910,0.0,,too_rare,,,
20911,0.0,,too_rare,,,
20912,0.0,,too_rare,,,
20913,0.0,,too_rare,,,
20914,0.0,,too_rare,,,
20915,0.0,,too_rare,,,
20916,0.0,,too_rare,,,
20917,2.8008066323101054e-05,,too_rare,,,
20918,0.0,,too_rare,,,
20919,0.0,,too_rare,,,
20920,0.0,,too_rare,,,
20921,0.0,,too_rare,,,
20922,2.8008066323101054e-05,,too_rare,,,
20923,0.0,,too_rare,,,
20924,0.0,,too_rare,,,
20925,0.0,,too_rare,,,
20926,0.0,,too_rare,,,
20927,8.402419896930316e-05,,too_rare,,,
20928,0.0,,too_rare,,,
20929,2.8008066323101054e-05,,too_rare,,,
20930,0.0,,too_rare,,,
20931,0.0,,too_rare,,,
20932,0.0,,too_rare,,,
20933,0.0,,too_rare,,,
20934,0.0,,too_rare,,,
20935,0.0,,too_rare,,,
20936,2.8008066323101054e-05,,too_rare,,,
20938,0.0,,too_rare,,,
20939,0.0,,too_rare,,,
20940,2.8008066323101054e-05,,too_rare,,,
20941,0.0,,too_rare,,,
20942,0.0,,too_rare,,,
20943,0.0,,too_rare,,,
20944,0.0002800806632310105,,too_rare,,,
20945,2.8008066323101054e-05,,too_rare,,,
20946,0.0,,too_rare,,,
20947,0.0,,too_rare,,,
20948,0.0,,too_rare,,,
20949,0.0,,too_rare,,,
20950,0.0,,too_rare,,,
20951,0.0,,too_rare,,,
20952,0.0,,too_rare,,,
20953,2.8008066323101054e-05,,too_rare,,,
20954,0.0,,too_rare,,,
20955,0.0,,too_rare,,,
20956,0.00036410486220031366,,too_rare,,,
20957,0.0,,too_rare,,,
20958,0.0,,too_rare,,,
20959,0.005237508402419897,,too_rare,,,
20960,0.0,,too_rare,,,
20961,0.0,,too_rare,,,
20962,2.8008066323101054e-05,,too_rare,,,
20963,2.8008066323101054e-05,,too_rare,,,
20964,0.00016804839793860632,,too_rare,,,
20965,0.0,,too_rare,,,
20966,0.00016804839793860632,,too_rare,,,
20967,2.8008066323101054e-05,,too_rare,,,
20968,0.0,,too_rare,,,
20969,0.0,,too_rare,,,
20970,0.0,,too_rare,,,
20971,0.0,,too_rare,,,
20972,0.0,,too_rare,,,
20973,0.00019605646426170737,,too_rare,,,
20974,2.8008066323101054e-05,,too_rare,,,
20975,0.0,,too_rare,,,
20976,0.0,,too_rare,,,
20977,2.8008066323101054e-05,,too_rare,,,
20978,0.0,,too_rare,,,
20979,0.0007282097244006273,,too_rare,,,
20980,5.601613264620211e-05,,too_rare,,,
20981,0.0,,too_rare,,,
20982,0.0,,too_rare,,,
20983,0.0,,too_rare,,,
20984,0.0,,too_rare,,,
20986,2.8008066323101054e-05,,too_rare,,,
20987,0.0,,too_rare,,,
20988,0.0,,too_rare,,,
20989,0.0,,too_rare,,,
20990,2.8008066323101054e-05,,too_rare,,,
20991,2.8008066323101054e-05,,too_rare,,,
20992,2.8008066323101054e-05,,too_rare,,,
20993,0.0,,too_rare,,,
20994,2.8008066323101054e-05,,too_rare,,,
20995,0.0,,too_rare,,,
20996,2.8008066323101054e-05,,too_rare,,,
20997,0.0,,too_rare,,,
20998,0.0,,too_rare,,,
20999,2.8008066323101054e-05,,too_rare,,,
21000,0.0,,too_rare,,,
21001,0.0,,too_rare,,,
21002,0.0,,too_rare,,,
21003,0.0,,too_rare,,,
21004,0.0,,too_rare,,,
21005,0.0,,too_rare,,,
21006,0.0,,too_rare,,,
21007,0.0,,too_rare,,,
21008,0.0,,too_rare,,,
21009,2.8008066323101054e-05,,too_rare,,,
21010,0.0,,too_rare,,,
21011,0.0,,too_rare,,,
21012,0.0,,too_rare,,,
21013,0.0,,too_rare,,,
21014,0.0,,too_rare,,,
21015,0.0,,too_rare,,,
21016,2.8008066323101054e-05,,too_rare,,,
21017,0.0,,too_rare,,,
21018,0.0,,too_rare,,,
21019,8.402419896930316e-05,,too_rare,,,
21020,0.0,,too_rare,,,
21021,5.601613264620211e-05,,too_rare,,,
21022,0.0,,too_rare,,,
21023,0.0,,too_rare,,,
21024,5.601613264620211e-05,,too_rare,,,
21025,2.8008066323101054e-05,,too_rare,,,
21026,0.0,,too_rare,,,
21027,0.0,,too_rare,,,
21028,5.601613264620211e-05,,too_rare,,,
21029,0.0,,too_rare,,,
21030,0.0,,too_rare,,,
21031,0.0,,too_rare,,,
21032,0.0,,too_rare,,,
21033,0.0008962581223392337,,too_rare,,,
21035,0.0,,too_rare,,,
21036,0.0,,too_rare,,,
21038,0.0,,too_rare,,,
21039,0.0,,too_rare,,,
21040,5.601613264620211e-05,,too_rare,,,
21041,0.0004201209948465158,,too_rare,,,
21042,0.0,,too_rare,,,
21043,2.8008066323101054e-05,,too_rare,,,
21044,0.0,,too_rare,,,
21045,0.00011203226529240422,,too_rare,,,
21046,0.0,,too_rare,,,
21047,2.8008066323101054e-05,,too_rare,,,
21048,2.8008066323101054e-05,,too_rare,,,
21049,2.8008066323101054e-05,,too_rare,,,
21050,0.0,,too_rare,,,
21051,0.0,,too_rare,,,
21052,0.0,,too_rare,,,
21053,0.0,,too_rare,,,
21054,0.0,,too_rare,,,
21055,0.0,,too_rare,,,
21056,0.0,,too_rare,,,
21057,2.8008066323101054e-05,,too_rare,,,
21058,0.0,,too_rare,,,
21059,0.0,,too_rare,,,
21060,0.0,,too_rare,,,
21061,2.8008066323101054e-05,,too_rare,,,
21062,0.0,,too_rare,,,
21063,0.0,,too_rare,,,
21064,0.00019605646426170737,,too_rare,,,
21065,0.0,,too_rare,,,
21066,0.0,,too_rare,,,
21067,0.0,,too_rare,,,
21068,2.8008066323101054e-05,,too_rare,,,
21069,5.601613264620211e-05,,too_rare,,,
21070,0.0,,too_rare,,,
21071,8.402419896930316e-05,,too_rare,,,
21072,0.0,,too_rare,,,
21073,0.0,,too_rare,,,
21074,0.002996863096571813,,too_rare,,,
21075,0.0009522742549854358,,too_rare,,,
21076,0.0,,too_rare,,,
21077,2.8008066323101054e-05,,too_rare,,,
21078,0.0,,too_rare,,,
21079,0.0,,too_rare,,,
21080,0.0,,too_rare,,,
21081,0.0,,too_rare,,,
21082,0.0,,too_rare,,,
21083,0.0,,too_rare,,,
21084,0.0,,too_rare,,,
21085,0.0,,too_rare,,,
21086,0.0023246695048173872,,too_rare,,,
21087,0.0,,too_rare,,,
21088,0.0,,too_rare,,,
21089,5.601613264620211e-05,,too_rare,,,
21090,0.0,,too_rare,,,
21091,0.0,,too_rare,,,
21092,0.00019605646426170737,,too_rare,,,
21093,0.0,,too_rare,,,
21094,2.8008066323101054e-05,,too_rare,,,
21095,0.0,,too_rare,,,
21096,0.0,,too_rare,,,
21097,0.0,,too_rare,,,
21098,0.0,,too_rare,,,
21099,0.0,,too_rare,,,
21100,0.0,,too_rare,,,
21101,0.0,,too_rare,,,
21102,0.0,,too_rare,,,
21103,0.0,,too_rare,,,
21104,0.0,,too_rare,,,
21105,0.0,,too_rare,,,
21106,0.0,,too_rare,,,
21107,0.0,,too_rare,,,
21108,0.0,,too_rare,,,
21109,0.0,,too_rare,,,
21110,2.8008066323101054e-05,,too_rare,,,
21111,0.0,,too_rare,,,
21112,0.0,,too_rare,,,
21113,0.0,,too_rare,,,
21114,0.0,,too_rare,,,
21115,0.0,,too_rare,,,
21116,0.0,,too_rare,,,
21117,2.8008066323101054e-05,,too_rare,,,
21118,0.0,,too_rare,,,
21119,0.0,,too_rare,,,
21120,0.0,,too_rare,,,
21121,0.0,,too_rare,,,
21122,0.0,,too_rare,,,
21123,0.0,,too_rare,,,
21124,0.0,,too_rare,,,
21125,0.0,,too_rare,,,
21126,0.0,,too_rare,,,
21127,0.0,,too_rare,,,
21128,0.0,,too_rare,,,
21129,0.0,,too_rare,,,
21130,0.0,,too_rare,,,
21131,0.0,,too_rare,,,
21132,0.00016804839793860632,,too_rare,,,
21133,0.000504145193815819,,too_rare,,,
21134,0.0,,too_rare,,,
21135,0.0,,too_rare,,,
21136,0.0,,too_rare,,,
21137,2.8008066323101054e-05,,too_rare,,,
21138,0.0,,too_rare,,,
21139,0.0,,too_rare,,,
21140,0.0,,too_rare,,,
21141,2.8008066323101054e-05,,too_rare,,,
21142,0.0,,too_rare,,,
21143,0.0,,too_rare,,,
21144,0.0,,too_rare,,,
21145,2.8008066323101054e-05,,too_rare,,,
21146,0.0,,too_rare,,,
21147,0.0,,too_rare,,,
21148,0.0,,too_rare,,,
21149,0.0,,too_rare,,,
21150,0.0,,too_rare,,,
21151,0.0,,too_rare,,,
21152,0.0,,too_rare,,,
21153,0.0,,too_rare,,,
21154,0.0,,too_rare,,,
21155,0.0,,too_rare,,,
21156,0.0,,too_rare,,,
21157,0.0,,too_rare,,,
21158,5.601613264620211e-05,,too_rare,,,
21159,0.0,,too_rare,,,
21160,0.0,,too_rare,,,
21161,2.8008066323101054e-05,,too_rare,,,
21162,0.0,,too_rare,,,
21163,0.0,,too_rare,,,
21164,0.0,,too_rare,,,
21165,0.0,,too_rare,,,
21166,0.0,,too_rare,,,
21167,0.0,,too_rare,,,
21168,2.8008066323101054e-05,,too_rare,,,
21169,0.0,,too_rare,,,
21170,0.0,,too_rare,,,
21171,8.402419896930316e-05,,too_rare,,,
21172,0.0,,too_rare,,,
21173,0.0,,too_rare,,,
21174,0.0,,too_rare,,,
21175,0.0,,too_rare,,,
21176,0.0,,too_rare,,,
21177,0.0017084920457091641,,too_rare,,,
21178,0.0,,too_rare,,,
21179,5.601613264620211e-05,,too_rare,,,
21180,0.0,,too_rare,,,
21181,0.0,,too_rare,,,
21182,0.002492717902755994,,too_rare,,,
21183,0.0,,too_rare,,,
21184,2.8008066323101054e-05,,too_rare,,,
21185,0.0,,too_rare,,,
21186,0.0004761371274927179,,too_rare,,,
21187,5.601613264620211e-05,,too_rare,,,
21188,0.0,,too_rare,,,
21189,2.8008066323101054e-05,,too_rare,,,
21190,0.0,,too_rare,,,
21191,0.0,,too_rare,,,
21192,0.0,,too_rare,,,
21193,0.0,,too_rare,,,
21194,0.0,,too_rare,,,
21195,0.0,,too_rare,,,
21196,0.0,,too_rare,,,
21197,0.0,,too_rare,,,
21198,0.0,,too_rare,,,
21199,2.8008066323101054e-05,,too_rare,,,
21200,0.0,,too_rare,,,
21201,2.8008066323101054e-05,,too_rare,,,
21202,0.0,,too_rare,,,
21203,0.0,,too_rare,,,
21204,0.0,,too_rare,,,
21205,0.0,,too_rare,,,
21206,0.0,,too_rare,,,
21207,0.0,,too_rare,,,
21208,0.0,,too_rare,,,
21209,0.0,,too_rare,,,
21210,0.0,,too_rare,,,
21211,0.0,,too_rare,,,
21212,0.0,,too_rare,,,
21214,0.0,,too_rare,,,
21215,0.0002800806632310105,,too_rare,,,
21216,2.8008066323101054e-05,,too_rare,,,
21217,0.0,,too_rare,,,
21218,0.0,,too_rare,,,
21219,0.0,,too_rare,,,
21220,0.0,,too_rare,,,
21221,0.00011203226529240422,,too_rare,,,
21222,0.0,,too_rare,,,
21223,8.402419896930316e-05,,too_rare,,,
21224,0.0,,too_rare,,,
21225,8.402419896930316e-05,,too_rare,,,
21226,0.0,,too_rare,,,
21227,0.0,,too_rare,,,
21228,0.0,,too_rare,,,
21229,0.0,,too_rare,,,
21230,0.0,,too_rare,,,
21231,0.0,,too_rare,,,
21232,0.0,,too_rare,,,
21234,0.0,,too_rare,,,
21235,0.0,,too_rare,,,
21237,0.0,,too_rare,,,
21238,0.0,,too_rare,,,
21239,0.0,,too_rare,,,
21240,2.8008066323101054e-05,,too_rare,,,
21241,0.0,,too_rare,,,
21242,0.0,,too_rare,,,
21243,2.8008066323101054e-05,,too_rare,,,
21244,0.0,,too_rare,,,
21245,5.601613264620211e-05,,too_rare,,,
21246,0.0,,too_rare,,,
21247,0.0,,too_rare,,,
21248,0.0,,too_rare,,,
21249,0.0,,too_rare,,,
21250,0.0,,too_rare,,,
21251,0.0,,too_rare,,,
21252,0.0,,too_rare,,,
21253,0.0,,too_rare,,,
21254,0.0,,too_rare,,,
21255,0.0,,too_rare,,,
21256,0.0,,too_rare,,,
21257,2.8008066323101054e-05,,too_rare,,,
21258,0.0,,too_rare,,,
21260,0.0,,too_rare,,,
21261,0.0,,too_rare,,,
21262,0.0,,too_rare,,,
21263,0.0,,too_rare,,,
21264,2.8008066323101054e-05,,too_rare,,,
21265,0.0,,too_rare,,,
21266,0.0,,too_rare,,,
21267,0.0,,too_rare,,,
21268,0.0,,too_rare,,,
21269,2.8008066323101054e-05,,too_rare,,,
21270,2.8008066323101054e-05,,too_rare,,,
21271,0.0,,too_rare,,,
21272,0.0,,too_rare,,,
21273,0.0,,too_rare,,,
21274,0.00016804839793860632,,too_rare,,,
21275,0.0,,too_rare,,,
21276,0.0,,too_rare,,,
21277,2.8008066323101054e-05,,too_rare,,,
21278,0.0067499439838673535,,too_rare,,,
21279,0.0,,too_rare,,,
21280,0.0,,too_rare,,,
21281,0.0,,too_rare,,,
21282,0.0,,too_rare,,,
21283,0.0012043468518933454,,too_rare,,,
21284,0.0,,too_rare,,,
21285,0.0,,too_rare,,,
21286,5.601613264620211e-05,,too_rare,,,
21287,0.0,,too_rare,,,
21288,0.00022406453058480843,,too_rare,,,
21289,0.0,,too_rare,,,
21290,0.0,,too_rare,,,
21291,0.0,,too_rare,,,
21292,0.0,,too_rare,,,
21293,0.0,,too_rare,,,
21294,0.0,,too_rare,,,
21295,2.8008066323101054e-05,,too_rare,,,
21296,2.8008066323101054e-05,,too_rare,,,
21297,0.0,,too_rare,,,
21298,0.0,,too_rare,,,
21299,0.0,,too_rare,,,
21300,0.0,,too_rare,,,
21301,0.0,,too_rare,,,
21302,2.8008066323101054e-05,,too_rare,,,
21303,0.0,,too_rare,,,
21304,0.0,,too_rare,,,
21305,0.0,,too_rare,,,
21306,0.0,,too_rare,,,
21307,5.601613264620211e-05,,too_rare,,,
21308,0.0,,too_rare,,,
21309,0.0,,too_rare,,,
21310,2.8008066323101054e-05,,too_rare,,,
21311,0.0,,too_rare,,,
21312,0.0,,too_rare,,,
21313,0.0,,too_rare,,,
21314,0.0,,too_rare,,,
21315,0.0002800806632310105,,too_rare,,,
21316,0.0,,too_rare,,,
21317,2.8008066323101054e-05,,too_rare,,,
21318,0.0,,too_rare,,,
21319,0.0,,too_rare,,,
21320,0.0,,too_rare,,,
21321,0.0,,too_rare,,,
21322,0.0,,too_rare,,,
21323,0.0,,too_rare,,,
21324,0.0,,too_rare,,,
21325,0.0,,too_rare,,,
21326,0.003557024423033834,,too_rare,,,
21327,0.0,,too_rare,,,
21328,0.0,,too_rare,,,
21329,0.0,,too_rare,,,
21330,2.8008066323101054e-05,,too_rare,,,
21331,0.0,,too_rare,,,
21332,0.0,,too_rare,,,
21333,0.0,,too_rare,,,
21334,0.0,,too_rare,,,
21335,2.8008066323101054e-05,,too_rare,,,
21336,0.0,,too_rare,,,
21337,0.0,,too_rare,,,
21338,0.0,,too_rare,,,
21339,0.0,,too_rare,,,
21340,0.0,,too_rare,,,
21341,5.601613264620211e-05,,too_rare,,,
21342,0.0,,too_rare,,,
21343,0.0,,too_rare,,,
21344,0.0,,too_rare,,,
21345,0.0,,too_rare,,,
21346,0.0,,too_rare,,,
21347,0.0,,too_rare,,,
21348,0.0,,too_rare,,,
21349,2.8008066323101054e-05,,too_rare,,,
21350,0.0,,too_rare,,,
21351,2.8008066323101054e-05,,too_rare,,,
21352,0.0,,too_rare,,,
21353,0.0,,too_rare,,,
21354,0.0009522742549854358,,too_rare,,,
21355,0.0,,too_rare,,,
21356,0.0,,too_rare,,,
21357,0.0,,too_rare,,,
21358,0.00044812906116961686,,too_rare,,,
21359,0.000504145193815819,,too_rare,,,
21360,2.8008066323101054e-05,,too_rare,,,
21361,5.601613264620211e-05,,too_rare,,,
21362,0.0,,too_rare,,,
21363,0.0,,too_rare,,,
21364,0.0,,too_rare,,,
21365,2.8008066323101054e-05,,too_rare,,,
21366,0.0,,too_rare,,,
21367,0.0,,too_rare,,,
21368,0.0,,too_rare,,,
21369,0.00638583912166704,,too_rare,,,
21370,2.8008066323101054e-05,,too_rare,,,
21371,2.8008066323101054e-05,,too_rare,,,
21372,0.0,,too_rare,,,
21373,0.0,,too_rare,,,
21374,0.0,,too_rare,,,
21375,0.00044812906116961686,,too_rare,,,
21376,2.8008066323101054e-05,,too_rare,,,
21377,0.00039211292852341475,,too_rare,,,
21378,0.0,,too_rare,,,
21379,2.8008066323101054e-05,,too_rare,,,
21380,5.601613264620211e-05,,too_rare,,,
21381,0.0,,too_rare,,,
21382,0.0,,too_rare,,,
21383,0.0,,too_rare,,,
21384,0.0,,too_rare,,,
21385,0.0,,too_rare,,,
21386,0.0,,too_rare,,,
21387,0.0,,too_rare,,,
21388,2.8008066323101054e-05,,too_rare,,,
21389,0.0,,too_rare,,,
21390,0.0008682500560161327,,too_rare,,,
21391,0.0,,too_rare,,,
21392,0.0,,too_rare,,,
21394,0.0,,too_rare,,,
21395,0.0,,too_rare,,,
21396,0.0,,too_rare,,,
21397,0.0,,too_rare,,,
21398,0.0,,too_rare,,,
21400,0.0,,too_rare,,,
21401,0.0,,too_rare,,,
21402,0.0,,too_rare,,,
21403,0.0,,too_rare,,,
21405,0.0,,too_rare,,,
21406,2.8008066323101054e-05,,too_rare,,,
21407,0.00053215326013892,,too_rare,,,
21408,0.0,,too_rare,,,
21409,0.0,,too_rare,,,
21411,0.0,,too_rare,,,
21412,2.8008066323101054e-05,,too_rare,,,
21413,0.0009522742549854358,,too_rare,,,
21414,0.002576742101725297,,too_rare,,,
21415,0.00019605646426170737,,too_rare,,,
21416,0.0,,too_rare,,,
21417,0.0,,too_rare,,,
21418,0.0,,too_rare,,,
21419,0.0,,too_rare,,,
21420,0.00019605646426170737,,too_rare,,,
21421,0.0,,too_rare,,,
21422,0.0,,too_rare,,,
21423,0.0,,too_rare,,,
21424,2.8008066323101054e-05,,too_rare,,,
21425,2.8008066323101054e-05,,too_rare,,,
21426,0.00011203226529240422,,too_rare,,,
21427,0.0,,too_rare,,,
21428,0.0,,too_rare,,,
21429,0.0,,too_rare,,,
21430,0.0,,too_rare,,,
21431,0.0,,too_rare,,,
21432,0.003753080887295541,,too_rare,,,
21433,0.0,,too_rare,,,
21434,0.0,,too_rare,,,
21435,0.0,,too_rare,,,
21436,0.0,,too_rare,,,
21437,0.0,,too_rare,,,
21438,0.0,,too_rare,,,
21439,0.0,,too_rare,,,
21440,0.0,,too_rare,,,
21441,0.0,,too_rare,,,
21442,0.00044812906116961686,,too_rare,,,
21443,0.0,,too_rare,,,
21444,2.8008066323101054e-05,,too_rare,,,
21445,0.0,,too_rare,,,
21446,0.0,,too_rare,,,
21447,0.0,,too_rare,,,
21448,2.8008066323101054e-05,,too_rare,,,
21449,0.0,,too_rare,,,
21450,2.8008066323101054e-05,,too_rare,,,
21451,0.0,,too_rare,,,
21452,0.00016804839793860632,,too_rare,,,
21453,0.0,,too_rare,,,
21454,0.0,,too_rare,,,
21455,0.0,,too_rare,,,
21456,2.8008066323101054e-05,,too_rare,,,
21457,0.002212637239524983,,too_rare,,,
21458,2.8008066323101054e-05,,too_rare,,,
21459,0.0,,too_rare,,,
21460,0.0,,too_rare,,,
21461,0.0,,too_rare,,,
21462,2.8008066323101054e-05,,too_rare,,,
21463,5.601613264620211e-05,,too_rare,,,
21465,0.0,,too_rare,,,
21466,0.0,,too_rare,,,
21467,0.0,,too_rare,,,
21468,0.0,,too_rare,,,
21469,0.0,,too_rare,,,
21470,0.0028848308312794083,,too_rare,,,
21471,0.0019045485099708716,,too_rare,,,
21473,0.0,,too_rare,,,
21474,0.0002520725969079095,,too_rare,,,
21475,0.0,,too_rare,,,
21476,0.0,,too_rare,,,
21477,0.0,,too_rare,,,
21478,0.0,,too_rare,,,
21479,0.0,,too_rare,,,
21480,0.00019605646426170737,,too_rare,,,
21481,0.0,,too_rare,,,
21482,0.0,,too_rare,,,
21483,0.00011203226529240422,,too_rare,,,
21484,0.0,,too_rare,,,
21485,2.8008066323101054e-05,,too_rare,,,
21486,0.0,,too_rare,,,
21487,0.0,,too_rare,,,
21488,2.8008066323101054e-05,,too_rare,,,
21489,0.0,,too_rare,,,
21490,0.0,,too_rare,,,
21491,0.0,,too_rare,,,
21492,0.0,,too_rare,,,
21493,0.0,,too_rare,,,
21494,2.8008066323101054e-05,,too_rare,,,
21495,0.0,,too_rare,,,
21496,0.0,,too_rare,,,
21497,0.0,,too_rare,,,
21498,0.0,,too_rare,,,
21499,0.0,,too_rare,,,
21500,0.0,,too_rare,,,
21501,0.0,,too_rare,,,
21502,0.0,,too_rare,,,
21503,0.0,,too_rare,,,
21504,0.0006441855254313242,,too_rare,,,
21505,0.0,,too_rare,,,
21506,0.0,,too_rare,,,
21507,0.0,,too_rare,,,
21508,0.0,,too_rare,,,
21509,0.0,,too_rare,,,
21510,2.8008066323101054e-05,,too_rare,,,
21511,0.0,,too_rare,,,
21512,0.0,,too_rare,,,
21513,0.0,,too_rare,,,
21514,0.0,,too_rare,,,
21515,2.8008066323101054e-05,,too_rare,,,
21516,0.0,,too_rare,,,
21517,0.0,,too_rare,,,
21518,2.8008066323101054e-05,,too_rare,,,
21519,0.0,,too_rare,,,
21520,5.601613264620211e-05,,too_rare,,,
21521,0.0002520725969079095,,too_rare,,,
21522,0.0,,too_rare,,,
21523,0.0,,too_rare,,,
21524,0.0,,too_rare,,,
21525,0.0,,too_rare,,,
21526,0.0,,too_rare,,,
21527,0.0,,too_rare,,,
21528,0.0,,too_rare,,,
21529,0.0,,too_rare,,,
21530,0.0,,too_rare,,,
21531,0.0,,too_rare,,,
21532,0.0,,too_rare,,,
21533,0.0,,too_rare,,,
21534,0.0,,too_rare,,,
21535,0.0,,too_rare,,,
21536,0.0,,too_rare,,,
21537,0.0,,too_rare,,,
21538,0.0,,too_rare,,,
21539,0.0,,too_rare,,,
21540,8.402419896930316e-05,,too_rare,,,
21541,0.0,,too_rare,,,
21542,0.0,,too_rare,,,
21543,0.0,,too_rare,,,
21544,5.601613264620211e-05,,too_rare,,,
21545,0.0,,too_rare,,,
21546,0.0018485323773246695,,too_rare,,,
21547,8.402419896930316e-05,,too_rare,,,
21548,0.0,,too_rare,,,
21549,0.0,,too_rare,,,
21550,0.00011203226529240422,,too_rare,,,
21551,0.0,,too_rare,,,
21552,0.0,,too_rare,,,
21553,0.0,,too_rare,,,
21554,5.601613264620211e-05,,too_rare,,,
21555,0.0,,too_rare,,,
21556,2.8008066323101054e-05,,too_rare,,,
21557,0.0,,too_rare,,,
21558,0.0008962581223392337,,too_rare,,,
21559,0.00022406453058480843,,too_rare,,,
21560,0.0,,too_rare,,,
21561,0.0,,too_rare,,,
21562,0.0,,too_rare,,,
21563,2.8008066323101054e-05,,too_rare,,,
21564,0.0,,too_rare,,,
21565,0.0,,too_rare,,,
21566,0.0,,too_rare,,,
21567,0.0,,too_rare,,,
21568,0.0,,too_rare,,,
21569,0.0,,too_rare,,,
21570,0.0,,too_rare,,,
21571,0.0,,too_rare,,,
21572,0.0,,too_rare,,,
21573,0.001624467846739861,,too_rare,,,
21574,0.0,,too_rare,,,
21575,0.0,,too_rare,,,
21576,2.8008066323101054e-05,,too_rare,,,
21577,0.0,,too_rare,,,
21578,0.0,,too_rare,,,
21579,0.0,,too_rare,,,
21580,0.0,,too_rare,,,
21581,0.0,,too_rare,,,
21582,0.0,,too_rare,,,
21583,0.0,,too_rare,,,
21584,5.601613264620211e-05,,too_rare,,,
21585,2.8008066323101054e-05,,too_rare,,,
21586,0.0,,too_rare,,,
21587,0.0009522742549854358,,too_rare,,,
21588,0.0,,too_rare,,,
21589,0.0,,too_rare,,,
21590,2.8008066323101054e-05,,too_rare,,,
21591,0.0,,too_rare,,,
21592,0.0,,too_rare,,,
21593,0.0,,too_rare,,,
21594,0.0008122339233699305,,too_rare,,,
21595,0.0,,too_rare,,,
21596,0.0,,too_rare,,,
21597,0.0,,too_rare,,,
21599,0.0,,too_rare,,,
21600,0.0,,too_rare,,,
21601,0.0,,too_rare,,,
21602,0.0,,too_rare,,,
21603,0.00033609679587721263,,too_rare,,,
21604,0.0,,too_rare,,,
21606,0.0,,too_rare,,,
21607,0.0,,too_rare,,,
21608,0.0,,too_rare,,,
21610,0.0,,too_rare,,,
21611,0.0,,too_rare,,,
21612,0.0,,too_rare,,,
21613,0.0,,too_rare,,,
21614,0.0,,too_rare,,,
21615,0.0,,too_rare,,,
21616,0.00036410486220031366,,too_rare,,,
21617,0.0,,too_rare,,,
21618,0.0,,too_rare,,,
21619,0.0,,too_rare,,,
21620,0.0012323549182164464,,too_rare,,,
21621,0.0,,too_rare,,,
21622,0.0,,too_rare,,,
21623,0.0,,too_rare,,,
21624,0.0,,too_rare,,,
21625,2.8008066323101054e-05,,too_rare,,,
21626,0.00011203226529240422,,too_rare,,,
21627,0.0,,too_rare,,,
21628,0.0,,too_rare,,,
21629,0.0,,too_rare,,,
21630,0.0,,too_rare,,,
21631,0.0,,too_rare,,,
21632,0.0,,too_rare,,,
21633,0.0,,too_rare,,,
21634,0.0,,too_rare,,,
21635,0.0,,too_rare,,,
21636,0.0,,too_rare,,,
21637,0.0,,too_rare,,,
21638,0.0,,too_rare,,,
21639,0.0,,too_rare,,,
21640,0.0,,too_rare,,,
21641,0.0,,too_rare,,,
21642,0.0,,too_rare,,,
21643,0.0,,too_rare,,,
21644,2.8008066323101054e-05,,too_rare,,,
21645,2.8008066323101054e-05,,too_rare,,,
21646,0.0,,too_rare,,,
21647,0.0,,too_rare,,,
21648,2.8008066323101054e-05,,too_rare,,,
21649,0.0,,too_rare,,,
21650,0.0,,too_rare,,,
21651,5.601613264620211e-05,,too_rare,,,
21652,0.0,,too_rare,,,
21653,2.8008066323101054e-05,,too_rare,,,
21654,0.008038315034730003,,too_rare,,,
21656,0.0,,too_rare,,,
21657,0.0,,too_rare,,,
21658,0.0,,too_rare,,,
21659,0.0,,too_rare,,,
21660,0.0,,too_rare,,,
21661,0.0,,too_rare,,,
21662,2.8008066323101054e-05,,too_rare,,,
21663,5.601613264620211e-05,,too_rare,,,
21665,0.0,,too_rare,,,
21666,0.000560161326462021,,too_rare,,,
21667,2.8008066323101054e-05,,too_rare,,,
21668,0.00016804839793860632,,too_rare,,,
21669,0.0,,too_rare,,,
21670,5.601613264620211e-05,,too_rare,,,
21671,0.0,,too_rare,,,
21672,0.0,,too_rare,,,
21673,2.8008066323101054e-05,,too_rare,,,
21674,0.0,,too_rare,,,
21675,0.0,,too_rare,,,
21676,0.0007562177907237285,,too_rare,,,
21677,0.0,,too_rare,,,
21678,0.0,,too_rare,,,
21679,0.00014004033161550526,,too_rare,,,
21680,0.0,,too_rare,,,
21681,0.0,,too_rare,,,
21682,0.0,,too_rare,,,
21683,0.0,,too_rare,,,
21684,0.0,,too_rare,,,
21685,0.0,,too_rare,,,
21686,2.8008066323101054e-05,,too_rare,,,
21687,0.0,,too_rare,,,
21688,0.0,,too_rare,,,
21689,2.8008066323101054e-05,,too_rare,,,
21690,0.0,,too_rare,,,
21691,0.0,,too_rare,,,
21692,0.0,,too_rare,,,
21693,0.0,,too_rare,,,
21694,0.0,,too_rare,,,
21695,0.0,,too_rare,,,
21696,0.0,,too_rare,,,
21698,2.8008066323101054e-05,,too_rare,,,
21699,0.0,,too_rare,,,
21700,2.8008066323101054e-05,,too_rare,,,
21701,0.0,,too_rare,,,
21702,0.0,,too_rare,,,
21703,2.8008066323101054e-05,,too_rare,,,
21704,0.0,,too_rare,,,
21705,0.0,,too_rare,,,
21706,2.8008066323101054e-05,,too_rare,,,
21707,8.402419896930316e-05,,too_rare,,,
21708,0.002520725969079095,,too_rare,,,
21709,0.0,,too_rare,,,
21710,2.8008066323101054e-05,,too_rare,,,
21711,0.0,,too_rare,,,
21712,0.0,,too_rare,,,
21713,0.0,,too_rare,,,
21714,0.0,,too_rare,,,
21715,0.0,,too_rare,,,
21716,0.0,,too_rare,,,
21717,0.0,,too_rare,,,
21718,5.601613264620211e-05,,too_rare,,,
21719,2.8008066323101054e-05,,too_rare,,,
21720,2.8008066323101054e-05,,too_rare,,,
21721,0.0,,too_rare,,,
21722,0.0002800806632310105,,too_rare,,,
21723,0.0,,too_rare,,,
21724,0.0,,too_rare,,,
21725,0.0,,too_rare,,,
21726,0.0,,too_rare,,,
21727,0.0,,too_rare,,,
21728,0.0,,too_rare,,,
21729,0.0,,too_rare,,,
21730,0.0,,too_rare,,,
21731,0.0,,too_rare,,,
21732,0.0004201209948465158,,too_rare,,,
21733,0.0,,too_rare,,,
21734,0.0,,too_rare,,,
21736,2.8008066323101054e-05,,too_rare,,,
21737,0.0,,too_rare,,,
21738,0.0,,too_rare,,,
21739,0.0,,too_rare,,,
21740,0.0,,too_rare,,,
21741,0.0,,too_rare,,,
21742,0.0,,too_rare,,,
21743,0.0003080887295541116,,too_rare,,,
21744,0.0,,too_rare,,,
21745,2.8008066323101054e-05,,too_rare,,,
21746,2.8008066323101054e-05,,too_rare,,,
21747,0.0,,too_rare,,,
21748,0.0,,too_rare,,,
21749,0.0,,too_rare,,,
21750,0.0,,too_rare,,,
21751,0.0,,too_rare,,,
21752,0.0,,too_rare,,,
21753,0.0,,too_rare,,,
21754,0.0,,too_rare,,,
21755,0.0,,too_rare,,,
21756,0.0,,too_rare,,,
21757,0.0,,too_rare,,,
21758,2.8008066323101054e-05,,too_rare,,,
21759,0.0,,too_rare,,,
21760,0.0,,too_rare,,,
21761,8.402419896930316e-05,,too_rare,,,
21762,0.0,,too_rare,,,
21763,2.8008066323101054e-05,,too_rare,,,
21764,0.0,,too_rare,,,
21765,0.0,,too_rare,,,
21766,0.0,,too_rare,,,
21767,0.0,,too_rare,,,
21768,0.0,,too_rare,,,
21769,0.0,,too_rare,,,
21770,2.8008066323101054e-05,,too_rare,,,
21771,0.0,,too_rare,,,
21772,0.0,,too_rare,,,
21773,0.0,,too_rare,,,
21774,0.0,,too_rare,,,
21775,0.0,,too_rare,,,
21776,0.0,,too_rare,,,
21777,0.0,,too_rare,,,
21778,2.8008066323101054e-05,,too_rare,,,
21779,5.601613264620211e-05,,too_rare,,,
21780,0.0,,too_rare,,,
21781,0.0,,too_rare,,,
21782,5.601613264620211e-05,,too_rare,,,
21784,0.00014004033161550526,,too_rare,,,
21785,0.0,,too_rare,,,
21786,0.00036410486220031366,,too_rare,,,
21787,0.0,,too_rare,,,
21788,0.0,,too_rare,,,
21789,0.0006441855254313242,,too_rare,,,
21790,0.0,,too_rare,,,
21791,0.00016804839793860632,,too_rare,,,
21792,0.0,,too_rare,,,
21793,0.0,,too_rare,,,
21794,0.0,,too_rare,,,
21795,0.0,,too_rare,,,
21796,0.0,,too_rare,,,
21797,0.0,,too_rare,,,
21798,0.0,,too_rare,,,
21799,5.601613264620211e-05,,too_rare,,,
21800,0.0,,too_rare,,,
21801,2.8008066323101054e-05,,too_rare,,,
21802,0.0,,too_rare,,,
21803,0.0,,too_rare,,,
21804,0.0,,too_rare,,,
21805,0.0007842258570468295,,too_rare,,,
21806,0.0018205243110015685,,too_rare,,,
21807,0.0,,too_rare,,,
21808,0.0,,too_rare,,,
21809,0.0,,too_rare,,,
21810,0.0,,too_rare,,,
21811,5.601613264620211e-05,,too_rare,,,
21812,0.0,,too_rare,,,
21813,0.0,,too_rare,,,
21814,0.0,,too_rare,,,
21815,0.0,,too_rare,,,
21816,0.0028848308312794083,,too_rare,,,
21817,0.0,,too_rare,,,
21818,0.0,,too_rare,,,
21819,0.0,,too_rare,,,
21820,0.0,,too_rare,,,
21821,0.0,,too_rare,,,
21822,0.0,,too_rare,,,
21823,5.601613264620211e-05,,too_rare,,,
21824,0.0,,too_rare,,,
21825,0.008598476361192023,,too_rare,,,
21826,0.0,,too_rare,,,
21827,0.0,,too_rare,,,
21828,0.0,,too_rare,,,
21829,0.0,,too_rare,,,
21830,0.0,,too_rare,,,
21831,2.8008066323101054e-05,,too_rare,,,
21832,2.8008066323101054e-05,,too_rare,,,
21833,0.0,,too_rare,,,
21834,0.0,,too_rare,,,
21835,0.0,,too_rare,,,
21836,0.00053215326013892,,too_rare,,,
21837,2.8008066323101054e-05,,too_rare,,,
21838,0.0,,too_rare,,,
21840,0.0,,too_rare,,,
21841,0.0,,too_rare,,,
21842,0.0,,too_rare,,,
21843,0.0,,too_rare,,,
21844,0.0,,too_rare,,,
21845,0.0,,too_rare,,,
21846,0.00019605646426170737,,too_rare,,,
21847,0.0,,too_rare,,,
21848,0.0,,too_rare,,,
21849,0.0,,too_rare,,,
21850,5.601613264620211e-05,,too_rare,,,
21851,0.0,,too_rare,,,
21852,0.003248935693479722,,too_rare,,,
21853,0.0,,too_rare,,,
21854,5.601613264620211e-05,,too_rare,,,
21855,0.0,,too_rare,,,
21856,0.0,,too_rare,,,
21857,0.00011203226529240422,,too_rare,,,
21858,0.0,,too_rare,,,
21859,0.0,,too_rare,,,
21860,0.0,,too_rare,,,
21861,0.0,,too_rare,,,
21862,5.601613264620211e-05,,too_rare,,,
21863,0.0,,too_rare,,,
21864,0.0,,too_rare,,,
21865,5.601613264620211e-05,,too_rare,,,
21866,0.0,,too_rare,,,
21868,0.0,,too_rare,,,
21869,0.0,,too_rare,,,
21870,0.0,,too_rare,,,
21871,0.0,,too_rare,,,
21872,2.8008066323101054e-05,,too_rare,,,
21873,0.0,,too_rare,,,
21874,0.00014004033161550526,,too_rare,,,
21875,0.0,,too_rare,,,
21876,0.0,,too_rare,,,
21877,0.0,,too_rare,,,
21878,0.0,,too_rare,,,
21879,0.001148330719247143,,too_rare,,,
21880,0.0,,too_rare,,,
21881,2.8008066323101054e-05,,too_rare,,,
21882,5.601613264620211e-05,,too_rare,,,
21883,0.0013163791171857495,,too_rare,,,
21884,0.0,,too_rare,,,
21885,0.0,,too_rare,,,
21886,0.0,,too_rare,,,
21887,0.0,,too_rare,,,
21888,0.0,,too_rare,,,
21889,0.0,,too_rare,,,
21890,0.0,,too_rare,,,
21891,0.0,,too_rare,,,
21892,2.8008066323101054e-05,,too_rare,,,
21893,0.0,,too_rare,,,
21894,0.0,,too_rare,,,
21895,0.0,,too_rare,,,
21896,5.601613264620211e-05,,too_rare,,,
21897,0.0,,too_rare,,,
21898,0.0,,too_rare,,,
21899,0.0,,too_rare,,,
21900,0.0,,too_rare,,,
21901,0.0,,too_rare,,,
21902,2.8008066323101054e-05,,too_rare,,,
21903,0.0,,too_rare,,,
21904,0.001148330719247143,,too_rare,,,
21905,0.0,,too_rare,,,
21906,0.0,,too_rare,,,
21907,5.601613264620211e-05,,too_rare,,,
21908,2.8008066323101054e-05,,too_rare,,,
21909,0.00053215326013892,,too_rare,,,
21910,0.007366121442975577,,too_rare,,,
21911,0.00039211292852341475,,too_rare,,,
21912,0.0,,too_rare,,,
21913,8.402419896930316e-05,,too_rare,,,
21915,0.0009522742549854358,,too_rare,,,
21916,0.0,,too_rare,,,
21917,0.0,,too_rare,,,
21918,5.601613264620211e-05,,too_rare,,,
21919,0.0,,too_rare,,,
21920,0.0,,too_rare,,,
21921,0.0,,too_rare,,,
21922,0.0,,too_rare,,,
21923,0.0,,too_rare,,,
21924,0.0,,too_rare,,,
21925,0.0,,too_rare,,,
21926,2.8008066323101054e-05,,too_rare,,,
21927,0.004033161550526552,,too_rare,,,
21928,2.8008066323101054e-05,,too_rare,,,
21929,0.0,,too_rare,,,
21930,0.0,,too_rare,,,
21931,0.0,,too_rare,,,
21932,0.00039211292852341475,,too_rare,,,
21933,0.0002800806632310105,,too_rare,,,
21934,0.0,,too_rare,,,
21935,0.00044812906116961686,,too_rare,,,
21937,0.0,,too_rare,,,
21938,0.0,,too_rare,,,
21939,0.0,,too_rare,,,
21940,0.0,,too_rare,,,
21941,0.0,,too_rare,,,
21942,0.0,,too_rare,,,
21943,0.0,,too_rare,,,
21944,0.0,,too_rare,,,
21945,0.0,,too_rare,,,
21946,0.0009242661886623348,,too_rare,,,
21947,0.0,,too_rare,,,
21948,0.0,,too_rare,,,
21949,0.0,,too_rare,,,
21950,0.0,,too_rare,,,
21951,0.0,,too_rare,,,
21952,0.0,,too_rare,,,
21953,2.8008066323101054e-05,,too_rare,,,
21954,2.8008066323101054e-05,,too_rare,,,
21955,0.0003080887295541116,,too_rare,,,
21956,2.8008066323101054e-05,,too_rare,,,
21957,8.402419896930316e-05,,too_rare,,,
21958,0.0,,too_rare,,,
21959,2.8008066323101054e-05,,too_rare,,,
21960,2.8008066323101054e-05,,too_rare,,,
21961,0.0,,too_rare,,,
21962,0.0,,too_rare,,,
21963,0.0,,too_rare,,,
21964,0.0,,too_rare,,,
21965,0.0,,too_rare,,,
21966,0.0,,too_rare,,,
21967,0.0,,too_rare,,,
21968,0.0,,too_rare,,,
21969,0.007282097244006274,,too_rare,,,
21970,0.0,,too_rare,,,
21971,0.0,,too_rare,,,
21972,2.8008066323101054e-05,,too_rare,,,
21973,0.00011203226529240422,,too_rare,,,
21974,0.0,,too_rare,,,
21975,2.8008066323101054e-05,,too_rare,,,
21976,0.0,,too_rare,,,
21977,0.0,,too_rare,,,
21978,0.0,,too_rare,,,
21979,0.0,,too_rare,,,
21980,0.0,,too_rare,,,
21981,2.8008066323101054e-05,,too_rare,,,
21982,0.00011203226529240422,,too_rare,,,
21983,0.0,,too_rare,,,
21984,0.0,,too_rare,,,
21985,0.0,,too_rare,,,
21986,0.0,,too_rare,,,
21987,0.0,,too_rare,,,
21988,0.0,,too_rare,,,
21989,0.0,,too_rare,,,
21990,0.0,,too_rare,,,
21991,0.0,,too_rare,,,
21992,0.00022406453058480843,,too_rare,,,
21993,0.0,,too_rare,,,
21994,0.0,,too_rare,,,
21995,0.0,,too_rare,,,
21996,0.0,,too_rare,,,
21997,2.8008066323101054e-05,,too_rare,,,
21998,0.0,,too_rare,,,
21999,2.8008066323101054e-05,,too_rare,,,
22000,0.0,,too_rare,,,
22001,0.0,,too_rare,,,
22002,0.0,,too_rare,,,
22003,0.002548734035402196,,too_rare,,,
22004,0.0,,too_rare,,,
22005,0.0,,too_rare,,,
22006,0.0,,too_rare,,,
22007,2.8008066323101054e-05,,too_rare,,,
22008,0.0,,too_rare,,,
22009,0.00014004033161550526,,too_rare,,,
22010,0.0,,too_rare,,,
22011,0.0,,too_rare,,,
22012,8.402419896930316e-05,,too_rare,,,
22013,0.0,,too_rare,,,
22014,0.0,,too_rare,,,
22015,0.00011203226529240422,,too_rare,,,
22016,0.0,,too_rare,,,
22017,2.8008066323101054e-05,,too_rare,,,
22019,0.0,,too_rare,,,
22020,0.0,,too_rare,,,
22021,0.0003080887295541116,,too_rare,,,
22022,0.0,,too_rare,,,
22023,0.0,,too_rare,,,
22024,2.8008066323101054e-05,,too_rare,,,
22025,0.0,,too_rare,,,
22026,0.0,,too_rare,,,
22027,0.0,,too_rare,,,
22028,0.0,,too_rare,,,
22029,8.402419896930316e-05,,too_rare,,,
22030,0.0,,too_rare,,,
22031,8.402419896930316e-05,,too_rare,,,
22032,0.0,,too_rare,,,
22033,0.0003080887295541116,,too_rare,,,
22034,0.0,,too_rare,,,
22035,0.0,,too_rare,,,
22036,5.601613264620211e-05,,too_rare,,,
22037,0.0,,too_rare,,,
22038,0.0,,too_rare,,,
22039,0.0,,too_rare,,,
22040,0.0,,too_rare,,,
22041,2.8008066323101054e-05,,too_rare,,,
22042,2.8008066323101054e-05,,too_rare,,,
22043,0.0,,too_rare,,,
22044,0.0,,too_rare,,,
22045,0.0,,too_rare,,,
22046,0.0,,too_rare,,,
22047,2.8008066323101054e-05,,too_rare,,,
22048,0.0,,too_rare,,,
22049,0.0,,too_rare,,,
22050,0.0,,too_rare,,,
22052,0.0,,too_rare,,,
22053,0.0,,too_rare,,,
22054,0.0,,too_rare,,,
22055,0.0,,too_rare,,,
22056,0.0,,too_rare,,,
22058,0.0,,too_rare,,,
22059,0.0,,too_rare,,,
22060,0.0,,too_rare,,,
22061,0.0,,too_rare,,,
22062,0.002016580775263276,,too_rare,,,
22063,0.0,,too_rare,,,
22064,0.00039211292852341475,,too_rare,,,
22065,0.0,,too_rare,,,
22066,0.0,,too_rare,,,
22067,0.0,,too_rare,,,
22068,0.0,,too_rare,,,
22069,0.0,,too_rare,,,
22070,0.0,,too_rare,,,
22071,5.601613264620211e-05,,too_rare,,,
22072,0.0,,too_rare,,,
22073,0.0,,too_rare,,,
22074,0.0,,too_rare,,,
22075,0.0,,too_rare,,,
22076,2.8008066323101054e-05,,too_rare,,,
22077,0.0,,too_rare,,,
22078,2.8008066323101054e-05,,too_rare,,,
22079,2.8008066323101054e-05,,too_rare,,,
22080,0.0,,too_rare,,,
22081,0.0,,too_rare,,,
22082,8.402419896930316e-05,,too_rare,,,
22083,0.0,,too_rare,,,
22085,2.8008066323101054e-05,,too_rare,,,
22086,0.000560161326462021,,too_rare,,,
22087,0.0,,too_rare,,,
22088,0.0,,too_rare,,,
22089,0.0,,too_rare,,,
22090,0.0,,too_rare,,,
22091,0.0,,too_rare,,,
22092,0.0,,too_rare,,,
22093,2.8008066323101054e-05,,too_rare,,,
22094,0.0,,too_rare,,,
22095,0.0,,too_rare,,,
22096,0.0,,too_rare,,,
22098,0.0,,too_rare,,,
22099,0.0,,too_rare,,,
22100,0.0,,too_rare,,,
22101,0.0,,too_rare,,,
22102,0.0,,too_rare,,,
22103,2.8008066323101054e-05,,too_rare,,,
22104,0.0,,too_rare,,,
22105,0.0,,too_rare,,,
22106,0.0,,too_rare,,,
22107,0.0,,too_rare,,,
22108,0.0,,too_rare,,,
22109,0.0,,too_rare,,,
22110,0.0,,too_rare,,,
22111,0.0,,too_rare,,,
22112,0.0,,too_rare,,,
22113,2.8008066323101054e-05,,too_rare,,,
22114,0.0,,too_rare,,,
22115,0.0,,too_rare,,,
22116,0.0,,too_rare,,,
22117,0.0,,too_rare,,,
22118,0.0,,too_rare,,,
22119,0.0,,too_rare,,,
22120,0.0,,too_rare,,,
22121,0.0,,too_rare,,,
22122,0.0,,too_rare,,,
22123,0.0,,too_rare,,,
22124,0.008598476361192023,,too_rare,,,
22125,0.00016804839793860632,,too_rare,,,
22126,0.0,,too_rare,,,
22127,0.0,,too_rare,,,
22128,0.0,,too_rare,,,
22129,8.402419896930316e-05,,too_rare,,,
22130,0.0,,too_rare,,,
22131,2.8008066323101054e-05,,too_rare,,,
22132,0.0,,too_rare,,,
22133,2.8008066323101054e-05,,too_rare,,,
22134,0.0,,too_rare,,,
22135,0.0,,too_rare,,,
22136,0.0,,too_rare,,,
22137,0.0,,too_rare,,,
22138,2.8008066323101054e-05,,too_rare,,,
22139,0.0,,too_rare,,,
22140,0.0,,too_rare,,,
22141,0.0,,too_rare,,,
22142,0.0,,too_rare,,,
22143,0.0,,too_rare,,,
22144,2.8008066323101054e-05,,too_rare,,,
22145,0.0,,too_rare,,,
22146,0.0,,too_rare,,,
22147,0.0,,too_rare,,,
22148,0.0,,too_rare,,,
22149,0.0,,too_rare,,,
22150,2.8008066323101054e-05,,too_rare,,,
22151,0.0,,too_rare,,,
22152,0.0,,too_rare,,,
22153,0.0,,too_rare,,,
22154,0.0,,too_rare,,,
22155,2.8008066323101054e-05,,too_rare,,,
22156,0.0,,too_rare,,,
22157,8.402419896930316e-05,,too_rare,,,
22158,0.0,,too_rare,,,
22159,0.0,,too_rare,,,
22160,0.0,,too_rare,,,
22162,0.0,,too_rare,,,
22163,0.0,,too_rare,,,
22164,0.0,,too_rare,,,
22165,0.0,,too_rare,,,
22166,0.0,,too_rare,,,
22167,0.0,,too_rare,,,
22168,8.402419896930316e-05,,too_rare,,,
22169,0.0,,too_rare,,,
22170,0.0,,too_rare,,,
22171,0.0,,too_rare,,,
22172,0.0,,too_rare,,,
22173,0.0,,too_rare,,,
22174,0.00016804839793860632,,too_rare,,,
22175,0.0,,too_rare,,,
22176,0.0,,too_rare,,,
22177,0.0,,too_rare,,,
22178,0.0,,too_rare,,,
22179,0.0,,too_rare,,,
22180,2.8008066323101054e-05,,too_rare,,,
22181,0.0,,too_rare,,,
22182,0.0,,too_rare,,,
22183,0.0,,too_rare,,,
22184,0.0,,too_rare,,,
22185,0.0,,too_rare,,,
22186,2.8008066323101054e-05,,too_rare,,,
22187,5.601613264620211e-05,,too_rare,,,
22188,0.0,,too_rare,,,
22189,0.0,,too_rare,,,
22190,0.0,,too_rare,,,
22191,0.0,,too_rare,,,
22192,0.0,,too_rare,,,
22193,0.0,,too_rare,,,
22194,2.8008066323101054e-05,,too_rare,,,
22195,0.0,,too_rare,,,
22196,0.0,,too_rare,,,
22197,0.0,,too_rare,,,
22198,0.0,,too_rare,,,
22199,0.00019605646426170737,,too_rare,,,
22200,0.0,,too_rare,,,
22201,2.8008066323101054e-05,,too_rare,,,
22202,0.0,,too_rare,,,
22203,0.0,,too_rare,,,
22204,0.0,,too_rare,,,
22205,0.0,,too_rare,,,
22206,0.0,,too_rare,,,
22207,0.0,,too_rare,,,
22208,2.8008066323101054e-05,,too_rare,,,
22209,0.0,,too_rare,,,
22210,2.8008066323101054e-05,,too_rare,,,
22211,0.006133766524759131,,too_rare,,,
22212,0.0,,too_rare,,,
22213,0.0,,too_rare,,,
22214,0.0,,too_rare,,,
22215,0.0,,too_rare,,,
22216,0.0,,too_rare,,,
22217,0.0,,too_rare,,,
22218,0.0,,too_rare,,,
22219,0.0,,too_rare,,,
22220,2.8008066323101054e-05,,too_rare,,,
22221,0.0,,too_rare,,,
22222,0.0,,too_rare,,,
22223,0.0,,too_rare,,,
22224,0.0,,too_rare,,,
22225,0.0,,too_rare,,,
22226,0.0,,too_rare,,,
22227,0.0,,too_rare,,,
22228,0.0,,too_rare,,,
22229,0.0,,too_rare,,,
22230,0.0,,too_rare,,,
22231,5.601613264620211e-05,,too_rare,,,
22232,0.0,,too_rare,,,
22233,0.0,,too_rare,,,
22234,0.0,,too_rare,,,
22235,0.0,,too_rare,,,
22236,0.0,,too_rare,,,
22237,0.0,,too_rare,,,
22238,0.0,,too_rare,,,
22239,8.402419896930316e-05,,too_rare,,,
22240,0.0,,too_rare,,,
22241,0.0009522742549854358,,too_rare,,,
22242,0.0,,too_rare,,,
22243,0.0,,too_rare,,,
22245,0.0,,too_rare,,,
22246,0.0,,too_rare,,,
22248,0.0,,too_rare,,,
22249,0.0,,too_rare,,,
22250,0.0,,too_rare,,,
22251,0.0,,too_rare,,,
22252,0.0,,too_rare,,,
22253,0.0,,too_rare,,,
22254,0.0,,too_rare,,,
22255,0.0,,too_rare,,,
22256,0.0,,too_rare,,,
22257,0.0,,too_rare,,,
22258,2.8008066323101054e-05,,too_rare,,,
22259,2.8008066323101054e-05,,too_rare,,,
22260,0.0,,too_rare,,,
22261,0.0,,too_rare,,,
22262,0.0,,too_rare,,,
22263,0.0,,too_rare,,,
22264,0.0,,too_rare,,,
22265,2.8008066323101054e-05,,too_rare,,,
22267,0.0,,too_rare,,,
22268,0.0,,too_rare,,,
22269,0.0017925162446784674,,too_rare,,,
22270,0.0,,too_rare,,,
22271,0.0,,too_rare,,,
22272,0.0,,too_rare,,,
22273,0.0,,too_rare,,,
22274,2.8008066323101054e-05,,too_rare,,,
22275,2.8008066323101054e-05,,too_rare,,,
22276,0.0,,too_rare,,,
22277,0.0,,too_rare,,,
22278,0.000560161326462021,,too_rare,,,
22279,0.0,,too_rare,,,
22280,0.0,,too_rare,,,
22281,2.8008066323101054e-05,,too_rare,,,
22282,5.601613264620211e-05,,too_rare,,,
22283,0.0,,too_rare,,,
22284,0.0,,too_rare,,,
22285,0.0003080887295541116,,too_rare,,,
22286,0.0,,too_rare,,,
22287,5.601613264620211e-05,,too_rare,,,
22288,0.0,,too_rare,,,
22289,0.0,,too_rare,,,
22290,0.0,,too_rare,,,
22291,0.0,,too_rare,,,
22292,0.0,,too_rare,,,
22293,0.0,,too_rare,,,
22294,0.0,,too_rare,,,
22295,0.0,,too_rare,,,
22296,0.0,,too_rare,,,
22297,0.0008122339233699305,,too_rare,,,
22298,0.0,,too_rare,,,
22299,2.8008066323101054e-05,,too_rare,,,
22300,2.8008066323101054e-05,,too_rare,,,
22301,0.0,,too_rare,,,
22302,2.8008066323101054e-05,,too_rare,,,
22303,0.0,,too_rare,,,
22304,0.0,,too_rare,,,
22305,0.0,,too_rare,,,
22306,0.0012883710508626485,,too_rare,,,
22307,0.0,,too_rare,,,
22308,0.0,,too_rare,,,
22309,0.0,,too_rare,,,
22310,0.0,,too_rare,,,
22311,0.000980282321308537,,too_rare,,,
22312,0.0,,too_rare,,,
22313,0.0,,too_rare,,,
22314,0.0,,too_rare,,,
22315,0.00019605646426170737,,too_rare,,,
22316,0.0,,too_rare,,,
22317,2.8008066323101054e-05,,too_rare,,,
22318,2.8008066323101054e-05,,too_rare,,,
22319,2.8008066323101054e-05,,too_rare,,,
22320,0.0,,too_rare,,,
22321,0.00019605646426170737,,too_rare,,,
22322,0.0,,too_rare,,,
22323,0.0,,too_rare,,,
22324,8.402419896930316e-05,,too_rare,,,
22325,0.001148330719247143,,too_rare,,,
22326,0.0,,too_rare,,,
22327,0.0,,too_rare,,,
22328,0.0,,too_rare,,,
22329,0.0,,too_rare,,,
22330,0.0,,too_rare,,,
22331,0.0,,too_rare,,,
22332,0.0,,too_rare,,,
22333,0.0,,too_rare,,,
22334,0.0002800806632310105,,too_rare,,,
22335,0.0,,too_rare,,,
22336,0.0,,too_rare,,,
22337,0.0,,too_rare,,,
22339,0.0,,too_rare,,,
22340,0.0,,too_rare,,,
22341,0.0,,too_rare,,,
22342,0.0,,too_rare,,,
22343,0.0,,too_rare,,,
22344,0.0,,too_rare,,,
22345,0.0,,too_rare,,,
22346,0.0,,too_rare,,,
22347,0.0,,too_rare,,,
22348,0.0,,too_rare,,,
22349,0.0,,too_rare,,,
22350,0.000980282321308537,,too_rare,,,
22351,0.0,,too_rare,,,
22352,0.0,,too_rare,,,
22353,0.0,,too_rare,,,
22354,0.0,,too_rare,,,
22356,0.0,,too_rare,,,
22357,0.0,,too_rare,,,
22358,0.0,,too_rare,,,
22359,0.0,,too_rare,,,
22360,0.0,,too_rare,,,
22361,0.00011203226529240422,,too_rare,,,
22362,0.0,,too_rare,,,
22363,0.0,,too_rare,,,
22364,0.00016804839793860632,,too_rare,,,
22365,0.0,,too_rare,,,
22366,0.0,,too_rare,,,
22367,0.0,,too_rare,,,
22368,0.0,,too_rare,,,
22369,0.0,,too_rare,,,
22370,5.601613264620211e-05,,too_rare,,,
22371,0.0,,too_rare,,,
22372,0.0,,too_rare,,,
22373,0.0,,too_rare,,,
22374,0.0,,too_rare,,,
22375,0.0,,too_rare,,,
22376,0.0,,too_rare,,,
22377,0.0,,too_rare,,,
22378,0.0,,too_rare,,,
22379,0.0,,too_rare,,,
22380,0.0,,too_rare,,,
22381,0.0,,too_rare,,,
22382,0.0,,too_rare,,,
22383,0.0,,too_rare,,,
22384,0.0,,too_rare,,,
22385,0.0,,too_rare,,,
22386,8.402419896930316e-05,,too_rare,,,
22387,0.0,,too_rare,,,
22388,0.0,,too_rare,,,
22389,0.0,,too_rare,,,
22390,0.0,,too_rare,,,
22391,0.0,,too_rare,,,
22392,0.0,,too_rare,,,
22393,0.0,,too_rare,,,
22394,2.8008066323101054e-05,,too_rare,,,
22395,2.8008066323101054e-05,,too_rare,,,
22396,2.8008066323101054e-05,,too_rare,,,
22397,2.8008066323101054e-05,,too_rare,,,
22398,0.0,,too_rare,,,
22399,0.0,,too_rare,,,
22400,2.8008066323101054e-05,,too_rare,,,
22401,0.0,,too_rare,,,
22402,0.0,,too_rare,,,
22403,0.0,,too_rare,,,
22404,0.0,,too_rare,,,
22405,0.0,,too_rare,,,
22406,2.8008066323101054e-05,,too_rare,,,
22407,0.0,,too_rare,,,
22408,0.0,,too_rare,,,
22409,0.001120322652924042,,too_rare,,,
22410,0.0,,too_rare,,,
22411,0.00016804839793860632,,too_rare,,,
22412,0.0,,too_rare,,,
22413,0.0,,too_rare,,,
22414,2.8008066323101054e-05,,too_rare,,,
22415,0.0,,too_rare,,,
22416,0.00011203226529240422,,too_rare,,,
22417,5.601613264620211e-05,,too_rare,,,
22418,2.8008066323101054e-05,,too_rare,,,
22419,0.0,,too_rare,,,
22420,0.0,,too_rare,,,
22421,5.601613264620211e-05,,too_rare,,,
22422,0.0,,too_rare,,,
22423,0.0,,too_rare,,,
22424,5.601613264620211e-05,,too_rare,,,
22425,0.0,,too_rare,,,
22426,0.0,,too_rare,,,
22427,0.0,,too_rare,,,
22428,0.006273806856374636,,too_rare,,,
22429,2.8008066323101054e-05,,too_rare,,,
22430,0.0,,too_rare,,,
22431,5.601613264620211e-05,,too_rare,,,
22432,0.0,,too_rare,,,
22433,0.0,,too_rare,,,
22434,0.00016804839793860632,,too_rare,,,
22435,0.0,,too_rare,,,
22436,0.0,,too_rare,,,
22437,0.0,,too_rare,,,
22438,0.0,,too_rare,,,
22439,0.0,,too_rare,,,
22440,8.402419896930316e-05,,too_rare,,,
22441,0.0,,too_rare,,,
22442,0.0,,too_rare,,,
22443,0.0,,too_rare,,,
22444,0.00019605646426170737,,too_rare,,,
22445,0.0,,too_rare,,,
22446,0.0009522742549854358,,too_rare,,,
22447,5.601613264620211e-05,,too_rare,,,
22448,0.0002800806632310105,,too_rare,,,
22449,2.8008066323101054e-05,,too_rare,,,
22450,0.0,,too_rare,,,
22451,0.0,,too_rare,,,
22452,0.0,,too_rare,,,
22453,0.0,,too_rare,,,
22454,0.0,,too_rare,,,
22455,2.8008066323101054e-05,,too_rare,,,
22456,2.8008066323101054e-05,,too_rare,,,
22457,2.8008066323101054e-05,,too_rare,,,
22458,0.0,,too_rare,,,
22460,0.0005881693927851221,,too_rare,,,
22461,0.0,,too_rare,,,
22462,2.8008066323101054e-05,,too_rare,,,
22463,2.8008066323101054e-05,,too_rare,,,
22464,0.00016804839793860632,,too_rare,,,
22465,0.0,,too_rare,,,
22466,0.0,,too_rare,,,
22467,0.0,,too_rare,,,
22468,0.0,,too_rare,,,
22469,0.0,,too_rare,,,
22470,2.8008066323101054e-05,,too_rare,,,
22471,0.0,,too_rare,,,
22472,0.0,,too_rare,,,
22473,5.601613264620211e-05,,too_rare,,,
22474,0.0,,too_rare,,,
22475,0.000560161326462021,,too_rare,,,
22476,0.0024086937037866908,,too_rare,,,
22477,5.601613264620211e-05,,too_rare,,,
22478,0.0,,too_rare,,,
22479,2.8008066323101054e-05,,too_rare,,,
22480,0.00014004033161550526,,too_rare,,,
22482,0.0,,too_rare,,,
22483,0.0,,too_rare,,,
22484,0.0,,too_rare,,,
22485,0.0,,too_rare,,,
22486,0.0,,too_rare,,,
22487,0.0,,too_rare,,,
22488,0.0,,too_rare,,,
22489,0.0,,too_rare,,,
22490,2.8008066323101054e-05,,too_rare,,,
22491,0.0,,too_rare,,,
22492,0.0,,too_rare,,,
22493,0.0,,too_rare,,,
22494,0.0,,too_rare,,,
22495,0.0,,too_rare,,,
22496,0.0,,too_rare,,,
22497,0.0,,too_rare,,,
22498,0.0,,too_rare,,,
22499,0.0,,too_rare,,,
22500,0.0,,too_rare,,,
22501,0.0,,too_rare,,,
22502,0.0,,too_rare,,,
22503,5.601613264620211e-05,,too_rare,,,
22504,0.0,,too_rare,,,
22505,0.0,,too_rare,,,
22506,0.0,,too_rare,,,
22507,0.0,,too_rare,,,
22508,0.0028568227649563072,,too_rare,,,
22509,5.601613264620211e-05,,too_rare,,,
22510,0.0,,too_rare,,,
22511,0.0,,too_rare,,,
22512,0.0,,too_rare,,,
22513,0.0,,too_rare,,,
22514,2.8008066323101054e-05,,too_rare,,,
22515,0.0,,too_rare,,,
22516,0.0,,too_rare,,,
22517,0.0,,too_rare,,,
22518,8.402419896930316e-05,,too_rare,,,
22519,0.0,,too_rare,,,
22520,0.005097468070804392,,too_rare,,,
22521,0.0,,too_rare,,,
22522,0.0,,too_rare,,,
22523,0.0,,too_rare,,,
22524,0.0,,too_rare,,,
22525,0.0,,too_rare,,,
22526,0.0,,too_rare,,,
22527,0.0,,too_rare,,,
22528,0.0,,too_rare,,,
22529,0.0,,too_rare,,,
22530,0.0,,too_rare,,,
22531,0.0,,too_rare,,,
22532,2.8008066323101054e-05,,too_rare,,,
22533,0.0,,too_rare,,,
22534,0.0,,too_rare,,,
22536,0.0,,too_rare,,,
22537,0.0,,too_rare,,,
22538,0.0,,too_rare,,,
22539,0.0,,too_rare,,,
22540,0.0,,too_rare,,,
22541,2.8008066323101054e-05,,too_rare,,,
22542,0.0,,too_rare,,,
22543,5.601613264620211e-05,,too_rare,,,
22545,0.0,,too_rare,,,
22546,0.0,,too_rare,,,
22547,0.0,,too_rare,,,
22549,0.0,,too_rare,,,
22550,0.0,,too_rare,,,
22551,5.601613264620211e-05,,too_rare,,,
22552,0.0,,too_rare,,,
22553,0.0,,too_rare,,,
22554,2.8008066323101054e-05,,too_rare,,,
22555,2.8008066323101054e-05,,too_rare,,,
22557,0.0,,too_rare,,,
22558,0.0,,too_rare,,,
22559,0.0,,too_rare,,,
22560,2.8008066323101054e-05,,too_rare,,,
22561,0.0,,too_rare,,,
22562,2.8008066323101054e-05,,too_rare,,,
22563,0.0,,too_rare,,,
22564,0.0,,too_rare,,,
22565,2.8008066323101054e-05,,too_rare,,,
22566,8.402419896930316e-05,,too_rare,,,
22567,0.0,,too_rare,,,
22568,5.601613264620211e-05,,too_rare,,,
22569,0.0,,too_rare,,,
22570,0.0,,too_rare,,,
22571,2.8008066323101054e-05,,too_rare,,,
22572,0.0,,too_rare,,,
22573,0.0,,too_rare,,,
22574,0.0,,too_rare,,,
22575,0.0,,too_rare,,,
22576,0.0,,too_rare,,,
22577,0.0,,too_rare,,,
22578,0.0,,too_rare,,,
22579,0.0,,too_rare,,,
22580,0.0,,too_rare,,,
22581,0.0,,too_rare,,,
22582,0.0,,too_rare,,,
22583,0.0,,too_rare,,,
22584,0.0,,too_rare,,,
22585,0.0,,too_rare,,,
22586,0.002492717902755994,,too_rare,,,
22587,0.0,,too_rare,,,
22588,0.0,,too_rare,,,
22589,0.0,,too_rare,,,
22590,5.601613264620211e-05,,too_rare,,,
22591,0.0007282097244006273,,too_rare,,,
22592,2.8008066323101054e-05,,too_rare,,,
22593,0.0,,too_rare,,,
22594,0.0,,too_rare,,,
22595,8.402419896930316e-05,,too_rare,,,
22596,0.0,,too_rare,,,
22597,0.0,,too_rare,,,
22598,0.0,,too_rare,,,
22599,0.0,,too_rare,,,
22600,0.0,,too_rare,,,
22601,0.0,,too_rare,,,
22602,0.0,,too_rare,,,
22603,0.00053215326013892,,too_rare,,,
22604,0.0,,too_rare,,,
22606,0.0,,too_rare,,,
22607,2.8008066323101054e-05,,too_rare,,,
22608,0.0,,too_rare,,,
22609,2.8008066323101054e-05,,too_rare,,,
22610,0.0,,too_rare,,,
22611,0.0,,too_rare,,,
22612,0.0,,too_rare,,,
22613,0.0,,too_rare,,,
22614,0.0,,too_rare,,,
22615,0.00019605646426170737,,too_rare,,,
22616,0.00053215326013892,,too_rare,,,
22617,0.0,,too_rare,,,
22618,0.0,,too_rare,,,
22619,0.0,,too_rare,,,
22620,0.003781088953618642,,too_rare,,,
22621,0.0,,too_rare,,,
22622,2.8008066323101054e-05,,too_rare,,,
22623,0.0,,too_rare,,,
22624,0.0,,too_rare,,,
22625,0.0,,too_rare,,,
22626,0.0,,too_rare,,,
22627,0.0,,too_rare,,,
22628,0.0,,too_rare,,,
22629,0.0,,too_rare,,,
22630,0.0,,too_rare,,,
22631,0.0,,too_rare,,,
22632,0.0,,too_rare,,,
22633,0.0,,too_rare,,,
22634,0.0,,too_rare,,,
22635,2.8008066323101054e-05,,too_rare,,,
22636,0.002828814698633206,,too_rare,,,
22637,0.0,,too_rare,,,
22638,0.0,,too_rare,,,
22639,2.8008066323101054e-05,,too_rare,,,
22640,0.0,,too_rare,,,
22641,0.0,,too_rare,,,
22642,0.0,,too_rare,,,
22643,0.0,,too_rare,,,
22644,0.0,,too_rare,,,
22645,0.003641048622003137,,too_rare,,,
22646,0.0,,too_rare,,,
22647,0.0,,too_rare,,,
22648,0.0,,too_rare,,,
22649,0.0,,too_rare,,,
22650,0.0,,too_rare,,,
22651,8.402419896930316e-05,,too_rare,,,
22652,0.0,,too_rare,,,
22653,0.0,,too_rare,,,
22654,0.0,,too_rare,,,
22655,0.0,,too_rare,,,
22656,0.0,,too_rare,,,
22657,0.0,,too_rare,,,
22658,0.0,,too_rare,,,
22659,0.0,,too_rare,,,
22660,0.0,,too_rare,,,
22661,0.0,,too_rare,,,
22662,0.0,,too_rare,,,
22663,2.8008066323101054e-05,,too_rare,,,
22664,0.0,,too_rare,,,
22665,0.0,,too_rare,,,
22666,0.0,,too_rare,,,
22667,0.0,,too_rare,,,
22668,0.00036410486220031366,,too_rare,,,
22669,0.0,,too_rare,,,
22670,0.0,,too_rare,,,
22671,0.0,,too_rare,,,
22672,0.0,,too_rare,,,
22673,0.0,,too_rare,,,
22674,0.0,,too_rare,,,
22675,0.0,,too_rare,,,
22676,5.601613264620211e-05,,too_rare,,,
22677,2.8008066323101054e-05,,too_rare,,,
22678,2.8008066323101054e-05,,too_rare,,,
22679,0.0,,too_rare,,,
22680,2.8008066323101054e-05,,too_rare,,,
22681,2.8008066323101054e-05,,too_rare,,,
22682,2.8008066323101054e-05,,too_rare,,,
22683,0.0,,too_rare,,,
22684,0.0,,too_rare,,,
22685,0.0,,too_rare,,,
22686,0.0,,too_rare,,,
22687,0.0,,too_rare,,,
22688,0.0,,too_rare,,,
22689,0.0,,too_rare,,,
22690,0.0012043468518933454,,too_rare,,,
22691,0.0,,too_rare,,,
22692,0.0,,too_rare,,,
22693,0.0,,too_rare,,,
22694,0.0,,too_rare,,,
22695,0.0,,too_rare,,,
22696,0.0,,too_rare,,,
22697,0.002632758234371499,,too_rare,,,
22698,0.0,,too_rare,,,
22699,0.0,,too_rare,,,
22700,2.8008066323101054e-05,,too_rare,,,
22701,5.601613264620211e-05,,too_rare,,,
22702,0.0,,too_rare,,,
22703,0.0,,too_rare,,,
22704,0.0,,too_rare,,,
22705,0.0,,too_rare,,,
22706,8.402419896930316e-05,,too_rare,,,
22707,0.0,,too_rare,,,
22708,0.0,,too_rare,,,
22709,0.0,,too_rare,,,
22710,0.0,,too_rare,,,
22711,0.0,,too_rare,,,
22712,8.402419896930316e-05,,too_rare,,,
22713,0.0,,too_rare,,,
22714,0.0,,too_rare,,,
22715,8.402419896930316e-05,,too_rare,,,
22716,0.0,,too_rare,,,
22717,0.00011203226529240422,,too_rare,,,
22718,0.0,,too_rare,,,
22719,0.0,,too_rare,,,
22720,0.0,,too_rare,,,
22721,0.0,,too_rare,,,
22722,0.0005881693927851221,,too_rare,,,
22723,8.402419896930316e-05,,too_rare,,,
22724,0.0,,too_rare,,,
22725,0.0,,too_rare,,,
22726,0.0,,too_rare,,,
22727,0.0,,too_rare,,,
22728,0.0,,too_rare,,,
22729,0.00011203226529240422,,too_rare,,,
22730,0.0,,too_rare,,,
22731,0.0,,too_rare,,,
22732,0.0,,too_rare,,,
22733,0.0,,too_rare,,,
22734,0.0,,too_rare,,,
22735,0.0,,too_rare,,,
22736,0.0,,too_rare,,,
22737,2.8008066323101054e-05,,too_rare,,,
22738,2.8008066323101054e-05,,too_rare,,,
22739,0.0,,too_rare,,,
22740,0.0,,too_rare,,,
22741,0.0,,too_rare,,,
22742,0.0,,too_rare,,,
22743,0.0,,too_rare,,,
22744,2.8008066323101054e-05,,too_rare,,,
22745,0.0,,too_rare,,,
22746,2.8008066323101054e-05,,too_rare,,,
22747,0.0002520725969079095,,too_rare,,,
22748,0.0,,too_rare,,,
22749,0.0,,too_rare,,,
22750,0.0,,too_rare,,,
22751,0.0,,too_rare,,,
22752,0.0,,too_rare,,,
22753,0.0,,too_rare,,,
22754,0.0,,too_rare,,,
22755,0.0006721935917544253,,too_rare,,,
22756,0.0,,too_rare,,,
22757,0.0,,too_rare,,,
22758,0.0,,too_rare,,,
22759,8.402419896930316e-05,,too_rare,,,
22760,0.00106430652027784,,too_rare,,,
22761,0.00019605646426170737,,too_rare,,,
22762,0.0,,too_rare,,,
22763,0.0,,too_rare,,,
22764,0.0,,too_rare,,,
22765,2.8008066323101054e-05,,too_rare,,,
22766,0.0002800806632310105,,too_rare,,,
22767,0.0,,too_rare,,,
22768,0.0,,too_rare,,,
22769,5.601613264620211e-05,,too_rare,,,
22770,0.0,,too_rare,,,
22771,2.8008066323101054e-05,,too_rare,,,
22772,0.0,,too_rare,,,
22773,2.8008066323101054e-05,,too_rare,,,
22774,0.00022406453058480843,,too_rare,,,
22775,0.0,,too_rare,,,
22776,0.00014004033161550526,,too_rare,,,
22777,0.0,,too_rare,,,
22778,0.0,,too_rare,,,
22779,0.00014004033161550526,,too_rare,,,
22780,0.0,,too_rare,,,
22781,0.0,,too_rare,,,
22783,0.0,,too_rare,,,
22784,0.0,,too_rare,,,
22785,0.0,,too_rare,,,
22786,0.0,,too_rare,,,
22787,0.0,,too_rare,,,
22788,2.8008066323101054e-05,,too_rare,,,
22789,0.0,,too_rare,,,
22790,0.0,,too_rare,,,
22791,0.0,,too_rare,,,
22792,0.0,,too_rare,,,
22793,0.0,,too_rare,,,
22794,0.0,,too_rare,,,
22795,0.0,,too_rare,,,
22796,0.0,,too_rare,,,
22797,2.8008066323101054e-05,,too_rare,,,
22798,0.0,,too_rare,,,
22799,2.8008066323101054e-05,,too_rare,,,
22800,0.0,,too_rare,,,
22801,8.402419896930316e-05,,too_rare,,,
22802,0.0,,too_rare,,,
22803,0.0,,too_rare,,,
22804,0.0,,too_rare,,,
22805,2.8008066323101054e-05,,too_rare,,,
22806,0.0,,too_rare,,,
22807,0.0,,too_rare,,,
22808,5.601613264620211e-05,,too_rare,,,
22809,0.0,,too_rare,,,
22810,0.0,,too_rare,,,
22811,0.0007002016580775263,,too_rare,,,
22812,0.0,,too_rare,,,
22813,0.0,,too_rare,,,
22815,0.0,,too_rare,,,
22816,2.8008066323101054e-05,,too_rare,,,
22817,0.0,,too_rare,,,
22818,0.0,,too_rare,,,
22819,0.0,,too_rare,,,
22820,0.0,,too_rare,,,
22821,2.8008066323101054e-05,,too_rare,,,
22822,0.0,,too_rare,,,
22823,2.8008066323101054e-05,,too_rare,,,
22824,0.0,,too_rare,,,
22825,0.0,,too_rare,,,
22826,0.0,,too_rare,,,
22827,2.8008066323101054e-05,,too_rare,,,
22828,0.0,,too_rare,,,
22829,0.0,,too_rare,,,
22830,0.0,,too_rare,,,
22831,5.601613264620211e-05,,too_rare,,,
22832,0.0,,too_rare,,,
22833,0.0,,too_rare,,,
22834,0.0,,too_rare,,,
22835,0.0,,too_rare,,,
22836,0.0,,too_rare,,,
22837,0.0,,too_rare,,,
22838,0.0,,too_rare,,,
22839,2.8008066323101054e-05,,too_rare,,,
22840,0.0,,too_rare,,,
22841,0.0,,too_rare,,,
22842,0.0,,too_rare,,,
22843,0.0,,too_rare,,,
22844,0.0,,too_rare,,,
22845,0.0,,too_rare,,,
22846,0.0,,too_rare,,,
22847,2.8008066323101054e-05,,too_rare,,,
22848,0.0,,too_rare,,,
22849,0.0,,too_rare,,,
22850,0.0,,too_rare,,,
22851,0.0,,too_rare,,,
22852,0.0,,too_rare,,,
22854,0.0,,too_rare,,,
22855,0.0,,too_rare,,,
22856,2.8008066323101054e-05,,too_rare,,,
22857,0.0,,too_rare,,,
22858,0.0,,too_rare,,,
22859,0.0,,too_rare,,,
22860,0.0,,too_rare,,,
22861,0.0,,too_rare,,,
22862,0.0,,too_rare,,,
22863,0.0,,too_rare,,,
22864,5.601613264620211e-05,,too_rare,,,
22865,0.00039211292852341475,,too_rare,,,
22866,0.0,,too_rare,,,
22867,0.0,,too_rare,,,
22868,0.0018765404436477705,,too_rare,,,
22869,0.0,,too_rare,,,
22870,0.0003080887295541116,,too_rare,,,
22871,2.8008066323101054e-05,,too_rare,,,
22872,0.0,,too_rare,,,
22873,0.0,,too_rare,,,
22874,0.0,,too_rare,,,
22875,0.0,,too_rare,,,
22876,0.00033609679587721263,,too_rare,,,
22877,0.0,,too_rare,,,
22878,0.0,,too_rare,,,
22879,0.0,,too_rare,,,
22880,8.402419896930316e-05,,too_rare,,,
22881,0.0,,too_rare,,,
22882,0.0,,too_rare,,,
22883,0.0,,too_rare,,,
22884,0.0,,too_rare,,,
22885,0.0,,too_rare,,,
22886,0.0,,too_rare,,,
22887,8.402419896930316e-05,,too_rare,,,
22888,0.0,,too_rare,,,
22889,0.0,,too_rare,,,
22890,8.402419896930316e-05,,too_rare,,,
22891,2.8008066323101054e-05,,too_rare,,,
22892,0.0,,too_rare,,,
22893,0.0,,too_rare,,,
22894,0.0,,too_rare,,,
22896,0.0,,too_rare,,,
22897,0.0,,too_rare,,,
22898,0.0,,too_rare,,,
22899,0.0,,too_rare,,,
22900,0.0,,too_rare,,,
22901,0.0,,too_rare,,,
22902,0.0,,too_rare,,,
22903,0.0,,too_rare,,,
22904,0.0023246695048173872,,too_rare,,,
22905,0.0,,too_rare,,,
22906,0.0,,too_rare,,,
22907,0.0,,too_rare,,,
22908,0.0,,too_rare,,,
22909,2.8008066323101054e-05,,too_rare,,,
22910,0.0,,too_rare,,,
22911,0.0,,too_rare,,,
22912,2.8008066323101054e-05,,too_rare,,,
22913,0.0,,too_rare,,,
22914,0.0,,too_rare,,,
22915,5.601613264620211e-05,,too_rare,,,
22916,0.0,,too_rare,,,
22917,0.0,,too_rare,,,
22918,0.0,,too_rare,,,
22919,0.0,,too_rare,,,
22920,0.0,,too_rare,,,
22921,2.8008066323101054e-05,,too_rare,,,
22922,0.0,,too_rare,,,
22923,0.0,,too_rare,,,
22924,0.0,,too_rare,,,
22925,0.0,,too_rare,,,
22926,0.0,,too_rare,,,
22927,0.0,,too_rare,,,
22928,2.8008066323101054e-05,,too_rare,,,
22929,0.0,,too_rare,,,
22930,5.601613264620211e-05,,too_rare,,,
22931,0.0,,too_rare,,,
22932,0.000504145193815819,,too_rare,,,
22933,2.8008066323101054e-05,,too_rare,,,
22934,0.0,,too_rare,,,
22935,0.0,,too_rare,,,
22936,0.0,,too_rare,,,
22937,0.0,,too_rare,,,
22938,0.0,,too_rare,,,
22939,0.004201209948465158,,too_rare,,,
22940,0.0,,too_rare,,,
22941,0.0,,too_rare,,,
22942,2.8008066323101054e-05,,too_rare,,,
22943,0.0,,too_rare,,,
22944,0.0,,too_rare,,,
22945,0.004957427739188887,,too_rare,,,
22946,0.0,,too_rare,,,
22947,0.0,,too_rare,,,
22948,0.0,,too_rare,,,
22949,0.00039211292852341475,,too_rare,,,
22950,0.0,,too_rare,,,
22951,0.0,,too_rare,,,
22952,0.0,,too_rare,,,
22953,0.0,,too_rare,,,
22954,0.0,,too_rare,,,
22955,0.0,,too_rare,,,
22956,0.0,,too_rare,,,
22957,2.8008066323101054e-05,,too_rare,,,
22958,0.0,,too_rare,,,
22959,0.0,,too_rare,,,
22960,0.0,,too_rare,,,
22961,0.0,,too_rare,,,
22962,0.0,,too_rare,,,
22963,0.0,,too_rare,,,
22964,0.0,,too_rare,,,
22966,0.0,,too_rare,,,
22967,0.0,,too_rare,,,
22968,2.8008066323101054e-05,,too_rare,,,
22969,0.0,,too_rare,,,
22970,0.0,,too_rare,,,
22971,0.0,,too_rare,,,
22972,2.8008066323101054e-05,,too_rare,,,
22973,0.0,,too_rare,,,
22974,2.8008066323101054e-05,,too_rare,,,
22975,0.0,,too_rare,,,
22976,0.0,,too_rare,,,
22977,0.0,,too_rare,,,
22978,0.0,,too_rare,,,
22979,2.8008066323101054e-05,,too_rare,,,
22980,0.0,,too_rare,,,
22981,0.0,,too_rare,,,
22982,2.8008066323101054e-05,,too_rare,,,
22983,0.0,,too_rare,,,
22984,0.0017365001120322654,,too_rare,,,
22985,0.0,,too_rare,,,
22986,0.0,,too_rare,,,
22987,0.0,,too_rare,,,
22988,0.0,,too_rare,,,
22989,5.601613264620211e-05,,too_rare,,,
22990,0.0,,too_rare,,,
22991,0.0,,too_rare,,,
22992,0.0,,too_rare,,,
22993,2.8008066323101054e-05,,too_rare,,,
22994,0.0,,too_rare,,,
22995,0.0,,too_rare,,,
22996,0.00014004033161550526,,too_rare,,,
22997,0.0,,too_rare,,,
22998,2.8008066323101054e-05,,too_rare,,,
23000,0.0,,too_rare,,,
23001,0.0,,too_rare,,,
23002,0.0,,too_rare,,,
23003,2.8008066323101054e-05,,too_rare,,,
23004,0.0,,too_rare,,,
23005,5.601613264620211e-05,,too_rare,,,
23006,0.0,,too_rare,,,
23007,0.00011203226529240422,,too_rare,,,
23008,0.0,,too_rare,,,
23009,0.00036410486220031366,,too_rare,,,
23010,0.0,,too_rare,,,
23011,0.0,,too_rare,,,
23012,0.0,,too_rare,,,
23013,2.8008066323101054e-05,,too_rare,,,
23014,0.0,,too_rare,,,
23015,0.0,,too_rare,,,
23016,2.8008066323101054e-05,,too_rare,,,
23017,0.0006161774591082232,,too_rare,,,
23018,0.00022406453058480843,,too_rare,,,
23019,2.8008066323101054e-05,,too_rare,,,
23020,0.0,,too_rare,,,
23021,0.0,,too_rare,,,
23022,0.0,,too_rare,,,
23023,0.0,,too_rare,,,
23024,0.0,,too_rare,,,
23026,2.8008066323101054e-05,,too_rare,,,
23027,0.0,,too_rare,,,
23028,0.0,,too_rare,,,
23029,0.0,,too_rare,,,
23030,5.601613264620211e-05,,too_rare,,,
23031,0.0,,too_rare,,,
23033,0.0,,too_rare,,,
23034,0.0,,too_rare,,,
23035,0.0,,too_rare,,,
23036,0.0,,too_rare,,,
23037,0.0,,too_rare,,,
23038,0.0,,too_rare,,,
23039,0.0,,too_rare,,,
23040,2.8008066323101054e-05,,too_rare,,,
23041,0.0,,too_rare,,,
23042,0.0,,too_rare,,,
23043,0.0,,too_rare,,,
23044,0.0,,too_rare,,,
23045,2.8008066323101054e-05,,too_rare,,,
23046,0.000504145193815819,,too_rare,,,
23047,0.0,,too_rare,,,
23048,0.0,,too_rare,,,
23049,5.601613264620211e-05,,too_rare,,,
23050,0.0,,too_rare,,,
23051,0.0,,too_rare,,,
23052,0.0,,too_rare,,,
23053,0.0,,too_rare,,,
23054,0.0,,too_rare,,,
23055,0.0,,too_rare,,,
23056,0.0,,too_rare,,,
23057,0.0,,too_rare,,,
23058,0.0,,too_rare,,,
23059,0.0,,too_rare,,,
23060,2.8008066323101054e-05,,too_rare,,,
23061,0.0,,too_rare,,,
23062,0.0,,too_rare,,,
23063,8.402419896930316e-05,,too_rare,,,
23064,0.0,,too_rare,,,
23065,0.0,,too_rare,,,
23066,5.601613264620211e-05,,too_rare,,,
23067,2.8008066323101054e-05,,too_rare,,,
23068,0.0,,too_rare,,,
23070,0.0,,too_rare,,,
23071,0.0,,too_rare,,,
23072,0.0,,too_rare,,,
23074,0.0,,too_rare,,,
23075,0.0,,too_rare,,,
23076,0.0,,too_rare,,,
23077,0.0,,too_rare,,,
23078,0.0,,too_rare,,,
23079,0.0,,too_rare,,,
23080,0.0,,too_rare,,,
23081,0.0,,too_rare,,,
23082,0.0,,too_rare,,,
23083,0.0005881693927851221,,too_rare,,,
23084,0.0006161774591082232,,too_rare,,,
23085,0.0,,too_rare,,,
23086,0.0,,too_rare,,,
23087,2.8008066323101054e-05,,too_rare,,,
23088,0.0,,too_rare,,,
23089,0.00014004033161550526,,too_rare,,,
23090,0.0,,too_rare,,,
23091,0.0,,too_rare,,,
23092,0.0,,too_rare,,,
23093,0.0,,too_rare,,,
23094,0.0,,too_rare,,,
23095,0.0,,too_rare,,,
23096,5.601613264620211e-05,,too_rare,,,
23097,0.0006441855254313242,,too_rare,,,
23098,0.0,,too_rare,,,
23099,0.0,,too_rare,,,
23100,0.00039211292852341475,,too_rare,,,
23101,0.0,,too_rare,,,
23102,8.402419896930316e-05,,too_rare,,,
23103,2.8008066323101054e-05,,too_rare,,,
23104,0.0,,too_rare,,,
23105,0.0,,too_rare,,,
23106,0.0,,too_rare,,,
23107,5.601613264620211e-05,,too_rare,,,
23108,0.0,,too_rare,,,
23109,0.0,,too_rare,,,
23110,0.0,,too_rare,,,
23111,0.0,,too_rare,,,
23112,0.0,,too_rare,,,
23113,0.0,,too_rare,,,
23114,0.0,,too_rare,,,
23115,2.8008066323101054e-05,,too_rare,,,
23116,0.0,,too_rare,,,
23117,2.8008066323101054e-05,,too_rare,,,
23118,0.0,,too_rare,,,
23119,0.0,,too_rare,,,
23120,0.0,,too_rare,,,
23121,0.0,,too_rare,,,
23122,0.0,,too_rare,,,
23123,0.0,,too_rare,,,
23124,0.0,,too_rare,,,
23125,0.0,,too_rare,,,
23126,0.0,,too_rare,,,
23127,0.0,,too_rare,,,
23128,2.8008066323101054e-05,,too_rare,,,
23129,2.8008066323101054e-05,,too_rare,,,
23130,0.0,,too_rare,,,
23131,0.0,,too_rare,,,
23132,0.0,,too_rare,,,
23133,0.0,,too_rare,,,
23134,0.0,,too_rare,,,
23135,2.8008066323101054e-05,,too_rare,,,
23136,2.8008066323101054e-05,,too_rare,,,
23137,0.0,,too_rare,,,
23138,0.0,,too_rare,,,
23139,0.0,,too_rare,,,
23140,0.0,,too_rare,,,
23141,0.0,,too_rare,,,
23143,0.0,,too_rare,,,
23144,0.0,,too_rare,,,
23145,0.0,,too_rare,,,
23146,0.0,,too_rare,,,
23147,0.0,,too_rare,,,
23148,0.0,,too_rare,,,
23149,0.0,,too_rare,,,
23150,0.0,,too_rare,,,
23151,0.0,,too_rare,,,
23152,0.0,,too_rare,,,
23153,0.000980282321308537,,too_rare,,,
23154,2.8008066323101054e-05,,too_rare,,,
23155,0.0,,too_rare,,,
23156,0.0,,too_rare,,,
23157,0.0,,too_rare,,,
23158,0.0,,too_rare,,,
23159,2.8008066323101054e-05,,too_rare,,,
23160,0.0,,too_rare,,,
23161,2.8008066323101054e-05,,too_rare,,,
23163,0.0,,too_rare,,,
23164,2.8008066323101054e-05,,too_rare,,,
23165,0.0,,too_rare,,,
23166,0.0,,too_rare,,,
23167,0.0,,too_rare,,,
23168,0.0,,too_rare,,,
23169,0.0,,too_rare,,,
23170,0.0,,too_rare,,,
23171,0.0,,too_rare,,,
23172,0.0,,too_rare,,,
23173,2.8008066323101054e-05,,too_rare,,,
23174,0.0,,too_rare,,,
23175,0.00011203226529240422,,too_rare,,,
23176,0.0,,too_rare,,,
23177,0.0,,too_rare,,,
23178,0.0,,too_rare,,,
23179,0.0,,too_rare,,,
23180,0.0,,too_rare,,,
23181,0.0,,too_rare,,,
23182,0.0,,too_rare,,,
23183,0.0,,too_rare,,,
23184,0.0,,too_rare,,,
23185,0.00039211292852341475,,too_rare,,,
23186,0.0,,too_rare,,,
23187,0.0,,too_rare,,,
23188,2.8008066323101054e-05,,too_rare,,,
23189,2.8008066323101054e-05,,too_rare,,,
23190,0.0,,too_rare,,,
23191,0.0,,too_rare,,,
23192,0.0,,too_rare,,,
23193,0.0,,too_rare,,,
23194,0.0,,too_rare,,,
23195,2.8008066323101054e-05,,too_rare,,,
23196,0.0,,too_rare,,,
23197,0.001484427515124356,,too_rare,,,
23198,0.0,,too_rare,,,
23199,0.0,,too_rare,,,
23200,0.0,,too_rare,,,
23201,0.0,,too_rare,,,
23202,0.0,,too_rare,,,
23203,0.0,,too_rare,,,
23204,0.0,,too_rare,,,
23205,0.0,,too_rare,,,
23206,0.0,,too_rare,,,
23207,0.0,,too_rare,,,
23208,0.0,,too_rare,,,
23209,0.0,,too_rare,,,
23210,0.0,,too_rare,,,
23211,0.0,,too_rare,,,
23212,0.0,,too_rare,,,
23213,0.0,,too_rare,,,
23214,0.0,,too_rare,,,
23215,0.0,,too_rare,,,
23216,0.0,,too_rare,,,
23217,0.0,,too_rare,,,
23218,0.0,,too_rare,,,
23219,2.8008066323101054e-05,,too_rare,,,
23220,0.0,,too_rare,,,
23221,0.0,,too_rare,,,
23222,0.0,,too_rare,,,
23223,0.0,,too_rare,,,
23224,0.0,,too_rare,,,
23225,0.0,,too_rare,,,
23226,0.0,,too_rare,,,
23227,0.000504145193815819,,too_rare,,,
23228,0.0,,too_rare,,,
23229,0.0,,too_rare,,,
23230,0.0,,too_rare,,,
23231,8.402419896930316e-05,,too_rare,,,
23232,0.0,,too_rare,,,
23233,0.0,,too_rare,,,
23234,0.0,,too_rare,,,
23235,0.0,,too_rare,,,
23236,8.402419896930316e-05,,too_rare,,,
23237,0.0,,too_rare,,,
23238,0.0,,too_rare,,,
23239,0.0,,too_rare,,,
23240,2.8008066323101054e-05,,too_rare,,,
23241,0.0,,too_rare,,,
23242,2.8008066323101054e-05,,too_rare,,,
23243,0.0,,too_rare,,,
23244,0.008738516692807528,,too_rare,,,
23245,0.0,,too_rare,,,
23246,0.0,,too_rare,,,
23247,2.8008066323101054e-05,,too_rare,,,
23248,0.0,,too_rare,,,
23249,0.0,,too_rare,,,
23250,0.0,,too_rare,,,
23251,8.402419896930316e-05,,too_rare,,,
23252,0.0,,too_rare,,,
23253,0.00014004033161550526,,too_rare,,,
23255,0.0,,too_rare,,,
23256,0.0,,too_rare,,,
23257,0.0,,too_rare,,,
23259,0.0,,too_rare,,,
23260,2.8008066323101054e-05,,too_rare,,,
23261,0.0,,too_rare,,,
23262,0.0,,too_rare,,,
23263,0.0,,too_rare,,,
23264,0.0,,too_rare,,,
23265,8.402419896930316e-05,,too_rare,,,
23266,0.0,,too_rare,,,
23267,0.0,,too_rare,,,
23268,0.0,,too_rare,,,
23269,2.8008066323101054e-05,,too_rare,,,
23270,0.0,,too_rare,,,
23271,0.0,,too_rare,,,
23273,2.8008066323101054e-05,,too_rare,,,
23274,0.0,,too_rare,,,
23275,0.0,,too_rare,,,
23277,0.0,,too_rare,,,
23278,0.0,,too_rare,,,
23279,0.0002800806632310105,,too_rare,,,
23280,0.0,,too_rare,,,
23281,0.0,,too_rare,,,
23282,0.0,,too_rare,,,
23283,5.601613264620211e-05,,too_rare,,,
23284,0.0,,too_rare,,,
23285,0.0,,too_rare,,,
23286,0.0,,too_rare,,,
23287,0.0,,too_rare,,,
23288,0.0,,too_rare,,,
23289,0.0,,too_rare,,,
23290,0.0,,too_rare,,,
23291,0.0,,too_rare,,,
23292,0.0,,too_rare,,,
23293,0.0,,too_rare,,,
23294,0.0,,too_rare,,,
23295,0.0,,too_rare,,,
23296,0.0,,too_rare,,,
23297,0.0,,too_rare,,,
23298,0.0,,too_rare,,,
23299,2.8008066323101054e-05,,too_rare,,,
23300,2.8008066323101054e-05,,too_rare,,,
23301,0.0,,too_rare,,,
23302,0.0,,too_rare,,,
23303,0.0,,too_rare,,,
23304,2.8008066323101054e-05,,too_rare,,,
23305,0.0,,too_rare,,,
23306,0.0,,too_rare,,,
23307,0.0,,too_rare,,,
23308,0.0,,too_rare,,,
23309,0.0,,too_rare,,,
23310,0.0,,too_rare,,,
23311,0.001148330719247143,,too_rare,,,
23312,0.0,,too_rare,,,
23313,0.0,,too_rare,,,
23314,0.0,,too_rare,,,
23315,0.0,,too_rare,,,
23316,0.0,,too_rare,,,
23317,0.0,,too_rare,,,
23318,0.0,,too_rare,,,
23319,0.0,,too_rare,,,
23320,0.0,,too_rare,,,
23321,5.601613264620211e-05,,too_rare,,,
23322,0.0,,too_rare,,,
23323,0.0,,too_rare,,,
23324,0.0,,too_rare,,,
23325,2.8008066323101054e-05,,too_rare,,,
23326,2.8008066323101054e-05,,too_rare,,,
23327,2.8008066323101054e-05,,too_rare,,,
23328,2.8008066323101054e-05,,too_rare,,,
23329,0.0,,too_rare,,,
23330,0.0,,too_rare,,,
23331,0.0,,too_rare,,,
23332,2.8008066323101054e-05,,too_rare,,,
23333,5.601613264620211e-05,,too_rare,,,
23334,0.0,,too_rare,,,
23335,0.0,,too_rare,,,
23336,0.009382702218238852,,too_rare,,,
23337,0.0,,too_rare,,,
23338,0.000504145193815819,,too_rare,,,
23339,2.8008066323101054e-05,,too_rare,,,
23340,0.0,,too_rare,,,
23341,0.0,,too_rare,,,
23342,0.0,,too_rare,,,
23343,0.0,,too_rare,,,
23344,0.0,,too_rare,,,
23345,0.0,,too_rare,,,
23346,0.0,,too_rare,,,
23347,0.0,,too_rare,,,
23348,0.0,,too_rare,,,
23349,0.0,,too_rare,,,
23350,2.8008066323101054e-05,,too_rare,,,
23351,0.0,,too_rare,,,
23352,0.0,,too_rare,,,
23353,0.00036410486220031366,,too_rare,,,
23354,8.402419896930316e-05,,too_rare,,,
23355,0.0,,too_rare,,,
23356,0.0,,too_rare,,,
23357,0.0,,too_rare,,,
23358,0.0,,too_rare,,,
23359,0.0,,too_rare,,,
23360,0.0,,too_rare,,,
23361,0.0,,too_rare,,,
23362,0.0,,too_rare,,,
23363,0.0,,too_rare,,,
23364,0.0,,too_rare,,,
23365,0.0,,too_rare,,,
23366,0.0,,too_rare,,,
23367,0.0,,too_rare,,,
23368,0.0,,too_rare,,,
23369,0.00014004033161550526,,too_rare,,,
23370,0.0,,too_rare,,,
23371,0.0,,too_rare,,,
23372,0.0,,too_rare,,,
23373,0.0,,too_rare,,,
23374,0.0017365001120322654,,too_rare,,,
23375,2.8008066323101054e-05,,too_rare,,,
23376,2.8008066323101054e-05,,too_rare,,,
23377,0.0,,too_rare,,,
23378,0.0,,too_rare,,,
23379,5.601613264620211e-05,,too_rare,,,
23380,0.0,,too_rare,,,
23381,0.0,,too_rare,,,
23382,2.8008066323101054e-05,,too_rare,,,
23383,2.8008066323101054e-05,,too_rare,,,
23384,0.0,,too_rare,,,
23385,0.0007002016580775263,,too_rare,,,
23386,0.00014004033161550526,,too_rare,,,
23387,0.00044812906116961686,,too_rare,,,
23388,0.0,,too_rare,,,
23389,0.0,,too_rare,,,
23390,0.0,,too_rare,,,
23391,0.0,,too_rare,,,
23392,5.601613264620211e-05,,too_rare,,,
23393,0.0,,too_rare,,,
23394,0.0,,too_rare,,,
23395,0.003921129285234148,,too_rare,,,
23396,0.0,,too_rare,,,
23397,0.0,,too_rare,,,
23398,8.402419896930316e-05,,too_rare,,,
23399,0.0,,too_rare,,,
23400,0.0,,too_rare,,,
23401,0.0,,too_rare,,,
23402,0.0,,too_rare,,,
23403,0.0,,too_rare,,,
23404,0.0,,too_rare,,,
23405,2.8008066323101054e-05,,too_rare,,,
23406,0.0,,too_rare,,,
23407,0.00019605646426170737,,too_rare,,,
23408,0.0,,too_rare,,,
23409,0.0,,too_rare,,,
23410,2.8008066323101054e-05,,too_rare,,,
23411,0.0,,too_rare,,,
23412,0.0,,too_rare,,,
23413,0.0,,too_rare,,,
23414,0.000504145193815819,,too_rare,,,
23416,0.0,,too_rare,,,
23417,2.8008066323101054e-05,,too_rare,,,
23418,0.0,,too_rare,,,
23419,0.0,,too_rare,,,
23420,2.8008066323101054e-05,,too_rare,,,
23421,0.0,,too_rare,,,
23422,0.0,,too_rare,,,
23424,0.00011203226529240422,,too_rare,,,
23425,0.0,,too_rare,,,
23427,2.8008066323101054e-05,,too_rare,,,
23428,2.8008066323101054e-05,,too_rare,,,
23429,0.0,,too_rare,,,
23430,0.0,,too_rare,,,
23431,0.0,,too_rare,,,
23432,0.0002520725969079095,,too_rare,,,
23433,0.0,,too_rare,,,
23434,0.0,,too_rare,,,
23435,0.0,,too_rare,,,
23436,0.0,,too_rare,,,
23437,0.0,,too_rare,,,
23438,0.0,,too_rare,,,
23439,2.8008066323101054e-05,,too_rare,,,
23440,0.0,,too_rare,,,
23441,0.00016804839793860632,,too_rare,,,
23442,0.0,,too_rare,,,
23443,0.0,,too_rare,,,
23444,0.0,,too_rare,,,
23445,0.0,,too_rare,,,
23446,0.0,,too_rare,,,
23447,2.8008066323101054e-05,,too_rare,,,
23448,2.8008066323101054e-05,,too_rare,,,
23449,0.0,,too_rare,,,
23450,0.0,,too_rare,,,
23451,0.0,,too_rare,,,
23452,2.8008066323101054e-05,,too_rare,,,
23453,0.00022406453058480843,,too_rare,,,
23454,5.601613264620211e-05,,too_rare,,,
23455,0.0,,too_rare,,,
23456,2.8008066323101054e-05,,too_rare,,,
23457,0.0,,too_rare,,,
23458,0.0,,too_rare,,,
23459,0.0,,too_rare,,,
23460,0.0,,too_rare,,,
23461,0.0,,too_rare,,,
23462,0.0,,too_rare,,,
23463,0.0,,too_rare,,,
23464,0.0,,too_rare,,,
23465,0.0,,too_rare,,,
23466,0.0,,too_rare,,,
23467,0.0,,too_rare,,,
23468,0.0,,too_rare,,,
23469,0.0,,too_rare,,,
23470,0.0,,too_rare,,,
23471,0.0,,too_rare,,,
23472,0.0,,too_rare,,,
23473,0.0,,too_rare,,,
23475,0.0,,too_rare,,,
23476,0.0,,too_rare,,,
23477,0.0,,too_rare,,,
23478,0.0,,too_rare,,,
23479,0.0,,too_rare,,,
23480,2.8008066323101054e-05,,too_rare,,,
23481,0.0,,too_rare,,,
23482,5.601613264620211e-05,,too_rare,,,
23483,0.0,,too_rare,,,
23484,2.8008066323101054e-05,,too_rare,,,
23485,0.0,,too_rare,,,
23486,0.0,,too_rare,,,
23487,0.0,,too_rare,,,
23488,0.0,,too_rare,,,
23489,2.8008066323101054e-05,,too_rare,,,
23490,0.0,,too_rare,,,
23491,0.0,,too_rare,,,
23492,2.8008066323101054e-05,,too_rare,,,
23493,0.0,,too_rare,,,
23494,0.0,,too_rare,,,
23495,0.0,,too_rare,,,
23496,0.0,,too_rare,,,
23497,0.0,,too_rare,,,
23498,0.0,,too_rare,,,
23499,0.0,,too_rare,,,
23500,0.0,,too_rare,,,
23501,2.8008066323101054e-05,,too_rare,,,
23502,0.0,,too_rare,,,
23503,0.0,,too_rare,,,
23504,0.0,,too_rare,,,
23505,0.0,,too_rare,,,
23506,0.0,,too_rare,,,
23507,0.0,,too_rare,,,
23508,0.0,,too_rare,,,
23509,0.0,,too_rare,,,
23510,0.0,,too_rare,,,
23511,0.0,,too_rare,,,
23512,0.0,,too_rare,,,
23513,2.8008066323101054e-05,,too_rare,,,
23514,2.8008066323101054e-05,,too_rare,,,
23515,0.008850548958099932,,too_rare,,,
23516,0.0,,too_rare,,,
23517,0.0,,too_rare,,,
23518,0.0,,too_rare,,,
23519,0.00014004033161550526,,too_rare,,,
23520,0.0,,too_rare,,,
23521,0.0,,too_rare,,,
23522,2.8008066323101054e-05,,too_rare,,,
23523,0.0,,too_rare,,,
23524,0.0,,too_rare,,,
23525,2.8008066323101054e-05,,too_rare,,,
23526,0.0,,too_rare,,,
23527,0.0,,too_rare,,,
23528,0.0,,too_rare,,,
23529,0.0,,too_rare,,,
23530,0.0,,too_rare,,,
23531,2.8008066323101054e-05,,too_rare,,,
23532,0.0,,too_rare,,,
23533,0.0,,too_rare,,,
23534,0.0,,too_rare,,,
23535,0.0,,too_rare,,,
23536,0.0,,too_rare,,,
23537,0.0,,too_rare,,,
23539,0.0,,too_rare,,,
23540,0.0,,too_rare,,,
23541,0.0,,too_rare,,,
23542,0.0,,too_rare,,,
23543,0.0,,too_rare,,,
23544,0.0,,too_rare,,,
23545,0.0,,too_rare,,,
23546,0.0,,too_rare,,,
23547,0.0,,too_rare,,,
23548,0.0,,too_rare,,,
23549,0.0,,too_rare,,,
23550,0.0,,too_rare,,,
23551,5.601613264620211e-05,,too_rare,,,
23552,0.0,,too_rare,,,
23553,0.0,,too_rare,,,
23554,0.0,,too_rare,,,
23556,0.0,,too_rare,,,
23557,0.002436701770109792,,too_rare,,,
23558,0.0,,too_rare,,,
23559,2.8008066323101054e-05,,too_rare,,,
23560,0.0,,too_rare,,,
23561,0.0,,too_rare,,,
23562,2.8008066323101054e-05,,too_rare,,,
23563,0.0,,too_rare,,,
23564,0.0,,too_rare,,,
23565,0.0,,too_rare,,,
23566,0.0,,too_rare,,,
23567,0.0,,too_rare,,,
23568,0.0,,too_rare,,,
23569,0.0,,too_rare,,,
23570,0.0,,too_rare,,,
23571,0.0,,too_rare,,,
23572,0.0,,too_rare,,,
23573,0.0003080887295541116,,too_rare,,,
23574,0.0,,too_rare,,,
23575,8.402419896930316e-05,,too_rare,,,
23576,0.0,,too_rare,,,
23577,0.0,,too_rare,,,
23578,0.0008122339233699305,,too_rare,,,
23579,0.0,,too_rare,,,
23580,0.0007842258570468295,,too_rare,,,
23581,0.0,,too_rare,,,
23582,2.8008066323101054e-05,,too_rare,,,
23583,0.0,,too_rare,,,
23584,0.0,,too_rare,,,
23585,0.0,,too_rare,,,
23586,0.0,,too_rare,,,
23587,0.0,,too_rare,,,
23588,0.00019605646426170737,,too_rare,,,
23589,0.0,,too_rare,,,
23590,0.0,,too_rare,,,
23591,8.402419896930316e-05,,too_rare,,,
23592,0.0,,too_rare,,,
23593,0.0,,too_rare,,,
23594,2.8008066323101054e-05,,too_rare,,,
23595,2.8008066323101054e-05,,too_rare,,,
23596,2.8008066323101054e-05,,too_rare,,,
23597,2.8008066323101054e-05,,too_rare,,,
23598,0.0,,too_rare,,,
23599,0.0,,too_rare,,,
23600,0.0,,too_rare,,,
23601,2.8008066323101054e-05,,too_rare,,,
23602,0.0,,too_rare,,,
23603,0.0,,too_rare,,,
23604,0.0,,too_rare,,,
23605,0.000504145193815819,,too_rare,,,
23606,0.0,,too_rare,,,
23607,0.003613040555680036,,too_rare,,,
23608,0.0,,too_rare,,,
23609,0.0,,too_rare,,,
23610,0.0,,too_rare,,,
23611,5.601613264620211e-05,,too_rare,,,
23612,0.0,,too_rare,,,
23613,0.0,,too_rare,,,
23614,0.0002520725969079095,,too_rare,,,
23615,0.0,,too_rare,,,
23616,0.0,,too_rare,,,
23617,0.0,,too_rare,,,
23618,0.0,,too_rare,,,
23619,0.0,,too_rare,,,
23620,0.0,,too_rare,,,
23621,0.002212637239524983,,too_rare,,,
23622,0.0,,too_rare,,,
23623,0.0,,too_rare,,,
23624,0.0,,too_rare,,,
23625,0.00011203226529240422,,too_rare,,,
23626,0.0,,too_rare,,,
23627,0.0,,too_rare,,,
23628,0.0,,too_rare,,,
23629,0.0,,too_rare,,,
23630,0.0,,too_rare,,,
23631,0.0,,too_rare,,,
23632,2.8008066323101054e-05,,too_rare,,,
23633,0.0,,too_rare,,,
23634,0.0,,too_rare,,,
23635,0.0,,too_rare,,,
23636,0.0,,too_rare,,,
23637,0.0,,too_rare,,,
23638,0.0,,too_rare,,,
23639,8.402419896930316e-05,,too_rare,,,
23640,0.0,,too_rare,,,
23641,0.0,,too_rare,,,
23642,0.0,,too_rare,,,
23643,2.8008066323101054e-05,,too_rare,,,
23644,2.8008066323101054e-05,,too_rare,,,
23645,0.0,,too_rare,,,
23646,0.0,,too_rare,,,
23647,0.0,,too_rare,,,
23648,0.0,,too_rare,,,
23649,0.0,,too_rare,,,
23650,0.0,,too_rare,,,
23651,0.0,,too_rare,,,
23652,0.00011203226529240422,,too_rare,,,
23653,2.8008066323101054e-05,,too_rare,,,
23654,0.0,,too_rare,,,
23655,0.0,,too_rare,,,
23656,8.402419896930316e-05,,too_rare,,,
23657,0.0,,too_rare,,,
23658,0.0,,too_rare,,,
23659,0.0,,too_rare,,,
23660,0.0,,too_rare,,,
23661,0.0,,too_rare,,,
23662,0.0,,too_rare,,,
23663,2.8008066323101054e-05,,too_rare,,,
23664,0.0,,too_rare,,,
23665,0.0,,too_rare,,,
23666,0.0,,too_rare,,,
23667,0.0,,too_rare,,,
23668,0.0,,too_rare,,,
23669,0.0,,too_rare,,,
23670,0.0,,too_rare,,,
23671,0.0,,too_rare,,,
23672,0.0,,too_rare,,,
23673,0.0,,too_rare,,,
23674,0.00011203226529240422,,too_rare,,,
23675,2.8008066323101054e-05,,too_rare,,,
23676,0.0,,too_rare,,,
23677,2.8008066323101054e-05,,too_rare,,,
23678,0.0,,too_rare,,,
23679,0.0,,too_rare,,,
23680,0.0,,too_rare,,,
23681,2.8008066323101054e-05,,too_rare,,,
23682,0.0,,too_rare,,,
23683,0.0,,too_rare,,,
23684,0.0,,too_rare,,,
23685,0.0,,too_rare,,,
23686,0.0,,too_rare,,,
23687,0.0,,too_rare,,,
23688,2.8008066323101054e-05,,too_rare,,,
23689,0.0,,too_rare,,,
23690,2.8008066323101054e-05,,too_rare,,,
23691,0.0,,too_rare,,,
23692,0.0,,too_rare,,,
23693,0.0,,too_rare,,,
23694,0.0,,too_rare,,,
23695,0.0,,too_rare,,,
23696,0.0,,too_rare,,,
23697,0.0,,too_rare,,,
23698,0.0,,too_rare,,,
23699,0.0,,too_rare,,,
23700,0.0,,too_rare,,,
23701,0.0,,too_rare,,,
23702,0.000504145193815819,,too_rare,,,
23703,0.0,,too_rare,,,
23704,0.00014004033161550526,,too_rare,,,
23705,2.8008066323101054e-05,,too_rare,,,
23706,0.0,,too_rare,,,
23707,0.0,,too_rare,,,
23709,0.0,,too_rare,,,
23710,0.0,,too_rare,,,
23711,0.0,,too_rare,,,
23712,2.8008066323101054e-05,,too_rare,,,
23713,0.0,,too_rare,,,
23714,0.0,,too_rare,,,
23715,0.002548734035402196,,too_rare,,,
23716,0.0,,too_rare,,,
23717,0.0,,too_rare,,,
23718,0.0,,too_rare,,,
23719,0.0,,too_rare,,,
23720,2.8008066323101054e-05,,too_rare,,,
23721,2.8008066323101054e-05,,too_rare,,,
23722,0.0,,too_rare,,,
23724,0.0,,too_rare,,,
23725,2.8008066323101054e-05,,too_rare,,,
23726,0.0014004033161550526,,too_rare,,,
23727,0.0,,too_rare,,,
23728,5.601613264620211e-05,,too_rare,,,
23729,0.0007842258570468295,,too_rare,,,
23730,0.0,,too_rare,,,
23731,2.8008066323101054e-05,,too_rare,,,
23732,0.0,,too_rare,,,
23733,0.0,,too_rare,,,
23734,0.0,,too_rare,,,
23735,0.00011203226529240422,,too_rare,,,
23736,0.0,,too_rare,,,
23737,0.0,,too_rare,,,
23738,2.8008066323101054e-05,,too_rare,,,
23739,0.0,,too_rare,,,
23740,0.0,,too_rare,,,
23741,0.0,,too_rare,,,
23742,0.0,,too_rare,,,
23743,0.0,,too_rare,,,
23744,0.00011203226529240422,,too_rare,,,
23745,0.0,,too_rare,,,
23746,0.0,,too_rare,,,
23747,0.0,,too_rare,,,
23748,0.0,,too_rare,,,
23749,0.00014004033161550526,,too_rare,,,
23750,2.8008066323101054e-05,,too_rare,,,
23751,0.0,,too_rare,,,
23752,0.0,,too_rare,,,
23753,0.0,,too_rare,,,
23754,0.0007562177907237285,,too_rare,,,
23755,2.8008066323101054e-05,,too_rare,,,
23756,0.0,,too_rare,,,
23757,0.0,,too_rare,,,
23758,0.0,,too_rare,,,
23759,2.8008066323101054e-05,,too_rare,,,
23760,8.402419896930316e-05,,too_rare,,,
23761,0.0,,too_rare,,,
23762,0.0,,too_rare,,,
23763,0.0004201209948465158,,too_rare,,,
23764,0.0,,too_rare,,,
23765,2.8008066323101054e-05,,too_rare,,,
23766,0.0,,too_rare,,,
23767,0.0,,too_rare,,,
23768,0.0,,too_rare,,,
23769,0.0,,too_rare,,,
23771,0.0,,too_rare,,,
23772,0.0,,too_rare,,,
23773,0.0,,too_rare,,,
23774,0.0,,too_rare,,,
23775,0.0006161774591082232,,too_rare,,,
23776,0.0,,too_rare,,,
23777,0.0,,too_rare,,,
23778,0.0,,too_rare,,,
23779,0.0,,too_rare,,,
23780,0.0,,too_rare,,,
23781,0.0,,too_rare,,,
23782,0.0,,too_rare,,,
23783,0.0,,too_rare,,,
23784,0.0,,too_rare,,,
23785,0.0,,too_rare,,,
23786,0.0,,too_rare,,,
23787,0.0,,too_rare,,,
23788,0.0,,too_rare,,,
23789,0.0,,too_rare,,,
23790,0.0,,too_rare,,,
23791,0.0017084920457091641,,too_rare,,,
23792,0.0,,too_rare,,,
23793,0.0,,too_rare,,,
23794,0.0,,too_rare,,,
23795,0.0,,too_rare,,,
23796,0.0,,too_rare,,,
23797,0.0,,too_rare,,,
23798,0.0,,too_rare,,,
23799,0.0,,too_rare,,,
23800,0.0,,too_rare,,,
23801,2.8008066323101054e-05,,too_rare,,,
23802,0.0,,too_rare,,,
23803,0.0002800806632310105,,too_rare,,,
23804,0.0,,too_rare,,,
23805,0.0,,too_rare,,,
23806,2.8008066323101054e-05,,too_rare,,,
23807,0.0,,too_rare,,,
23808,0.0,,too_rare,,,
23809,0.0,,too_rare,,,
23810,0.0,,too_rare,,,
23811,0.0,,too_rare,,,
23812,2.8008066323101054e-05,,too_rare,,,
23813,0.0,,too_rare,,,
23814,2.8008066323101054e-05,,too_rare,,,
23815,0.0,,too_rare,,,
23816,0.00014004033161550526,,too_rare,,,
23817,0.0,,too_rare,,,
23818,0.0,,too_rare,,,
23819,0.00022406453058480843,,too_rare,,,
23820,0.0,,too_rare,,,
23822,0.0,,too_rare,,,
23823,0.00011203226529240422,,too_rare,,,
23824,2.8008066323101054e-05,,too_rare,,,
23825,0.007282097244006274,,too_rare,,,
23826,0.0,,too_rare,,,
23827,0.0,,too_rare,,,
23828,0.0,,too_rare,,,
23829,2.8008066323101054e-05,,too_rare,,,
23830,0.0,,too_rare,,,
23831,2.8008066323101054e-05,,too_rare,,,
23832,0.0,,too_rare,,,
23833,0.002212637239524983,,too_rare,,,
23834,0.0,,too_rare,,,
23835,2.8008066323101054e-05,,too_rare,,,
23836,0.0,,too_rare,,,
23837,5.601613264620211e-05,,too_rare,,,
23838,0.0,,too_rare,,,
23839,0.0,,too_rare,,,
23840,0.0,,too_rare,,,
23841,2.8008066323101054e-05,,too_rare,,,
23842,0.0,,too_rare,,,
23843,0.0,,too_rare,,,
23844,0.0,,too_rare,,,
23845,0.0,,too_rare,,,
23846,0.0,,too_rare,,,
23848,0.0,,too_rare,,,
23849,0.00014004033161550526,,too_rare,,,
23850,2.8008066323101054e-05,,too_rare,,,
23851,0.0,,too_rare,,,
23852,0.0,,too_rare,,,
23853,0.0,,too_rare,,,
23854,0.0,,too_rare,,,
23855,5.601613264620211e-05,,too_rare,,,
23856,0.0,,too_rare,,,
23857,0.0,,too_rare,,,
23858,2.8008066323101054e-05,,too_rare,,,
23859,0.0,,too_rare,,,
23862,0.0,,too_rare,,,
23863,0.0,,too_rare,,,
23864,0.0,,too_rare,,,
23865,0.0,,too_rare,,,
23866,0.0,,too_rare,,,
23867,0.0,,too_rare,,,
23868,0.0,,too_rare,,,
23869,0.0,,too_rare,,,
23870,0.0,,too_rare,,,
23871,0.0,,too_rare,,,
23872,5.601613264620211e-05,,too_rare,,,
23874,0.0,,too_rare,,,
23875,0.0,,too_rare,,,
23877,0.0,,too_rare,,,
23878,0.0,,too_rare,,,
23879,0.0,,too_rare,,,
23880,0.0,,too_rare,,,
23881,0.0,,too_rare,,,
23882,0.0,,too_rare,,,
23883,0.00610575845843603,,too_rare,,,
23884,5.601613264620211e-05,,too_rare,,,
23885,0.0,,too_rare,,,
23886,0.0,,too_rare,,,
23887,0.0,,too_rare,,,
23888,2.8008066323101054e-05,,too_rare,,,
23889,0.0,,too_rare,,,
23890,0.0,,too_rare,,,
23891,0.0,,too_rare,,,
23892,0.0,,too_rare,,,
23893,0.0,,too_rare,,,
23894,8.402419896930316e-05,,too_rare,,,
23895,0.0,,too_rare,,,
23896,5.601613264620211e-05,,too_rare,,,
23897,0.0,,too_rare,,,
23898,0.0,,too_rare,,,
23899,0.0,,too_rare,,,
23900,0.0,,too_rare,,,
23901,0.0,,too_rare,,,
23902,0.002744790499663903,,too_rare,,,
23903,0.0,,too_rare,,,
23904,0.0,,too_rare,,,
23905,5.601613264620211e-05,,too_rare,,,
23906,0.0,,too_rare,,,
23907,0.0,,too_rare,,,
23908,0.0,,too_rare,,,
23909,0.0,,too_rare,,,
23910,8.402419896930316e-05,,too_rare,,,
23911,0.0,,too_rare,,,
23912,0.0,,too_rare,,,
23913,0.0,,too_rare,,,
23914,0.0,,too_rare,,,
23915,5.601613264620211e-05,,too_rare,,,
23916,0.0,,too_rare,,,
23917,0.0,,too_rare,,,
23918,0.0,,too_rare,,,
23921,0.00011203226529240422,,too_rare,,,
23922,2.8008066323101054e-05,,too_rare,,,
23923,2.8008066323101054e-05,,too_rare,,,
23924,0.0,,too_rare,,,
23925,0.0,,too_rare,,,
23926,2.8008066323101054e-05,,too_rare,,,
23927,0.0,,too_rare,,,
23928,0.0,,too_rare,,,
23929,0.0,,too_rare,,,
23930,0.0,,too_rare,,,
23931,0.0,,too_rare,,,
23932,0.0,,too_rare,,,
23933,0.0,,too_rare,,,
23934,0.0,,too_rare,,,
23935,0.0,,too_rare,,,
23936,0.0,,too_rare,,,
23937,0.0,,too_rare,,,
23939,0.0,,too_rare,,,
23940,5.601613264620211e-05,,too_rare,,,
23941,5.601613264620211e-05,,too_rare,,,
23942,8.402419896930316e-05,,too_rare,,,
23943,2.8008066323101054e-05,,too_rare,,,
23944,2.8008066323101054e-05,,too_rare,,,
23945,0.0,,too_rare,,,
23946,0.0,,too_rare,,,
23947,0.0,,too_rare,,,
23948,2.8008066323101054e-05,,too_rare,,,
23949,2.8008066323101054e-05,,too_rare,,,
23950,0.00014004033161550526,,too_rare,,,
23951,0.0,,too_rare,,,
23952,0.0,,too_rare,,,
23953,0.0,,too_rare,,,
23954,5.601613264620211e-05,,too_rare,,,
23955,2.8008066323101054e-05,,too_rare,,,
23956,0.0,,too_rare,,,
23957,0.0,,too_rare,,,
23958,0.0,,too_rare,,,
23959,0.0,,too_rare,,,
23960,0.0,,too_rare,,,
23961,0.0,,too_rare,,,
23962,2.8008066323101054e-05,,too_rare,,,
23963,0.0,,too_rare,,,
23964,0.0,,too_rare,,,
23965,2.8008066323101054e-05,,too_rare,,,
23966,0.0,,too_rare,,,
23967,2.8008066323101054e-05,,too_rare,,,
23968,0.005405556800358503,,too_rare,,,
23969,0.0,,too_rare,,,
23970,0.0,,too_rare,,,
23971,0.0,,too_rare,,,
23972,0.0,,too_rare,,,
23973,0.0,,too_rare,,,
23974,2.8008066323101054e-05,,too_rare,,,
23975,0.0,,too_rare,,,
23976,2.8008066323101054e-05,,too_rare,,,
23977,0.0,,too_rare,,,
23978,0.0,,too_rare,,,
23979,0.0,,too_rare,,,
23980,0.0,,too_rare,,,
23981,0.0,,too_rare,,,
23982,0.0,,too_rare,,,
23983,0.0,,too_rare,,,
23984,0.0,,too_rare,,,
23985,5.601613264620211e-05,,too_rare,,,
23986,0.0,,too_rare,,,
23987,0.0,,too_rare,,,
23988,0.0,,too_rare,,,
23989,0.0,,too_rare,,,
23990,0.0,,too_rare,,,
23991,0.0,,too_rare,,,
23992,0.0,,too_rare,,,
23993,5.601613264620211e-05,,too_rare,,,
23994,2.8008066323101054e-05,,too_rare,,,
23995,2.8008066323101054e-05,,too_rare,,,
23996,0.0004201209948465158,,too_rare,,,
23997,0.0,,too_rare,,,
23998,0.0,,too_rare,,,
23999,0.0,,too_rare,,,
24000,2.8008066323101054e-05,,too_rare,,,
24001,0.0,,too_rare,,,
24002,0.0,,too_rare,,,
24003,2.8008066323101054e-05,,too_rare,,,
24004,0.0,,too_rare,,,
24006,0.0,,too_rare,,,
24007,0.0,,too_rare,,,
24008,0.0,,too_rare,,,
24009,0.0,,too_rare,,,
24010,0.0,,too_rare,,,
24011,0.0,,too_rare,,,
24012,0.0,,too_rare,,,
24013,0.0,,too_rare,,,
24014,0.0,,too_rare,,,
24015,0.0,,too_rare,,,
24016,0.0,,too_rare,,,
24017,0.0,,too_rare,,,
24018,0.007898274703114497,,too_rare,,,
24019,0.0,,too_rare,,,
24020,0.0,,too_rare,,,
24021,0.0,,too_rare,,,
24022,0.0,,too_rare,,,
24023,0.0,,too_rare,,,
24024,0.0,,too_rare,,,
24025,2.8008066323101054e-05,,too_rare,,,
24026,2.8008066323101054e-05,,too_rare,,,
24027,0.0,,too_rare,,,
24028,0.0,,too_rare,,,
24029,0.0,,too_rare,,,
24030,0.0,,too_rare,,,
24031,0.0,,too_rare,,,
24032,0.0,,too_rare,,,
24033,0.0,,too_rare,,,
24034,0.0,,too_rare,,,
24035,0.0,,too_rare,,,
24036,0.0,,too_rare,,,
24037,0.0,,too_rare,,,
24038,0.0,,too_rare,,,
24039,2.8008066323101054e-05,,too_rare,,,
24040,0.0,,too_rare,,,
24041,0.0,,too_rare,,,
24042,2.8008066323101054e-05,,too_rare,,,
24043,0.0,,too_rare,,,
24044,0.0,,too_rare,,,
24045,0.0,,too_rare,,,
24046,2.8008066323101054e-05,,too_rare,,,
24047,8.402419896930316e-05,,too_rare,,,
24048,0.0,,too_rare,,,
24049,0.0,,too_rare,,,
24050,5.601613264620211e-05,,too_rare,,,
24051,0.0,,too_rare,,,
24052,0.0,,too_rare,,,
24053,5.601613264620211e-05,,too_rare,,,
24054,0.0,,too_rare,,,
24055,0.0,,too_rare,,,
24056,0.0002800806632310105,,too_rare,,,
24057,0.0,,too_rare,,,
24058,0.0,,too_rare,,,
24060,2.8008066323101054e-05,,too_rare,,,
24061,0.0,,too_rare,,,
24062,0.0,,too_rare,,,
24064,0.0,,too_rare,,,
24065,0.0,,too_rare,,,
24066,0.0,,too_rare,,,
24067,0.0,,too_rare,,,
24068,0.0,,too_rare,,,
24069,0.0,,too_rare,,,
24070,0.0,,too_rare,,,
24071,0.002576742101725297,,too_rare,,,
24072,0.002604750168048398,,too_rare,,,
24073,0.0,,too_rare,,,
24074,0.0,,too_rare,,,
24075,0.0,,too_rare,,,
24076,0.0,,too_rare,,,
24077,0.0,,too_rare,,,
24078,0.0,,too_rare,,,
24080,0.0,,too_rare,,,
24081,0.0,,too_rare,,,
24082,5.601613264620211e-05,,too_rare,,,
24083,2.8008066323101054e-05,,too_rare,,,
24084,0.0003080887295541116,,too_rare,,,
24085,0.0,,too_rare,,,
24086,0.0,,too_rare,,,
24087,0.0,,too_rare,,,
24088,0.0,,too_rare,,,
24089,0.0,,too_rare,,,
24090,0.0,,too_rare,,,
24091,0.0,,too_rare,,,
24093,0.0,,too_rare,,,
24094,0.0,,too_rare,,,
24095,2.8008066323101054e-05,,too_rare,,,
24096,0.0,,too_rare,,,
24097,0.0,,too_rare,,,
24099,0.0,,too_rare,,,
24100,0.0,,too_rare,,,
24101,0.0,,too_rare,,,
24102,2.8008066323101054e-05,,too_rare,,,
24103,0.0,,too_rare,,,
24104,0.0,,too_rare,,,
24105,0.0,,too_rare,,,
24106,0.0,,too_rare,,,
24107,5.601613264620211e-05,,too_rare,,,
24108,0.0,,too_rare,,,
24109,0.0,,too_rare,,,
24110,0.0,,too_rare,,,
24111,0.0,,too_rare,,,
24112,0.0,,too_rare,,,
24113,2.8008066323101054e-05,,too_rare,,,
24114,2.8008066323101054e-05,,too_rare,,,
24115,0.000504145193815819,,too_rare,,,
24116,0.0,,too_rare,,,
24117,0.0,,too_rare,,,
24118,0.0,,too_rare,,,
24119,0.0,,too_rare,,,
24120,2.8008066323101054e-05,,too_rare,,,
24121,2.8008066323101054e-05,,too_rare,,,
24122,0.00019605646426170737,,too_rare,,,
24123,0.0,,too_rare,,,
24124,0.0,,too_rare,,,
24126,2.8008066323101054e-05,,too_rare,,,
24127,0.0,,too_rare,,,
24128,2.8008066323101054e-05,,too_rare,,,
24129,0.0,,too_rare,,,
24131,5.601613264620211e-05,,too_rare,,,
24132,0.0,,too_rare,,,
24133,0.0004201209948465158,,too_rare,,,
24134,0.0,,too_rare,,,
24135,0.0,,too_rare,,,
24136,0.0,,too_rare,,,
24137,0.0,,too_rare,,,
24138,0.00014004033161550526,,too_rare,,,
24139,0.0,,too_rare,,,
24140,0.0,,too_rare,,,
24141,0.0,,too_rare,,,
24142,0.0,,too_rare,,,
24143,0.0,,too_rare,,,
24144,0.001652475913062962,,too_rare,,,
24145,0.0,,too_rare,,,
24146,0.0,,too_rare,,,
24147,0.0,,too_rare,,,
24148,0.0,,too_rare,,,
24149,2.8008066323101054e-05,,too_rare,,,
24150,0.0,,too_rare,,,
24151,0.0,,too_rare,,,
24152,2.8008066323101054e-05,,too_rare,,,
24153,0.0,,too_rare,,,
24154,0.0,,too_rare,,,
24155,0.0,,too_rare,,,
24156,2.8008066323101054e-05,,too_rare,,,
24157,0.0,,too_rare,,,
24158,2.8008066323101054e-05,,too_rare,,,
24159,0.0,,too_rare,,,
24160,0.0,,too_rare,,,
24161,2.8008066323101054e-05,,too_rare,,,
24162,0.0,,too_rare,,,
24163,0.00016804839793860632,,too_rare,,,
24164,0.0,,too_rare,,,
24165,0.0,,too_rare,,,
24166,0.0,,too_rare,,,
24167,0.0006441855254313242,,too_rare,,,
24168,0.0,,too_rare,,,
24169,0.0,,too_rare,,,
24170,0.0,,too_rare,,,
24171,8.402419896930316e-05,,too_rare,,,
24172,0.0,,too_rare,,,
24173,0.0,,too_rare,,,
24174,2.8008066323101054e-05,,too_rare,,,
24176,0.0,,too_rare,,,
24177,0.0,,too_rare,,,
24178,0.0,,too_rare,,,
24179,0.0,,too_rare,,,
24180,0.0,,too_rare,,,
24181,0.0,,too_rare,,,
24182,0.0,,too_rare,,,
24183,0.0,,too_rare,,,
24184,0.0,,too_rare,,,
24185,0.0,,too_rare,,,
24186,0.0,,too_rare,,,
24187,0.0,,too_rare,,,
24188,0.0,,too_rare,,,
24189,0.0,,too_rare,,,
24190,0.0,,too_rare,,,
24191,0.0,,too_rare,,,
24192,0.0,,too_rare,,,
24193,2.8008066323101054e-05,,too_rare,,,
24194,0.0,,too_rare,,,
24195,0.0,,too_rare,,,
24196,0.0,,too_rare,,,
24197,0.0,,too_rare,,,
24198,0.0,,too_rare,,,
24199,0.0,,too_rare,,,
24200,0.0,,too_rare,,,
24201,2.8008066323101054e-05,,too_rare,,,
24202,0.0,,too_rare,,,
24203,0.0,,too_rare,,,
24204,0.0,,too_rare,,,
24205,0.0,,too_rare,,,
24206,0.0,,too_rare,,,
24207,2.8008066323101054e-05,,too_rare,,,
24208,0.0,,too_rare,,,
24209,0.0,,too_rare,,,
24210,2.8008066323101054e-05,,too_rare,,,
24211,5.601613264620211e-05,,too_rare,,,
24212,0.0,,too_rare,,,
24213,2.8008066323101054e-05,,too_rare,,,
24214,0.0,,too_rare,,,
24215,0.0,,too_rare,,,
24216,5.601613264620211e-05,,too_rare,,,
24217,0.0,,too_rare,,,
24218,0.0,,too_rare,,,
24219,0.0,,too_rare,,,
24220,0.0,,too_rare,,,
24221,0.0,,too_rare,,,
24223,2.8008066323101054e-05,,too_rare,,,
24224,0.0,,too_rare,,,
24225,0.0,,too_rare,,,
24226,0.0,,too_rare,,,
24227,0.0,,too_rare,,,
24228,0.0,,too_rare,,,
24229,0.0,,too_rare,,,
24230,0.0,,too_rare,,,
24231,0.0,,too_rare,,,
24232,0.0,,too_rare,,,
24233,5.601613264620211e-05,,too_rare,,,
24234,0.0,,too_rare,,,
24235,0.0,,too_rare,,,
24236,0.0,,too_rare,,,
24237,0.0,,too_rare,,,
24238,0.0,,too_rare,,,
24239,2.8008066323101054e-05,,too_rare,,,
24240,0.0,,too_rare,,,
24241,0.0,,too_rare,,,
24242,0.0,,too_rare,,,
24243,0.0,,too_rare,,,
24244,0.0,,too_rare,,,
24245,0.0,,too_rare,,,
24246,0.0,,too_rare,,,
24247,0.0,,too_rare,,,
24248,0.0,,too_rare,,,
24249,0.0,,too_rare,,,
24250,0.0,,too_rare,,,
24251,0.0,,too_rare,,,
24252,0.0,,too_rare,,,
24253,0.0,,too_rare,,,
24254,0.0,,too_rare,,,
24255,0.0,,too_rare,,,
24256,0.0,,too_rare,,,
24257,0.003921129285234148,,too_rare,,,
24258,0.0,,too_rare,,,
24259,0.00011203226529240422,,too_rare,,,
24260,0.0,,too_rare,,,
24261,8.402419896930316e-05,,too_rare,,,
24262,0.0,,too_rare,,,
24263,0.0,,too_rare,,,
24264,0.0,,too_rare,,,
24265,0.0,,too_rare,,,
24266,0.0,,too_rare,,,
24267,0.0005881693927851221,,too_rare,,,
24268,0.0,,too_rare,,,
24269,0.0,,too_rare,,,
24270,0.007478153708267981,,too_rare,,,
24271,0.0,,too_rare,,,
24272,0.0,,too_rare,,,
24273,0.0,,too_rare,,,
24274,0.0,,too_rare,,,
24275,0.0,,too_rare,,,
24276,2.8008066323101054e-05,,too_rare,,,
24277,0.0,,too_rare,,,
24278,5.601613264620211e-05,,too_rare,,,
24279,0.0,,too_rare,,,
24280,0.0,,too_rare,,,
24281,5.601613264620211e-05,,too_rare,,,
24282,0.0,,too_rare,,,
24283,0.0,,too_rare,,,
24284,0.0,,too_rare,,,
24285,2.8008066323101054e-05,,too_rare,,,
24286,5.601613264620211e-05,,too_rare,,,
24287,2.8008066323101054e-05,,too_rare,,,
24288,2.8008066323101054e-05,,too_rare,,,
24289,0.0,,too_rare,,,
24290,0.0,,too_rare,,,
24291,0.0,,too_rare,,,
24292,0.0,,too_rare,,,
24293,0.0,,too_rare,,,
24294,0.0,,too_rare,,,
24295,0.0,,too_rare,,,
24296,0.0,,too_rare,,,
24297,0.00016804839793860632,,too_rare,,,
24298,8.402419896930316e-05,,too_rare,,,
24299,2.8008066323101054e-05,,too_rare,,,
24300,0.0,,too_rare,,,
24301,0.0,,too_rare,,,
24302,0.0,,too_rare,,,
24303,0.0,,too_rare,,,
24305,0.0,,too_rare,,,
24306,0.0,,too_rare,,,
24307,0.0,,too_rare,,,
24308,0.0,,too_rare,,,
24310,0.0,,too_rare,,,
24311,2.8008066323101054e-05,,too_rare,,,
24312,0.00022406453058480843,,too_rare,,,
24313,0.0,,too_rare,,,
24314,0.0,,too_rare,,,
24315,2.8008066323101054e-05,,too_rare,,,
24316,0.0,,too_rare,,,
24317,0.0,,too_rare,,,
24318,0.0,,too_rare,,,
24319,0.0,,too_rare,,,
24320,0.0,,too_rare,,,
24321,0.0,,too_rare,,,
24322,0.0,,too_rare,,,
24323,0.0,,too_rare,,,
24324,0.0,,too_rare,,,
24325,0.0,,too_rare,,,
24326,0.0,,too_rare,,,
24327,2.8008066323101054e-05,,too_rare,,,
24328,0.0,,too_rare,,,
24329,0.0,,too_rare,,,
24330,0.0013163791171857495,,too_rare,,,
24331,0.0,,too_rare,,,
24332,0.0,,too_rare,,,
24333,0.00022406453058480843,,too_rare,,,
24334,0.0,,too_rare,,,
24335,0.0,,too_rare,,,
24336,0.0004761371274927179,,too_rare,,,
24337,0.0,,too_rare,,,
24338,2.8008066323101054e-05,,too_rare,,,
24339,0.0,,too_rare,,,
24340,0.0,,too_rare,,,
24341,0.0,,too_rare,,,
24342,0.0,,too_rare,,,
24343,0.0,,too_rare,,,
24344,0.0,,too_rare,,,
24345,0.0,,too_rare,,,
24346,2.8008066323101054e-05,,too_rare,,,
24347,0.0,,too_rare,,,
24348,0.0,,too_rare,,,
24349,0.0,,too_rare,,,
24350,0.0,,too_rare,,,
24351,2.8008066323101054e-05,,too_rare,,,
24352,0.0004761371274927179,,too_rare,,,
24354,0.0,,too_rare,,,
24355,0.00019605646426170737,,too_rare,,,
24356,0.007814250504145194,,too_rare,,,
24357,0.0,,too_rare,,,
24358,0.0,,too_rare,,,
24360,0.0,,too_rare,,,
24361,0.0,,too_rare,,,
24362,0.0,,too_rare,,,
24363,0.0,,too_rare,,,
24364,2.8008066323101054e-05,,too_rare,,,
24365,0.0,,too_rare,,,
24366,0.0,,too_rare,,,
24367,0.0,,too_rare,,,
24368,0.0002520725969079095,,too_rare,,,
24369,0.0007842258570468295,,too_rare,,,
24370,0.0,,too_rare,,,
24371,0.0,,too_rare,,,
24372,0.0,,too_rare,,,
24373,0.0,,too_rare,,,
24374,0.0,,too_rare,,,
24375,0.0,,too_rare,,,
24376,0.0,,too_rare,,,
24377,0.0,,too_rare,,,
24378,0.0,,too_rare,,,
24379,0.0,,too_rare,,,
24380,0.0,,too_rare,,,
24381,2.8008066323101054e-05,,too_rare,,,
24382,0.0,,too_rare,,,
24383,0.00014004033161550526,,too_rare,,,
24384,0.0,,too_rare,,,
24385,0.0,,too_rare,,,
24386,0.0,,too_rare,,,
24387,5.601613264620211e-05,,too_rare,,,
24388,0.0,,too_rare,,,
24389,0.0,,too_rare,,,
24390,2.8008066323101054e-05,,too_rare,,,
24391,0.0,,too_rare,,,
24392,0.0,,too_rare,,,
24393,0.0,,too_rare,,,
24394,0.0,,too_rare,,,
24395,5.601613264620211e-05,,too_rare,,,
24396,0.0,,too_rare,,,
24397,0.000980282321308537,,too_rare,,,
24398,0.0,,too_rare,,,
24399,2.8008066323101054e-05,,too_rare,,,
24400,0.0,,too_rare,,,
24402,0.0,,too_rare,,,
24403,0.0,,too_rare,,,
24404,2.8008066323101054e-05,,too_rare,,,
24405,0.0,,too_rare,,,
24406,0.0067499439838673535,,too_rare,,,
24407,0.0,,too_rare,,,
24408,0.0,,too_rare,,,
24409,0.0,,too_rare,,,
24410,0.00014004033161550526,,too_rare,,,
24411,0.0,,too_rare,,,
24412,0.0,,too_rare,,,
24413,0.0,,too_rare,,,
24414,2.8008066323101054e-05,,too_rare,,,
24415,0.0,,too_rare,,,
24416,0.0,,too_rare,,,
24417,0.0,,too_rare,,,
24418,0.0,,too_rare,,,
24419,0.0,,too_rare,,,
24420,0.0,,too_rare,,,
24421,0.0,,too_rare,,,
24422,0.0,,too_rare,,,
24424,0.0,,too_rare,,,
24425,0.0,,too_rare,,,
24426,0.00022406453058480843,,too_rare,,,
24427,0.0,,too_rare,,,
24428,0.0,,too_rare,,,
24429,2.8008066323101054e-05,,too_rare,,,
24430,0.0,,too_rare,,,
24431,2.8008066323101054e-05,,too_rare,,,
24432,2.8008066323101054e-05,,too_rare,,,
24433,0.0,,too_rare,,,
24434,0.0,,too_rare,,,
24435,2.8008066323101054e-05,,too_rare,,,
24436,0.0,,too_rare,,,
24437,0.0,,too_rare,,,
24438,0.0,,too_rare,,,
24439,0.0003080887295541116,,too_rare,,,
24440,2.8008066323101054e-05,,too_rare,,,
24441,0.0,,too_rare,,,
24442,0.0,,too_rare,,,
24443,2.8008066323101054e-05,,too_rare,,,
24444,2.8008066323101054e-05,,too_rare,,,
24445,0.0,,too_rare,,,
24446,0.0,,too_rare,,,
24447,0.0,,too_rare,,,
24448,0.0,,too_rare,,,
24449,0.0,,too_rare,,,
24450,0.0,,too_rare,,,
24451,2.8008066323101054e-05,,too_rare,,,
24452,0.0,,too_rare,,,
24453,0.0,,too_rare,,,
24454,5.601613264620211e-05,,too_rare,,,
24455,0.0018485323773246695,,too_rare,,,
24456,0.0,,too_rare,,,
24457,0.0,,too_rare,,,
24458,0.0,,too_rare,,,
24459,0.0,,too_rare,,,
24460,0.0,,too_rare,,,
24461,0.0,,too_rare,,,
24462,0.0,,too_rare,,,
24463,0.0,,too_rare,,,
24464,0.0,,too_rare,,,
24465,0.0,,too_rare,,,
24466,0.0,,too_rare,,,
24467,0.0,,too_rare,,,
24468,0.0,,too_rare,,,
24469,0.0,,too_rare,,,
24470,0.0,,too_rare,,,
24471,0.0,,too_rare,,,
24472,0.0,,too_rare,,,
24473,0.00011203226529240422,,too_rare,,,
24474,2.8008066323101054e-05,,too_rare,,,
24475,0.0,,too_rare,,,
24476,0.0,,too_rare,,,
24477,0.0,,too_rare,,,
24478,0.0,,too_rare,,,
24479,0.0,,too_rare,,,
24480,5.601613264620211e-05,,too_rare,,,
24481,0.002044588841586377,,too_rare,,,
24482,2.8008066323101054e-05,,too_rare,,,
24483,2.8008066323101054e-05,,too_rare,,,
24484,0.0,,too_rare,,,
24485,0.0,,too_rare,,,
24486,0.00014004033161550526,,too_rare,,,
24487,0.0,,too_rare,,,
24488,0.0,,too_rare,,,
24489,0.0,,too_rare,,,
24490,0.0,,too_rare,,,
24491,0.0,,too_rare,,,
24492,2.8008066323101054e-05,,too_rare,,,
24493,0.0,,too_rare,,,
24494,0.0,,too_rare,,,
24496,0.0,,too_rare,,,
24497,0.0,,too_rare,,,
24498,0.0,,too_rare,,,
24499,0.0,,too_rare,,,
24500,0.0,,too_rare,,,
24501,0.0,,too_rare,,,
24502,2.8008066323101054e-05,,too_rare,,,
24503,0.0,,too_rare,,,
24504,0.0,,too_rare,,,
24505,0.0,,too_rare,,,
24506,0.0,,too_rare,,,
24507,0.0,,too_rare,,,
24508,0.0,,too_rare,,,
24509,0.0,,too_rare,,,
24510,0.0,,too_rare,,,
24511,0.0,,too_rare,,,
24512,2.8008066323101054e-05,,too_rare,,,
24513,2.8008066323101054e-05,,too_rare,,,
24514,0.0,,too_rare,,,
24515,0.002044588841586377,,too_rare,,,
24516,0.004397266412726865,,too_rare,,,
24517,0.0,,too_rare,,,
24518,2.8008066323101054e-05,,too_rare,,,
24519,0.0,,too_rare,,,
24520,0.00036410486220031366,,too_rare,,,
24521,2.8008066323101054e-05,,too_rare,,,
24522,0.0,,too_rare,,,
24523,2.8008066323101054e-05,,too_rare,,,
24524,2.8008066323101054e-05,,too_rare,,,
24525,0.0,,too_rare,,,
24526,0.0,,too_rare,,,
24527,0.0,,too_rare,,,
24528,0.0,,too_rare,,,
24529,0.002744790499663903,,too_rare,,,
24530,0.0,,too_rare,,,
24531,0.0,,too_rare,,,
24532,0.0,,too_rare,,,
24533,0.0,,too_rare,,,
24534,0.0,,too_rare,,,
24535,0.0023526775711404883,,too_rare,,,
24536,0.0,,too_rare,,,
24537,0.0,,too_rare,,,
24538,0.0,,too_rare,,,
24539,2.8008066323101054e-05,,too_rare,,,
24540,0.0,,too_rare,,,
24541,0.0,,too_rare,,,
24542,0.0,,too_rare,,,
24543,5.601613264620211e-05,,too_rare,,,
24544,0.0,,too_rare,,,
24545,8.402419896930316e-05,,too_rare,,,
24546,0.0,,too_rare,,,
24547,0.0,,too_rare,,,
24548,2.8008066323101054e-05,,too_rare,,,
24549,0.0,,too_rare,,,
24550,0.0,,too_rare,,,
24551,0.0,,too_rare,,,
24552,0.0,,too_rare,,,
24553,0.0,,too_rare,,,
24554,0.0006161774591082232,,too_rare,,,
24555,0.0,,too_rare,,,
24556,0.0013443871835088505,,too_rare,,,
24557,0.0,,too_rare,,,
24558,0.0,,too_rare,,,
24559,0.0,,too_rare,,,
24560,0.0,,too_rare,,,
24561,0.0,,too_rare,,,
24562,0.0,,too_rare,,,
24563,0.0,,too_rare,,,
24564,0.0,,too_rare,,,
24565,0.0,,too_rare,,,
24566,0.0,,too_rare,,,
24567,0.0,,too_rare,,,
24568,0.0,,too_rare,,,
24569,0.0,,too_rare,,,
24570,0.0,,too_rare,,,
24571,0.0,,too_rare,,,
24572,2.8008066323101054e-05,,too_rare,,,
24573,0.0,,too_rare,,,
24574,0.0,,too_rare,,,
24575,0.0,,too_rare,,,
24576,0.0,,too_rare,,,
24577,0.00036410486220031366,,too_rare,,,
24578,0.0,,too_rare,,,
24579,0.0,,too_rare,,,
24580,0.0,,too_rare,,,
24581,0.0,,too_rare,,,
24582,0.0,,too_rare,,,
24583,0.0,,too_rare,,,
24584,0.0,,too_rare,,,
24585,0.0,,too_rare,,,
24586,0.0,,too_rare,,,
24587,0.00011203226529240422,,too_rare,,,
24588,0.0,,too_rare,,,
24589,0.0,,too_rare,,,
24590,0.0,,too_rare,,,
24591,0.0,,too_rare,,,
24592,0.0,,too_rare,,,
24593,2.8008066323101054e-05,,too_rare,,,
24594,0.0,,too_rare,,,
24595,0.0,,too_rare,,,
24596,0.0,,too_rare,,,
24597,0.0,,too_rare,,,
24598,0.0,,too_rare,,,
24599,8.402419896930316e-05,,too_rare,,,
24600,2.8008066323101054e-05,,too_rare,,,
24602,0.0011763387855702441,,too_rare,,,
24603,0.0,,too_rare,,,
24604,0.0,,too_rare,,,
24605,0.0,,too_rare,,,
24606,0.0,,too_rare,,,
24607,0.0,,too_rare,,,
24608,0.0007002016580775263,,too_rare,,,
24609,0.0,,too_rare,,,
24610,0.0,,too_rare,,,
24611,0.0,,too_rare,,,
24612,0.0,,too_rare,,,
24613,0.0,,too_rare,,,
24614,0.00014004033161550526,,too_rare,,,
24615,2.8008066323101054e-05,,too_rare,,,
24616,0.0,,too_rare,,,
24617,0.0,,too_rare,,,
24618,0.0,,too_rare,,,
24619,0.0003080887295541116,,too_rare,,,
24620,0.0,,too_rare,,,
24621,0.0,,too_rare,,,
24622,0.0,,too_rare,,,
24623,0.0,,too_rare,,,
24624,0.0,,too_rare,,,
24625,2.8008066323101054e-05,,too_rare,,,
24626,0.0,,too_rare,,,
24627,2.8008066323101054e-05,,too_rare,,,
24628,2.8008066323101054e-05,,too_rare,,,
24629,0.0,,too_rare,,,
24630,0.0,,too_rare,,,
24631,2.8008066323101054e-05,,too_rare,,,
24632,0.0002800806632310105,,too_rare,,,
24633,0.0,,too_rare,,,
24634,0.0,,too_rare,,,
24635,0.0,,too_rare,,,
24636,0.0,,too_rare,,,
24637,0.0,,too_rare,,,
24638,0.0,,too_rare,,,
24639,0.0,,too_rare,,,
24640,0.0,,too_rare,,,
24641,0.0004761371274927179,,too_rare,,,
24642,0.0011763387855702441,,too_rare,,,
24643,0.0,,too_rare,,,
24644,0.0,,too_rare,,,
24645,0.0,,too_rare,,,
24646,0.0077862424378220925,,too_rare,,,
24647,2.8008066323101054e-05,,too_rare,,,
24648,0.0,,too_rare,,,
24649,2.8008066323101054e-05,,too_rare,,,
24650,0.0,,too_rare,,,
24651,0.0,,too_rare,,,
24652,0.0,,too_rare,,,
24653,2.8008066323101054e-05,,too_rare,,,
24654,0.0,,too_rare,,,
24655,0.0,,too_rare,,,
24656,0.00011203226529240422,,too_rare,,,
24657,0.0,,too_rare,,,
24658,0.0,,too_rare,,,
24659,0.0,,too_rare,,,
24661,0.002296661438494286,,too_rare,,,
24662,0.0014004033161550526,,too_rare,,,
24664,0.0,,too_rare,,,
24665,2.8008066323101054e-05,,too_rare,,,
24666,0.0,,too_rare,,,
24667,0.0,,too_rare,,,
24668,0.0,,too_rare,,,
24669,0.0,,too_rare,,,
24670,0.0,,too_rare,,,
24671,0.0,,too_rare,,,
24672,2.8008066323101054e-05,,too_rare,,,
24673,0.0,,too_rare,,,
24674,0.0,,too_rare,,,
24675,0.0,,too_rare,,,
24676,0.0,,too_rare,,,
24677,0.0,,too_rare,,,
24678,0.0,,too_rare,,,
24679,0.0,,too_rare,,,
24680,0.0012603629845395474,,too_rare,,,
24681,0.0,,too_rare,,,
24682,0.0,,too_rare,,,
24684,0.0,,too_rare,,,
24685,0.0,,too_rare,,,
24686,0.0,,too_rare,,,
24687,0.0,,too_rare,,,
24688,0.0,,too_rare,,,
24689,0.0,,too_rare,,,
24690,0.0,,too_rare,,,
24691,0.0,,too_rare,,,
24692,2.8008066323101054e-05,,too_rare,,,
24693,0.0,,too_rare,,,
24694,0.0,,too_rare,,,
24695,2.8008066323101054e-05,,too_rare,,,
24696,0.0,,too_rare,,,
24697,0.0,,too_rare,,,
24698,0.0,,too_rare,,,
24699,0.0,,too_rare,,,
24700,2.8008066323101054e-05,,too_rare,,,
24701,0.0,,too_rare,,,
24702,2.8008066323101054e-05,,too_rare,,,
24703,5.601613264620211e-05,,too_rare,,,
24704,0.0,,too_rare,,,
24705,0.0,,too_rare,,,
24706,0.0,,too_rare,,,
24707,2.8008066323101054e-05,,too_rare,,,
24708,0.0,,too_rare,,,
24709,0.0,,too_rare,,,
24710,0.0,,too_rare,,,
24711,0.00033609679587721263,,too_rare,,,
24712,0.0,,too_rare,,,
24713,0.0,,too_rare,,,
24714,0.0,,too_rare,,,
24715,0.0,,too_rare,,,
24716,0.0,,too_rare,,,
24717,0.0,,too_rare,,,
24718,0.0,,too_rare,,,
24719,0.0,,too_rare,,,
24720,0.0,,too_rare,,,
24721,0.0,,too_rare,,,
24722,0.0,,too_rare,,,
24723,0.00019605646426170737,,too_rare,,,
24724,2.8008066323101054e-05,,too_rare,,,
24725,0.0,,too_rare,,,
24726,0.0,,too_rare,,,
24727,0.0,,too_rare,,,
24728,0.0006161774591082232,,too_rare,,,
24729,8.402419896930316e-05,,too_rare,,,
24730,0.0,,too_rare,,,
24731,0.0,,too_rare,,,
24732,2.8008066323101054e-05,,too_rare,,,
24733,0.0,,too_rare,,,
24734,0.0,,too_rare,,,
24735,0.0,,too_rare,,,
24736,2.8008066323101054e-05,,too_rare,,,
24737,0.0,,too_rare,,,
24738,0.0,,too_rare,,,
24739,0.0,,too_rare,,,
24740,2.8008066323101054e-05,,too_rare,,,
24741,0.0,,too_rare,,,
24742,0.0,,too_rare,,,
24743,0.0,,too_rare,,,
24744,0.0,,too_rare,,,
24745,0.0,,too_rare,,,
24746,0.0,,too_rare,,,
24747,0.0,,too_rare,,,
24748,2.8008066323101054e-05,,too_rare,,,
24749,0.0,,too_rare,,,
24750,0.0,,too_rare,,,
24751,0.0,,too_rare,,,
24752,0.0,,too_rare,,,
24753,0.0,,too_rare,,,
24754,0.0,,too_rare,,,
24755,0.0,,too_rare,,,
24756,0.0,,too_rare,,,
24757,0.0,,too_rare,,,
24758,0.0,,too_rare,,,
24759,0.0,,too_rare,,,
24760,0.0,,too_rare,,,
24761,0.0,,too_rare,,,
24762,0.0,,too_rare,,,
24763,0.00039211292852341475,,too_rare,,,
24764,0.0,,too_rare,,,
24765,0.0,,too_rare,,,
24766,0.0,,too_rare,,,
24767,0.00022406453058480843,,too_rare,,,
24768,0.0,,too_rare,,,
24769,0.0,,too_rare,,,
24770,0.0,,too_rare,,,
24771,0.0,,too_rare,,,
24772,0.0,,too_rare,,,
24773,0.0,,too_rare,,,
24774,0.0,,too_rare,,,
24775,0.0,,too_rare,,,
24776,0.0,,too_rare,,,
24777,0.0,,too_rare,,,
24778,0.0014564194488012547,,too_rare,,,
24779,5.601613264620211e-05,,too_rare,,,
24780,0.0,,too_rare,,,
24781,0.0,,too_rare,,,
24782,0.002016580775263276,,too_rare,,,
24783,0.0,,too_rare,,,
24784,0.0,,too_rare,,,
24785,0.0,,too_rare,,,
24786,0.0,,too_rare,,,
24787,2.8008066323101054e-05,,too_rare,,,
24788,0.0,,too_rare,,,
24789,0.0,,too_rare,,,
24790,0.0,,too_rare,,,
24791,0.00011203226529240422,,too_rare,,,
24792,0.0,,too_rare,,,
24793,0.0013723952498319516,,too_rare,,,
24794,8.402419896930316e-05,,too_rare,,,
24795,0.0,,too_rare,,,
24796,0.0,,too_rare,,,
24797,2.8008066323101054e-05,,too_rare,,,
24798,0.0,,too_rare,,,
24799,0.0,,too_rare,,,
24800,0.0,,too_rare,,,
24801,0.0,,too_rare,,,
24802,0.0,,too_rare,,,
24803,0.0,,too_rare,,,
24804,0.0,,too_rare,,,
24805,0.0,,too_rare,,,
24806,0.0,,too_rare,,,
24807,0.0,,too_rare,,,
24809,2.8008066323101054e-05,,too_rare,,,
24810,0.0,,too_rare,,,
24811,2.8008066323101054e-05,,too_rare,,,
24812,0.0,,too_rare,,,
24813,5.601613264620211e-05,,too_rare,,,
24814,0.0,,too_rare,,,
24815,0.0,,too_rare,,,
24816,0.0,,too_rare,,,
24817,0.0,,too_rare,,,
24818,0.003613040555680036,,too_rare,,,
24819,0.0,,too_rare,,,
24820,0.0,,too_rare,,,
24821,0.0,,too_rare,,,
24822,0.0,,too_rare,,,
24823,0.0,,too_rare,,,
24824,2.8008066323101054e-05,,too_rare,,,
24825,0.0,,too_rare,,,
24826,0.0,,too_rare,,,
24827,0.00014004033161550526,,too_rare,,,
24828,0.004733363208604078,,too_rare,,,
24829,0.0,,too_rare,,,
24830,0.0,,too_rare,,,
24831,0.0,,too_rare,,,
24832,0.0,,too_rare,,,
24833,0.0,,too_rare,,,
24834,0.0,,too_rare,,,
24835,0.0,,too_rare,,,
24836,0.0,,too_rare,,,
24837,2.8008066323101054e-05,,too_rare,,,
24838,0.0,,too_rare,,,
24839,2.8008066323101054e-05,,too_rare,,,
24840,0.0,,too_rare,,,
24841,0.0,,too_rare,,,
24842,0.0,,too_rare,,,
24843,0.00019605646426170737,,too_rare,,,
24844,0.0,,too_rare,,,
24846,0.0,,too_rare,,,
24847,0.0,,too_rare,,,
24849,8.402419896930316e-05,,too_rare,,,
24850,0.0,,too_rare,,,
24851,8.402419896930316e-05,,too_rare,,,
24852,0.0,,too_rare,,,
24853,0.0,,too_rare,,,
24854,0.0,,too_rare,,,
24855,0.0,,too_rare,,,
24856,2.8008066323101054e-05,,too_rare,,,
24857,0.0,,too_rare,,,
24858,0.0,,too_rare,,,
24859,2.8008066323101054e-05,,too_rare,,,
24860,0.0,,too_rare,,,
24861,0.0,,too_rare,,,
24862,0.0,,too_rare,,,
24863,0.0,,too_rare,,,
24864,0.0,,too_rare,,,
24865,5.601613264620211e-05,,too_rare,,,
24866,0.0,,too_rare,,,
24867,0.0,,too_rare,,,
24868,0.0,,too_rare,,,
24869,0.0006441855254313242,,too_rare,,,
24870,0.0,,too_rare,,,
24871,0.0,,too_rare,,,
24872,0.0,,too_rare,,,
24873,0.0,,too_rare,,,
24874,0.0012603629845395474,,too_rare,,,
24875,0.0,,too_rare,,,
24877,0.0,,too_rare,,,
24878,0.0,,too_rare,,,
24879,0.0,,too_rare,,,
24880,0.0,,too_rare,,,
24881,0.0,,too_rare,,,
24882,0.0,,too_rare,,,
24883,0.0,,too_rare,,,
24884,0.0,,too_rare,,,
24885,0.0,,too_rare,,,
24886,2.8008066323101054e-05,,too_rare,,,
24887,2.8008066323101054e-05,,too_rare,,,
24888,0.00011203226529240422,,too_rare,,,
24889,2.8008066323101054e-05,,too_rare,,,
24890,0.0,,too_rare,,,
24891,0.0,,too_rare,,,
24892,0.0,,too_rare,,,
24893,0.0,,too_rare,,,
24894,0.0,,too_rare,,,
24895,2.8008066323101054e-05,,too_rare,,,
24896,0.0,,too_rare,,,
24897,0.0,,too_rare,,,
24898,0.0,,too_rare,,,
24899,0.0,,too_rare,,,
24900,0.0,,too_rare,,,
24901,0.0,,too_rare,,,
24902,0.0,,too_rare,,,
24903,0.0,,too_rare,,,
24904,0.0,,too_rare,,,
24905,0.0,,too_rare,,,
24906,0.0,,too_rare,,,
24907,0.0,,too_rare,,,
24908,0.0,,too_rare,,,
24909,2.8008066323101054e-05,,too_rare,,,
24910,0.0,,too_rare,,,
24911,0.0,,too_rare,,,
24912,0.0,,too_rare,,,
24913,0.0,,too_rare,,,
24914,0.0,,too_rare,,,
24915,0.0,,too_rare,,,
24916,2.8008066323101054e-05,,too_rare,,,
24917,0.00039211292852341475,,too_rare,,,
24918,2.8008066323101054e-05,,too_rare,,,
24919,2.8008066323101054e-05,,too_rare,,,
24920,0.0,,too_rare,,,
24921,0.000980282321308537,,too_rare,,,
24922,0.0,,too_rare,,,
24923,0.0,,too_rare,,,
24924,0.0,,too_rare,,,
24925,0.0,,too_rare,,,
24926,0.0,,too_rare,,,
24927,0.0,,too_rare,,,
24928,0.0,,too_rare,,,
24929,0.0,,too_rare,,,
24930,0.0,,too_rare,,,
24931,0.00019605646426170737,,too_rare,,,
24932,0.0,,too_rare,,,
24933,0.0,,too_rare,,,
24934,0.0,,too_rare,,,
24935,2.8008066323101054e-05,,too_rare,,,
24936,0.0,,too_rare,,,
24937,0.0,,too_rare,,,
24938,0.0,,too_rare,,,
24939,8.402419896930316e-05,,too_rare,,,
24940,0.0,,too_rare,,,
24941,0.0,,too_rare,,,
24942,0.0,,too_rare,,,
24943,0.0,,too_rare,,,
24944,0.0,,too_rare,,,
24945,5.601613264620211e-05,,too_rare,,,
24946,0.0,,too_rare,,,
24947,0.0,,too_rare,,,
24948,8.402419896930316e-05,,too_rare,,,
24949,2.8008066323101054e-05,,too_rare,,,
24950,0.0,,too_rare,,,
24951,0.0,,too_rare,,,
24952,0.0,,too_rare,,,
24953,0.0,,too_rare,,,
24954,0.0,,too_rare,,,
24955,0.0,,too_rare,,,
24956,0.0,,too_rare,,,
24957,0.0,,too_rare,,,
24958,0.0,,too_rare,,,
24959,2.8008066323101054e-05,,too_rare,,,
24960,0.001120322652924042,,too_rare,,,
24961,0.0,,too_rare,,,
24962,2.8008066323101054e-05,,too_rare,,,
24963,0.0,,too_rare,,,
24964,0.0,,too_rare,,,
24965,0.0,,too_rare,,,
24966,0.0,,too_rare,,,
24967,0.0,,too_rare,,,
24968,5.601613264620211e-05,,too_rare,,,
24969,0.0,,too_rare,,,
24970,0.0,,too_rare,,,
24971,2.8008066323101054e-05,,too_rare,,,
24972,0.0,,too_rare,,,
24973,2.8008066323101054e-05,,too_rare,,,
24974,0.0,,too_rare,,,
24975,0.0,,too_rare,,,
24976,2.8008066323101054e-05,,too_rare,,,
24977,0.0,,too_rare,,,
24978,0.0,,too_rare,,,
24979,0.0,,too_rare,,,
24980,0.0,,too_rare,,,
24981,0.0,,too_rare,,,
24982,0.0,,too_rare,,,
24983,5.601613264620211e-05,,too_rare,,,
24984,0.0,,too_rare,,,
24985,0.0,,too_rare,,,
24987,0.0,,too_rare,,,
24988,0.0,,too_rare,,,
24989,0.0,,too_rare,,,
24990,0.0007282097244006273,,too_rare,,,
24991,0.0,,too_rare,,,
24992,5.601613264620211e-05,,too_rare,,,
24993,0.00014004033161550526,,too_rare,,,
24994,2.8008066323101054e-05,,too_rare,,,
24995,0.0,,too_rare,,,
24996,2.8008066323101054e-05,,too_rare,,,
24997,0.00717006497871387,,too_rare,,,
24998,0.0,,too_rare,,,
24999,0.0,,too_rare,,,
25000,0.0,,too_rare,,,
25001,2.8008066323101054e-05,,too_rare,,,
25002,0.0,,too_rare,,,
25003,0.0,,too_rare,,,
25005,0.00014004033161550526,,too_rare,,,
25006,0.0,,too_rare,,,
25007,0.0,,too_rare,,,
25008,0.0,,too_rare,,,
25009,0.0,,too_rare,,,
25010,0.0,,too_rare,,,
25011,0.0,,too_rare,,,
25012,0.0,,too_rare,,,
25013,0.0,,too_rare,,,
25014,0.0,,too_rare,,,
25015,0.0,,too_rare,,,
25016,0.0,,too_rare,,,
25017,2.8008066323101054e-05,,too_rare,,,
25018,2.8008066323101054e-05,,too_rare,,,
25019,0.0,,too_rare,,,
25020,0.0,,too_rare,,,
25021,0.0,,too_rare,,,
25022,2.8008066323101054e-05,,too_rare,,,
25023,5.601613264620211e-05,,too_rare,,,
25024,0.0,,too_rare,,,
25025,2.8008066323101054e-05,,too_rare,,,
25026,0.0,,too_rare,,,
25027,0.0,,too_rare,,,
25028,0.0,,too_rare,,,
25029,0.0,,too_rare,,,
25030,0.0,,too_rare,,,
25031,0.0,,too_rare,,,
25032,0.0,,too_rare,,,
25033,0.0,,too_rare,,,
25034,0.0,,too_rare,,,
25035,0.0,,too_rare,,,
25036,2.8008066323101054e-05,,too_rare,,,
25037,0.0,,too_rare,,,
25038,0.0,,too_rare,,,
25039,2.8008066323101054e-05,,too_rare,,,
25040,2.8008066323101054e-05,,too_rare,,,
25041,0.0,,too_rare,,,
25042,0.0,,too_rare,,,
25043,0.0,,too_rare,,,
25044,2.8008066323101054e-05,,too_rare,,,
25045,0.0,,too_rare,,,
25046,2.8008066323101054e-05,,too_rare,,,
25047,0.0,,too_rare,,,
25048,0.0,,too_rare,,,
25049,0.0,,too_rare,,,
25050,0.0,,too_rare,,,
25051,0.0008122339233699305,,too_rare,,,
25052,8.402419896930316e-05,,too_rare,,,
25053,2.8008066323101054e-05,,too_rare,,,
25054,0.0,,too_rare,,,
25055,0.0,,too_rare,,,
25056,0.0,,too_rare,,,
25057,0.0,,too_rare,,,
25059,0.0,,too_rare,,,
25060,0.0,,too_rare,,,
25061,0.0,,too_rare,,,
25062,0.0,,too_rare,,,
25063,0.0,,too_rare,,,
25064,0.0,,too_rare,,,
25065,8.402419896930316e-05,,too_rare,,,
25066,0.0,,too_rare,,,
25068,0.0,,too_rare,,,
25069,0.0007842258570468295,,too_rare,,,
25071,0.0,,too_rare,,,
25072,0.0,,too_rare,,,
25073,0.0,,too_rare,,,
25074,0.0,,too_rare,,,
25075,2.8008066323101054e-05,,too_rare,,,
25076,0.0,,too_rare,,,
25077,2.8008066323101054e-05,,too_rare,,,
25078,0.0,,too_rare,,,
25079,0.0,,too_rare,,,
25080,0.0,,too_rare,,,
25081,0.0,,too_rare,,,
25082,8.402419896930316e-05,,too_rare,,,
25083,0.0,,too_rare,,,
25084,0.0,,too_rare,,,
25085,0.0012043468518933454,,too_rare,,,
25086,2.8008066323101054e-05,,too_rare,,,
25087,0.0,,too_rare,,,
25088,2.8008066323101054e-05,,too_rare,,,
25089,0.002576742101725297,,too_rare,,,
25090,0.0,,too_rare,,,
25091,2.8008066323101054e-05,,too_rare,,,
25092,0.0,,too_rare,,,
25093,0.0,,too_rare,,,
25094,0.0,,too_rare,,,
25095,0.0,,too_rare,,,
25096,0.0,,too_rare,,,
25097,0.0,,too_rare,,,
25098,0.0,,too_rare,,,
25099,0.0,,too_rare,,,
25100,0.0,,too_rare,,,
25101,0.0,,too_rare,,,
25102,0.0,,too_rare,,,
25103,0.0,,too_rare,,,
25104,0.0,,too_rare,,,
25105,0.0,,too_rare,,,
25106,2.8008066323101054e-05,,too_rare,,,
25107,0.0,,too_rare,,,
25108,0.0,,too_rare,,,
25109,0.0,,too_rare,,,
25110,0.0,,too_rare,,,
25111,0.0,,too_rare,,,
25112,2.8008066323101054e-05,,too_rare,,,
25113,0.0,,too_rare,,,
25114,0.0,,too_rare,,,
25115,0.0,,too_rare,,,
25116,0.0,,too_rare,,,
25117,0.0,,too_rare,,,
25118,0.0002800806632310105,,too_rare,,,
25119,0.0,,too_rare,,,
25120,0.0,,too_rare,,,
25121,0.0,,too_rare,,,
25122,0.0,,too_rare,,,
25123,5.601613264620211e-05,,too_rare,,,
25124,0.00014004033161550526,,too_rare,,,
25125,0.0,,too_rare,,,
25126,0.0,,too_rare,,,
25127,0.0,,too_rare,,,
25128,0.0,,too_rare,,,
25129,2.8008066323101054e-05,,too_rare,,,
25130,0.0,,too_rare,,,
25131,0.0,,too_rare,,,
25132,0.0,,too_rare,,,
25133,2.8008066323101054e-05,,too_rare,,,
25134,0.0,,too_rare,,,
25135,0.0,,too_rare,,,
25136,2.8008066323101054e-05,,too_rare,,,
25137,0.0,,too_rare,,,
25138,0.0,,too_rare,,,
25139,0.0,,too_rare,,,
25140,0.0,,too_rare,,,
25141,0.0,,too_rare,,,
25142,0.0,,too_rare,,,
25143,0.0,,too_rare,,,
25144,0.0,,too_rare,,,
25145,2.8008066323101054e-05,,too_rare,,,
25146,0.0,,too_rare,,,
25147,0.0,,too_rare,,,
25148,0.0,,too_rare,,,
25149,2.8008066323101054e-05,,too_rare,,,
25150,8.402419896930316e-05,,too_rare,,,
25151,0.0,,too_rare,,,
25152,2.8008066323101054e-05,,too_rare,,,
25153,2.8008066323101054e-05,,too_rare,,,
25154,0.0,,too_rare,,,
25155,0.0,,too_rare,,,
25156,0.0,,too_rare,,,
25157,2.8008066323101054e-05,,too_rare,,,
25158,2.8008066323101054e-05,,too_rare,,,
25159,2.8008066323101054e-05,,too_rare,,,
25160,0.0,,too_rare,,,
25161,0.00022406453058480843,,too_rare,,,
25162,0.0,,too_rare,,,
25163,2.8008066323101054e-05,,too_rare,,,
25164,0.0,,too_rare,,,
25165,2.8008066323101054e-05,,too_rare,,,
25166,2.8008066323101054e-05,,too_rare,,,
25167,0.0,,too_rare,,,
25168,2.8008066323101054e-05,,too_rare,,,
25169,5.601613264620211e-05,,too_rare,,,
25171,0.0,,too_rare,,,
25172,0.000980282321308537,,too_rare,,,
25173,0.0,,too_rare,,,
25174,0.00014004033161550526,,too_rare,,,
25175,0.0,,too_rare,,,
25176,0.0,,too_rare,,,
25177,0.0,,too_rare,,,
25178,0.0,,too_rare,,,
25179,2.8008066323101054e-05,,too_rare,,,
25180,0.0,,too_rare,,,
25181,0.0,,too_rare,,,
25182,0.0,,too_rare,,,
25183,5.601613264620211e-05,,too_rare,,,
25184,0.0,,too_rare,,,
25185,0.00014004033161550526,,too_rare,,,
25186,0.0,,too_rare,,,
25187,0.0,,too_rare,,,
25188,0.0,,too_rare,,,
25189,0.0,,too_rare,,,
25190,2.8008066323101054e-05,,too_rare,,,
25191,0.000504145193815819,,too_rare,,,
25192,2.8008066323101054e-05,,too_rare,,,
25193,0.0,,too_rare,,,
25194,0.0,,too_rare,,,
25195,2.8008066323101054e-05,,too_rare,,,
25196,0.0,,too_rare,,,
25197,0.0,,too_rare,,,
25198,8.402419896930316e-05,,too_rare,,,
25199,0.0,,too_rare,,,
25200,0.0,,too_rare,,,
25201,0.0003080887295541116,,too_rare,,,
25202,0.0,,too_rare,,,
25203,0.00016804839793860632,,too_rare,,,
25204,0.0,,too_rare,,,
25205,2.8008066323101054e-05,,too_rare,,,
25206,0.0,,too_rare,,,
25207,0.0,,too_rare,,,
25208,0.0,,too_rare,,,
25209,0.00014004033161550526,,too_rare,,,
25210,0.0,,too_rare,,,
25211,0.0,,too_rare,,,
25212,5.601613264620211e-05,,too_rare,,,
25213,0.0,,too_rare,,,
25214,0.0,,too_rare,,,
25215,0.0,,too_rare,,,
25216,0.0,,too_rare,,,
25217,2.8008066323101054e-05,,too_rare,,,
25218,0.0,,too_rare,,,
25219,0.0,,too_rare,,,
25220,0.0,,too_rare,,,
25221,0.0,,too_rare,,,
25222,0.0,,too_rare,,,
25223,2.8008066323101054e-05,,too_rare,,,
25224,0.0,,too_rare,,,
25225,0.00717006497871387,,too_rare,,,
25226,2.8008066323101054e-05,,too_rare,,,
25227,0.0,,too_rare,,,
25228,0.0,,too_rare,,,
25229,0.0,,too_rare,,,
25230,0.0,,too_rare,,,
25231,0.0,,too_rare,,,
25232,0.0,,too_rare,,,
25233,0.0,,too_rare,,,
25234,0.0,,too_rare,,,
25235,0.0,,too_rare,,,
25236,0.00022406453058480843,,too_rare,,,
25237,0.0,,too_rare,,,
25238,0.0,,too_rare,,,
25239,0.0,,too_rare,,,
25240,0.0,,too_rare,,,
25241,0.0,,too_rare,,,
25242,0.0,,too_rare,,,
25243,2.8008066323101054e-05,,too_rare,,,
25244,0.0,,too_rare,,,
25245,0.0,,too_rare,,,
25246,0.0002520725969079095,,too_rare,,,
25247,0.0,,too_rare,,,
25248,0.0,,too_rare,,,
25249,0.0,,too_rare,,,
25250,0.0,,too_rare,,,
25251,2.8008066323101054e-05,,too_rare,,,
25252,0.003557024423033834,,too_rare,,,
25253,0.0,,too_rare,,,
25254,0.0,,too_rare,,,
25255,0.0,,too_rare,,,
25256,0.0,,too_rare,,,
25257,0.00016804839793860632,,too_rare,,,
25258,0.0,,too_rare,,,
25259,0.0,,too_rare,,,
25260,0.0,,too_rare,,,
25261,2.8008066323101054e-05,,too_rare,,,
25262,0.00014004033161550526,,too_rare,,,
25263,0.0,,too_rare,,,
25264,0.005097468070804392,,too_rare,,,
25265,0.0,,too_rare,,,
25266,0.0,,too_rare,,,
25267,0.0029408469639256108,,too_rare,,,
25268,0.0,,too_rare,,,
25269,0.0,,too_rare,,,
25270,5.601613264620211e-05,,too_rare,,,
25271,0.0,,too_rare,,,
25272,0.0,,too_rare,,,
25273,0.0,,too_rare,,,
25274,0.0,,too_rare,,,
25275,0.0,,too_rare,,,
25276,0.0,,too_rare,,,
25277,0.0,,too_rare,,,
25278,0.0,,too_rare,,,
25279,5.601613264620211e-05,,too_rare,,,
25280,0.0,,too_rare,,,
25282,0.0,,too_rare,,,
25283,0.0,,too_rare,,,
25284,0.0,,too_rare,,,
25285,2.8008066323101054e-05,,too_rare,,,
25286,2.8008066323101054e-05,,too_rare,,,
25287,0.0,,too_rare,,,
25288,0.0,,too_rare,,,
25289,0.0048453954738964826,,too_rare,,,
25290,0.0,,too_rare,,,
25291,0.00014004033161550526,,too_rare,,,
25292,2.8008066323101054e-05,,too_rare,,,
25293,0.0,,too_rare,,,
25294,2.8008066323101054e-05,,too_rare,,,
25295,0.0,,too_rare,,,
25296,0.0,,too_rare,,,
25297,0.0,,too_rare,,,
25298,0.0,,too_rare,,,
25299,0.0,,too_rare,,,
25300,2.8008066323101054e-05,,too_rare,,,
25301,2.8008066323101054e-05,,too_rare,,,
25302,0.0,,too_rare,,,
25303,2.8008066323101054e-05,,too_rare,,,
25304,0.00014004033161550526,,too_rare,,,
25305,0.00016804839793860632,,too_rare,,,
25306,0.0,,too_rare,,,
25308,0.0003080887295541116,,too_rare,,,
25309,0.0,,too_rare,,,
25310,0.001008290387631638,,too_rare,,,
25311,0.0,,too_rare,,,
25312,0.0,,too_rare,,,
25313,0.0,,too_rare,,,
25314,2.8008066323101054e-05,,too_rare,,,
25315,0.0,,too_rare,,,
25316,8.402419896930316e-05,,too_rare,,,
25317,0.0,,too_rare,,,
25318,0.0,,too_rare,,,
25319,0.0,,too_rare,,,
25320,2.8008066323101054e-05,,too_rare,,,
25321,0.0,,too_rare,,,
25322,2.8008066323101054e-05,,too_rare,,,
25323,2.8008066323101054e-05,,too_rare,,,
25324,0.0,,too_rare,,,
25325,0.0,,too_rare,,,
25326,0.0,,too_rare,,,
25327,0.0,,too_rare,,,
25328,0.0,,too_rare,,,
25330,2.8008066323101054e-05,,too_rare,,,
25331,0.0,,too_rare,,,
25332,0.0,,too_rare,,,
25333,0.0,,too_rare,,,
25334,0.0,,too_rare,,,
25335,0.0,,too_rare,,,
25336,2.8008066323101054e-05,,too_rare,,,
25337,0.0,,too_rare,,,
25338,2.8008066323101054e-05,,too_rare,,,
25339,0.0,,too_rare,,,
25340,0.0,,too_rare,,,
25343,0.0,,too_rare,,,
25344,8.402419896930316e-05,,too_rare,,,
25345,0.0,,too_rare,,,
25347,0.0,,too_rare,,,
25348,8.402419896930316e-05,,too_rare,,,
25349,0.0,,too_rare,,,
25350,0.0,,too_rare,,,
25351,0.0,,too_rare,,,
25352,0.00011203226529240422,,too_rare,,,
25353,0.0,,too_rare,,,
25354,0.0,,too_rare,,,
25355,0.0,,too_rare,,,
25356,0.0,,too_rare,,,
25357,0.0,,too_rare,,,
25358,0.0,,too_rare,,,
25359,0.0,,too_rare,,,
25360,0.0,,too_rare,,,
25361,0.0,,too_rare,,,
25362,0.0,,too_rare,,,
25363,0.0,,too_rare,,,
25364,0.0,,too_rare,,,
25365,0.0,,too_rare,,,
25366,0.0,,too_rare,,,
25367,0.0,,too_rare,,,
25369,0.006217790723728434,,too_rare,,,
25370,0.0,,too_rare,,,
25371,0.0,,too_rare,,,
25372,5.601613264620211e-05,,too_rare,,,
25373,0.0,,too_rare,,,
25374,2.8008066323101054e-05,,too_rare,,,
25375,0.0,,too_rare,,,
25376,0.0,,too_rare,,,
25377,0.0,,too_rare,,,
25378,0.0,,too_rare,,,
25379,0.0,,too_rare,,,
25380,0.002072596907909478,,too_rare,,,
25381,0.0,,too_rare,,,
25382,0.0,,too_rare,,,
25383,0.0,,too_rare,,,
25384,0.0,,too_rare,,,
25385,0.0,,too_rare,,,
25386,0.0,,too_rare,,,
25387,0.0,,too_rare,,,
25388,0.0,,too_rare,,,
25389,0.0,,too_rare,,,
25390,0.0,,too_rare,,,
25391,0.0,,too_rare,,,
25392,0.0,,too_rare,,,
25393,0.00014004033161550526,,too_rare,,,
25394,2.8008066323101054e-05,,too_rare,,,
25395,0.0,,too_rare,,,
25396,0.0,,too_rare,,,
25397,0.0,,too_rare,,,
25398,0.0,,too_rare,,,
25399,0.0,,too_rare,,,
25400,0.0,,too_rare,,,
25401,0.0,,too_rare,,,
25402,0.0,,too_rare,,,
25403,0.0002520725969079095,,too_rare,,,
25404,0.00044812906116961686,,too_rare,,,
25405,0.0,,too_rare,,,
25406,0.007002016580775264,,too_rare,,,
25407,2.8008066323101054e-05,,too_rare,,,
25408,2.8008066323101054e-05,,too_rare,,,
25409,0.0,,too_rare,,,
25410,0.0,,too_rare,,,
25411,0.0,,too_rare,,,
25412,2.8008066323101054e-05,,too_rare,,,
25413,2.8008066323101054e-05,,too_rare,,,
25414,0.0,,too_rare,,,
25415,0.0,,too_rare,,,
25416,2.8008066323101054e-05,,too_rare,,,
25417,0.0,,too_rare,,,
25418,0.0,,too_rare,,,
25419,0.0,,too_rare,,,
25420,5.601613264620211e-05,,too_rare,,,
25421,2.8008066323101054e-05,,too_rare,,,
25422,0.0,,too_rare,,,
25423,0.0,,too_rare,,,
25424,0.0,,too_rare,,,
25425,0.0,,too_rare,,,
25426,0.0,,too_rare,,,
25427,0.005573605198297109,,too_rare,,,
25428,0.0,,too_rare,,,
25429,0.0,,too_rare,,,
25430,5.601613264620211e-05,,too_rare,,,
25431,0.0,,too_rare,,,
25432,2.8008066323101054e-05,,too_rare,,,
25433,2.8008066323101054e-05,,too_rare,,,
25434,0.0,,too_rare,,,
25435,0.0,,too_rare,,,
25436,0.0,,too_rare,,,
25437,0.0,,too_rare,,,
25438,0.0,,too_rare,,,
25439,0.0,,too_rare,,,
25440,0.0,,too_rare,,,
25441,0.0,,too_rare,,,
25442,0.0,,too_rare,,,
25443,0.0,,too_rare,,,
25444,2.8008066323101054e-05,,too_rare,,,
25445,5.601613264620211e-05,,too_rare,,,
25446,0.0,,too_rare,,,
25447,0.0,,too_rare,,,
25448,0.0,,too_rare,,,
25449,0.0,,too_rare,,,
25450,2.8008066323101054e-05,,too_rare,,,
25451,0.0,,too_rare,,,
25452,0.0,,too_rare,,,
25453,0.0003080887295541116,,too_rare,,,
25454,0.0,,too_rare,,,
25455,0.0029408469639256108,,too_rare,,,
25456,2.8008066323101054e-05,,too_rare,,,
25457,0.0,,too_rare,,,
25458,2.8008066323101054e-05,,too_rare,,,
25459,0.0,,too_rare,,,
25460,0.0,,too_rare,,,
25461,2.8008066323101054e-05,,too_rare,,,
25462,0.0,,too_rare,,,
25463,0.0,,too_rare,,,
25464,2.8008066323101054e-05,,too_rare,,,
25465,0.0,,too_rare,,,
25466,8.402419896930316e-05,,too_rare,,,
25467,0.001540443647770558,,too_rare,,,
25468,0.0,,too_rare,,,
25469,0.0,,too_rare,,,
25470,5.601613264620211e-05,,too_rare,,,
25471,0.0,,too_rare,,,
25472,0.0,,too_rare,,,
25473,2.8008066323101054e-05,,too_rare,,,
25474,0.0,,too_rare,,,
25475,0.0,,too_rare,,,
25476,0.0,,too_rare,,,
25477,0.0,,too_rare,,,
25478,5.601613264620211e-05,,too_rare,,,
25479,0.0,,too_rare,,,
25480,0.0,,too_rare,,,
25481,0.0,,too_rare,,,
25482,0.00019605646426170737,,too_rare,,,
25483,0.0,,too_rare,,,
25484,0.0,,too_rare,,,
25485,0.0,,too_rare,,,
25486,0.0,,too_rare,,,
25487,0.0,,too_rare,,,
25488,2.8008066323101054e-05,,too_rare,,,
25489,2.8008066323101054e-05,,too_rare,,,
25490,0.0,,too_rare,,,
25491,0.0,,too_rare,,,
25492,0.00016804839793860632,,too_rare,,,
25494,0.0,,too_rare,,,
25495,0.0,,too_rare,,,
25496,0.0,,too_rare,,,
25497,0.0,,too_rare,,,
25499,5.601613264620211e-05,,too_rare,,,
25500,0.0,,too_rare,,,
25501,0.0,,too_rare,,,
25502,0.0,,too_rare,,,
25503,0.0,,too_rare,,,
25504,0.0,,too_rare,,,
25505,0.0,,too_rare,,,
25506,0.0,,too_rare,,,
25507,0.0,,too_rare,,,
25508,0.0,,too_rare,,,
25509,0.0,,too_rare,,,
25510,5.601613264620211e-05,,too_rare,,,
25511,2.8008066323101054e-05,,too_rare,,,
25512,0.0,,too_rare,,,
25513,0.0,,too_rare,,,
25514,0.001036298453954739,,too_rare,,,
25515,0.0,,too_rare,,,
25516,2.8008066323101054e-05,,too_rare,,,
25517,5.601613264620211e-05,,too_rare,,,
25518,0.0,,too_rare,,,
25519,0.0,,too_rare,,,
25520,0.0,,too_rare,,,
25521,0.0,,too_rare,,,
25522,0.0,,too_rare,,,
25523,0.0,,too_rare,,,
25524,2.8008066323101054e-05,,too_rare,,,
25525,5.601613264620211e-05,,too_rare,,,
25526,2.8008066323101054e-05,,too_rare,,,
25527,2.8008066323101054e-05,,too_rare,,,
25528,0.0,,too_rare,,,
25529,0.0,,too_rare,,,
25530,2.8008066323101054e-05,,too_rare,,,
25531,0.0,,too_rare,,,
25532,0.0,,too_rare,,,
25533,0.0,,too_rare,,,
25534,0.0,,too_rare,,,
25535,0.0,,too_rare,,,
25536,0.0,,too_rare,,,
25537,0.0,,too_rare,,,
25538,0.0,,too_rare,,,
25539,0.0,,too_rare,,,
25540,0.0,,too_rare,,,
25541,0.0,,too_rare,,,
25542,0.0,,too_rare,,,
25543,0.0,,too_rare,,,
25544,0.0,,too_rare,,,
25545,5.601613264620211e-05,,too_rare,,,
25546,0.0,,too_rare,,,
25547,5.601613264620211e-05,,too_rare,,,
25548,0.0,,too_rare,,,
25549,0.0,,too_rare,,,
25550,0.0,,too_rare,,,
25551,0.0,,too_rare,,,
25552,0.0,,too_rare,,,
25553,0.0,,too_rare,,,
25554,0.0,,too_rare,,,
25555,0.00044812906116961686,,too_rare,,,
25556,2.8008066323101054e-05,,too_rare,,,
25557,2.8008066323101054e-05,,too_rare,,,
25558,0.0,,too_rare,,,
25559,0.0,,too_rare,,,
25560,0.0,,too_rare,,,
25561,0.0,,too_rare,,,
25562,0.0,,too_rare,,,
25563,8.402419896930316e-05,,too_rare,,,
25564,0.0006721935917544253,,too_rare,,,
25565,0.0,,too_rare,,,
25566,0.0,,too_rare,,,
25567,0.0,,too_rare,,,
25568,0.0,,too_rare,,,
25569,0.0,,too_rare,,,
25570,2.8008066323101054e-05,,too_rare,,,
25571,5.601613264620211e-05,,too_rare,,,
25572,0.0,,too_rare,,,
25573,0.0,,too_rare,,,
25574,0.0,,too_rare,,,
25575,0.0,,too_rare,,,
25576,0.0,,too_rare,,,
25577,0.0,,too_rare,,,
25578,0.0,,too_rare,,,
25579,2.8008066323101054e-05,,too_rare,,,
25580,0.0,,too_rare,,,
25581,2.8008066323101054e-05,,too_rare,,,
25583,0.0,,too_rare,,,
25584,0.0,,too_rare,,,
25585,0.00011203226529240422,,too_rare,,,
25586,5.601613264620211e-05,,too_rare,,,
25587,0.0,,too_rare,,,
25588,0.0,,too_rare,,,
25589,0.0,,too_rare,,,
25590,0.0,,too_rare,,,
25591,0.0,,too_rare,,,
25592,2.8008066323101054e-05,,too_rare,,,
25593,2.8008066323101054e-05,,too_rare,,,
25594,0.0,,too_rare,,,
25595,0.0,,too_rare,,,
25596,0.0009242661886623348,,too_rare,,,
25597,0.009242661886623347,,too_rare,,,
25598,2.8008066323101054e-05,,too_rare,,,
25599,0.0,,too_rare,,,
25600,0.0,,too_rare,,,
25601,0.0,,too_rare,,,
25602,5.601613264620211e-05,,too_rare,,,
25603,0.0,,too_rare,,,
25604,2.8008066323101054e-05,,too_rare,,,
25605,0.0,,too_rare,,,
25606,0.0,,too_rare,,,
25607,0.0,,too_rare,,,
25608,0.00016804839793860632,,too_rare,,,
25609,0.0006441855254313242,,too_rare,,,
25610,2.8008066323101054e-05,,too_rare,,,
25611,0.0,,too_rare,,,
25612,0.0,,too_rare,,,
25613,0.0,,too_rare,,,
25614,0.0,,too_rare,,,
25615,2.8008066323101054e-05,,too_rare,,,
25616,2.8008066323101054e-05,,too_rare,,,
25617,0.0,,too_rare,,,
25618,0.0,,too_rare,,,
25619,0.0,,too_rare,,,
25620,0.0,,too_rare,,,
25621,2.8008066323101054e-05,,too_rare,,,
25622,0.0,,too_rare,,,
25623,0.0,,too_rare,,,
25624,0.0,,too_rare,,,
25625,0.0,,too_rare,,,
25626,0.0,,too_rare,,,
25627,0.0,,too_rare,,,
25628,0.0,,too_rare,,,
25630,0.0,,too_rare,,,
25631,0.0,,too_rare,,,
25632,0.0033889760250952273,,too_rare,,,
25633,0.0,,too_rare,,,
25634,0.0,,too_rare,,,
25635,2.8008066323101054e-05,,too_rare,,,
25636,0.0,,too_rare,,,
25637,0.0,,too_rare,,,
25638,0.0,,too_rare,,,
25639,0.0,,too_rare,,,
25641,0.0,,too_rare,,,
25642,0.0,,too_rare,,,
25643,0.0,,too_rare,,,
25644,0.0,,too_rare,,,
25645,0.0,,too_rare,,,
25646,0.0,,too_rare,,,
25647,0.0,,too_rare,,,
25648,0.0,,too_rare,,,
25649,0.0,,too_rare,,,
25650,0.0,,too_rare,,,
25651,0.0,,too_rare,,,
25652,0.0,,too_rare,,,
25653,0.0,,too_rare,,,
25654,5.601613264620211e-05,,too_rare,,,
25655,0.0,,too_rare,,,
25656,0.0,,too_rare,,,
25657,0.0,,too_rare,,,
25658,0.0,,too_rare,,,
25659,2.8008066323101054e-05,,too_rare,,,
25660,0.0,,too_rare,,,
25661,0.0,,too_rare,,,
25662,0.0,,too_rare,,,
25663,0.0,,too_rare,,,
25664,0.0,,too_rare,,,
25665,0.0,,too_rare,,,
25666,0.0,,too_rare,,,
25667,0.0,,too_rare,,,
25668,0.0,,too_rare,,,
25669,0.0,,too_rare,,,
25670,0.0,,too_rare,,,
25671,2.8008066323101054e-05,,too_rare,,,
25672,0.0,,too_rare,,,
25673,0.0,,too_rare,,,
25674,0.0,,too_rare,,,
25675,0.0,,too_rare,,,
25676,0.0,,too_rare,,,
25677,0.0,,too_rare,,,
25678,0.0,,too_rare,,,
25679,0.0,,too_rare,,,
25680,0.0,,too_rare,,,
25681,0.0,,too_rare,,,
25682,0.0,,too_rare,,,
25683,0.0,,too_rare,,,
25684,0.0,,too_rare,,,
25685,0.0,,too_rare,,,
25686,0.0,,too_rare,,,
25687,0.0,,too_rare,,,
25688,0.0,,too_rare,,,
25689,0.0,,too_rare,,,
25690,2.8008066323101054e-05,,too_rare,,,
25691,0.00053215326013892,,too_rare,,,
25692,0.0,,too_rare,,,
25694,0.0,,too_rare,,,
25695,0.0,,too_rare,,,
25696,0.0,,too_rare,,,
25697,0.0,,too_rare,,,
25698,0.0,,too_rare,,,
25699,0.0,,too_rare,,,
25700,0.0,,too_rare,,,
25701,0.0,,too_rare,,,
25702,0.0,,too_rare,,,
25703,0.0,,too_rare,,,
25704,2.8008066323101054e-05,,too_rare,,,
25705,0.0,,too_rare,,,
25706,0.0,,too_rare,,,
25707,2.8008066323101054e-05,,too_rare,,,
25708,0.0,,too_rare,,,
25709,0.0,,too_rare,,,
25710,0.0,,too_rare,,,
25711,2.8008066323101054e-05,,too_rare,,,
25712,0.0,,too_rare,,,
25713,0.00016804839793860632,,too_rare,,,
25714,0.0,,too_rare,,,
25715,0.00019605646426170737,,too_rare,,,
25716,2.8008066323101054e-05,,too_rare,,,
25717,8.402419896930316e-05,,too_rare,,,
25718,0.0,,too_rare,,,
25719,2.8008066323101054e-05,,too_rare,,,
25720,2.8008066323101054e-05,,too_rare,,,
25722,0.0,,too_rare,,,
25723,0.0,,too_rare,,,
25724,0.0,,too_rare,,,
25725,0.0,,too_rare,,,
25726,0.0,,too_rare,,,
25727,5.601613264620211e-05,,too_rare,,,
25728,0.0,,too_rare,,,
25729,0.0,,too_rare,,,
25730,0.0,,too_rare,,,
25731,5.601613264620211e-05,,too_rare,,,
25732,2.8008066323101054e-05,,too_rare,,,
25733,0.001568451714093659,,too_rare,,,
25734,0.0,,too_rare,,,
25735,0.0,,too_rare,,,
25737,0.0,,too_rare,,,
25738,0.0,,too_rare,,,
25739,0.0007842258570468295,,too_rare,,,
25740,2.8008066323101054e-05,,too_rare,,,
25741,0.0,,too_rare,,,
25742,0.0,,too_rare,,,
25743,0.0,,too_rare,,,
25744,0.0,,too_rare,,,
25745,0.0,,too_rare,,,
25746,0.0,,too_rare,,,
25747,2.8008066323101054e-05,,too_rare,,,
25748,2.8008066323101054e-05,,too_rare,,,
25749,0.0,,too_rare,,,
25750,2.8008066323101054e-05,,too_rare,,,
25751,2.8008066323101054e-05,,too_rare,,,
25752,0.0,,too_rare,,,
25753,0.0,,too_rare,,,
25754,0.0,,too_rare,,,
25755,0.0,,too_rare,,,
25756,0.0,,too_rare,,,
25757,2.8008066323101054e-05,,too_rare,,,
25758,0.0,,too_rare,,,
25759,2.8008066323101054e-05,,too_rare,,,
25760,2.8008066323101054e-05,,too_rare,,,
25761,0.0,,too_rare,,,
25762,0.0,,too_rare,,,
25763,0.0,,too_rare,,,
25764,0.0,,too_rare,,,
25765,0.0,,too_rare,,,
25766,0.0,,too_rare,,,
25767,0.0,,too_rare,,,
25768,0.0,,too_rare,,,
25769,2.8008066323101054e-05,,too_rare,,,
25770,0.0,,too_rare,,,
25771,0.00011203226529240422,,too_rare,,,
25772,0.0,,too_rare,,,
25773,0.0,,too_rare,,,
25774,0.00011203226529240422,,too_rare,,,
25776,0.0,,too_rare,,,
25777,0.0,,too_rare,,,
25778,0.0,,too_rare,,,
25779,2.8008066323101054e-05,,too_rare,,,
25780,0.0,,too_rare,,,
25781,0.0,,too_rare,,,
25783,0.0,,too_rare,,,
25784,0.0002800806632310105,,too_rare,,,
25785,0.0,,too_rare,,,
25786,0.0,,too_rare,,,
25787,0.0,,too_rare,,,
25788,0.0,,too_rare,,,
25789,0.0,,too_rare,,,
25790,0.0,,too_rare,,,
25791,0.0,,too_rare,,,
25792,2.8008066323101054e-05,,too_rare,,,
25793,0.0,,too_rare,,,
25794,0.0,,too_rare,,,
25795,0.0,,too_rare,,,
25796,0.0,,too_rare,,,
25797,0.0,,too_rare,,,
25798,0.0,,too_rare,,,
25799,0.0,,too_rare,,,
25800,0.0,,too_rare,,,
25801,0.0,,too_rare,,,
25802,0.0,,too_rare,,,
25803,0.0,,too_rare,,,
25804,0.0006441855254313242,,too_rare,,,
25805,0.0,,too_rare,,,
25806,0.004985435805511988,,too_rare,,,
25807,0.0,,too_rare,,,
25808,0.0,,too_rare,,,
25809,0.0,,too_rare,,,
25810,0.0,,too_rare,,,
25811,8.402419896930316e-05,,too_rare,,,
25812,0.0,,too_rare,,,
25813,0.0,,too_rare,,,
25814,0.0,,too_rare,,,
25815,2.8008066323101054e-05,,too_rare,,,
25816,0.0,,too_rare,,,
25817,2.8008066323101054e-05,,too_rare,,,
25818,0.0,,too_rare,,,
25819,0.0,,too_rare,,,
25820,0.0,,too_rare,,,
25821,0.0,,too_rare,,,
25822,2.8008066323101054e-05,,too_rare,,,
25823,0.0,,too_rare,,,
25824,0.0,,too_rare,,,
25825,0.0,,too_rare,,,
25826,0.0,,too_rare,,,
25827,0.0,,too_rare,,,
25828,0.0,,too_rare,,,
25829,0.0,,too_rare,,,
25830,0.0,,too_rare,,,
25831,0.0,,too_rare,,,
25832,0.0,,too_rare,,,
25833,0.0,,too_rare,,,
25834,0.0,,too_rare,,,
25835,0.0,,too_rare,,,
25836,0.0,,too_rare,,,
25837,0.0,,too_rare,,,
25838,0.0,,too_rare,,,
25839,0.0,,too_rare,,,
25840,2.8008066323101054e-05,,too_rare,,,
25841,0.0,,too_rare,,,
25842,2.8008066323101054e-05,,too_rare,,,
25843,0.0,,too_rare,,,
25844,0.0,,too_rare,,,
25845,0.0,,too_rare,,,
25846,0.0,,too_rare,,,
25847,2.8008066323101054e-05,,too_rare,,,
25848,0.00019605646426170737,,too_rare,,,
25849,0.0,,too_rare,,,
25850,0.0,,too_rare,,,
25851,0.0,,too_rare,,,
25852,0.0,,too_rare,,,
25853,0.0,,too_rare,,,
25854,0.0,,too_rare,,,
25855,0.0,,too_rare,,,
25856,0.0,,too_rare,,,
25857,2.8008066323101054e-05,,too_rare,,,
25858,0.0,,too_rare,,,
25859,0.0,,too_rare,,,
25860,0.0006721935917544253,,too_rare,,,
25861,0.0,,too_rare,,,
25862,2.8008066323101054e-05,,too_rare,,,
25863,5.601613264620211e-05,,too_rare,,,
25864,0.0,,too_rare,,,
25865,0.0,,too_rare,,,
25866,0.0,,too_rare,,,
25867,0.00011203226529240422,,too_rare,,,
25868,0.0,,too_rare,,,
25869,0.0,,too_rare,,,
25870,0.0,,too_rare,,,
25871,2.8008066323101054e-05,,too_rare,,,
25872,0.00011203226529240422,,too_rare,,,
25873,0.0,,too_rare,,,
25874,0.0,,too_rare,,,
25875,5.601613264620211e-05,,too_rare,,,
25876,2.8008066323101054e-05,,too_rare,,,
25877,0.0,,too_rare,,,
25878,0.0,,too_rare,,,
25879,0.00011203226529240422,,too_rare,,,
25880,0.0,,too_rare,,,
25881,2.8008066323101054e-05,,too_rare,,,
25882,0.0,,too_rare,,,
25883,0.0,,too_rare,,,
25884,0.0,,too_rare,,,
25885,0.0,,too_rare,,,
25886,0.0,,too_rare,,,
25887,5.601613264620211e-05,,too_rare,,,
25888,2.8008066323101054e-05,,too_rare,,,
25889,0.0002800806632310105,,too_rare,,,
25890,0.0,,too_rare,,,
25891,2.8008066323101054e-05,,too_rare,,,
25892,0.0,,too_rare,,,
25893,0.0,,too_rare,,,
25894,2.8008066323101054e-05,,too_rare,,,
25895,0.0,,too_rare,,,
25896,0.0,,too_rare,,,
25897,2.8008066323101054e-05,,too_rare,,,
25898,0.0,,too_rare,,,
25899,0.0,,too_rare,,,
25900,0.0,,too_rare,,,
25901,0.0,,too_rare,,,
25902,0.0,,too_rare,,,
25903,0.0,,too_rare,,,
25904,0.0,,too_rare,,,
25905,0.0004201209948465158,,too_rare,,,
25906,0.0,,too_rare,,,
25907,0.0,,too_rare,,,
25908,0.0,,too_rare,,,
25909,0.0,,too_rare,,,
25910,0.0,,too_rare,,,
25911,0.009438718350885054,,too_rare,,,
25912,0.0,,too_rare,,,
25913,0.0,,too_rare,,,
25914,0.0,,too_rare,,,
25915,0.0,,too_rare,,,
25916,0.0,,too_rare,,,
25917,0.0,,too_rare,,,
25918,0.0,,too_rare,,,
25919,0.0,,too_rare,,,
25920,0.0,,too_rare,,,
25921,0.0,,too_rare,,,
25922,0.0,,too_rare,,,
25923,0.0,,too_rare,,,
25924,2.8008066323101054e-05,,too_rare,,,
25925,0.0,,too_rare,,,
25926,0.0,,too_rare,,,
25927,0.0,,too_rare,,,
25928,0.0,,too_rare,,,
25929,0.0,,too_rare,,,
25930,0.0,,too_rare,,,
25931,0.0,,too_rare,,,
25932,0.0002800806632310105,,too_rare,,,
25933,0.0,,too_rare,,,
25934,0.0,,too_rare,,,
25935,0.0,,too_rare,,,
25936,0.0,,too_rare,,,
25937,2.8008066323101054e-05,,too_rare,,,
25938,0.0,,too_rare,,,
25939,0.0,,too_rare,,,
25940,0.0,,too_rare,,,
25941,2.8008066323101054e-05,,too_rare,,,
25942,2.8008066323101054e-05,,too_rare,,,
25943,0.0,,too_rare,,,
25944,0.0,,too_rare,,,
25945,0.0,,too_rare,,,
25946,2.8008066323101054e-05,,too_rare,,,
25947,0.0,,too_rare,,,
25948,2.8008066323101054e-05,,too_rare,,,
25949,0.0,,too_rare,,,
25950,5.601613264620211e-05,,too_rare,,,
25951,0.0007002016580775263,,too_rare,,,
25952,0.0,,too_rare,,,
25953,0.0,,too_rare,,,
25954,0.0,,too_rare,,,
25955,0.0,,too_rare,,,
25956,0.0,,too_rare,,,
25957,0.0,,too_rare,,,
25958,0.0,,too_rare,,,
25959,0.0,,too_rare,,,
25960,0.0023246695048173872,,too_rare,,,
25961,0.0004201209948465158,,too_rare,,,
25962,0.0,,too_rare,,,
25963,2.8008066323101054e-05,,too_rare,,,
25964,5.601613264620211e-05,,too_rare,,,
25965,0.0,,too_rare,,,
25966,5.601613264620211e-05,,too_rare,,,
25967,2.8008066323101054e-05,,too_rare,,,
25968,0.0,,too_rare,,,
25969,0.0,,too_rare,,,
25970,0.0,,too_rare,,,
25971,2.8008066323101054e-05,,too_rare,,,
25972,0.0,,too_rare,,,
25973,0.0,,too_rare,,,
25974,0.0,,too_rare,,,
25975,0.0,,too_rare,,,
25976,0.00011203226529240422,,too_rare,,,
25978,2.8008066323101054e-05,,too_rare,,,
25979,2.8008066323101054e-05,,too_rare,,,
25980,0.0,,too_rare,,,
25981,0.0,,too_rare,,,
25982,0.0,,too_rare,,,
25983,0.0,,too_rare,,,
25984,0.0,,too_rare,,,
25985,0.0,,too_rare,,,
25986,0.0,,too_rare,,,
25987,0.0,,too_rare,,,
25988,0.0,,too_rare,,,
25989,8.402419896930316e-05,,too_rare,,,
25990,0.0,,too_rare,,,
25991,0.0,,too_rare,,,
25992,0.0,,too_rare,,,
25993,0.0,,too_rare,,,
25994,0.0,,too_rare,,,
25995,0.0,,too_rare,,,
25996,0.0,,too_rare,,,
25998,0.0,,too_rare,,,
25999,0.0,,too_rare,,,
26000,0.0,,too_rare,,,
26001,0.0,,too_rare,,,
26002,2.8008066323101054e-05,,too_rare,,,
26003,2.8008066323101054e-05,,too_rare,,,
26004,0.0,,too_rare,,,
26005,5.601613264620211e-05,,too_rare,,,
26006,2.8008066323101054e-05,,too_rare,,,
26007,0.0,,too_rare,,,
26008,0.0,,too_rare,,,
26009,0.0,,too_rare,,,
26010,0.0,,too_rare,,,
26011,0.0,,too_rare,,,
26012,0.0,,too_rare,,,
26013,0.0,,too_rare,,,
26014,0.0,,too_rare,,,
26015,0.0,,too_rare,,,
26016,0.0,,too_rare,,,
26017,2.8008066323101054e-05,,too_rare,,,
26018,0.0,,too_rare,,,
26019,5.601613264620211e-05,,too_rare,,,
26020,0.0,,too_rare,,,
26021,0.0002520725969079095,,too_rare,,,
26022,0.0,,too_rare,,,
26023,2.8008066323101054e-05,,too_rare,,,
26024,0.0,,too_rare,,,
26025,0.0,,too_rare,,,
26026,0.0,,too_rare,,,
26027,0.0,,too_rare,,,
26028,0.007646202106206587,,too_rare,,,
26029,0.0,,too_rare,,,
26030,0.0,,too_rare,,,
26031,0.0,,too_rare,,,
26032,0.0,,too_rare,,,
26033,0.0,,too_rare,,,
26034,0.0,,too_rare,,,
26035,0.0007842258570468295,,too_rare,,,
26036,0.0,,too_rare,,,
26037,0.0,,too_rare,,,
26038,0.00022406453058480843,,too_rare,,,
26039,2.8008066323101054e-05,,too_rare,,,
26040,0.0,,too_rare,,,
26041,0.0,,too_rare,,,
26042,0.0,,too_rare,,,
26043,0.0,,too_rare,,,
26044,0.0,,too_rare,,,
26045,0.0,,too_rare,,,
26046,0.0,,too_rare,,,
26047,0.0,,too_rare,,,
26048,2.8008066323101054e-05,,too_rare,,,
26049,0.0,,too_rare,,,
26050,0.0,,too_rare,,,
26051,2.8008066323101054e-05,,too_rare,,,
26052,0.0,,too_rare,,,
26053,0.0,,too_rare,,,
26054,0.0,,too_rare,,,
26055,0.0,,too_rare,,,
26056,0.00011203226529240422,,too_rare,,,
26057,0.0,,too_rare,,,
26058,0.0,,too_rare,,,
26059,0.0,,too_rare,,,
26060,0.0,,too_rare,,,
26061,5.601613264620211e-05,,too_rare,,,
26062,0.0,,too_rare,,,
26063,0.0023526775711404883,,too_rare,,,
26064,0.0,,too_rare,,,
26065,0.0,,too_rare,,,
26066,0.0,,too_rare,,,
26067,0.0,,too_rare,,,
26068,0.0,,too_rare,,,
26069,0.0,,too_rare,,,
26070,0.0,,too_rare,,,
26071,0.0,,too_rare,,,
26072,2.8008066323101054e-05,,too_rare,,,
26073,2.8008066323101054e-05,,too_rare,,,
26074,0.003529016356710733,,too_rare,,,
26075,0.0,,too_rare,,,
26076,0.0,,too_rare,,,
26077,0.0,,too_rare,,,
26078,0.0,,too_rare,,,
26079,0.0,,too_rare,,,
26080,0.0,,too_rare,,,
26081,0.000504145193815819,,too_rare,,,
26082,0.0,,too_rare,,,
26083,0.0,,too_rare,,,
26084,0.0,,too_rare,,,
26085,0.0,,too_rare,,,
26086,0.0,,too_rare,,,
26087,0.0002520725969079095,,too_rare,,,
26088,2.8008066323101054e-05,,too_rare,,,
26089,0.0,,too_rare,,,
26090,0.0,,too_rare,,,
26091,0.0,,too_rare,,,
26092,2.8008066323101054e-05,,too_rare,,,
26093,0.0,,too_rare,,,
26094,0.0,,too_rare,,,
26095,2.8008066323101054e-05,,too_rare,,,
26096,5.601613264620211e-05,,too_rare,,,
26097,0.0,,too_rare,,,
26098,2.8008066323101054e-05,,too_rare,,,
26099,0.0,,too_rare,,,
26100,0.0,,too_rare,,,
26101,0.0,,too_rare,,,
26102,0.0,,too_rare,,,
26103,0.0,,too_rare,,,
26104,0.00044812906116961686,,too_rare,,,
26105,0.0,,too_rare,,,
26106,0.0,,too_rare,,,
26107,0.00036410486220031366,,too_rare,,,
26108,0.0,,too_rare,,,
26109,0.0,,too_rare,,,
26110,0.0,,too_rare,,,
26111,0.0034169840914183283,,too_rare,,,
26112,0.0,,too_rare,,,
26113,0.0002520725969079095,,too_rare,,,
26114,0.0,,too_rare,,,
26115,0.0,,too_rare,,,
26116,0.0,,too_rare,,,
26117,0.0,,too_rare,,,
26118,0.00011203226529240422,,too_rare,,,
26119,0.00039211292852341475,,too_rare,,,
26120,0.0004201209948465158,,too_rare,,,
26121,2.8008066323101054e-05,,too_rare,,,
26122,0.0,,too_rare,,,
26123,2.8008066323101054e-05,,too_rare,,,
26124,0.0,,too_rare,,,
26125,5.601613264620211e-05,,too_rare,,,
26126,0.0,,too_rare,,,
26127,0.0,,too_rare,,,
26128,0.0,,too_rare,,,
26129,0.0,,too_rare,,,
26130,0.0,,too_rare,,,
26131,0.0,,too_rare,,,
26132,0.0,,too_rare,,,
26133,0.004033161550526552,,too_rare,,,
26134,0.0,,too_rare,,,
26135,0.0,,too_rare,,,
26136,0.0,,too_rare,,,
26137,0.0,,too_rare,,,
26138,0.0,,too_rare,,,
26139,0.0,,too_rare,,,
26140,0.004481290611696168,,too_rare,,,
26141,0.0,,too_rare,,,
26143,0.0,,too_rare,,,
26144,0.0,,too_rare,,,
26145,0.0,,too_rare,,,
26146,2.8008066323101054e-05,,too_rare,,,
26147,0.0,,too_rare,,,
26148,0.0,,too_rare,,,
26149,0.0,,too_rare,,,
26150,0.0,,too_rare,,,
26151,0.0,,too_rare,,,
26152,0.0,,too_rare,,,
26153,0.0,,too_rare,,,
26154,0.0,,too_rare,,,
26155,0.0,,too_rare,,,
26156,0.0,,too_rare,,,
26157,0.0,,too_rare,,,
26158,0.0,,too_rare,,,
26159,0.0,,too_rare,,,
26160,0.0,,too_rare,,,
26161,0.0,,too_rare,,,
26163,0.0,,too_rare,,,
26164,8.402419896930316e-05,,too_rare,,,
26165,0.0,,too_rare,,,
26166,0.0,,too_rare,,,
26167,0.0,,too_rare,,,
26168,2.8008066323101054e-05,,too_rare,,,
26169,0.0,,too_rare,,,
26170,0.0,,too_rare,,,
26171,0.0,,too_rare,,,
26172,0.0,,too_rare,,,
26173,0.0,,too_rare,,,
26174,2.8008066323101054e-05,,too_rare,,,
26175,8.402419896930316e-05,,too_rare,,,
26176,0.0,,too_rare,,,
26177,0.0,,too_rare,,,
26178,0.0,,too_rare,,,
26179,0.0,,too_rare,,,
26180,0.0,,too_rare,,,
26181,0.0,,too_rare,,,
26182,0.0,,too_rare,,,
26183,0.0,,too_rare,,,
26184,0.0,,too_rare,,,
26185,0.0,,too_rare,,,
26186,0.0,,too_rare,,,
26187,2.8008066323101054e-05,,too_rare,,,
26188,0.0,,too_rare,,,
26189,0.0,,too_rare,,,
26190,0.0,,too_rare,,,
26191,0.00011203226529240422,,too_rare,,,
26192,0.0,,too_rare,,,
26193,0.0,,too_rare,,,
26194,0.007002016580775264,,too_rare,,,
26195,0.0,,too_rare,,,
26196,0.0,,too_rare,,,
26198,8.402419896930316e-05,,too_rare,,,
26199,5.601613264620211e-05,,too_rare,,,
26200,0.00016804839793860632,,too_rare,,,
26201,0.0,,too_rare,,,
26202,0.0,,too_rare,,,
26203,0.004145193815818956,,too_rare,,,
26204,0.0,,too_rare,,,
26205,0.0,,too_rare,,,
26206,0.0,,too_rare,,,
26207,0.0,,too_rare,,,
26208,0.0,,too_rare,,,
26209,0.0,,too_rare,,,
26210,0.0,,too_rare,,,
26211,0.0,,too_rare,,,
26212,0.0,,too_rare,,,
26213,2.8008066323101054e-05,,too_rare,,,
26214,5.601613264620211e-05,,too_rare,,,
26215,0.0,,too_rare,,,
26216,0.0,,too_rare,,,
26217,0.0,,too_rare,,,
26218,0.0,,too_rare,,,
26219,0.0,,too_rare,,,
26220,0.0,,too_rare,,,
26221,0.0,,too_rare,,,
26222,5.601613264620211e-05,,too_rare,,,
26223,0.0,,too_rare,,,
26224,0.0,,too_rare,,,
26225,0.0,,too_rare,,,
26226,0.00016804839793860632,,too_rare,,,
26227,0.0,,too_rare,,,
26228,0.00014004033161550526,,too_rare,,,
26229,0.0,,too_rare,,,
26230,0.0,,too_rare,,,
26231,0.0,,too_rare,,,
26232,0.0,,too_rare,,,
26233,0.0,,too_rare,,,
26234,0.00011203226529240422,,too_rare,,,
26235,0.0,,too_rare,,,
26236,0.0,,too_rare,,,
26237,0.0,,too_rare,,,
26238,0.0002800806632310105,,too_rare,,,
26239,0.0008962581223392337,,too_rare,,,
26240,0.0,,too_rare,,,
26241,0.0,,too_rare,,,
26242,0.00983083127940847,,too_rare,,,
26243,8.402419896930316e-05,,too_rare,,,
26245,0.0,,too_rare,,,
26246,0.0,,too_rare,,,
26247,0.0,,too_rare,,,
26248,5.601613264620211e-05,,too_rare,,,
26249,0.0,,too_rare,,,
26250,2.8008066323101054e-05,,too_rare,,,
26251,2.8008066323101054e-05,,too_rare,,,
26252,0.0,,too_rare,,,
26253,0.0,,too_rare,,,
26254,0.0,,too_rare,,,
26255,0.0,,too_rare,,,
26256,0.0,,too_rare,,,
26257,0.0,,too_rare,,,
26258,0.0,,too_rare,,,
26259,0.0,,too_rare,,,
26260,0.0,,too_rare,,,
26261,0.0,,too_rare,,,
26262,0.0,,too_rare,,,
26263,0.0,,too_rare,,,
26264,0.0,,too_rare,,,
26265,0.0,,too_rare,,,
26266,0.0,,too_rare,,,
26267,0.0,,too_rare,,,
26268,0.0,,too_rare,,,
26269,0.0,,too_rare,,,
26270,0.0,,too_rare,,,
26271,0.0,,too_rare,,,
26272,2.8008066323101054e-05,,too_rare,,,
26273,0.0,,too_rare,,,
26274,0.0,,too_rare,,,
26275,0.0,,too_rare,,,
26276,0.0,,too_rare,,,
26277,0.0,,too_rare,,,
26278,8.402419896930316e-05,,too_rare,,,
26279,2.8008066323101054e-05,,too_rare,,,
26281,0.0,,too_rare,,,
26282,2.8008066323101054e-05,,too_rare,,,
26283,0.0,,too_rare,,,
26284,0.0,,too_rare,,,
26285,0.0,,too_rare,,,
26286,0.0,,too_rare,,,
26287,0.0,,too_rare,,,
26288,0.0,,too_rare,,,
26289,0.0,,too_rare,,,
26290,2.8008066323101054e-05,,too_rare,,,
26291,0.0,,too_rare,,,
26292,0.0,,too_rare,,,
26293,0.0,,too_rare,,,
26294,2.8008066323101054e-05,,too_rare,,,
26295,2.8008066323101054e-05,,too_rare,,,
26296,0.0,,too_rare,,,
26297,0.0,,too_rare,,,
26298,0.0,,too_rare,,,
26299,0.0,,too_rare,,,
26300,0.0,,too_rare,,,
26301,0.0,,too_rare,,,
26302,0.0005881693927851221,,too_rare,,,
26303,2.8008066323101054e-05,,too_rare,,,
26304,0.0,,too_rare,,,
26305,0.0,,too_rare,,,
26306,0.0,,too_rare,,,
26307,0.0,,too_rare,,,
26308,0.0,,too_rare,,,
26309,0.0,,too_rare,,,
26310,0.0,,too_rare,,,
26311,0.0,,too_rare,,,
26312,0.0,,too_rare,,,
26313,0.0,,too_rare,,,
26314,0.0,,too_rare,,,
26315,0.0,,too_rare,,,
26316,0.0,,too_rare,,,
26317,0.0,,too_rare,,,
26318,0.0,,too_rare,,,
26319,0.0,,too_rare,,,
26320,0.00851445216222272,,too_rare,,,
26321,2.8008066323101054e-05,,too_rare,,,
26322,0.0,,too_rare,,,
26323,0.0,,too_rare,,,
26324,0.00016804839793860632,,too_rare,,,
26325,0.0,,too_rare,,,
26326,0.0,,too_rare,,,
26327,2.8008066323101054e-05,,too_rare,,,
26328,0.0,,too_rare,,,
26329,0.0,,too_rare,,,
26330,0.0,,too_rare,,,
26331,2.8008066323101054e-05,,too_rare,,,
26332,0.0,,too_rare,,,
26333,0.0,,too_rare,,,
26334,5.601613264620211e-05,,too_rare,,,
26335,2.8008066323101054e-05,,too_rare,,,
26336,0.0,,too_rare,,,
26337,0.0,,too_rare,,,
26338,0.0,,too_rare,,,
26339,2.8008066323101054e-05,,too_rare,,,
26340,0.0,,too_rare,,,
26341,0.0,,too_rare,,,
26342,0.0,,too_rare,,,
26343,0.0,,too_rare,,,
26344,0.0,,too_rare,,,
26345,0.0,,too_rare,,,
26346,0.0,,too_rare,,,
26347,0.0,,too_rare,,,
26348,2.8008066323101054e-05,,too_rare,,,
26349,0.0,,too_rare,,,
26350,0.0008962581223392337,,too_rare,,,
26351,0.004313242213757562,,too_rare,,,
26352,0.00016804839793860632,,too_rare,,,
26353,0.0,,too_rare,,,
26354,2.8008066323101054e-05,,too_rare,,,
26355,5.601613264620211e-05,,too_rare,,,
26356,0.0,,too_rare,,,
26357,0.0,,too_rare,,,
26358,0.003669056688326238,,too_rare,,,
26359,0.0,,too_rare,,,
26360,2.8008066323101054e-05,,too_rare,,,
26361,0.00014004033161550526,,too_rare,,,
26362,0.0,,too_rare,,,
26363,0.0,,too_rare,,,
26364,0.0,,too_rare,,,
26365,0.0,,too_rare,,,
26366,0.0,,too_rare,,,
26367,5.601613264620211e-05,,too_rare,,,
26368,0.0,,too_rare,,,
26369,0.00039211292852341475,,too_rare,,,
26370,0.0,,too_rare,,,
26371,0.0,,too_rare,,,
26372,0.0,,too_rare,,,
26373,2.8008066323101054e-05,,too_rare,,,
26374,0.0,,too_rare,,,
26375,0.0033889760250952273,,too_rare,,,
26376,0.0,,too_rare,,,
26377,0.0,,too_rare,,,
26378,0.0,,too_rare,,,
26379,0.0,,too_rare,,,
26380,5.601613264620211e-05,,too_rare,,,
26381,2.8008066323101054e-05,,too_rare,,,
26382,0.0,,too_rare,,,
26383,0.0,,too_rare,,,
26384,0.0,,too_rare,,,
26385,0.0,,too_rare,,,
26386,0.0,,too_rare,,,
26387,0.0,,too_rare,,,
26388,0.0,,too_rare,,,
26389,0.0,,too_rare,,,
26390,0.001540443647770558,,too_rare,,,
26391,0.0,,too_rare,,,
26392,0.0,,too_rare,,,
26393,0.0,,too_rare,,,
26394,0.0007842258570468295,,too_rare,,,
26395,0.0,,too_rare,,,
26396,0.0,,too_rare,,,
26397,8.402419896930316e-05,,too_rare,,,
26398,2.8008066323101054e-05,,too_rare,,,
26399,8.402419896930316e-05,,too_rare,,,
26400,0.0,,too_rare,,,
26401,0.0,,too_rare,,,
26402,0.000560161326462021,,too_rare,,,
26403,0.0,,too_rare,,,
26404,0.0,,too_rare,,,
26405,0.0,,too_rare,,,
26406,0.0,,too_rare,,,
26407,0.0,,too_rare,,,
26408,0.0,,too_rare,,,
26409,0.0,,too_rare,,,
26410,2.8008066323101054e-05,,too_rare,,,
26411,0.0,,too_rare,,,
26412,0.0,,too_rare,,,
26413,0.0,,too_rare,,,
26414,0.0,,too_rare,,,
26415,0.0,,too_rare,,,
26416,0.0,,too_rare,,,
26417,0.0008402419896930316,,too_rare,,,
26418,0.0,,too_rare,,,
26419,0.0,,too_rare,,,
26420,0.0,,too_rare,,,
26421,0.0,,too_rare,,,
26422,0.0,,too_rare,,,
26423,0.0,,too_rare,,,
26424,0.0,,too_rare,,,
26425,0.0,,too_rare,,,
26426,5.601613264620211e-05,,too_rare,,,
26427,0.00014004033161550526,,too_rare,,,
26428,0.00106430652027784,,too_rare,,,
26429,0.0,,too_rare,,,
26430,0.0,,too_rare,,,
26431,0.004117185749495855,,too_rare,,,
26432,0.0,,too_rare,,,
26433,0.0,,too_rare,,,
26435,0.0,,too_rare,,,
26436,0.0,,too_rare,,,
26437,0.0,,too_rare,,,
26438,2.8008066323101054e-05,,too_rare,,,
26439,0.0,,too_rare,,,
26440,0.0,,too_rare,,,
26441,0.0,,too_rare,,,
26442,0.0,,too_rare,,,
26443,0.0,,too_rare,,,
26444,0.0,,too_rare,,,
26445,0.0,,too_rare,,,
26446,0.0,,too_rare,,,
26447,0.00019605646426170737,,too_rare,,,
26449,0.0,,too_rare,,,
26450,0.0,,too_rare,,,
26451,0.0,,too_rare,,,
26453,0.0,,too_rare,,,
26454,0.0,,too_rare,,,
26455,0.0,,too_rare,,,
26456,0.0,,too_rare,,,
26457,0.0,,too_rare,,,
26458,0.0,,too_rare,,,
26459,0.0,,too_rare,,,
26460,0.0,,too_rare,,,
26461,0.0,,too_rare,,,
26462,0.0,,too_rare,,,
26463,0.0,,too_rare,,,
26464,0.0,,too_rare,,,
26465,0.0,,too_rare,,,
26466,2.8008066323101054e-05,,too_rare,,,
26467,0.006581895585928747,,too_rare,,,
26468,0.0,,too_rare,,,
26469,0.0,,too_rare,,,
26470,0.0,,too_rare,,,
26471,2.8008066323101054e-05,,too_rare,,,
26472,0.0,,too_rare,,,
26473,2.8008066323101054e-05,,too_rare,,,
26474,0.002576742101725297,,too_rare,,,
26475,0.0,,too_rare,,,
26476,0.0,,too_rare,,,
26477,0.0,,too_rare,,,
26478,0.0,,too_rare,,,
26479,0.0,,too_rare,,,
26480,0.0,,too_rare,,,
26481,2.8008066323101054e-05,,too_rare,,,
26482,0.0,,too_rare,,,
26483,0.0,,too_rare,,,
26484,0.0,,too_rare,,,
26485,0.0,,too_rare,,,
26486,0.0002800806632310105,,too_rare,,,
26487,2.8008066323101054e-05,,too_rare,,,
26490,0.0,,too_rare,,,
26491,0.0,,too_rare,,,
26492,0.0,,too_rare,,,
26493,0.0,,too_rare,,,
26494,0.0,,too_rare,,,
26495,0.0,,too_rare,,,
26496,2.8008066323101054e-05,,too_rare,,,
26497,0.0,,too_rare,,,
26498,0.0,,too_rare,,,
26500,0.0,,too_rare,,,
26501,0.0,,too_rare,,,
26502,0.0,,too_rare,,,
26503,0.00879453282545373,,too_rare,,,
26504,2.8008066323101054e-05,,too_rare,,,
26505,0.0,,too_rare,,,
26506,0.0,,too_rare,,,
26507,0.0008402419896930316,,too_rare,,,
26508,0.0,,too_rare,,,
26509,2.8008066323101054e-05,,too_rare,,,
26510,0.00016804839793860632,,too_rare,,,
26511,0.0,,too_rare,,,
26512,0.0,,too_rare,,,
26513,0.0,,too_rare,,,
26514,0.0,,too_rare,,,
26515,0.0,,too_rare,,,
26516,0.0,,too_rare,,,
26517,0.0,,too_rare,,,
26518,2.8008066323101054e-05,,too_rare,,,
26519,0.0,,too_rare,,,
26520,2.8008066323101054e-05,,too_rare,,,
26521,0.0,,too_rare,,,
26522,2.8008066323101054e-05,,too_rare,,,
26523,0.0,,too_rare,,,
26524,2.8008066323101054e-05,,too_rare,,,
26525,0.0,,too_rare,,,
26526,0.0,,too_rare,,,
26527,0.0,,too_rare,,,
26528,0.0,,too_rare,,,
26529,0.0,,too_rare,,,
26530,0.0,,too_rare,,,
26531,0.0,,too_rare,,,
26532,0.0,,too_rare,,,
26533,0.0,,too_rare,,,
26534,0.0,,too_rare,,,
26535,0.0,,too_rare,,,
26536,0.0,,too_rare,,,
26537,8.402419896930316e-05,,too_rare,,,
26538,0.0,,too_rare,,,
26539,5.601613264620211e-05,,too_rare,,,
26540,0.0,,too_rare,,,
26541,0.0,,too_rare,,,
26542,2.8008066323101054e-05,,too_rare,,,
26543,0.0,,too_rare,,,
26544,0.0,,too_rare,,,
26545,2.8008066323101054e-05,,too_rare,,,
26546,0.0,,too_rare,,,
26547,0.0,,too_rare,,,
26548,0.0,,too_rare,,,
26549,0.0,,too_rare,,,
26550,0.0,,too_rare,,,
26552,0.0,,too_rare,,,
26553,0.0,,too_rare,,,
26554,0.0,,too_rare,,,
26555,0.0,,too_rare,,,
26556,0.0,,too_rare,,,
26557,0.0,,too_rare,,,
26558,0.0,,too_rare,,,
26559,0.0,,too_rare,,,
26560,0.0,,too_rare,,,
26561,0.0,,too_rare,,,
26562,5.601613264620211e-05,,too_rare,,,
26563,0.0,,too_rare,,,
26564,2.8008066323101054e-05,,too_rare,,,
26565,0.0,,too_rare,,,
26566,0.0,,too_rare,,,
26567,2.8008066323101054e-05,,too_rare,,,
26568,0.0,,too_rare,,,
26569,0.0,,too_rare,,,
26570,2.8008066323101054e-05,,too_rare,,,
26571,0.0,,too_rare,,,
26572,0.0,,too_rare,,,
26573,0.0,,too_rare,,,
26575,0.0,,too_rare,,,
26576,0.0,,too_rare,,,
26577,0.0,,too_rare,,,
26578,0.0,,too_rare,,,
26579,0.0,,too_rare,,,
26580,0.0,,too_rare,,,
26581,0.0,,too_rare,,,
26582,2.8008066323101054e-05,,too_rare,,,
26583,0.0,,too_rare,,,
26584,0.0,,too_rare,,,
26585,0.0,,too_rare,,,
26586,0.0,,too_rare,,,
26587,2.8008066323101054e-05,,too_rare,,,
26588,0.0,,too_rare,,,
26589,0.0,,too_rare,,,
26590,2.8008066323101054e-05,,too_rare,,,
26591,0.0,,too_rare,,,
26592,0.0,,too_rare,,,
26593,0.0,,too_rare,,,
26594,0.0,,too_rare,,,
26595,0.0,,too_rare,,,
26596,2.8008066323101054e-05,,too_rare,,,
26597,0.0,,too_rare,,,
26598,0.0,,too_rare,,,
26599,2.8008066323101054e-05,,too_rare,,,
26600,0.0,,too_rare,,,
26601,5.601613264620211e-05,,too_rare,,,
26602,0.0,,too_rare,,,
26603,2.8008066323101054e-05,,too_rare,,,
26604,0.0,,too_rare,,,
26606,0.0,,too_rare,,,
26607,5.601613264620211e-05,,too_rare,,,
26608,2.8008066323101054e-05,,too_rare,,,
26609,0.0,,too_rare,,,
26610,0.0,,too_rare,,,
26611,0.0,,too_rare,,,
26612,0.0,,too_rare,,,
26613,0.0,,too_rare,,,
26614,0.0,,too_rare,,,
26615,0.0,,too_rare,,,
26616,0.0,,too_rare,,,
26617,0.0,,too_rare,,,
26618,2.8008066323101054e-05,,too_rare,,,
26619,2.8008066323101054e-05,,too_rare,,,
26620,0.0,,too_rare,,,
26621,0.0,,too_rare,,,
26622,0.0,,too_rare,,,
26623,0.0,,too_rare,,,
26624,0.0,,too_rare,,,
26625,0.0,,too_rare,,,
26626,0.0,,too_rare,,,
26627,5.601613264620211e-05,,too_rare,,,
26628,0.0,,too_rare,,,
26629,0.0,,too_rare,,,
26630,0.0019045485099708716,,too_rare,,,
26631,0.0,,too_rare,,,
26633,0.0,,too_rare,,,
26634,0.0,,too_rare,,,
26635,0.0,,too_rare,,,
26636,0.0,,too_rare,,,
26637,0.0,,too_rare,,,
26638,0.0,,too_rare,,,
26639,0.0,,too_rare,,,
26640,0.0,,too_rare,,,
26641,0.0,,too_rare,,,
26642,0.0,,too_rare,,,
26643,0.0,,too_rare,,,
26644,0.0,,too_rare,,,
26645,2.8008066323101054e-05,,too_rare,,,
26646,2.8008066323101054e-05,,too_rare,,,
26647,0.0,,too_rare,,,
26648,2.8008066323101054e-05,,too_rare,,,
26649,0.0011763387855702441,,too_rare,,,
26650,0.0,,too_rare,,,
26651,0.0,,too_rare,,,
26652,0.0,,too_rare,,,
26653,5.601613264620211e-05,,too_rare,,,
26654,0.0,,too_rare,,,
26655,0.0,,too_rare,,,
26656,0.0,,too_rare,,,
26657,0.0,,too_rare,,,
26658,0.0,,too_rare,,,
26659,0.0,,too_rare,,,
26660,0.0,,too_rare,,,
26661,0.0,,too_rare,,,
26662,2.8008066323101054e-05,,too_rare,,,
26663,0.0,,too_rare,,,
26664,0.0,,too_rare,,,
26665,2.8008066323101054e-05,,too_rare,,,
26666,0.0,,too_rare,,,
26667,0.0,,too_rare,,,
26668,0.0,,too_rare,,,
26669,2.8008066323101054e-05,,too_rare,,,
26670,0.0,,too_rare,,,
26671,0.0,,too_rare,,,
26672,2.8008066323101054e-05,,too_rare,,,
26673,0.0,,too_rare,,,
26674,0.0,,too_rare,,,
26675,0.0,,too_rare,,,
26676,2.8008066323101054e-05,,too_rare,,,
26677,0.0,,too_rare,,,
26679,0.0,,too_rare,,,
26680,0.0,,too_rare,,,
26681,0.0,,too_rare,,,
26682,0.0,,too_rare,,,
26683,2.8008066323101054e-05,,too_rare,,,
26684,0.0,,too_rare,,,
26685,0.0,,too_rare,,,
26686,0.0,,too_rare,,,
26687,0.0,,too_rare,,,
26688,0.0,,too_rare,,,
26689,0.0,,too_rare,,,
26690,0.00022406453058480843,,too_rare,,,
26691,0.0,,too_rare,,,
26692,0.0,,too_rare,,,
26693,0.0,,too_rare,,,
26694,2.8008066323101054e-05,,too_rare,,,
26695,0.0,,too_rare,,,
26696,0.0,,too_rare,,,
26697,0.0,,too_rare,,,
26698,0.0,,too_rare,,,
26699,2.8008066323101054e-05,,too_rare,,,
26700,2.8008066323101054e-05,,too_rare,,,
26701,0.0,,too_rare,,,
26702,2.8008066323101054e-05,,too_rare,,,
26703,0.0,,too_rare,,,
26704,2.8008066323101054e-05,,too_rare,,,
26705,0.0,,too_rare,,,
26706,0.0,,too_rare,,,
26707,0.0,,too_rare,,,
26708,0.0,,too_rare,,,
26709,0.0,,too_rare,,,
26710,0.00022406453058480843,,too_rare,,,
26711,0.0,,too_rare,,,
26712,0.0,,too_rare,,,
26713,2.8008066323101054e-05,,too_rare,,,
26714,5.601613264620211e-05,,too_rare,,,
26715,0.0,,too_rare,,,
26716,2.8008066323101054e-05,,too_rare,,,
26717,0.0,,too_rare,,,
26718,0.0,,too_rare,,,
26719,0.0,,too_rare,,,
26720,0.0,,too_rare,,,
26721,0.0,,too_rare,,,
26722,0.0,,too_rare,,,
26723,0.0,,too_rare,,,
26724,0.0,,too_rare,,,
26725,0.0,,too_rare,,,
26726,0.0,,too_rare,,,
26727,0.0,,too_rare,,,
26728,0.0,,too_rare,,,
26729,0.0,,too_rare,,,
26730,0.0,,too_rare,,,
26731,5.601613264620211e-05,,too_rare,,,
26732,2.8008066323101054e-05,,too_rare,,,
26733,0.0,,too_rare,,,
26734,0.0,,too_rare,,,
26735,0.0,,too_rare,,,
26736,2.8008066323101054e-05,,too_rare,,,
26737,0.0,,too_rare,,,
26738,0.0,,too_rare,,,
26739,0.0,,too_rare,,,
26740,0.0,,too_rare,,,
26741,0.0017925162446784674,,too_rare,,,
26742,0.0,,too_rare,,,
26743,0.0,,too_rare,,,
26744,0.0,,too_rare,,,
26745,0.0,,too_rare,,,
26746,0.0,,too_rare,,,
26747,0.0,,too_rare,,,
26748,0.0,,too_rare,,,
26749,0.0,,too_rare,,,
26750,0.0,,too_rare,,,
26751,0.0,,too_rare,,,
26753,0.0,,too_rare,,,
26754,0.0,,too_rare,,,
26755,0.0,,too_rare,,,
26756,0.0,,too_rare,,,
26757,0.0,,too_rare,,,
26758,0.0,,too_rare,,,
26759,0.0,,too_rare,,,
26760,2.8008066323101054e-05,,too_rare,,,
26761,0.0,,too_rare,,,
26762,0.0,,too_rare,,,
26763,0.0,,too_rare,,,
26764,0.0,,too_rare,,,
26765,0.0,,too_rare,,,
26766,0.0,,too_rare,,,
26767,0.0,,too_rare,,,
26768,0.0,,too_rare,,,
26769,0.0,,too_rare,,,
26770,0.0,,too_rare,,,
26771,0.0,,too_rare,,,
26772,2.8008066323101054e-05,,too_rare,,,
26773,0.002156621106878781,,too_rare,,,
26774,0.0,,too_rare,,,
26775,0.00014004033161550526,,too_rare,,,
26776,0.0,,too_rare,,,
26777,0.0,,too_rare,,,
26778,0.00014004033161550526,,too_rare,,,
26779,2.8008066323101054e-05,,too_rare,,,
26780,0.0,,too_rare,,,
26781,0.0,,too_rare,,,
26782,0.0,,too_rare,,,
26783,2.8008066323101054e-05,,too_rare,,,
26784,0.0,,too_rare,,,
26785,0.0,,too_rare,,,
26786,0.0,,too_rare,,,
26787,5.601613264620211e-05,,too_rare,,,
26788,0.0,,too_rare,,,
26789,0.0009522742549854358,,too_rare,,,
26790,5.601613264620211e-05,,too_rare,,,
26791,0.0,,too_rare,,,
26792,0.0,,too_rare,,,
26793,5.601613264620211e-05,,too_rare,,,
26794,0.0,,too_rare,,,
26795,0.0,,too_rare,,,
26796,0.0,,too_rare,,,
26797,0.0,,too_rare,,,
26798,2.8008066323101054e-05,,too_rare,,,
26799,0.0,,too_rare,,,
26800,0.0,,too_rare,,,
26801,0.0,,too_rare,,,
26802,2.8008066323101054e-05,,too_rare,,,
26803,0.0,,too_rare,,,
26804,0.0,,too_rare,,,
26805,5.601613264620211e-05,,too_rare,,,
26806,0.0,,too_rare,,,
26807,2.8008066323101054e-05,,too_rare,,,
26808,2.8008066323101054e-05,,too_rare,,,
26809,0.0,,too_rare,,,
26810,0.0,,too_rare,,,
26811,0.0,,too_rare,,,
26812,0.0,,too_rare,,,
26813,0.0,,too_rare,,,
26814,0.0,,too_rare,,,
26815,0.0004201209948465158,,too_rare,,,
26816,0.0,,too_rare,,,
26817,0.0,,too_rare,,,
26818,0.0,,too_rare,,,
26819,2.8008066323101054e-05,,too_rare,,,
26820,0.0,,too_rare,,,
26821,0.0,,too_rare,,,
26822,5.601613264620211e-05,,too_rare,,,
26823,0.0,,too_rare,,,
26824,0.0,,too_rare,,,
26825,0.0,,too_rare,,,
26826,0.00011203226529240422,,too_rare,,,
26827,2.8008066323101054e-05,,too_rare,,,
26828,0.0,,too_rare,,,
26829,0.0,,too_rare,,,
26830,0.0,,too_rare,,,
26831,0.003837105086264844,,too_rare,,,
26832,0.0,,too_rare,,,
26833,0.005293524535066099,,too_rare,,,
26834,0.0,,too_rare,,,
26835,0.0,,too_rare,,,
26836,0.0,,too_rare,,,
26837,0.0,,too_rare,,,
26838,0.0,,too_rare,,,
26839,0.0,,too_rare,,,
26840,0.0,,too_rare,,,
26841,0.0,,too_rare,,,
26842,0.0,,too_rare,,,
26843,0.0,,too_rare,,,
26844,0.0,,too_rare,,,
26845,5.601613264620211e-05,,too_rare,,,
26846,0.0,,too_rare,,,
26847,0.0,,too_rare,,,
26848,2.8008066323101054e-05,,too_rare,,,
26849,0.0,,too_rare,,,
26850,2.8008066323101054e-05,,too_rare,,,
26851,0.0,,too_rare,,,
26852,0.0,,too_rare,,,
26853,2.8008066323101054e-05,,too_rare,,,
26854,2.8008066323101054e-05,,too_rare,,,
26855,0.0,,too_rare,,,
26856,0.0006441855254313242,,too_rare,,,
26857,0.0,,too_rare,,,
26858,2.8008066323101054e-05,,too_rare,,,
26859,0.0,,too_rare,,,
26860,5.601613264620211e-05,,too_rare,,,
26861,0.001092314586600941,,too_rare,,,
26862,0.0,,too_rare,,,
26863,0.0,,too_rare,,,
26864,0.0,,too_rare,,,
26865,0.00019605646426170737,,too_rare,,,
26866,0.0,,too_rare,,,
26867,0.0,,too_rare,,,
26868,0.0,,too_rare,,,
26869,2.8008066323101054e-05,,too_rare,,,
26870,2.8008066323101054e-05,,too_rare,,,
26871,0.0,,too_rare,,,
26872,0.00011203226529240422,,too_rare,,,
26873,0.0,,too_rare,,,
26874,0.0,,too_rare,,,
26875,0.0,,too_rare,,,
26876,0.0,,too_rare,,,
26877,0.0,,too_rare,,,
26878,5.601613264620211e-05,,too_rare,,,
26879,0.0004761371274927179,,too_rare,,,
26880,0.0,,too_rare,,,
26881,0.0,,too_rare,,,
26882,0.0,,too_rare,,,
26883,0.0,,too_rare,,,
26884,2.8008066323101054e-05,,too_rare,,,
26885,0.0,,too_rare,,,
26886,0.0,,too_rare,,,
26887,0.0,,too_rare,,,
26888,0.0003080887295541116,,too_rare,,,
26889,0.0,,too_rare,,,
26890,0.0,,too_rare,,,
26891,0.0,,too_rare,,,
26892,0.0,,too_rare,,,
26894,0.0,,too_rare,,,
26896,0.0,,too_rare,,,
26897,0.0,,too_rare,,,
26898,0.0,,too_rare,,,
26899,2.8008066323101054e-05,,too_rare,,,
26900,0.0,,too_rare,,,
26901,0.0,,too_rare,,,
26902,0.0,,too_rare,,,
26903,0.0,,too_rare,,,
26904,2.8008066323101054e-05,,too_rare,,,
26905,0.0,,too_rare,,,
26906,0.0,,too_rare,,,
26907,0.0,,too_rare,,,
26908,0.00044812906116961686,,too_rare,,,
26909,0.0,,too_rare,,,
26910,0.0,,too_rare,,,
26911,2.8008066323101054e-05,,too_rare,,,
26912,0.0,,too_rare,,,
26913,0.0,,too_rare,,,
26914,8.402419896930316e-05,,too_rare,,,
26915,2.8008066323101054e-05,,too_rare,,,
26916,0.00019605646426170737,,too_rare,,,
26917,0.0,,too_rare,,,
26918,0.0,,too_rare,,,
26919,0.0,,too_rare,,,
26920,0.0,,too_rare,,,
26921,5.601613264620211e-05,,too_rare,,,
26922,0.0,,too_rare,,,
26923,0.0,,too_rare,,,
26924,0.0,,too_rare,,,
26925,0.0,,too_rare,,,
26926,0.0,,too_rare,,,
26927,0.0,,too_rare,,,
26928,2.8008066323101054e-05,,too_rare,,,
26929,0.0,,too_rare,,,
26930,0.0,,too_rare,,,
26931,0.0,,too_rare,,,
26932,2.8008066323101054e-05,,too_rare,,,
26933,2.8008066323101054e-05,,too_rare,,,
26934,0.0,,too_rare,,,
26935,0.00016804839793860632,,too_rare,,,
26936,0.0,,too_rare,,,
26937,0.0,,too_rare,,,
26938,0.00014004033161550526,,too_rare,,,
26939,0.0,,too_rare,,,
26940,0.0,,too_rare,,,
26941,0.0,,too_rare,,,
26942,0.0,,too_rare,,,
26943,0.0,,too_rare,,,
26944,0.0,,too_rare,,,
26945,0.0,,too_rare,,,
26946,0.0,,too_rare,,,
26947,0.0,,too_rare,,,
26948,0.0,,too_rare,,,
26949,0.0,,too_rare,,,
26950,0.002996863096571813,,too_rare,,,
26951,0.0,,too_rare,,,
26952,0.0,,too_rare,,,
26953,0.0,,too_rare,,,
26955,0.0,,too_rare,,,
26956,0.0,,too_rare,,,
26957,0.0,,too_rare,,,
26958,0.0,,too_rare,,,
26959,0.0,,too_rare,,,
26960,0.0,,too_rare,,,
26961,0.0,,too_rare,,,
26962,0.0,,too_rare,,,
26963,0.0,,too_rare,,,
26964,8.402419896930316e-05,,too_rare,,,
26965,2.8008066323101054e-05,,too_rare,,,
26967,0.0,,too_rare,,,
26968,0.0,,too_rare,,,
26969,0.0,,too_rare,,,
26971,0.0,,too_rare,,,
26972,0.0,,too_rare,,,
26974,0.0017365001120322654,,too_rare,,,
26976,0.0,,too_rare,,,
26977,0.0,,too_rare,,,
26978,0.0,,too_rare,,,
26979,0.0,,too_rare,,,
26980,0.0,,too_rare,,,
26981,0.0,,too_rare,,,
26982,0.0,,too_rare,,,
26983,0.0,,too_rare,,,
26984,0.00016804839793860632,,too_rare,,,
26985,0.0,,too_rare,,,
26986,0.0,,too_rare,,,
26987,0.0,,too_rare,,,
26988,0.0,,too_rare,,,
26989,0.0,,too_rare,,,
26990,0.0,,too_rare,,,
26991,0.0,,too_rare,,,
26992,2.8008066323101054e-05,,too_rare,,,
26993,0.0,,too_rare,,,
26994,0.0,,too_rare,,,
26995,0.0,,too_rare,,,
26996,0.0,,too_rare,,,
26997,2.8008066323101054e-05,,too_rare,,,
26998,0.0,,too_rare,,,
26999,0.0,,too_rare,,,
27000,0.0,,too_rare,,,
27001,0.0,,too_rare,,,
27002,2.8008066323101054e-05,,too_rare,,,
27003,0.0,,too_rare,,,
27004,2.8008066323101054e-05,,too_rare,,,
27005,0.0,,too_rare,,,
27006,0.0,,too_rare,,,
27007,0.0,,too_rare,,,
27008,0.0,,too_rare,,,
27009,0.0,,too_rare,,,
27010,0.0,,too_rare,,,
27012,0.0,,too_rare,,,
27013,0.0,,too_rare,,,
27014,0.0,,too_rare,,,
27015,0.0,,too_rare,,,
27016,0.00014004033161550526,,too_rare,,,
27017,0.0,,too_rare,,,
27018,0.0,,too_rare,,,
27019,0.0,,too_rare,,,
27020,0.0,,too_rare,,,
27021,5.601613264620211e-05,,too_rare,,,
27023,0.0,,too_rare,,,
27024,0.0,,too_rare,,,
27025,5.601613264620211e-05,,too_rare,,,
27026,0.0,,too_rare,,,
27027,0.0,,too_rare,,,
27028,0.0,,too_rare,,,
27029,0.0,,too_rare,,,
27030,2.8008066323101054e-05,,too_rare,,,
27031,0.0,,too_rare,,,
27032,0.0,,too_rare,,,
27033,0.0,,too_rare,,,
27034,0.0,,too_rare,,,
27035,2.8008066323101054e-05,,too_rare,,,
27036,0.0,,too_rare,,,
27037,2.8008066323101054e-05,,too_rare,,,
27038,0.0,,too_rare,,,
27039,0.0,,too_rare,,,
27040,0.0,,too_rare,,,
27041,0.0,,too_rare,,,
27042,0.00033609679587721263,,too_rare,,,
27043,0.0,,too_rare,,,
27044,0.0,,too_rare,,,
27045,0.0,,too_rare,,,
27046,0.0,,too_rare,,,
27047,0.0,,too_rare,,,
27048,0.0,,too_rare,,,
27049,0.0017084920457091641,,too_rare,,,
27050,0.0,,too_rare,,,
27051,0.0,,too_rare,,,
27053,2.8008066323101054e-05,,too_rare,,,
27054,0.006189782657405333,,too_rare,,,
27055,2.8008066323101054e-05,,too_rare,,,
27056,8.402419896930316e-05,,too_rare,,,
27057,0.0,,too_rare,,,
27058,0.0,,too_rare,,,
27059,0.0,,too_rare,,,
27060,0.0,,too_rare,,,
27061,0.0,,too_rare,,,
27062,0.0,,too_rare,,,
27063,0.0,,too_rare,,,
27064,0.0,,too_rare,,,
27065,0.0,,too_rare,,,
27066,0.0,,too_rare,,,
27067,2.8008066323101054e-05,,too_rare,,,
27068,0.0,,too_rare,,,
27069,0.0,,too_rare,,,
27070,2.8008066323101054e-05,,too_rare,,,
27072,2.8008066323101054e-05,,too_rare,,,
27073,0.0,,too_rare,,,
27074,0.0,,too_rare,,,
27075,0.0,,too_rare,,,
27076,0.0,,too_rare,,,
27077,0.0,,too_rare,,,
27078,0.0,,too_rare,,,
27079,0.0,,too_rare,,,
27080,2.8008066323101054e-05,,too_rare,,,
27081,0.0,,too_rare,,,
27083,0.0,,too_rare,,,
27084,0.0,,too_rare,,,
27085,0.0,,too_rare,,,
27086,2.8008066323101054e-05,,too_rare,,,
27087,5.601613264620211e-05,,too_rare,,,
27088,0.00019605646426170737,,too_rare,,,
27089,0.004145193815818956,,too_rare,,,
27090,0.0,,too_rare,,,
27091,0.0,,too_rare,,,
27092,0.0,,too_rare,,,
27093,0.0,,too_rare,,,
27094,0.0,,too_rare,,,
27095,8.402419896930316e-05,,too_rare,,,
27096,2.8008066323101054e-05,,too_rare,,,
27097,0.0,,too_rare,,,
27098,0.0,,too_rare,,,
27099,0.0,,too_rare,,,
27100,0.0,,too_rare,,,
27101,2.8008066323101054e-05,,too_rare,,,
27102,0.00011203226529240422,,too_rare,,,
27104,0.0,,too_rare,,,
27105,2.8008066323101054e-05,,too_rare,,,
27106,0.0,,too_rare,,,
27107,0.0,,too_rare,,,
27108,0.0,,too_rare,,,
27109,0.0,,too_rare,,,
27110,2.8008066323101054e-05,,too_rare,,,
27111,0.0,,too_rare,,,
27112,0.0,,too_rare,,,
27113,0.0,,too_rare,,,
27114,0.0,,too_rare,,,
27115,0.0,,too_rare,,,
27116,0.0,,too_rare,,,
27117,0.00019605646426170737,,too_rare,,,
27118,0.0006161774591082232,,too_rare,,,
27119,0.0,,too_rare,,,
27120,0.0,,too_rare,,,
27121,0.0,,too_rare,,,
27122,0.0,,too_rare,,,
27123,0.00019605646426170737,,too_rare,,,
27124,2.8008066323101054e-05,,too_rare,,,
27125,0.0,,too_rare,,,
27126,0.0,,too_rare,,,
27127,0.0,,too_rare,,,
27128,0.0,,too_rare,,,
27129,0.0,,too_rare,,,
27130,0.0,,too_rare,,,
27131,2.8008066323101054e-05,,too_rare,,,
27132,0.0,,too_rare,,,
27133,0.0,,too_rare,,,
27134,0.0,,too_rare,,,
27135,2.8008066323101054e-05,,too_rare,,,
27136,0.00014004033161550526,,too_rare,,,
27138,2.8008066323101054e-05,,too_rare,,,
27139,0.0,,too_rare,,,
27140,0.0,,too_rare,,,
27141,0.0,,too_rare,,,
27142,0.0,,too_rare,,,
27143,0.0,,too_rare,,,
27144,0.0,,too_rare,,,
27145,0.0,,too_rare,,,
27146,0.0,,too_rare,,,
27147,0.0,,too_rare,,,
27148,0.0,,too_rare,,,
27149,0.0,,too_rare,,,
27150,0.0007282097244006273,,too_rare,,,
27151,0.0,,too_rare,,,
27152,2.8008066323101054e-05,,too_rare,,,
27153,0.0,,too_rare,,,
27154,0.0,,too_rare,,,
27155,0.0,,too_rare,,,
27156,0.0,,too_rare,,,
27157,0.0,,too_rare,,,
27158,0.0,,too_rare,,,
27159,0.0,,too_rare,,,
27160,0.0,,too_rare,,,
27161,2.8008066323101054e-05,,too_rare,,,
27162,0.0,,too_rare,,,
27163,5.601613264620211e-05,,too_rare,,,
27164,0.0,,too_rare,,,
27165,2.8008066323101054e-05,,too_rare,,,
27166,0.0,,too_rare,,,
27167,0.0,,too_rare,,,
27168,0.0002520725969079095,,too_rare,,,
27169,0.0007282097244006273,,too_rare,,,
27170,0.0,,too_rare,,,
27171,0.0,,too_rare,,,
27172,0.0,,too_rare,,,
27173,0.0,,too_rare,,,
27174,2.8008066323101054e-05,,too_rare,,,
27175,0.0,,too_rare,,,
27176,0.0,,too_rare,,,
27177,0.0,,too_rare,,,
27178,0.0,,too_rare,,,
27179,0.0,,too_rare,,,
27180,0.0,,too_rare,,,
27181,0.0,,too_rare,,,
27182,2.8008066323101054e-05,,too_rare,,,
27183,0.0,,too_rare,,,
27184,0.0,,too_rare,,,
27185,0.0,,too_rare,,,
27186,0.0,,too_rare,,,
27187,2.8008066323101054e-05,,too_rare,,,
27188,0.0,,too_rare,,,
27189,2.8008066323101054e-05,,too_rare,,,
27190,0.0,,too_rare,,,
27191,2.8008066323101054e-05,,too_rare,,,
27192,0.0,,too_rare,,,
27193,2.8008066323101054e-05,,too_rare,,,
27194,0.0,,too_rare,,,
27195,0.0,,too_rare,,,
27196,0.0,,too_rare,,,
27197,0.0,,too_rare,,,
27198,2.8008066323101054e-05,,too_rare,,,
27199,0.0,,too_rare,,,
27200,0.0,,too_rare,,,
27201,0.0,,too_rare,,,
27202,2.8008066323101054e-05,,too_rare,,,
27204,0.0,,too_rare,,,
27205,2.8008066323101054e-05,,too_rare,,,
27206,0.0,,too_rare,,,
27207,5.601613264620211e-05,,too_rare,,,
27208,0.0,,too_rare,,,
27209,0.0,,too_rare,,,
27210,0.0,,too_rare,,,
27211,0.0,,too_rare,,,
27212,0.0,,too_rare,,,
27213,0.0,,too_rare,,,
27214,0.0,,too_rare,,,
27215,0.0,,too_rare,,,
27216,0.0,,too_rare,,,
27217,0.0,,too_rare,,,
27218,0.0,,too_rare,,,
27220,2.8008066323101054e-05,,too_rare,,,
27221,0.0,,too_rare,,,
27222,0.0,,too_rare,,,
27223,0.0,,too_rare,,,
27225,2.8008066323101054e-05,,too_rare,,,
27226,0.0,,too_rare,,,
27227,0.0,,too_rare,,,
27228,0.0,,too_rare,,,
27229,2.8008066323101054e-05,,too_rare,,,
27230,0.0,,too_rare,,,
27231,2.8008066323101054e-05,,too_rare,,,
27232,0.0,,too_rare,,,
27233,0.0,,too_rare,,,
27234,2.8008066323101054e-05,,too_rare,,,
27235,0.0,,too_rare,,,
27236,0.0,,too_rare,,,
27237,0.0,,too_rare,,,
27238,0.0,,too_rare,,,
27239,0.0,,too_rare,,,
27240,0.0,,too_rare,,,
27241,0.0,,too_rare,,,
27242,0.0,,too_rare,,,
27243,0.00011203226529240422,,too_rare,,,
27244,0.00011203226529240422,,too_rare,,,
27245,0.00016804839793860632,,too_rare,,,
27246,5.601613264620211e-05,,too_rare,,,
27247,0.00033609679587721263,,too_rare,,,
27248,0.0,,too_rare,,,
27249,0.0,,too_rare,,,
27250,0.00053215326013892,,too_rare,,,
27251,0.0,,too_rare,,,
27252,0.0,,too_rare,,,
27253,0.0,,too_rare,,,
27254,0.0,,too_rare,,,
27255,5.601613264620211e-05,,too_rare,,,
27256,0.0,,too_rare,,,
27257,0.007898274703114497,,too_rare,,,
27258,0.0,,too_rare,,,
27259,0.00016804839793860632,,too_rare,,,
27260,0.0,,too_rare,,,
27261,0.0,,too_rare,,,
27262,0.0,,too_rare,,,
27263,0.0,,too_rare,,,
27264,0.0,,too_rare,,,
27265,0.00011203226529240422,,too_rare,,,
27266,0.0,,too_rare,,,
27267,0.0,,too_rare,,,
27268,0.0,,too_rare,,,
27269,0.0,,too_rare,,,
27270,0.0,,too_rare,,,
27271,0.0,,too_rare,,,
27272,0.0,,too_rare,,,
27273,0.0,,too_rare,,,
27274,0.0,,too_rare,,,
27275,0.0,,too_rare,,,
27276,0.0,,too_rare,,,
27277,0.00011203226529240422,,too_rare,,,
27278,2.8008066323101054e-05,,too_rare,,,
27279,0.0,,too_rare,,,
27280,2.8008066323101054e-05,,too_rare,,,
27281,0.0,,too_rare,,,
27282,0.0,,too_rare,,,
27283,2.8008066323101054e-05,,too_rare,,,
27284,2.8008066323101054e-05,,too_rare,,,
27285,0.0,,too_rare,,,
27286,0.0,,too_rare,,,
27287,0.0,,too_rare,,,
27288,0.0,,too_rare,,,
27289,0.001624467846739861,,too_rare,,,
27290,2.8008066323101054e-05,,too_rare,,,
27291,0.0,,too_rare,,,
27292,0.00016804839793860632,,too_rare,,,
27293,0.0,,too_rare,,,
27294,0.0,,too_rare,,,
27295,0.0,,too_rare,,,
27296,0.0,,too_rare,,,
27297,0.0,,too_rare,,,
27298,0.0,,too_rare,,,
27299,0.0,,too_rare,,,
27300,0.00016804839793860632,,too_rare,,,
27301,0.002716782433340802,,too_rare,,,
27302,0.00036410486220031366,,too_rare,,,
27303,0.0,,too_rare,,,
27304,0.0013163791171857495,,too_rare,,,
27305,0.0,,too_rare,,,
27306,0.0,,too_rare,,,
27307,0.0,,too_rare,,,
27308,0.00019605646426170737,,too_rare,,,
27309,0.0,,too_rare,,,
27310,0.0,,too_rare,,,
27311,0.008878557024423034,,too_rare,,,
27312,2.8008066323101054e-05,,too_rare,,,
27313,0.0,,too_rare,,,
27314,2.8008066323101054e-05,,too_rare,,,
27315,2.8008066323101054e-05,,too_rare,,,
27316,0.0,,too_rare,,,
27317,0.0,,too_rare,,,
27318,0.0,,too_rare,,,
27319,0.0,,too_rare,,,
27320,0.0,,too_rare,,,
27321,0.0,,too_rare,,,
27322,0.0,,too_rare,,,
27323,0.0,,too_rare,,,
27324,0.0,,too_rare,,,
27325,0.0,,too_rare,,,
27326,0.0,,too_rare,,,
27327,0.0,,too_rare,,,
27328,0.0,,too_rare,,,
27329,0.0,,too_rare,,,
27330,0.0,,too_rare,,,
27331,2.8008066323101054e-05,,too_rare,,,
27332,0.0,,too_rare,,,
27333,8.402419896930316e-05,,too_rare,,,
27334,0.0,,too_rare,,,
27335,2.8008066323101054e-05,,too_rare,,,
27337,0.0,,too_rare,,,
27338,5.601613264620211e-05,,too_rare,,,
27339,0.0,,too_rare,,,
27340,0.0008682500560161327,,too_rare,,,
27341,2.8008066323101054e-05,,too_rare,,,
27342,0.0,,too_rare,,,
27343,0.0,,too_rare,,,
27344,0.0,,too_rare,,,
27345,0.0,,too_rare,,,
27346,0.0,,too_rare,,,
27347,0.0,,too_rare,,,
27348,0.0,,too_rare,,,
27349,0.0,,too_rare,,,
27350,2.8008066323101054e-05,,too_rare,,,
27351,2.8008066323101054e-05,,too_rare,,,
27352,0.0,,too_rare,,,
27353,0.0,,too_rare,,,
27354,0.0,,too_rare,,,
27355,0.0,,too_rare,,,
27356,0.0,,too_rare,,,
27357,0.0,,too_rare,,,
27358,2.8008066323101054e-05,,too_rare,,,
27359,0.0,,too_rare,,,
27360,0.0026607663006946,,too_rare,,,
27361,0.0,,too_rare,,,
27362,0.0,,too_rare,,,
27363,0.0,,too_rare,,,
27364,0.0,,too_rare,,,
27365,0.0,,too_rare,,,
27366,0.0,,too_rare,,,
27367,2.8008066323101054e-05,,too_rare,,,
27368,0.0,,too_rare,,,
27369,0.0,,too_rare,,,
27370,0.0,,too_rare,,,
27371,0.0,,too_rare,,,
27372,0.00011203226529240422,,too_rare,,,
27373,0.0,,too_rare,,,
27374,0.0,,too_rare,,,
27375,0.0,,too_rare,,,
27376,0.0,,too_rare,,,
27377,0.0,,too_rare,,,
27378,2.8008066323101054e-05,,too_rare,,,
27379,2.8008066323101054e-05,,too_rare,,,
27380,0.0,,too_rare,,,
27381,0.0003080887295541116,,too_rare,,,
27382,2.8008066323101054e-05,,too_rare,,,
27383,0.0,,too_rare,,,
27384,0.0,,too_rare,,,
27385,0.0,,too_rare,,,
27386,0.0,,too_rare,,,
27387,0.0,,too_rare,,,
27388,2.8008066323101054e-05,,too_rare,,,
27389,0.0,,too_rare,,,
27390,0.0,,too_rare,,,
27391,0.0,,too_rare,,,
27392,0.0,,too_rare,,,
27393,0.0,,too_rare,,,
27394,0.0,,too_rare,,,
27395,0.0,,too_rare,,,
27396,0.0,,too_rare,,,
27397,8.402419896930316e-05,,too_rare,,,
27398,2.8008066323101054e-05,,too_rare,,,
27399,0.0004761371274927179,,too_rare,,,
27400,0.0,,too_rare,,,
27401,0.0,,too_rare,,,
27402,0.00044812906116961686,,too_rare,,,
27403,0.0,,too_rare,,,
27404,0.0,,too_rare,,,
27405,0.0,,too_rare,,,
27406,0.0,,too_rare,,,
27407,0.0,,too_rare,,,
27408,0.0,,too_rare,,,
27409,0.0,,too_rare,,,
27410,0.0,,too_rare,,,
27411,2.8008066323101054e-05,,too_rare,,,
27412,2.8008066323101054e-05,,too_rare,,,
27413,0.0,,too_rare,,,
27414,0.0,,too_rare,,,
27415,0.0,,too_rare,,,
27416,0.0,,too_rare,,,
27417,0.0,,too_rare,,,
27418,0.007338113376652476,,too_rare,,,
27419,0.0024086937037866908,,too_rare,,,
27420,0.0,,too_rare,,,
27421,0.0,,too_rare,,,
27422,0.0,,too_rare,,,
27423,0.0,,too_rare,,,
27424,0.0,,too_rare,,,
27425,0.0,,too_rare,,,
27426,0.0,,too_rare,,,
27427,0.0,,too_rare,,,
27428,2.8008066323101054e-05,,too_rare,,,
27429,0.0,,too_rare,,,
27430,0.007030024647098365,,too_rare,,,
27431,0.0,,too_rare,,,
27432,0.0,,too_rare,,,
27433,0.0,,too_rare,,,
27434,0.0,,too_rare,,,
27435,0.0,,too_rare,,,
27436,2.8008066323101054e-05,,too_rare,,,
27437,0.0,,too_rare,,,
27438,0.0,,too_rare,,,
27439,0.0,,too_rare,,,
27440,0.0,,too_rare,,,
27441,0.0,,too_rare,,,
27442,0.0,,too_rare,,,
27443,0.0,,too_rare,,,
27444,2.8008066323101054e-05,,too_rare,,,
27445,2.8008066323101054e-05,,too_rare,,,
27446,0.0,,too_rare,,,
27447,0.0,,too_rare,,,
27448,2.8008066323101054e-05,,too_rare,,,
27449,0.0,,too_rare,,,
27450,2.8008066323101054e-05,,too_rare,,,
27451,0.0,,too_rare,,,
27452,0.0,,too_rare,,,
27453,0.0,,too_rare,,,
27454,0.0,,too_rare,,,
27455,0.0,,too_rare,,,
27456,0.0,,too_rare,,,
27458,0.0,,too_rare,,,
27459,0.0,,too_rare,,,
27460,0.00022406453058480843,,too_rare,,,
27462,2.8008066323101054e-05,,too_rare,,,
27463,0.0,,too_rare,,,
27464,0.0,,too_rare,,,
27466,0.0004201209948465158,,too_rare,,,
27467,0.009634774815146763,,too_rare,,,
27468,0.0,,too_rare,,,
27469,0.0,,too_rare,,,
27470,0.0,,too_rare,,,
27471,0.0,,too_rare,,,
27472,0.0,,too_rare,,,
27473,0.0,,too_rare,,,
27474,0.00019605646426170737,,too_rare,,,
27475,0.0,,too_rare,,,
27476,0.0,,too_rare,,,
27477,0.0,,too_rare,,,
27478,0.0,,too_rare,,,
27479,0.0,,too_rare,,,
27480,0.0,,too_rare,,,
27481,0.0,,too_rare,,,
27482,0.0,,too_rare,,,
27483,0.0,,too_rare,,,
27484,0.0,,too_rare,,,
27485,0.00011203226529240422,,too_rare,,,
27486,0.0,,too_rare,,,
27487,2.8008066323101054e-05,,too_rare,,,
27488,0.0,,too_rare,,,
27489,0.0,,too_rare,,,
27490,0.0,,too_rare,,,
27491,0.0,,too_rare,,,
27492,0.0,,too_rare,,,
27493,0.0,,too_rare,,,
27494,0.0,,too_rare,,,
27495,2.8008066323101054e-05,,too_rare,,,
27496,0.0,,too_rare,,,
27497,0.0,,too_rare,,,
27498,5.601613264620211e-05,,too_rare,,,
27499,0.0,,too_rare,,,
27500,0.0,,too_rare,,,
27501,0.0,,too_rare,,,
27502,0.0,,too_rare,,,
27503,0.0,,too_rare,,,
27504,0.0,,too_rare,,,
27505,0.00039211292852341475,,too_rare,,,
27506,2.8008066323101054e-05,,too_rare,,,
27507,0.0,,too_rare,,,
27508,0.0,,too_rare,,,
27509,0.0,,too_rare,,,
27510,0.0,,too_rare,,,
27511,0.0,,too_rare,,,
27513,5.601613264620211e-05,,too_rare,,,
27514,8.402419896930316e-05,,too_rare,,,
27515,2.8008066323101054e-05,,too_rare,,,
27516,0.0,,too_rare,,,
27517,0.0,,too_rare,,,
27518,0.0,,too_rare,,,
27519,0.0,,too_rare,,,
27520,0.0,,too_rare,,,
27521,0.0,,too_rare,,,
27523,0.0,,too_rare,,,
27524,0.0002520725969079095,,too_rare,,,
27525,0.0,,too_rare,,,
27526,2.8008066323101054e-05,,too_rare,,,
27527,0.0,,too_rare,,,
27528,0.0,,too_rare,,,
27529,0.0,,too_rare,,,
27531,0.0,,too_rare,,,
27532,0.0,,too_rare,,,
27533,0.0,,too_rare,,,
27534,0.0,,too_rare,,,
27535,0.0,,too_rare,,,
27536,0.00033609679587721263,,too_rare,,,
27537,0.0,,too_rare,,,
27538,2.8008066323101054e-05,,too_rare,,,
27539,0.0,,too_rare,,,
27540,0.0,,too_rare,,,
27541,0.0,,too_rare,,,
27542,0.0,,too_rare,,,
27543,0.0002520725969079095,,too_rare,,,
27544,2.8008066323101054e-05,,too_rare,,,
27545,2.8008066323101054e-05,,too_rare,,,
27546,0.0,,too_rare,,,
27547,0.0,,too_rare,,,
27548,0.0,,too_rare,,,
27549,5.601613264620211e-05,,too_rare,,,
27550,0.0,,too_rare,,,
27551,0.0,,too_rare,,,
27552,0.0,,too_rare,,,
27553,0.0,,too_rare,,,
27554,0.0,,too_rare,,,
27555,0.00033609679587721263,,too_rare,,,
27556,0.0,,too_rare,,,
27557,0.0,,too_rare,,,
27558,0.0,,too_rare,,,
27559,0.0,,too_rare,,,
27560,0.0,,too_rare,,,
27561,0.00016804839793860632,,too_rare,,,
27562,2.8008066323101054e-05,,too_rare,,,
27563,0.0,,too_rare,,,
27564,2.8008066323101054e-05,,too_rare,,,
27565,0.0,,too_rare,,,
27566,0.00019605646426170737,,too_rare,,,
27567,0.0,,too_rare,,,
27568,0.0,,too_rare,,,
27569,0.0,,too_rare,,,
27570,0.0,,too_rare,,,
27571,0.0,,too_rare,,,
27572,0.0,,too_rare,,,
27573,0.0,,too_rare,,,
27574,0.0,,too_rare,,,
27576,2.8008066323101054e-05,,too_rare,,,
27577,0.0,,too_rare,,,
27578,0.0,,too_rare,,,
27580,2.8008066323101054e-05,,too_rare,,,
27581,0.0,,too_rare,,,
27582,0.0,,too_rare,,,
27583,0.0,,too_rare,,,
27584,0.0,,too_rare,,,
27585,0.0,,too_rare,,,
27586,0.0,,too_rare,,,
27587,0.0,,too_rare,,,
27588,0.0,,too_rare,,,
27589,0.0,,too_rare,,,
27590,0.0,,too_rare,,,
27591,2.8008066323101054e-05,,too_rare,,,
27592,0.0,,too_rare,,,
27593,0.0,,too_rare,,,
27594,0.0,,too_rare,,,
27595,0.0,,too_rare,,,
27596,0.0004201209948465158,,too_rare,,,
27597,5.601613264620211e-05,,too_rare,,,
27598,0.0,,too_rare,,,
27599,0.0,,too_rare,,,
27600,0.0,,too_rare,,,
27601,0.0,,too_rare,,,
27602,0.0,,too_rare,,,
27603,5.601613264620211e-05,,too_rare,,,
27604,5.601613264620211e-05,,too_rare,,,
27605,0.0,,too_rare,,,
27606,2.8008066323101054e-05,,too_rare,,,
27607,0.0,,too_rare,,,
27608,2.8008066323101054e-05,,too_rare,,,
27609,0.0,,too_rare,,,
27610,0.0,,too_rare,,,
27611,0.0,,too_rare,,,
27612,0.0,,too_rare,,,
27613,0.0,,too_rare,,,
27614,0.0,,too_rare,,,
27615,0.0,,too_rare,,,
27616,0.0,,too_rare,,,
27617,0.0,,too_rare,,,
27618,0.0019325565762939726,,too_rare,,,
27619,0.0,,too_rare,,,
27620,2.8008066323101054e-05,,too_rare,,,
27621,0.0,,too_rare,,,
27622,0.0,,too_rare,,,
27623,0.0,,too_rare,,,
27624,0.0,,too_rare,,,
27625,0.0,,too_rare,,,
27626,5.601613264620211e-05,,too_rare,,,
27627,2.8008066323101054e-05,,too_rare,,,
27628,0.0,,too_rare,,,
27629,0.0,,too_rare,,,
27630,0.0,,too_rare,,,
27631,0.0,,too_rare,,,
27632,0.0,,too_rare,,,
27633,0.0,,too_rare,,,
27634,2.8008066323101054e-05,,too_rare,,,
27635,0.0,,too_rare,,,
27636,0.0,,too_rare,,,
27637,0.0,,too_rare,,,
27638,0.0,,too_rare,,,
27639,0.0,,too_rare,,,
27640,0.0,,too_rare,,,
27641,0.0,,too_rare,,,
27642,0.0,,too_rare,,,
27643,0.0,,too_rare,,,
27644,0.0,,too_rare,,,
27645,0.0,,too_rare,,,
27646,0.0,,too_rare,,,
27647,0.0,,too_rare,,,
27648,0.0,,too_rare,,,
27649,0.0,,too_rare,,,
27650,0.0,,too_rare,,,
27651,0.0,,too_rare,,,
27652,0.0,,too_rare,,,
27653,0.0,,too_rare,,,
27654,5.601613264620211e-05,,too_rare,,,
27655,2.8008066323101054e-05,,too_rare,,,
27656,0.00016804839793860632,,too_rare,,,
27657,0.0,,too_rare,,,
27658,0.0,,too_rare,,,
27659,2.8008066323101054e-05,,too_rare,,,
27660,0.0,,too_rare,,,
27661,0.0,,too_rare,,,
27662,0.0,,too_rare,,,
27663,0.0,,too_rare,,,
27664,0.0,,too_rare,,,
27665,0.00011203226529240422,,too_rare,,,
27666,0.0,,too_rare,,,
27667,2.8008066323101054e-05,,too_rare,,,
27668,2.8008066323101054e-05,,too_rare,,,
27669,0.0,,too_rare,,,
27670,0.0,,too_rare,,,
27671,0.0,,too_rare,,,
27672,0.00016804839793860632,,too_rare,,,
27673,2.8008066323101054e-05,,too_rare,,,
27674,2.8008066323101054e-05,,too_rare,,,
27675,0.0,,too_rare,,,
27676,0.0,,too_rare,,,
27677,0.0,,too_rare,,,
27678,0.0,,too_rare,,,
27679,0.0,,too_rare,,,
27680,8.402419896930316e-05,,too_rare,,,
27681,0.0,,too_rare,,,
27682,0.0,,too_rare,,,
27683,0.0,,too_rare,,,
27685,0.0,,too_rare,,,
27686,0.0,,too_rare,,,
27687,0.0,,too_rare,,,
27688,0.0,,too_rare,,,
27689,0.0,,too_rare,,,
27690,0.0,,too_rare,,,
27691,0.0,,too_rare,,,
27692,0.0002800806632310105,,too_rare,,,
27693,0.0,,too_rare,,,
27694,0.0,,too_rare,,,
27695,0.0,,too_rare,,,
27696,0.0,,too_rare,,,
27697,0.0,,too_rare,,,
27698,0.0,,too_rare,,,
27699,0.00033609679587721263,,too_rare,,,
27700,2.8008066323101054e-05,,too_rare,,,
27701,0.0,,too_rare,,,
27702,0.0,,too_rare,,,
27703,0.0,,too_rare,,,
27704,0.0,,too_rare,,,
27705,0.0,,too_rare,,,
27706,2.8008066323101054e-05,,too_rare,,,
27707,0.0,,too_rare,,,
27708,2.8008066323101054e-05,,too_rare,,,
27709,0.0,,too_rare,,,
27710,0.0,,too_rare,,,
27711,0.0,,too_rare,,,
27712,2.8008066323101054e-05,,too_rare,,,
27713,2.8008066323101054e-05,,too_rare,,,
27714,0.0,,too_rare,,,
27715,0.00044812906116961686,,too_rare,,,
27716,0.0,,too_rare,,,
27717,0.0,,too_rare,,,
27718,0.0,,too_rare,,,
27719,0.0,,too_rare,,,
27720,0.0,,too_rare,,,
27721,0.0,,too_rare,,,
27722,0.0,,too_rare,,,
27723,2.8008066323101054e-05,,too_rare,,,
27724,2.8008066323101054e-05,,too_rare,,,
27725,2.8008066323101054e-05,,too_rare,,,
27726,0.00016804839793860632,,too_rare,,,
27727,0.00016804839793860632,,too_rare,,,
27728,0.0,,too_rare,,,
27729,0.0,,too_rare,,,
27730,2.8008066323101054e-05,,too_rare,,,
27731,0.0,,too_rare,,,
27732,0.0,,too_rare,,,
27733,0.0,,too_rare,,,
27734,0.0,,too_rare,,,
27735,0.0,,too_rare,,,
27736,2.8008066323101054e-05,,too_rare,,,
27737,0.0,,too_rare,,,
27738,0.0,,too_rare,,,
27740,0.0,,too_rare,,,
27741,0.0,,too_rare,,,
27742,0.0,,too_rare,,,
27743,0.0,,too_rare,,,
27744,0.00022406453058480843,,too_rare,,,
27745,2.8008066323101054e-05,,too_rare,,,
27746,8.402419896930316e-05,,too_rare,,,
27747,0.0,,too_rare,,,
27748,2.8008066323101054e-05,,too_rare,,,
27749,0.0,,too_rare,,,
27750,0.0,,too_rare,,,
27751,0.0,,too_rare,,,
27752,5.601613264620211e-05,,too_rare,,,
27753,2.8008066323101054e-05,,too_rare,,,
27754,0.0,,too_rare,,,
27755,0.0,,too_rare,,,
27756,0.004453282545373067,,too_rare,,,
27757,0.0,,too_rare,,,
27758,0.0028568227649563072,,too_rare,,,
27759,0.0,,too_rare,,,
27760,0.0,,too_rare,,,
27761,0.0,,too_rare,,,
27762,0.0,,too_rare,,,
27763,0.0,,too_rare,,,
27764,0.000560161326462021,,too_rare,,,
27765,0.0005881693927851221,,too_rare,,,
27766,8.402419896930316e-05,,too_rare,,,
27767,0.0,,too_rare,,,
27768,0.00014004033161550526,,too_rare,,,
27769,0.0,,too_rare,,,
27770,0.0012043468518933454,,too_rare,,,
27771,0.0,,too_rare,,,
27772,0.0,,too_rare,,,
27773,0.0,,too_rare,,,
27774,0.0,,too_rare,,,
27775,0.0,,too_rare,,,
27776,0.0,,too_rare,,,
27777,5.601613264620211e-05,,too_rare,,,
27778,0.0,,too_rare,,,
27779,0.0,,too_rare,,,
27780,0.0,,too_rare,,,
27781,0.0,,too_rare,,,
27782,0.0,,too_rare,,,
27783,0.0,,too_rare,,,
27784,0.0,,too_rare,,,
27785,0.0,,too_rare,,,
27786,0.0,,too_rare,,,
27787,0.0,,too_rare,,,
27788,2.8008066323101054e-05,,too_rare,,,
27789,2.8008066323101054e-05,,too_rare,,,
27790,0.0,,too_rare,,,
27791,0.0008122339233699305,,too_rare,,,
27793,0.0,,too_rare,,,
27794,0.0,,too_rare,,,
27795,2.8008066323101054e-05,,too_rare,,,
27796,0.0,,too_rare,,,
27797,0.0,,too_rare,,,
27798,0.0,,too_rare,,,
27799,0.0,,too_rare,,,
27800,0.0,,too_rare,,,
27801,0.0,,too_rare,,,
27802,2.8008066323101054e-05,,too_rare,,,
27803,0.0,,too_rare,,,
27804,0.0,,too_rare,,,
27805,0.0,,too_rare,,,
27806,0.0,,too_rare,,,
27807,0.0,,too_rare,,,
27808,0.0,,too_rare,,,
27809,0.00039211292852341475,,too_rare,,,
27810,0.0,,too_rare,,,
27811,2.8008066323101054e-05,,too_rare,,,
27812,0.0,,too_rare,,,
27813,0.0,,too_rare,,,
27814,5.601613264620211e-05,,too_rare,,,
27815,0.0,,too_rare,,,
27816,0.0,,too_rare,,,
27817,2.8008066323101054e-05,,too_rare,,,
27818,0.0,,too_rare,,,
27819,0.0,,too_rare,,,
27820,0.0,,too_rare,,,
27821,0.0,,too_rare,,,
27822,0.00039211292852341475,,too_rare,,,
27823,0.0,,too_rare,,,
27824,0.0,,too_rare,,,
27825,0.0,,too_rare,,,
27826,0.0,,too_rare,,,
27827,0.0,,too_rare,,,
27828,0.0,,too_rare,,,
27829,0.0,,too_rare,,,
27830,0.0,,too_rare,,,
27832,0.0,,too_rare,,,
27833,0.0,,too_rare,,,
27834,0.0,,too_rare,,,
27835,0.0,,too_rare,,,
27836,2.8008066323101054e-05,,too_rare,,,
27837,0.0,,too_rare,,,
27838,0.0,,too_rare,,,
27839,0.0,,too_rare,,,
27840,0.0,,too_rare,,,
27841,0.0,,too_rare,,,
27842,0.0,,too_rare,,,
27843,0.0,,too_rare,,,
27844,0.0,,too_rare,,,
27845,5.601613264620211e-05,,too_rare,,,
27846,0.0,,too_rare,,,
27847,0.0,,too_rare,,,
27848,0.0,,too_rare,,,
27849,5.601613264620211e-05,,too_rare,,,
27851,0.0,,too_rare,,,
27852,8.402419896930316e-05,,too_rare,,,
27853,0.0,,too_rare,,,
27854,0.0,,too_rare,,,
27855,0.0,,too_rare,,,
27856,0.0,,too_rare,,,
27857,0.0,,too_rare,,,
27858,0.0,,too_rare,,,
27859,0.0,,too_rare,,,
27860,0.0,,too_rare,,,
27861,0.0,,too_rare,,,
27862,5.601613264620211e-05,,too_rare,,,
27863,0.00011203226529240422,,too_rare,,,
27864,0.0,,too_rare,,,
27865,0.0,,too_rare,,,
27866,0.0,,too_rare,,,
27867,0.0,,too_rare,,,
27868,0.0,,too_rare,,,
27869,0.0,,too_rare,,,
27870,0.0,,too_rare,,,
27871,0.0,,too_rare,,,
27872,0.0,,too_rare,,,
27873,0.0,,too_rare,,,
27874,0.0,,too_rare,,,
27875,5.601613264620211e-05,,too_rare,,,
27876,0.0,,too_rare,,,
27877,0.0,,too_rare,,,
27878,0.0,,too_rare,,,
27879,0.0,,too_rare,,,
27880,0.0,,too_rare,,,
27881,0.0,,too_rare,,,
27882,0.0,,too_rare,,,
27883,0.00016804839793860632,,too_rare,,,
27884,0.0003080887295541116,,too_rare,,,
27885,0.0,,too_rare,,,
27886,0.0,,too_rare,,,
27887,0.0,,too_rare,,,
27888,0.0,,too_rare,,,
27889,0.0,,too_rare,,,
27890,0.0,,too_rare,,,
27891,0.0,,too_rare,,,
27892,0.0,,too_rare,,,
27893,0.0,,too_rare,,,
27894,0.0,,too_rare,,,
27895,0.0,,too_rare,,,
27896,8.402419896930316e-05,,too_rare,,,
27897,0.0,,too_rare,,,
27898,0.00053215326013892,,too_rare,,,
27899,0.0,,too_rare,,,
27900,0.0,,too_rare,,,
27901,2.8008066323101054e-05,,too_rare,,,
27902,0.0,,too_rare,,,
27903,2.8008066323101054e-05,,too_rare,,,
27904,0.0,,too_rare,,,
27905,0.0,,too_rare,,,
27906,2.8008066323101054e-05,,too_rare,,,
27907,0.0,,too_rare,,,
27908,0.0,,too_rare,,,
27909,0.0,,too_rare,,,
27910,0.0,,too_rare,,,
27911,0.0,,too_rare,,,
27912,0.0,,too_rare,,,
27913,0.0,,too_rare,,,
27914,0.0,,too_rare,,,
27915,0.0,,too_rare,,,
27916,0.00016804839793860632,,too_rare,,,
27917,0.0,,too_rare,,,
27918,0.0,,too_rare,,,
27919,0.0,,too_rare,,,
27920,0.0,,too_rare,,,
27921,0.00022406453058480843,,too_rare,,,
27922,0.0,,too_rare,,,
27923,0.0,,too_rare,,,
27925,2.8008066323101054e-05,,too_rare,,,
27926,0.0,,too_rare,,,
27928,0.0,,too_rare,,,
27929,0.0,,too_rare,,,
27930,0.002800806632310105,,too_rare,,,
27931,0.0,,too_rare,,,
27932,0.00011203226529240422,,too_rare,,,
27933,0.0,,too_rare,,,
27934,0.0,,too_rare,,,
27935,0.0,,too_rare,,,
27936,0.0,,too_rare,,,
27937,0.0,,too_rare,,,
27938,0.0,,too_rare,,,
27939,0.0,,too_rare,,,
27940,2.8008066323101054e-05,,too_rare,,,
27941,0.001484427515124356,,too_rare,,,
27942,0.0,,too_rare,,,
27943,0.0,,too_rare,,,
27944,0.0,,too_rare,,,
27945,0.00036410486220031366,,too_rare,,,
27946,0.0033609679587721262,,too_rare,,,
27947,2.8008066323101054e-05,,too_rare,,,
27948,0.0,,too_rare,,,
27949,0.0,,too_rare,,,
27950,0.0,,too_rare,,,
27951,0.0,,too_rare,,,
27952,0.0,,too_rare,,,
27953,2.8008066323101054e-05,,too_rare,,,
27954,0.0,,too_rare,,,
27955,5.601613264620211e-05,,too_rare,,,
27956,2.8008066323101054e-05,,too_rare,,,
27957,0.0,,too_rare,,,
27958,2.8008066323101054e-05,,too_rare,,,
27959,0.0,,too_rare,,,
27960,0.0,,too_rare,,,
27961,2.8008066323101054e-05,,too_rare,,,
27962,0.0,,too_rare,,,
27963,0.0,,too_rare,,,
27964,2.8008066323101054e-05,,too_rare,,,
27965,0.003585032489356935,,too_rare,,,
27966,0.0,,too_rare,,,
27967,0.0,,too_rare,,,
27968,0.0,,too_rare,,,
27969,0.0,,too_rare,,,
27970,0.0,,too_rare,,,
27971,0.0,,too_rare,,,
27972,0.00016804839793860632,,too_rare,,,
27973,2.8008066323101054e-05,,too_rare,,,
27974,0.0,,too_rare,,,
27975,0.0,,too_rare,,,
27976,2.8008066323101054e-05,,too_rare,,,
27977,0.0017084920457091641,,too_rare,,,
27978,0.0,,too_rare,,,
27979,0.0,,too_rare,,,
27980,8.402419896930316e-05,,too_rare,,,
27981,0.0,,too_rare,,,
27982,0.0,,too_rare,,,
27983,0.0,,too_rare,,,
27984,0.0,,too_rare,,,
27985,0.0,,too_rare,,,
27986,0.0,,too_rare,,,
27987,2.8008066323101054e-05,,too_rare,,,
27988,0.0008402419896930316,,too_rare,,,
27989,0.0,,too_rare,,,
27990,0.0,,too_rare,,,
27991,0.0,,too_rare,,,
27992,2.8008066323101054e-05,,too_rare,,,
27993,0.0,,too_rare,,,
27994,0.0,,too_rare,,,
27995,0.0,,too_rare,,,
27996,2.8008066323101054e-05,,too_rare,,,
27997,0.0,,too_rare,,,
27998,0.0,,too_rare,,,
27999,0.0,,too_rare,,,
28000,0.0,,too_rare,,,
28001,0.0,,too_rare,,,
28002,0.0,,too_rare,,,
28003,0.0,,too_rare,,,
28004,0.0,,too_rare,,,
28005,0.0,,too_rare,,,
28006,2.8008066323101054e-05,,too_rare,,,
28007,0.0,,too_rare,,,
28008,0.0,,too_rare,,,
28010,0.0,,too_rare,,,
28011,0.0,,too_rare,,,
28012,0.0,,too_rare,,,
28013,0.00014004033161550526,,too_rare,,,
28015,0.0,,too_rare,,,
28016,0.0,,too_rare,,,
28017,0.0,,too_rare,,,
28018,2.8008066323101054e-05,,too_rare,,,
28019,5.601613264620211e-05,,too_rare,,,
28020,0.0,,too_rare,,,
28021,2.8008066323101054e-05,,too_rare,,,
28022,0.003809097019941743,,too_rare,,,
28023,0.0,,too_rare,,,
28024,0.0,,too_rare,,,
28025,0.0,,too_rare,,,
28026,0.0,,too_rare,,,
28027,0.0,,too_rare,,,
28028,0.0,,too_rare,,,
28029,0.0,,too_rare,,,
28030,2.8008066323101054e-05,,too_rare,,,
28031,0.0,,too_rare,,,
28032,0.0,,too_rare,,,
28033,0.0,,too_rare,,,
28034,0.0,,too_rare,,,
28035,0.0,,too_rare,,,
28036,0.0,,too_rare,,,
28037,0.0,,too_rare,,,
28038,0.0,,too_rare,,,
28039,0.006301814922697737,,too_rare,,,
28040,0.0,,too_rare,,,
28041,0.009214653820300246,,too_rare,,,
28042,0.0,,too_rare,,,
28043,0.0,,too_rare,,,
28044,0.0,,too_rare,,,
28045,0.0007842258570468295,,too_rare,,,
28046,0.0,,too_rare,,,
28047,0.0,,too_rare,,,
28048,0.0,,too_rare,,,
28049,0.0,,too_rare,,,
28050,0.0,,too_rare,,,
28051,2.8008066323101054e-05,,too_rare,,,
28052,2.8008066323101054e-05,,too_rare,,,
28053,2.8008066323101054e-05,,too_rare,,,
28054,0.0,,too_rare,,,
28055,8.402419896930316e-05,,too_rare,,,
28056,0.0,,too_rare,,,
28057,0.0,,too_rare,,,
28058,0.0005881693927851221,,too_rare,,,
28059,0.0,,too_rare,,,
28060,0.0,,too_rare,,,
28061,0.0,,too_rare,,,
28062,0.0,,too_rare,,,
28063,0.0,,too_rare,,,
28064,0.0,,too_rare,,,
28065,0.0,,too_rare,,,
28066,2.8008066323101054e-05,,too_rare,,,
28067,2.8008066323101054e-05,,too_rare,,,
28068,0.0,,too_rare,,,
28069,0.0,,too_rare,,,
28070,0.0,,too_rare,,,
28071,0.0,,too_rare,,,
28072,5.601613264620211e-05,,too_rare,,,
28073,0.0,,too_rare,,,
28074,0.0,,too_rare,,,
28075,0.0,,too_rare,,,
28076,0.0,,too_rare,,,
28077,0.0,,too_rare,,,
28078,0.0,,too_rare,,,
28079,0.0,,too_rare,,,
28080,0.0,,too_rare,,,
28081,0.0,,too_rare,,,
28082,0.0,,too_rare,,,
28083,0.0,,too_rare,,,
28084,2.8008066323101054e-05,,too_rare,,,
28085,0.0,,too_rare,,,
28086,0.0,,too_rare,,,
28087,2.8008066323101054e-05,,too_rare,,,
28088,0.0,,too_rare,,,
28089,0.0,,too_rare,,,
28090,0.0,,too_rare,,,
28091,2.8008066323101054e-05,,too_rare,,,
28092,0.0,,too_rare,,,
28093,2.8008066323101054e-05,,too_rare,,,
28094,0.0,,too_rare,,,
28095,0.0,,too_rare,,,
28096,0.00036410486220031366,,too_rare,,,
28097,0.0,,too_rare,,,
28098,8.402419896930316e-05,,too_rare,,,
28099,2.8008066323101054e-05,,too_rare,,,
28100,5.601613264620211e-05,,too_rare,,,
28101,0.0,,too_rare,,,
28102,0.0,,too_rare,,,
28103,0.0,,too_rare,,,
28104,0.0,,too_rare,,,
28105,0.0,,too_rare,,,
28106,0.0,,too_rare,,,
28107,0.0,,too_rare,,,
28108,0.0,,too_rare,,,
28109,0.00014004033161550526,,too_rare,,,
28110,0.0,,too_rare,,,
28111,0.0,,too_rare,,,
28112,0.0,,too_rare,,,
28113,0.0,,too_rare,,,
28114,0.0,,too_rare,,,
28115,0.0,,too_rare,,,
28116,2.8008066323101054e-05,,too_rare,,,
28117,0.0,,too_rare,,,
28118,0.0,,too_rare,,,
28119,0.0,,too_rare,,,
28120,0.0,,too_rare,,,
28121,2.8008066323101054e-05,,too_rare,,,
28122,0.0,,too_rare,,,
28123,0.0,,too_rare,,,
28124,5.601613264620211e-05,,too_rare,,,
28125,2.8008066323101054e-05,,too_rare,,,
28126,2.8008066323101054e-05,,too_rare,,,
28127,0.0,,too_rare,,,
28129,2.8008066323101054e-05,,too_rare,,,
28130,0.0,,too_rare,,,
28131,0.0,,too_rare,,,
28132,0.0,,too_rare,,,
28133,0.0,,too_rare,,,
28134,0.0,,too_rare,,,
28135,0.0,,too_rare,,,
28136,0.0,,too_rare,,,
28137,0.0,,too_rare,,,
28138,0.0,,too_rare,,,
28139,0.0,,too_rare,,,
28140,0.0,,too_rare,,,
28141,0.0,,too_rare,,,
28142,0.0,,too_rare,,,
28143,5.601613264620211e-05,,too_rare,,,
28144,0.00016804839793860632,,too_rare,,,
28145,2.8008066323101054e-05,,too_rare,,,
28146,0.0,,too_rare,,,
28147,0.0,,too_rare,,,
28148,0.0,,too_rare,,,
28149,0.0,,too_rare,,,
28150,0.0,,too_rare,,,
28151,0.0,,too_rare,,,
28152,2.8008066323101054e-05,,too_rare,,,
28153,0.0,,too_rare,,,
28154,0.0,,too_rare,,,
28155,0.0,,too_rare,,,
28156,0.0,,too_rare,,,
28157,0.0,,too_rare,,,
28158,2.8008066323101054e-05,,too_rare,,,
28159,0.0,,too_rare,,,
28160,0.0,,too_rare,,,
28161,0.0,,too_rare,,,
28162,0.0,,too_rare,,,
28163,2.8008066323101054e-05,,too_rare,,,
28164,0.0,,too_rare,,,
28165,0.0,,too_rare,,,
28166,5.601613264620211e-05,,too_rare,,,
28167,0.001540443647770558,,too_rare,,,
28168,0.0019325565762939726,,too_rare,,,
28169,0.0,,too_rare,,,
28170,0.0,,too_rare,,,
28171,2.8008066323101054e-05,,too_rare,,,
28172,0.0,,too_rare,,,
28173,2.8008066323101054e-05,,too_rare,,,
28174,0.0,,too_rare,,,
28175,0.0,,too_rare,,,
28176,0.0068339681828366566,,too_rare,,,
28177,0.0,,too_rare,,,
28178,2.8008066323101054e-05,,too_rare,,,
28179,0.0003080887295541116,,too_rare,,,
28180,0.0,,too_rare,,,
28181,2.8008066323101054e-05,,too_rare,,,
28182,0.0,,too_rare,,,
28183,0.0,,too_rare,,,
28184,0.0,,too_rare,,,
28185,8.402419896930316e-05,,too_rare,,,
28186,0.0,,too_rare,,,
28187,0.0,,too_rare,,,
28188,0.0,,too_rare,,,
28190,0.0,,too_rare,,,
28191,0.0,,too_rare,,,
28192,0.0,,too_rare,,,
28193,2.8008066323101054e-05,,too_rare,,,
28194,0.0,,too_rare,,,
28195,0.0077862424378220925,,too_rare,,,
28196,0.00106430652027784,,too_rare,,,
28197,0.0,,too_rare,,,
28198,0.00053215326013892,,too_rare,,,
28199,0.0,,too_rare,,,
28200,0.0,,too_rare,,,
28201,0.00022406453058480843,,too_rare,,,
28202,0.002548734035402196,,too_rare,,,
28203,0.0,,too_rare,,,
28204,0.00016804839793860632,,too_rare,,,
28205,0.0,,too_rare,,,
28206,0.0,,too_rare,,,
28207,0.0,,too_rare,,,
28208,0.0,,too_rare,,,
28209,2.8008066323101054e-05,,too_rare,,,
28210,5.601613264620211e-05,,too_rare,,,
28211,0.0,,too_rare,,,
28212,0.0,,too_rare,,,
28213,0.0,,too_rare,,,
28214,0.0,,too_rare,,,
28215,0.0,,too_rare,,,
28216,0.0,,too_rare,,,
28217,0.0,,too_rare,,,
28218,0.0,,too_rare,,,
28219,2.8008066323101054e-05,,too_rare,,,
28220,0.0,,too_rare,,,
28221,8.402419896930316e-05,,too_rare,,,
28222,2.8008066323101054e-05,,too_rare,,,
28223,8.402419896930316e-05,,too_rare,,,
28224,0.0,,too_rare,,,
28225,0.0,,too_rare,,,
28226,0.0,,too_rare,,,
28227,0.0,,too_rare,,,
28228,0.0,,too_rare,,,
28229,5.601613264620211e-05,,too_rare,,,
28230,2.8008066323101054e-05,,too_rare,,,
28231,8.402419896930316e-05,,too_rare,,,
28232,0.0,,too_rare,,,
28233,0.0,,too_rare,,,
28235,0.0,,too_rare,,,
28236,0.0,,too_rare,,,
28237,0.0,,too_rare,,,
28238,5.601613264620211e-05,,too_rare,,,
28239,0.0,,too_rare,,,
28240,0.0,,too_rare,,,
28241,0.0,,too_rare,,,
28242,0.0,,too_rare,,,
28243,0.0,,too_rare,,,
28244,0.0,,too_rare,,,
28245,0.0,,too_rare,,,
28246,0.0,,too_rare,,,
28247,0.000980282321308537,,too_rare,,,
28248,0.0,,too_rare,,,
28249,8.402419896930316e-05,,too_rare,,,
28250,0.0,,too_rare,,,
28251,0.0,,too_rare,,,
28252,2.8008066323101054e-05,,too_rare,,,
28253,0.0,,too_rare,,,
28254,0.0,,too_rare,,,
28255,0.0,,too_rare,,,
28256,0.0,,too_rare,,,
28257,0.0,,too_rare,,,
28258,0.0,,too_rare,,,
28259,0.00053215326013892,,too_rare,,,
28260,0.0,,too_rare,,,
28261,0.0,,too_rare,,,
28262,0.002268653372171185,,too_rare,,,
28263,0.0009522742549854358,,too_rare,,,
28264,0.0,,too_rare,,,
28265,0.0,,too_rare,,,
28266,0.0,,too_rare,,,
28267,0.0,,too_rare,,,
28268,0.0,,too_rare,,,
28269,2.8008066323101054e-05,,too_rare,,,
28270,0.0,,too_rare,,,
28271,0.0,,too_rare,,,
28272,8.402419896930316e-05,,too_rare,,,
28273,0.0,,too_rare,,,
28274,0.0,,too_rare,,,
28275,0.0,,too_rare,,,
28276,0.0,,too_rare,,,
28277,0.0,,too_rare,,,
28278,0.0,,too_rare,,,
28279,0.0,,too_rare,,,
28280,0.0,,too_rare,,,
28281,2.8008066323101054e-05,,too_rare,,,
28283,0.0,,too_rare,,,
28284,2.8008066323101054e-05,,too_rare,,,
28285,0.0,,too_rare,,,
28286,0.0,,too_rare,,,
28287,0.0,,too_rare,,,
28288,0.0,,too_rare,,,
28289,0.0,,too_rare,,,
28290,0.0,,too_rare,,,
28291,2.8008066323101054e-05,,too_rare,,,
28292,0.0,,too_rare,,,
28293,0.0,,too_rare,,,
28294,0.0,,too_rare,,,
28295,0.0,,too_rare,,,
28296,0.00014004033161550526,,too_rare,,,
28297,0.0,,too_rare,,,
28298,0.0,,too_rare,,,
28299,0.0,,too_rare,,,
28300,0.00019605646426170737,,too_rare,,,
28301,0.0006721935917544253,,too_rare,,,
28302,0.0,,too_rare,,,
28304,0.0,,too_rare,,,
28305,2.8008066323101054e-05,,too_rare,,,
28306,2.8008066323101054e-05,,too_rare,,,
28307,0.0,,too_rare,,,
28308,0.0,,too_rare,,,
28309,8.402419896930316e-05,,too_rare,,,
28310,0.0,,too_rare,,,
28311,0.0,,too_rare,,,
28312,0.0,,too_rare,,,
28313,0.0,,too_rare,,,
28314,0.0,,too_rare,,,
28315,0.0,,too_rare,,,
28316,0.0,,too_rare,,,
28317,0.0,,too_rare,,,
28318,0.0,,too_rare,,,
28319,0.0,,too_rare,,,
28320,0.0,,too_rare,,,
28321,2.8008066323101054e-05,,too_rare,,,
28322,2.8008066323101054e-05,,too_rare,,,
28323,0.0,,too_rare,,,
28324,2.8008066323101054e-05,,too_rare,,,
28325,0.0,,too_rare,,,
28326,0.001540443647770558,,too_rare,,,
28327,0.0,,too_rare,,,
28328,0.0,,too_rare,,,
28329,2.8008066323101054e-05,,too_rare,,,
28330,0.0077862424378220925,,too_rare,,,
28331,0.00044812906116961686,,too_rare,,,
28332,0.0,,too_rare,,,
28333,2.8008066323101054e-05,,too_rare,,,
28334,0.0,,too_rare,,,
28335,0.0,,too_rare,,,
28336,0.0,,too_rare,,,
28337,0.0,,too_rare,,,
28338,0.0,,too_rare,,,
28339,0.0,,too_rare,,,
28340,0.0,,too_rare,,,
28341,0.0,,too_rare,,,
28342,0.0,,too_rare,,,
28343,0.0,,too_rare,,,
28344,5.601613264620211e-05,,too_rare,,,
28345,0.0,,too_rare,,,
28346,0.0,,too_rare,,,
28347,0.0,,too_rare,,,
28348,8.402419896930316e-05,,too_rare,,,
28349,2.8008066323101054e-05,,too_rare,,,
28350,0.0,,too_rare,,,
28351,2.8008066323101054e-05,,too_rare,,,
28352,0.0,,too_rare,,,
28353,0.0,,too_rare,,,
28354,0.0,,too_rare,,,
28355,0.00019605646426170737,,too_rare,,,
28356,0.0,,too_rare,,,
28357,0.0,,too_rare,,,
28358,5.601613264620211e-05,,too_rare,,,
28359,0.0,,too_rare,,,
28360,2.8008066323101054e-05,,too_rare,,,
28361,0.0,,too_rare,,,
28362,0.0,,too_rare,,,
28363,0.0,,too_rare,,,
28364,0.0,,too_rare,,,
28365,0.0,,too_rare,,,
28366,0.0,,too_rare,,,
28367,0.0004761371274927179,,too_rare,,,
28368,0.0,,too_rare,,,
28369,2.8008066323101054e-05,,too_rare,,,
28370,0.0,,too_rare,,,
28372,0.0046493390096347745,,too_rare,,,
28373,0.0,,too_rare,,,
28374,0.0,,too_rare,,,
28375,0.0,,too_rare,,,
28376,0.0,,too_rare,,,
28377,0.0,,too_rare,,,
28378,0.0,,too_rare,,,
28379,0.0,,too_rare,,,
28380,0.0,,too_rare,,,
28381,0.0,,too_rare,,,
28382,0.0,,too_rare,,,
28383,2.8008066323101054e-05,,too_rare,,,
28384,0.0,,too_rare,,,
28385,2.8008066323101054e-05,,too_rare,,,
28386,0.0,,too_rare,,,
28387,0.0,,too_rare,,,
28388,0.0,,too_rare,,,
28389,0.0,,too_rare,,,
28390,5.601613264620211e-05,,too_rare,,,
28391,0.0002520725969079095,,too_rare,,,
28392,2.8008066323101054e-05,,too_rare,,,
28393,0.0,,too_rare,,,
28394,0.0,,too_rare,,,
28395,0.0008122339233699305,,too_rare,,,
28396,0.0,,too_rare,,,
28397,0.0,,too_rare,,,
28398,0.0002520725969079095,,too_rare,,,
28399,0.0,,too_rare,,,
28400,0.0,,too_rare,,,
28401,0.0,,too_rare,,,
28402,0.00014004033161550526,,too_rare,,,
28403,0.0,,too_rare,,,
28404,0.0,,too_rare,,,
28405,0.0,,too_rare,,,
28406,0.0,,too_rare,,,
28407,0.0,,too_rare,,,
28408,2.8008066323101054e-05,,too_rare,,,
28409,0.0,,too_rare,,,
28410,0.0,,too_rare,,,
28411,0.0,,too_rare,,,
28412,0.0,,too_rare,,,
28413,2.8008066323101054e-05,,too_rare,,,
28414,0.0,,too_rare,,,
28415,0.0,,too_rare,,,
28416,0.0,,too_rare,,,
28417,2.8008066323101054e-05,,too_rare,,,
28418,0.0,,too_rare,,,
28419,0.0,,too_rare,,,
28420,0.0,,too_rare,,,
28421,0.0,,too_rare,,,
28422,0.0,,too_rare,,,
28423,0.0,,too_rare,,,
28424,0.0,,too_rare,,,
28425,0.0,,too_rare,,,
28426,2.8008066323101054e-05,,too_rare,,,
28427,0.0,,too_rare,,,
28428,0.0,,too_rare,,,
28429,0.0,,too_rare,,,
28430,8.402419896930316e-05,,too_rare,,,
28431,0.0,,too_rare,,,
28432,0.0,,too_rare,,,
28433,0.0,,too_rare,,,
28434,0.0,,too_rare,,,
28435,0.0,,too_rare,,,
28436,0.0,,too_rare,,,
28437,0.0,,too_rare,,,
28438,0.0,,too_rare,,,
28439,2.8008066323101054e-05,,too_rare,,,
28440,0.0,,too_rare,,,
28441,0.0,,too_rare,,,
28442,0.0,,too_rare,,,
28443,0.0,,too_rare,,,
28444,0.0,,too_rare,,,
28445,0.0,,too_rare,,,
28446,0.0,,too_rare,,,
28447,0.0,,too_rare,,,
28448,0.0,,too_rare,,,
28449,2.8008066323101054e-05,,too_rare,,,
28450,0.0,,too_rare,,,
28451,0.0,,too_rare,,,
28452,0.0,,too_rare,,,
28453,0.00016804839793860632,,too_rare,,,
28454,0.0,,too_rare,,,
28455,0.006581895585928747,,too_rare,,,
28456,0.0,,too_rare,,,
28457,0.0,,too_rare,,,
28458,0.0,,too_rare,,,
28459,0.0,,too_rare,,,
28460,2.8008066323101054e-05,,too_rare,,,
28461,0.000560161326462021,,too_rare,,,
28462,0.0,,too_rare,,,
28463,0.0,,too_rare,,,
28464,0.0,,too_rare,,,
28465,0.0,,too_rare,,,
28466,0.0,,too_rare,,,
28467,0.0,,too_rare,,,
28468,0.0,,too_rare,,,
28469,0.0,,too_rare,,,
28470,2.8008066323101054e-05,,too_rare,,,
28471,0.0,,too_rare,,,
28472,2.8008066323101054e-05,,too_rare,,,
28473,0.0,,too_rare,,,
28474,0.0,,too_rare,,,
28475,0.0,,too_rare,,,
28476,0.0,,too_rare,,,
28477,0.0,,too_rare,,,
28478,2.8008066323101054e-05,,too_rare,,,
28479,0.0,,too_rare,,,
28480,0.0,,too_rare,,,
28481,0.0,,too_rare,,,
28482,0.0,,too_rare,,,
28483,2.8008066323101054e-05,,too_rare,,,
28484,8.402419896930316e-05,,too_rare,,,
28485,0.0,,too_rare,,,
28486,5.601613264620211e-05,,too_rare,,,
28487,2.8008066323101054e-05,,too_rare,,,
28488,5.601613264620211e-05,,too_rare,,,
28489,2.8008066323101054e-05,,too_rare,,,
28490,0.0,,too_rare,,,
28491,0.0,,too_rare,,,
28492,2.8008066323101054e-05,,too_rare,,,
28493,0.0,,too_rare,,,
28494,0.0,,too_rare,,,
28495,0.0,,too_rare,,,
28496,0.0,,too_rare,,,
28497,0.0,,too_rare,,,
28498,0.0,,too_rare,,,
28499,0.0,,too_rare,,,
28500,0.0,,too_rare,,,
28501,5.601613264620211e-05,,too_rare,,,
28502,0.0,,too_rare,,,
28503,8.402419896930316e-05,,too_rare,,,
28504,0.0,,too_rare,,,
28505,0.0,,too_rare,,,
28506,0.0,,too_rare,,,
28507,0.0,,too_rare,,,
28508,8.402419896930316e-05,,too_rare,,,
28509,0.0,,too_rare,,,
28510,0.0,,too_rare,,,
28511,0.0,,too_rare,,,
28512,2.8008066323101054e-05,,too_rare,,,
28513,0.0,,too_rare,,,
28514,5.601613264620211e-05,,too_rare,,,
28515,0.0,,too_rare,,,
28516,0.0,,too_rare,,,
28517,0.0,,too_rare,,,
28518,0.0,,too_rare,,,
28519,0.0,,too_rare,,,
28520,0.0,,too_rare,,,
28521,0.0,,too_rare,,,
28522,0.0,,too_rare,,,
28523,0.0,,too_rare,,,
28524,0.0,,too_rare,,,
28525,0.0,,too_rare,,,
28526,0.0,,too_rare,,,
28527,0.0,,too_rare,,,
28528,0.0,,too_rare,,,
28529,0.0,,too_rare,,,
28530,0.0,,too_rare,,,
28531,0.0,,too_rare,,,
28532,0.0,,too_rare,,,
28533,0.00014004033161550526,,too_rare,,,
28534,0.0,,too_rare,,,
28535,0.0,,too_rare,,,
28536,0.0,,too_rare,,,
28537,0.0,,too_rare,,,
28538,2.8008066323101054e-05,,too_rare,,,
28539,0.0,,too_rare,,,
28540,0.0007842258570468295,,too_rare,,,
28541,0.0,,too_rare,,,
28542,0.0,,too_rare,,,
28543,0.0,,too_rare,,,
28544,0.0,,too_rare,,,
28545,2.8008066323101054e-05,,too_rare,,,
28546,0.0,,too_rare,,,
28547,0.0,,too_rare,,,
28548,0.00039211292852341475,,too_rare,,,
28549,0.0,,too_rare,,,
28550,5.601613264620211e-05,,too_rare,,,
28551,0.0,,too_rare,,,
28552,0.0,,too_rare,,,
28553,0.00016804839793860632,,too_rare,,,
28554,2.8008066323101054e-05,,too_rare,,,
28555,0.0,,too_rare,,,
28556,0.0,,too_rare,,,
28557,5.601613264620211e-05,,too_rare,,,
28558,2.8008066323101054e-05,,too_rare,,,
28559,0.0,,too_rare,,,
28560,0.0,,too_rare,,,
28561,0.0,,too_rare,,,
28562,0.0,,too_rare,,,
28563,0.00019605646426170737,,too_rare,,,
28564,0.0,,too_rare,,,
28565,2.8008066323101054e-05,,too_rare,,,
28566,0.00022406453058480843,,too_rare,,,
28567,0.0,,too_rare,,,
28568,0.0,,too_rare,,,
28569,0.0,,too_rare,,,
28570,0.0,,too_rare,,,
28571,0.0,,too_rare,,,
28572,0.0002520725969079095,,too_rare,,,
28573,0.0,,too_rare,,,
28574,5.601613264620211e-05,,too_rare,,,
28575,2.8008066323101054e-05,,too_rare,,,
28576,0.0,,too_rare,,,
28577,2.8008066323101054e-05,,too_rare,,,
28578,0.0,,too_rare,,,
28579,0.0,,too_rare,,,
28580,2.8008066323101054e-05,,too_rare,,,
28581,0.0,,too_rare,,,
28582,0.0,,too_rare,,,
28583,8.402419896930316e-05,,too_rare,,,
28584,0.0,,too_rare,,,
28585,0.0,,too_rare,,,
28586,0.0,,too_rare,,,
28587,0.0,,too_rare,,,
28588,0.0,,too_rare,,,
28589,0.0,,too_rare,,,
28590,2.8008066323101054e-05,,too_rare,,,
28591,0.0,,too_rare,,,
28592,0.0,,too_rare,,,
28593,0.0,,too_rare,,,
28594,0.0,,too_rare,,,
28595,0.0,,too_rare,,,
28596,0.0,,too_rare,,,
28597,0.0,,too_rare,,,
28598,0.0,,too_rare,,,
28599,0.0,,too_rare,,,
28600,0.0,,too_rare,,,
28601,0.0,,too_rare,,,
28602,0.0,,too_rare,,,
28604,0.0,,too_rare,,,
28605,2.8008066323101054e-05,,too_rare,,,
28606,0.0,,too_rare,,,
28607,0.0,,too_rare,,,
28608,2.8008066323101054e-05,,too_rare,,,
28609,0.0,,too_rare,,,
28610,0.0,,too_rare,,,
28611,8.402419896930316e-05,,too_rare,,,
28612,0.0,,too_rare,,,
28613,0.0,,too_rare,,,
28614,2.8008066323101054e-05,,too_rare,,,
28615,0.0,,too_rare,,,
28616,0.0,,too_rare,,,
28618,0.00019605646426170737,,too_rare,,,
28619,0.0,,too_rare,,,
28620,0.0,,too_rare,,,
28621,0.007702218238852789,,too_rare,,,
28622,0.0,,too_rare,,,
28623,0.0,,too_rare,,,
28624,0.0,,too_rare,,,
28625,0.0,,too_rare,,,
28626,0.0,,too_rare,,,
28627,0.0,,too_rare,,,
28628,0.0,,too_rare,,,
28629,2.8008066323101054e-05,,too_rare,,,
28630,0.0,,too_rare,,,
28631,0.0,,too_rare,,,
28632,2.8008066323101054e-05,,too_rare,,,
28633,0.000560161326462021,,too_rare,,,
28634,0.0,,too_rare,,,
28635,0.0,,too_rare,,,
28636,0.0,,too_rare,,,
28637,0.0,,too_rare,,,
28638,0.0,,too_rare,,,
28639,0.0,,too_rare,,,
28640,0.0,,too_rare,,,
28641,0.00019605646426170737,,too_rare,,,
28642,2.8008066323101054e-05,,too_rare,,,
28643,0.0012043468518933454,,too_rare,,,
28644,0.0,,too_rare,,,
28645,0.0,,too_rare,,,
28646,0.0,,too_rare,,,
28647,2.8008066323101054e-05,,too_rare,,,
28648,0.0,,too_rare,,,
28649,0.001624467846739861,,too_rare,,,
28650,2.8008066323101054e-05,,too_rare,,,
28651,0.0,,too_rare,,,
28652,0.0,,too_rare,,,
28653,0.0,,too_rare,,,
28654,0.0,,too_rare,,,
28655,0.0,,too_rare,,,
28656,0.0,,too_rare,,,
28657,0.0,,too_rare,,,
28658,0.002268653372171185,,too_rare,,,
28659,0.0,,too_rare,,,
28660,0.00022406453058480843,,too_rare,,,
28661,0.0,,too_rare,,,
28662,0.0,,too_rare,,,
28663,0.0,,too_rare,,,
28664,0.0,,too_rare,,,
28665,0.0,,too_rare,,,
28666,0.0,,too_rare,,,
28667,0.0,,too_rare,,,
28668,0.0,,too_rare,,,
28669,0.0,,too_rare,,,
28670,0.0,,too_rare,,,
28671,0.0,,too_rare,,,
28672,0.0,,too_rare,,,
28673,0.0,,too_rare,,,
28674,0.0,,too_rare,,,
28675,0.0,,too_rare,,,
28676,0.0,,too_rare,,,
28677,0.00019605646426170737,,too_rare,,,
28678,2.8008066323101054e-05,,too_rare,,,
28679,2.8008066323101054e-05,,too_rare,,,
28680,0.0,,too_rare,,,
28681,0.0,,too_rare,,,
28682,0.0,,too_rare,,,
28683,5.601613264620211e-05,,too_rare,,,
28684,0.0,,too_rare,,,
28686,0.0,,too_rare,,,
28687,2.8008066323101054e-05,,too_rare,,,
28688,0.0,,too_rare,,,
28689,0.0,,too_rare,,,
28690,2.8008066323101054e-05,,too_rare,,,
28691,0.0,,too_rare,,,
28692,5.601613264620211e-05,,too_rare,,,
28693,0.001988572708940175,,too_rare,,,
28694,0.0,,too_rare,,,
28695,0.0004761371274927179,,too_rare,,,
28696,0.0,,too_rare,,,
28697,0.0,,too_rare,,,
28698,0.0,,too_rare,,,
28699,0.0,,too_rare,,,
28700,0.0,,too_rare,,,
28701,0.0,,too_rare,,,
28702,0.0,,too_rare,,,
28703,0.00014004033161550526,,too_rare,,,
28704,2.8008066323101054e-05,,too_rare,,,
28705,0.0,,too_rare,,,
28706,0.0,,too_rare,,,
28707,2.8008066323101054e-05,,too_rare,,,
28708,0.0,,too_rare,,,
28709,0.0,,too_rare,,,
28710,0.0,,too_rare,,,
28711,2.8008066323101054e-05,,too_rare,,,
28712,0.0,,too_rare,,,
28713,0.0,,too_rare,,,
28715,2.8008066323101054e-05,,too_rare,,,
28716,0.0,,too_rare,,,
28717,0.0,,too_rare,,,
28718,0.0,,too_rare,,,
28719,0.0,,too_rare,,,
28720,0.0,,too_rare,,,
28721,2.8008066323101054e-05,,too_rare,,,
28722,0.0,,too_rare,,,
28723,0.0,,too_rare,,,
28724,0.0,,too_rare,,,
28725,0.0,,too_rare,,,
28726,0.00011203226529240422,,too_rare,,,
28727,0.0,,too_rare,,,
28728,0.0,,too_rare,,,
28729,0.0,,too_rare,,,
28730,0.0,,too_rare,,,
28731,0.0,,too_rare,,,
28732,5.601613264620211e-05,,too_rare,,,
28733,0.0,,too_rare,,,
28734,0.0,,too_rare,,,
28735,0.0,,too_rare,,,
28736,0.0,,too_rare,,,
28737,0.0014004033161550526,,too_rare,,,
28738,0.0,,too_rare,,,
28739,0.0,,too_rare,,,
28740,0.0,,too_rare,,,
28741,0.0,,too_rare,,,
28742,0.0,,too_rare,,,
28743,0.0,,too_rare,,,
28744,0.0,,too_rare,,,
28745,0.0,,too_rare,,,
28746,0.0,,too_rare,,,
28747,0.0,,too_rare,,,
28748,0.0,,too_rare,,,
28749,0.0,,too_rare,,,
28751,2.8008066323101054e-05,,too_rare,,,
28752,0.0,,too_rare,,,
28753,0.0,,too_rare,,,
28754,0.0,,too_rare,,,
28755,0.0,,too_rare,,,
28756,0.0,,too_rare,,,
28757,0.0,,too_rare,,,
28758,0.0,,too_rare,,,
28759,0.0,,too_rare,,,
28760,0.0,,too_rare,,,
28761,0.0,,too_rare,,,
28762,2.8008066323101054e-05,,too_rare,,,
28763,0.0,,too_rare,,,
28764,0.0,,too_rare,,,
28765,2.8008066323101054e-05,,too_rare,,,
28766,0.0,,too_rare,,,
28767,5.601613264620211e-05,,too_rare,,,
28768,0.0,,too_rare,,,
28769,0.0,,too_rare,,,
28770,0.0,,too_rare,,,
28771,0.0,,too_rare,,,
28772,2.8008066323101054e-05,,too_rare,,,
28773,8.402419896930316e-05,,too_rare,,,
28774,0.0,,too_rare,,,
28775,2.8008066323101054e-05,,too_rare,,,
28776,0.0,,too_rare,,,
28777,0.0,,too_rare,,,
28778,8.402419896930316e-05,,too_rare,,,
28779,0.0,,too_rare,,,
28780,2.8008066323101054e-05,,too_rare,,,
28781,0.0,,too_rare,,,
28782,0.0,,too_rare,,,
28783,0.0,,too_rare,,,
28784,8.402419896930316e-05,,too_rare,,,
28785,8.402419896930316e-05,,too_rare,,,
28786,0.0,,too_rare,,,
28787,0.0,,too_rare,,,
28788,0.0,,too_rare,,,
28789,0.0,,too_rare,,,
28790,0.0,,too_rare,,,
28791,0.0,,too_rare,,,
28792,0.0,,too_rare,,,
28793,2.8008066323101054e-05,,too_rare,,,
28794,0.0,,too_rare,,,
28795,2.8008066323101054e-05,,too_rare,,,
28796,2.8008066323101054e-05,,too_rare,,,
28797,0.0,,too_rare,,,
28798,0.0,,too_rare,,,
28799,2.8008066323101054e-05,,too_rare,,,
28800,0.0,,too_rare,,,
28801,0.0,,too_rare,,,
28802,8.402419896930316e-05,,too_rare,,,
28803,0.0,,too_rare,,,
28804,0.0,,too_rare,,,
28805,0.0,,too_rare,,,
28806,0.0,,too_rare,,,
28807,0.0,,too_rare,,,
28808,0.0,,too_rare,,,
28809,0.0,,too_rare,,,
28810,0.0,,too_rare,,,
28811,0.0,,too_rare,,,
28812,0.0,,too_rare,,,
28813,0.0,,too_rare,,,
28814,5.601613264620211e-05,,too_rare,,,
28815,0.0,,too_rare,,,
28816,0.0,,too_rare,,,
28817,0.008178355366345508,,too_rare,,,
28818,0.0,,too_rare,,,
28819,0.0,,too_rare,,,
28820,0.0,,too_rare,,,
28821,0.0,,too_rare,,,
28822,0.0,,too_rare,,,
28823,0.0,,too_rare,,,
28824,0.0,,too_rare,,,
28825,2.8008066323101054e-05,,too_rare,,,
28826,0.00016804839793860632,,too_rare,,,
28827,5.601613264620211e-05,,too_rare,,,
28828,0.0,,too_rare,,,
28829,0.0,,too_rare,,,
28830,0.0,,too_rare,,,
28831,2.8008066323101054e-05,,too_rare,,,
28832,0.0,,too_rare,,,
28833,0.0,,too_rare,,,
28834,0.0002800806632310105,,too_rare,,,
28835,0.0,,too_rare,,,
28836,0.0,,too_rare,,,
28837,0.00011203226529240422,,too_rare,,,
28838,0.0014004033161550526,,too_rare,,,
28839,0.0,,too_rare,,,
28840,0.0,,too_rare,,,
28841,0.0,,too_rare,,,
28842,0.0,,too_rare,,,
28843,0.0007282097244006273,,too_rare,,,
28844,0.0,,too_rare,,,
28845,0.0,,too_rare,,,
28846,0.0,,too_rare,,,
28847,0.0,,too_rare,,,
28848,0.0,,too_rare,,,
28849,0.0,,too_rare,,,
28850,0.0,,too_rare,,,
28851,2.8008066323101054e-05,,too_rare,,,
28852,2.8008066323101054e-05,,too_rare,,,
28853,0.0,,too_rare,,,
28854,0.0,,too_rare,,,
28855,0.0,,too_rare,,,
28856,0.0,,too_rare,,,
28857,0.0,,too_rare,,,
28858,0.0,,too_rare,,,
28859,0.0,,too_rare,,,
28860,0.0,,too_rare,,,
28861,0.0,,too_rare,,,
28862,0.0,,too_rare,,,
28863,0.0,,too_rare,,,
28864,0.0,,too_rare,,,
28865,0.00011203226529240422,,too_rare,,,
28866,0.0,,too_rare,,,
28867,0.0,,too_rare,,,
28868,2.8008066323101054e-05,,too_rare,,,
28869,0.0,,too_rare,,,
28870,8.402419896930316e-05,,too_rare,,,
28871,0.0,,too_rare,,,
28872,0.0,,too_rare,,,
28873,0.0,,too_rare,,,
28874,0.0,,too_rare,,,
28875,0.0008962581223392337,,too_rare,,,
28876,0.00016804839793860632,,too_rare,,,
28877,0.0,,too_rare,,,
28878,2.8008066323101054e-05,,too_rare,,,
28879,0.0004201209948465158,,too_rare,,,
28880,0.0,,too_rare,,,
28881,0.0,,too_rare,,,
28882,2.8008066323101054e-05,,too_rare,,,
28883,0.0,,too_rare,,,
28885,0.0,,too_rare,,,
28886,2.8008066323101054e-05,,too_rare,,,
28887,0.0004201209948465158,,too_rare,,,
28888,0.0,,too_rare,,,
28889,2.8008066323101054e-05,,too_rare,,,
28890,0.0,,too_rare,,,
28891,0.0,,too_rare,,,
28892,0.0,,too_rare,,,
28893,0.0,,too_rare,,,
28894,2.8008066323101054e-05,,too_rare,,,
28895,0.0,,too_rare,,,
28896,0.0,,too_rare,,,
28897,0.0006441855254313242,,too_rare,,,
28898,0.0,,too_rare,,,
28899,0.0,,too_rare,,,
28900,0.0,,too_rare,,,
28901,0.0,,too_rare,,,
28902,0.0,,too_rare,,,
28903,0.0,,too_rare,,,
28904,2.8008066323101054e-05,,too_rare,,,
28905,2.8008066323101054e-05,,too_rare,,,
28906,0.0,,too_rare,,,
28907,2.8008066323101054e-05,,too_rare,,,
28908,0.0,,too_rare,,,
28909,2.8008066323101054e-05,,too_rare,,,
28910,0.0,,too_rare,,,
28911,0.0,,too_rare,,,
28912,2.8008066323101054e-05,,too_rare,,,
28913,0.00044812906116961686,,too_rare,,,
28914,2.8008066323101054e-05,,too_rare,,,
28915,0.0,,too_rare,,,
28916,0.0,,too_rare,,,
28917,0.0,,too_rare,,,
28918,0.0,,too_rare,,,
28919,0.0,,too_rare,,,
28920,0.0,,too_rare,,,
28921,2.8008066323101054e-05,,too_rare,,,
28922,0.0,,too_rare,,,
28923,0.0,,too_rare,,,
28924,5.601613264620211e-05,,too_rare,,,
28925,2.8008066323101054e-05,,too_rare,,,
28926,0.0,,too_rare,,,
28927,0.0,,too_rare,,,
28928,0.0,,too_rare,,,
28929,0.0,,too_rare,,,
28930,0.0,,too_rare,,,
28931,0.0,,too_rare,,,
28932,0.0,,too_rare,,,
28933,0.0002520725969079095,,too_rare,,,
28934,0.0,,too_rare,,,
28935,0.0009522742549854358,,too_rare,,,
28936,0.0,,too_rare,,,
28937,0.0,,too_rare,,,
28938,0.0,,too_rare,,,
28939,0.0,,too_rare,,,
28940,0.0,,too_rare,,,
28941,2.8008066323101054e-05,,too_rare,,,
28942,0.0,,too_rare,,,
28943,0.0,,too_rare,,,
28944,0.0,,too_rare,,,
28946,0.0,,too_rare,,,
28947,0.0002520725969079095,,too_rare,,,
28948,2.8008066323101054e-05,,too_rare,,,
28949,0.0,,too_rare,,,
28950,0.0,,too_rare,,,
28952,0.0,,too_rare,,,
28953,0.0,,too_rare,,,
28954,5.601613264620211e-05,,too_rare,,,
28955,0.0,,too_rare,,,
28956,0.0,,too_rare,,,
28957,5.601613264620211e-05,,too_rare,,,
28958,5.601613264620211e-05,,too_rare,,,
28959,0.0,,too_rare,,,
28960,0.0,,too_rare,,,
28961,0.0,,too_rare,,,
28962,0.0,,too_rare,,,
28963,0.0,,too_rare,,,
28965,0.0,,too_rare,,,
28966,0.0,,too_rare,,,
28967,2.8008066323101054e-05,,too_rare,,,
28968,0.0,,too_rare,,,
28969,8.402419896930316e-05,,too_rare,,,
28970,0.0,,too_rare,,,
28971,0.0,,too_rare,,,
28972,0.0,,too_rare,,,
28973,0.0,,too_rare,,,
28974,0.0,,too_rare,,,
28975,0.0,,too_rare,,,
28976,0.00036410486220031366,,too_rare,,,
28977,0.0,,too_rare,,,
28978,0.0,,too_rare,,,
28979,0.0,,too_rare,,,
28980,0.0,,too_rare,,,
28981,0.0,,too_rare,,,
28982,0.0,,too_rare,,,
28983,0.0,,too_rare,,,
28984,5.601613264620211e-05,,too_rare,,,
28985,0.0,,too_rare,,,
28986,0.0,,too_rare,,,
28987,0.0,,too_rare,,,
28988,0.0,,too_rare,,,
28989,0.0,,too_rare,,,
28990,0.0,,too_rare,,,
28991,0.0,,too_rare,,,
28992,8.402419896930316e-05,,too_rare,,,
28993,0.0,,too_rare,,,
28994,0.0,,too_rare,,,
28995,0.0,,too_rare,,,
28996,2.8008066323101054e-05,,too_rare,,,
28997,0.0,,too_rare,,,
28998,0.0,,too_rare,,,
28999,0.0,,too_rare,,,
29000,0.0,,too_rare,,,
29001,0.0,,too_rare,,,
29002,0.00011203226529240422,,too_rare,,,
29003,2.8008066323101054e-05,,too_rare,,,
29005,0.0,,too_rare,,,
29006,0.0,,too_rare,,,
29007,0.0,,too_rare,,,
29008,0.0,,too_rare,,,
29009,0.0,,too_rare,,,
29010,0.001484427515124356,,too_rare,,,
29011,2.8008066323101054e-05,,too_rare,,,
29012,0.0,,too_rare,,,
29013,0.0,,too_rare,,,
29015,0.0,,too_rare,,,
29016,0.0,,too_rare,,,
29017,0.0,,too_rare,,,
29018,2.8008066323101054e-05,,too_rare,,,
29019,0.0,,too_rare,,,
29020,0.009018597356038539,,too_rare,,,
29021,0.0,,too_rare,,,
29022,0.0,,too_rare,,,
29023,2.8008066323101054e-05,,too_rare,,,
29024,0.0,,too_rare,,,
29025,0.0,,too_rare,,,
29026,0.0,,too_rare,,,
29027,0.0,,too_rare,,,
29028,2.8008066323101054e-05,,too_rare,,,
29029,0.0,,too_rare,,,
29030,8.402419896930316e-05,,too_rare,,,
29031,0.0013443871835088505,,too_rare,,,
29032,0.0,,too_rare,,,
29033,0.00011203226529240422,,too_rare,,,
29034,0.0,,too_rare,,,
29035,0.0,,too_rare,,,
29036,2.8008066323101054e-05,,too_rare,,,
29037,0.0,,too_rare,,,
29038,0.0,,too_rare,,,
29039,0.0,,too_rare,,,
29040,2.8008066323101054e-05,,too_rare,,,
29041,0.0,,too_rare,,,
29042,0.0,,too_rare,,,
29043,0.0,,too_rare,,,
29044,0.0077862424378220925,,too_rare,,,
29045,0.0,,too_rare,,,
29046,0.0,,too_rare,,,
29047,0.007282097244006274,,too_rare,,,
29048,8.402419896930316e-05,,too_rare,,,
29049,0.0,,too_rare,,,
29050,0.0,,too_rare,,,
29051,0.0,,too_rare,,,
29052,0.0,,too_rare,,,
29053,0.0,,too_rare,,,
29054,0.00044812906116961686,,too_rare,,,
29055,0.0,,too_rare,,,
29056,0.0,,too_rare,,,
29057,0.0,,too_rare,,,
29058,0.0,,too_rare,,,
29059,0.0,,too_rare,,,
29060,0.0,,too_rare,,,
29061,0.0,,too_rare,,,
29062,0.0,,too_rare,,,
29063,0.0,,too_rare,,,
29064,0.001008290387631638,,too_rare,,,
29065,0.0,,too_rare,,,
29066,0.0,,too_rare,,,
29067,0.0012603629845395474,,too_rare,,,
29068,0.0,,too_rare,,,
29069,0.0,,too_rare,,,
29070,0.0,,too_rare,,,
29071,0.0,,too_rare,,,
29072,0.0,,too_rare,,,
29073,0.0,,too_rare,,,
29074,0.0,,too_rare,,,
29075,0.0,,too_rare,,,
29076,2.8008066323101054e-05,,too_rare,,,
29077,0.0,,too_rare,,,
29078,0.0,,too_rare,,,
29079,0.0,,too_rare,,,
29080,0.0,,too_rare,,,
29081,2.8008066323101054e-05,,too_rare,,,
29082,0.0,,too_rare,,,
29083,0.0,,too_rare,,,
29084,2.8008066323101054e-05,,too_rare,,,
29085,0.0,,too_rare,,,
29086,5.601613264620211e-05,,too_rare,,,
29087,0.0,,too_rare,,,
29088,0.0,,too_rare,,,
29089,0.0012043468518933454,,too_rare,,,
29090,0.0,,too_rare,,,
29091,0.0,,too_rare,,,
29092,0.0,,too_rare,,,
29093,0.000560161326462021,,too_rare,,,
29094,0.0,,too_rare,,,
29095,0.0,,too_rare,,,
29096,0.0,,too_rare,,,
29097,0.0,,too_rare,,,
29098,0.0,,too_rare,,,
29099,0.0,,too_rare,,,
29100,0.0,,too_rare,,,
29101,0.0,,too_rare,,,
29102,0.0,,too_rare,,,
29103,0.0,,too_rare,,,
29104,0.0,,too_rare,,,
29105,0.0,,too_rare,,,
29106,0.00019605646426170737,,too_rare,,,
29107,0.0,,too_rare,,,
29108,2.8008066323101054e-05,,too_rare,,,
29109,0.0,,too_rare,,,
29110,0.00022406453058480843,,too_rare,,,
29111,2.8008066323101054e-05,,too_rare,,,
29112,0.0,,too_rare,,,
29113,2.8008066323101054e-05,,too_rare,,,
29114,0.0,,too_rare,,,
29115,0.0,,too_rare,,,
29116,0.0,,too_rare,,,
29117,0.0,,too_rare,,,
29118,0.0004201209948465158,,too_rare,,,
29119,0.0,,too_rare,,,
29120,0.0,,too_rare,,,
29121,0.0,,too_rare,,,
29122,2.8008066323101054e-05,,too_rare,,,
29123,0.0,,too_rare,,,
29124,0.0,,too_rare,,,
29125,5.601613264620211e-05,,too_rare,,,
29126,0.0,,too_rare,,,
29127,0.0,,too_rare,,,
29128,0.0,,too_rare,,,
29129,2.8008066323101054e-05,,too_rare,,,
29130,8.402419896930316e-05,,too_rare,,,
29131,0.0,,too_rare,,,
29132,0.0,,too_rare,,,
29133,0.0,,too_rare,,,
29134,0.0,,too_rare,,,
29135,0.0,,too_rare,,,
29136,2.8008066323101054e-05,,too_rare,,,
29137,0.00014004033161550526,,too_rare,,,
29138,0.0,,too_rare,,,
29139,0.0,,too_rare,,,
29140,2.8008066323101054e-05,,too_rare,,,
29141,0.0,,too_rare,,,
29142,0.0,,too_rare,,,
29143,0.0,,too_rare,,,
29144,0.0,,too_rare,,,
29145,2.8008066323101054e-05,,too_rare,,,
29146,0.0,,too_rare,,,
29147,2.8008066323101054e-05,,too_rare,,,
29148,2.8008066323101054e-05,,too_rare,,,
29149,0.0,,too_rare,,,
29150,0.0,,too_rare,,,
29152,2.8008066323101054e-05,,too_rare,,,
29153,0.0,,too_rare,,,
29154,0.0,,too_rare,,,
29155,0.0,,too_rare,,,
29156,0.0,,too_rare,,,
29158,2.8008066323101054e-05,,too_rare,,,
29159,0.0,,too_rare,,,
29160,0.0,,too_rare,,,
29161,0.0,,too_rare,,,
29162,0.0,,too_rare,,,
29163,0.0,,too_rare,,,
29164,2.8008066323101054e-05,,too_rare,,,
29165,0.0,,too_rare,,,
29166,0.0,,too_rare,,,
29167,0.0,,too_rare,,,
29168,0.0,,too_rare,,,
29169,0.0,,too_rare,,,
29170,0.0,,too_rare,,,
29171,0.0,,too_rare,,,
29172,0.0,,too_rare,,,
29173,0.0,,too_rare,,,
29174,0.0,,too_rare,,,
29175,0.0,,too_rare,,,
29176,2.8008066323101054e-05,,too_rare,,,
29177,0.0,,too_rare,,,
29178,0.0,,too_rare,,,
29179,0.0002520725969079095,,too_rare,,,
29180,2.8008066323101054e-05,,too_rare,,,
29182,2.8008066323101054e-05,,too_rare,,,
29183,0.0,,too_rare,,,
29184,0.0,,too_rare,,,
29186,0.0,,too_rare,,,
29187,0.0,,too_rare,,,
29188,0.0,,too_rare,,,
29189,0.0,,too_rare,,,
29190,0.0,,too_rare,,,
29191,0.0,,too_rare,,,
29192,2.8008066323101054e-05,,too_rare,,,
29193,0.0,,too_rare,,,
29194,0.001008290387631638,,too_rare,,,
29195,0.0,,too_rare,,,
29196,0.0,,too_rare,,,
29197,2.8008066323101054e-05,,too_rare,,,
29198,2.8008066323101054e-05,,too_rare,,,
29199,0.0,,too_rare,,,
29200,0.0,,too_rare,,,
29201,0.0,,too_rare,,,
29202,0.0,,too_rare,,,
29203,0.0,,too_rare,,,
29204,0.0,,too_rare,,,
29205,0.0,,too_rare,,,
29206,0.0,,too_rare,,,
29207,0.0,,too_rare,,,
29208,2.8008066323101054e-05,,too_rare,,,
29209,0.0,,too_rare,,,
29210,0.001988572708940175,,too_rare,,,
29211,2.8008066323101054e-05,,too_rare,,,
29212,0.0,,too_rare,,,
29213,0.0,,too_rare,,,
29214,0.0,,too_rare,,,
29215,0.0,,too_rare,,,
29216,0.0,,too_rare,,,
29217,0.0,,too_rare,,,
29218,0.0,,too_rare,,,
29219,0.0,,too_rare,,,
29220,0.0077862424378220925,,too_rare,,,
29221,0.0,,too_rare,,,
29222,0.0,,too_rare,,,
29223,0.0,,too_rare,,,
29224,8.402419896930316e-05,,too_rare,,,
29225,2.8008066323101054e-05,,too_rare,,,
29226,0.0003080887295541116,,too_rare,,,
29227,0.0,,too_rare,,,
29228,2.8008066323101054e-05,,too_rare,,,
29229,0.0,,too_rare,,,
29230,0.0,,too_rare,,,
29231,0.0,,too_rare,,,
29232,0.0,,too_rare,,,
29233,2.8008066323101054e-05,,too_rare,,,
29234,2.8008066323101054e-05,,too_rare,,,
29235,0.00033609679587721263,,too_rare,,,
29236,0.00039211292852341475,,too_rare,,,
29237,0.0,,too_rare,,,
29238,0.0,,too_rare,,,
29239,2.8008066323101054e-05,,too_rare,,,
29240,0.0,,too_rare,,,
29241,0.0,,too_rare,,,
29242,0.0,,too_rare,,,
29243,0.0,,too_rare,,,
29244,0.0,,too_rare,,,
29245,0.0,,too_rare,,,
29246,0.002156621106878781,,too_rare,,,
29247,0.0006161774591082232,,too_rare,,,
29248,0.0,,too_rare,,,
29249,0.0,,too_rare,,,
29250,2.8008066323101054e-05,,too_rare,,,
29251,2.8008066323101054e-05,,too_rare,,,
29252,0.00016804839793860632,,too_rare,,,
29253,0.0,,too_rare,,,
29254,0.0,,too_rare,,,
29255,5.601613264620211e-05,,too_rare,,,
29256,2.8008066323101054e-05,,too_rare,,,
29257,0.0,,too_rare,,,
29258,0.0,,too_rare,,,
29259,0.0,,too_rare,,,
29260,0.0,,too_rare,,,
29261,2.8008066323101054e-05,,too_rare,,,
29262,0.0,,too_rare,,,
29263,0.0,,too_rare,,,
29264,0.0,,too_rare,,,
29266,0.0,,too_rare,,,
29267,0.0,,too_rare,,,
29268,0.0,,too_rare,,,
29269,0.0,,too_rare,,,
29270,0.0,,too_rare,,,
29271,2.8008066323101054e-05,,too_rare,,,
29272,0.0,,too_rare,,,
29273,0.0,,too_rare,,,
29274,0.0,,too_rare,,,
29275,0.0,,too_rare,,,
29276,0.0,,too_rare,,,
29277,0.0,,too_rare,,,
29278,0.0,,too_rare,,,
29279,2.8008066323101054e-05,,too_rare,,,
29280,0.0,,too_rare,,,
29281,0.00011203226529240422,,too_rare,,,
29282,0.0002800806632310105,,too_rare,,,
29283,0.0,,too_rare,,,
29284,0.0,,too_rare,,,
29285,0.0,,too_rare,,,
29286,5.601613264620211e-05,,too_rare,,,
29287,0.0,,too_rare,,,
29288,0.0,,too_rare,,,
29289,0.0,,too_rare,,,
29290,0.0,,too_rare,,,
29291,0.0,,too_rare,,,
29293,0.0,,too_rare,,,
29294,2.8008066323101054e-05,,too_rare,,,
29295,0.0,,too_rare,,,
29296,0.0,,too_rare,,,
29297,0.0,,too_rare,,,
29298,0.0,,too_rare,,,
29299,0.0,,too_rare,,,
29300,0.0,,too_rare,,,
29301,0.002072596907909478,,too_rare,,,
29302,0.0,,too_rare,,,
29303,0.0,,too_rare,,,
29304,0.0,,too_rare,,,
29305,0.0,,too_rare,,,
29306,0.0,,too_rare,,,
29307,2.8008066323101054e-05,,too_rare,,,
29309,0.0,,too_rare,,,
29310,5.601613264620211e-05,,too_rare,,,
29311,0.0,,too_rare,,,
29312,0.0,,too_rare,,,
29313,0.0,,too_rare,,,
29314,0.0,,too_rare,,,
29315,0.0,,too_rare,,,
29316,0.0,,too_rare,,,
29317,0.0,,too_rare,,,
29318,0.0012323549182164464,,too_rare,,,
29319,0.0,,too_rare,,,
29320,0.0,,too_rare,,,
29321,0.0,,too_rare,,,
29322,2.8008066323101054e-05,,too_rare,,,
29323,0.0,,too_rare,,,
29324,2.8008066323101054e-05,,too_rare,,,
29325,0.0,,too_rare,,,
29326,0.0,,too_rare,,,
29327,0.000560161326462021,,too_rare,,,
29328,0.0,,too_rare,,,
29329,0.0,,too_rare,,,
29330,0.0,,too_rare,,,
29331,0.0,,too_rare,,,
29332,0.0,,too_rare,,,
29333,0.00022406453058480843,,too_rare,,,
29334,0.0,,too_rare,,,
29335,0.0,,too_rare,,,
29336,0.0,,too_rare,,,
29337,0.0,,too_rare,,,
29338,0.0,,too_rare,,,
29339,0.0,,too_rare,,,
29340,0.0,,too_rare,,,
29341,0.0,,too_rare,,,
29342,0.0,,too_rare,,,
29343,0.0,,too_rare,,,
29344,0.0,,too_rare,,,
29345,0.0,,too_rare,,,
29346,0.0,,too_rare,,,
29347,0.0,,too_rare,,,
29348,0.0,,too_rare,,,
29349,0.0,,too_rare,,,
29350,0.0,,too_rare,,,
29351,0.0,,too_rare,,,
29352,0.0,,too_rare,,,
29353,0.0,,too_rare,,,
29354,0.0,,too_rare,,,
29355,0.0,,too_rare,,,
29356,0.0,,too_rare,,,
29357,0.0,,too_rare,,,
29358,0.0,,too_rare,,,
29359,0.0,,too_rare,,,
29360,5.601613264620211e-05,,too_rare,,,
29361,0.0,,too_rare,,,
29362,2.8008066323101054e-05,,too_rare,,,
29363,0.0,,too_rare,,,
29364,5.601613264620211e-05,,too_rare,,,
29365,0.0,,too_rare,,,
29366,0.0,,too_rare,,,
29367,0.0,,too_rare,,,
29368,0.0,,too_rare,,,
29369,0.0,,too_rare,,,
29370,0.0,,too_rare,,,
29371,0.0,,too_rare,,,
29372,0.0,,too_rare,,,
29373,2.8008066323101054e-05,,too_rare,,,
29374,0.0,,too_rare,,,
29375,0.0,,too_rare,,,
29376,0.0,,too_rare,,,
29377,0.0,,too_rare,,,
29379,0.0,,too_rare,,,
29380,0.0,,too_rare,,,
29381,0.00036410486220031366,,too_rare,,,
29382,0.0,,too_rare,,,
29383,0.0,,too_rare,,,
29384,2.8008066323101054e-05,,too_rare,,,
29385,0.0,,too_rare,,,
29386,0.0,,too_rare,,,
29387,0.0,,too_rare,,,
29388,0.0,,too_rare,,,
29389,0.0,,too_rare,,,
29390,5.601613264620211e-05,,too_rare,,,
29391,0.0,,too_rare,,,
29392,0.0,,too_rare,,,
29393,0.0,,too_rare,,,
29394,0.0,,too_rare,,,
29395,0.0,,too_rare,,,
29396,0.0,,too_rare,,,
29397,0.0,,too_rare,,,
29398,0.0,,too_rare,,,
29399,0.0,,too_rare,,,
29400,0.0,,too_rare,,,
29401,0.0,,too_rare,,,
29402,0.0,,too_rare,,,
29403,0.0,,too_rare,,,
29404,0.0,,too_rare,,,
29405,0.00014004033161550526,,too_rare,,,
29406,0.0,,too_rare,,,
29407,0.0,,too_rare,,,
29408,0.0,,too_rare,,,
29409,0.0,,too_rare,,,
29410,2.8008066323101054e-05,,too_rare,,,
29412,5.601613264620211e-05,,too_rare,,,
29414,0.0,,too_rare,,,
29415,2.8008066323101054e-05,,too_rare,,,
29416,0.004369258346403764,,too_rare,,,
29417,0.0,,too_rare,,,
29418,0.0016804839793860631,,too_rare,,,
29419,0.0,,too_rare,,,
29420,0.0,,too_rare,,,
29421,0.0,,too_rare,,,
29422,2.8008066323101054e-05,,too_rare,,,
29423,0.0,,too_rare,,,
29424,0.0,,too_rare,,,
29425,0.00016804839793860632,,too_rare,,,
29426,0.0,,too_rare,,,
29427,0.0,,too_rare,,,
29428,0.0,,too_rare,,,
29429,0.0,,too_rare,,,
29430,0.0,,too_rare,,,
29431,0.00011203226529240422,,too_rare,,,
29432,0.0,,too_rare,,,
29433,0.0,,too_rare,,,
29434,0.0,,too_rare,,,
29435,0.0,,too_rare,,,
29436,0.0,,too_rare,,,
29437,0.0,,too_rare,,,
29438,0.0,,too_rare,,,
29439,0.0,,too_rare,,,
29440,0.0,,too_rare,,,
29441,5.601613264620211e-05,,too_rare,,,
29442,0.0,,too_rare,,,
29443,0.0,,too_rare,,,
29444,2.8008066323101054e-05,,too_rare,,,
29445,0.0,,too_rare,,,
29446,0.0,,too_rare,,,
29447,2.8008066323101054e-05,,too_rare,,,
29448,0.001568451714093659,,too_rare,,,
29449,0.0,,too_rare,,,
29450,0.0,,too_rare,,,
29451,0.002016580775263276,,too_rare,,,
29452,0.0,,too_rare,,,
29453,0.0,,too_rare,,,
29454,0.0,,too_rare,,,
29455,0.0,,too_rare,,,
29456,0.0,,too_rare,,,
29457,0.00036410486220031366,,too_rare,,,
29458,0.0,,too_rare,,,
29459,5.601613264620211e-05,,too_rare,,,
29460,0.0,,too_rare,,,
29461,2.8008066323101054e-05,,too_rare,,,
29462,0.0,,too_rare,,,
29463,0.0,,too_rare,,,
29464,0.0,,too_rare,,,
29465,5.601613264620211e-05,,too_rare,,,
29466,0.0,,too_rare,,,
29467,0.0,,too_rare,,,
29468,0.0,,too_rare,,,
29469,0.0,,too_rare,,,
29470,0.0,,too_rare,,,
29471,0.0,,too_rare,,,
29472,0.0,,too_rare,,,
29473,0.0,,too_rare,,,
29474,2.8008066323101054e-05,,too_rare,,,
29475,0.0,,too_rare,,,
29476,0.0,,too_rare,,,
29477,0.0,,too_rare,,,
29478,0.0,,too_rare,,,
29479,0.0,,too_rare,,,
29480,0.0012603629845395474,,too_rare,,,
29481,0.0,,too_rare,,,
29482,2.8008066323101054e-05,,too_rare,,,
29483,2.8008066323101054e-05,,too_rare,,,
29484,0.0007562177907237285,,too_rare,,,
29485,0.00022406453058480843,,too_rare,,,
29486,2.8008066323101054e-05,,too_rare,,,
29487,0.0,,too_rare,,,
29488,0.0,,too_rare,,,
29489,0.0,,too_rare,,,
29490,5.601613264620211e-05,,too_rare,,,
29491,0.0,,too_rare,,,
29492,0.0,,too_rare,,,
29493,0.0,,too_rare,,,
29494,0.0,,too_rare,,,
29495,0.0,,too_rare,,,
29496,2.8008066323101054e-05,,too_rare,,,
29497,2.8008066323101054e-05,,too_rare,,,
29498,0.0,,too_rare,,,
29499,0.0,,too_rare,,,
29500,0.0,,too_rare,,,
29501,0.0,,too_rare,,,
29502,0.0,,too_rare,,,
29503,0.0,,too_rare,,,
29504,0.0,,too_rare,,,
29505,0.0,,too_rare,,,
29506,8.402419896930316e-05,,too_rare,,,
29507,0.0,,too_rare,,,
29508,2.8008066323101054e-05,,too_rare,,,
29509,0.0,,too_rare,,,
29510,0.0,,too_rare,,,
29511,0.0,,too_rare,,,
29512,8.402419896930316e-05,,too_rare,,,
29513,0.0,,too_rare,,,
29514,0.0,,too_rare,,,
29515,0.0,,too_rare,,,
29516,0.0,,too_rare,,,
29517,2.8008066323101054e-05,,too_rare,,,
29518,0.0,,too_rare,,,
29519,0.0,,too_rare,,,
29520,0.0,,too_rare,,,
29522,0.0,,too_rare,,,
29523,0.0,,too_rare,,,
29524,0.0,,too_rare,,,
29525,0.0,,too_rare,,,
29526,0.0,,too_rare,,,
29527,0.0,,too_rare,,,
29528,0.0,,too_rare,,,
29529,0.0,,too_rare,,,
29530,0.0,,too_rare,,,
29531,0.0,,too_rare,,,
29532,2.8008066323101054e-05,,too_rare,,,
29533,0.0,,too_rare,,,
29534,5.601613264620211e-05,,too_rare,,,
29535,0.0,,too_rare,,,
29536,0.0,,too_rare,,,
29537,0.0,,too_rare,,,
29538,0.0,,too_rare,,,
29539,2.8008066323101054e-05,,too_rare,,,
29540,2.8008066323101054e-05,,too_rare,,,
29541,0.0,,too_rare,,,
29542,0.0,,too_rare,,,
29543,0.0,,too_rare,,,
29544,0.0,,too_rare,,,
29545,0.0,,too_rare,,,
29546,0.0,,too_rare,,,
29547,2.8008066323101054e-05,,too_rare,,,
29548,0.0,,too_rare,,,
29549,0.0,,too_rare,,,
29550,2.8008066323101054e-05,,too_rare,,,
29551,0.0,,too_rare,,,
29552,0.0,,too_rare,,,
29553,0.0,,too_rare,,,
29554,0.0,,too_rare,,,
29555,0.0,,too_rare,,,
29556,0.0,,too_rare,,,
29557,0.0,,too_rare,,,
29558,0.0,,too_rare,,,
29559,0.0,,too_rare,,,
29560,0.0,,too_rare,,,
29561,0.0,,too_rare,,,
29562,0.00016804839793860632,,too_rare,,,
29563,0.0,,too_rare,,,
29564,8.402419896930316e-05,,too_rare,,,
29565,2.8008066323101054e-05,,too_rare,,,
29566,0.0006721935917544253,,too_rare,,,
29567,0.0,,too_rare,,,
29568,0.0,,too_rare,,,
29569,0.0,,too_rare,,,
29570,0.0,,too_rare,,,
29571,0.0,,too_rare,,,
29572,0.0,,too_rare,,,
29573,0.0,,too_rare,,,
29574,0.0,,too_rare,,,
29575,0.0,,too_rare,,,
29576,0.0,,too_rare,,,
29577,0.0,,too_rare,,,
29578,0.0,,too_rare,,,
29579,0.0,,too_rare,,,
29580,0.0,,too_rare,,,
29581,0.0,,too_rare,,,
29583,0.0,,too_rare,,,
29584,0.0,,too_rare,,,
29585,0.0,,too_rare,,,
29586,0.0,,too_rare,,,
29587,0.0,,too_rare,,,
29588,0.0,,too_rare,,,
29589,0.00014004033161550526,,too_rare,,,
29590,0.0,,too_rare,,,
29591,2.8008066323101054e-05,,too_rare,,,
29592,0.0,,too_rare,,,
29593,2.8008066323101054e-05,,too_rare,,,
29594,0.00014004033161550526,,too_rare,,,
29595,2.8008066323101054e-05,,too_rare,,,
29596,2.8008066323101054e-05,,too_rare,,,
29597,0.0,,too_rare,,,
29598,0.0,,too_rare,,,
29599,0.0,,too_rare,,,
29600,0.0,,too_rare,,,
29601,0.0004201209948465158,,too_rare,,,
29602,0.0,,too_rare,,,
29603,0.0,,too_rare,,,
29604,0.0,,too_rare,,,
29605,2.8008066323101054e-05,,too_rare,,,
29606,0.0,,too_rare,,,
29607,0.0,,too_rare,,,
29608,0.0,,too_rare,,,
29609,0.0,,too_rare,,,
29610,0.0,,too_rare,,,
29611,0.0,,too_rare,,,
29612,0.0,,too_rare,,,
29613,0.0,,too_rare,,,
29614,2.8008066323101054e-05,,too_rare,,,
29615,0.0,,too_rare,,,
29616,0.0,,too_rare,,,
29617,0.0,,too_rare,,,
29618,0.0,,too_rare,,,
29619,0.0,,too_rare,,,
29620,0.0,,too_rare,,,
29621,0.002044588841586377,,too_rare,,,
29622,0.00022406453058480843,,too_rare,,,
29623,0.0,,too_rare,,,
29624,0.0,,too_rare,,,
29625,0.0,,too_rare,,,
29626,0.0,,too_rare,,,
29627,0.0,,too_rare,,,
29628,0.0,,too_rare,,,
29629,0.0,,too_rare,,,
29630,0.0,,too_rare,,,
29631,5.601613264620211e-05,,too_rare,,,
29632,0.0,,too_rare,,,
29633,0.0,,too_rare,,,
29634,0.0,,too_rare,,,
29635,0.004005153484203451,,too_rare,,,
29636,2.8008066323101054e-05,,too_rare,,,
29637,0.0,,too_rare,,,
29638,0.0,,too_rare,,,
29639,0.0,,too_rare,,,
29640,0.0,,too_rare,,,
29641,0.0,,too_rare,,,
29642,0.0,,too_rare,,,
29643,0.0,,too_rare,,,
29644,0.0002800806632310105,,too_rare,,,
29645,0.0,,too_rare,,,
29646,0.0,,too_rare,,,
29647,0.0,,too_rare,,,
29648,0.0,,too_rare,,,
29649,0.0,,too_rare,,,
29650,0.0,,too_rare,,,
29651,2.8008066323101054e-05,,too_rare,,,
29652,8.402419896930316e-05,,too_rare,,,
29653,0.0,,too_rare,,,
29654,0.00036410486220031366,,too_rare,,,
29655,2.8008066323101054e-05,,too_rare,,,
29656,0.00011203226529240422,,too_rare,,,
29657,0.0,,too_rare,,,
29658,0.0,,too_rare,,,
29659,0.0,,too_rare,,,
29660,0.0,,too_rare,,,
29661,0.0,,too_rare,,,
29662,0.0,,too_rare,,,
29663,0.0,,too_rare,,,
29664,0.0,,too_rare,,,
29665,0.0,,too_rare,,,
29666,0.0,,too_rare,,,
29667,0.0,,too_rare,,,
29668,0.0,,too_rare,,,
29669,2.8008066323101054e-05,,too_rare,,,
29670,0.0,,too_rare,,,
29671,2.8008066323101054e-05,,too_rare,,,
29672,0.0,,too_rare,,,
29673,0.0,,too_rare,,,
29674,0.0,,too_rare,,,
29675,0.0,,too_rare,,,
29676,0.0,,too_rare,,,
29677,0.0,,too_rare,,,
29678,0.0,,too_rare,,,
29679,0.0,,too_rare,,,
29680,2.8008066323101054e-05,,too_rare,,,
29681,0.0,,too_rare,,,
29682,0.0,,too_rare,,,
29683,2.8008066323101054e-05,,too_rare,,,
29684,0.0,,too_rare,,,
29685,0.00016804839793860632,,too_rare,,,
29686,0.002184629173201882,,too_rare,,,
29687,0.00022406453058480843,,too_rare,,,
29688,0.00011203226529240422,,too_rare,,,
29689,5.601613264620211e-05,,too_rare,,,
29690,0.0,,too_rare,,,
29691,0.0,,too_rare,,,
29692,0.0,,too_rare,,,
29693,0.0,,too_rare,,,
29694,0.0,,too_rare,,,
29695,0.0,,too_rare,,,
29696,2.8008066323101054e-05,,too_rare,,,
29697,0.0004201209948465158,,too_rare,,,
29698,0.0,,too_rare,,,
29699,0.0,,too_rare,,,
29700,0.0,,too_rare,,,
29701,0.0,,too_rare,,,
29702,0.0,,too_rare,,,
29703,0.0,,too_rare,,,
29704,0.0,,too_rare,,,
29705,0.00022406453058480843,,too_rare,,,
29706,0.0,,too_rare,,,
29707,0.0,,too_rare,,,
29708,0.0,,too_rare,,,
29709,0.00014004033161550526,,too_rare,,,
29710,0.0,,too_rare,,,
29711,0.0,,too_rare,,,
29712,0.0,,too_rare,,,
29714,5.601613264620211e-05,,too_rare,,,
29715,0.0,,too_rare,,,
29716,0.0,,too_rare,,,
29717,0.0,,too_rare,,,
29718,0.00022406453058480843,,too_rare,,,
29719,0.0,,too_rare,,,
29720,0.0,,too_rare,,,
29721,0.0,,too_rare,,,
29722,0.0,,too_rare,,,
29723,0.0,,too_rare,,,
29724,5.601613264620211e-05,,too_rare,,,
29725,2.8008066323101054e-05,,too_rare,,,
29726,0.0,,too_rare,,,
29727,0.0,,too_rare,,,
29728,0.0,,too_rare,,,
29729,2.8008066323101054e-05,,too_rare,,,
29730,0.0,,too_rare,,,
29731,0.0006721935917544253,,too_rare,,,
29732,0.0,,too_rare,,,
29733,0.0,,too_rare,,,
29734,0.0,,too_rare,,,
29735,0.0,,too_rare,,,
29736,0.0,,too_rare,,,
29737,0.0,,too_rare,,,
29738,2.8008066323101054e-05,,too_rare,,,
29739,0.0,,too_rare,,,
29740,0.0,,too_rare,,,
29741,0.0,,too_rare,,,
29742,0.0,,too_rare,,,
29743,0.0,,too_rare,,,
29744,0.0,,too_rare,,,
29745,0.0,,too_rare,,,
29746,0.0,,too_rare,,,
29747,0.0,,too_rare,,,
29748,0.0,,too_rare,,,
29749,0.0,,too_rare,,,
29750,0.0,,too_rare,,,
29751,0.0,,too_rare,,,
29752,5.601613264620211e-05,,too_rare,,,
29753,0.0,,too_rare,,,
29754,0.0,,too_rare,,,
29755,0.0,,too_rare,,,
29756,0.0,,too_rare,,,
29757,2.8008066323101054e-05,,too_rare,,,
29758,0.0,,too_rare,,,
29759,0.0,,too_rare,,,
29760,0.00014004033161550526,,too_rare,,,
29761,0.0,,too_rare,,,
29762,0.0,,too_rare,,,
29763,0.0,,too_rare,,,
29764,0.0,,too_rare,,,
29765,0.0,,too_rare,,,
29766,0.0,,too_rare,,,
29767,0.0,,too_rare,,,
29768,0.0,,too_rare,,,
29770,0.0,,too_rare,,,
29771,2.8008066323101054e-05,,too_rare,,,
29772,0.0,,too_rare,,,
29773,0.0,,too_rare,,,
29774,0.0,,too_rare,,,
29775,0.0,,too_rare,,,
29776,5.601613264620211e-05,,too_rare,,,
29777,0.0,,too_rare,,,
29778,0.0,,too_rare,,,
29779,0.0,,too_rare,,,
29780,2.8008066323101054e-05,,too_rare,,,
29781,2.8008066323101054e-05,,too_rare,,,
29782,0.0,,too_rare,,,
29783,0.0,,too_rare,,,
29784,0.0,,too_rare,,,
29785,0.0,,too_rare,,,
29786,0.0,,too_rare,,,
29787,0.0,,too_rare,,,
29788,0.0,,too_rare,,,
29789,0.0,,too_rare,,,
29790,0.0,,too_rare,,,
29791,0.0,,too_rare,,,
29792,0.0006161774591082232,,too_rare,,,
29793,0.0,,too_rare,,,
29794,0.0,,too_rare,,,
29795,0.0,,too_rare,,,
29796,0.0,,too_rare,,,
29797,0.0,,too_rare,,,
29799,0.0,,too_rare,,,
29800,0.0,,too_rare,,,
29801,0.0,,too_rare,,,
29802,2.8008066323101054e-05,,too_rare,,,
29803,0.0,,too_rare,,,
29804,0.0,,too_rare,,,
29805,0.0,,too_rare,,,
29806,2.8008066323101054e-05,,too_rare,,,
29807,0.0,,too_rare,,,
29808,0.0,,too_rare,,,
29809,0.0,,too_rare,,,
29810,0.0,,too_rare,,,
29811,0.0,,too_rare,,,
29812,0.0,,too_rare,,,
29813,0.0,,too_rare,,,
29814,0.0,,too_rare,,,
29815,0.0,,too_rare,,,
29816,5.601613264620211e-05,,too_rare,,,
29817,2.8008066323101054e-05,,too_rare,,,
29818,0.0,,too_rare,,,
29819,0.0,,too_rare,,,
29820,0.0,,too_rare,,,
29821,0.0,,too_rare,,,
29822,0.0,,too_rare,,,
29823,0.0,,too_rare,,,
29824,0.00319291956083352,,too_rare,,,
29825,0.0,,too_rare,,,
29826,0.0,,too_rare,,,
29827,0.0,,too_rare,,,
29828,0.0,,too_rare,,,
29829,0.0,,too_rare,,,
29830,0.0,,too_rare,,,
29831,0.0,,too_rare,,,
29832,0.0,,too_rare,,,
29833,0.0,,too_rare,,,
29834,0.0,,too_rare,,,
29835,0.0,,too_rare,,,
29836,0.0,,too_rare,,,
29837,0.00019605646426170737,,too_rare,,,
29838,0.0,,too_rare,,,
29839,0.0,,too_rare,,,
29840,0.0,,too_rare,,,
29841,0.0,,too_rare,,,
29842,0.0,,too_rare,,,
29844,0.0,,too_rare,,,
29845,0.0,,too_rare,,,
29846,0.0,,too_rare,,,
29847,0.0,,too_rare,,,
29848,0.0,,too_rare,,,
29849,0.0,,too_rare,,,
29850,0.0,,too_rare,,,
29851,0.0,,too_rare,,,
29852,0.0,,too_rare,,,
29853,0.0,,too_rare,,,
29854,0.0,,too_rare,,,
29855,0.0,,too_rare,,,
29856,0.0,,too_rare,,,
29857,0.0,,too_rare,,,
29858,2.8008066323101054e-05,,too_rare,,,
29859,5.601613264620211e-05,,too_rare,,,
29860,0.0,,too_rare,,,
29861,0.0,,too_rare,,,
29862,0.0,,too_rare,,,
29863,0.0,,too_rare,,,
29864,0.0,,too_rare,,,
29865,5.601613264620211e-05,,too_rare,,,
29866,0.0,,too_rare,,,
29867,0.0,,too_rare,,,
29868,0.00036410486220031366,,too_rare,,,
29869,0.0,,too_rare,,,
29870,0.0,,too_rare,,,
29871,0.0,,too_rare,,,
29872,0.0,,too_rare,,,
29873,0.0,,too_rare,,,
29874,0.0,,too_rare,,,
29875,0.0,,too_rare,,,
29876,0.0,,too_rare,,,
29877,0.001484427515124356,,too_rare,,,
29878,5.601613264620211e-05,,too_rare,,,
29879,0.0,,too_rare,,,
29880,0.0,,too_rare,,,
29881,0.0,,too_rare,,,
29882,2.8008066323101054e-05,,too_rare,,,
29883,0.0,,too_rare,,,
29884,0.0,,too_rare,,,
29885,0.0,,too_rare,,,
29886,2.8008066323101054e-05,,too_rare,,,
29887,0.0,,too_rare,,,
29888,0.0007842258570468295,,too_rare,,,
29890,0.0,,too_rare,,,
29891,0.003164911494510419,,too_rare,,,
29892,0.0,,too_rare,,,
29893,0.0,,too_rare,,,
29894,0.0,,too_rare,,,
29895,2.8008066323101054e-05,,too_rare,,,
29896,0.0,,too_rare,,,
29897,0.0,,too_rare,,,
29898,0.0,,too_rare,,,
29900,0.0,,too_rare,,,
29901,0.0,,too_rare,,,
29902,2.8008066323101054e-05,,too_rare,,,
29903,0.0,,too_rare,,,
29904,0.0,,too_rare,,,
29905,0.0,,too_rare,,,
29906,0.0,,too_rare,,,
29907,0.0,,too_rare,,,
29908,2.8008066323101054e-05,,too_rare,,,
29909,0.0,,too_rare,,,
29910,0.0,,too_rare,,,
29911,0.0,,too_rare,,,
29912,2.8008066323101054e-05,,too_rare,,,
29913,0.0,,too_rare,,,
29915,0.0,,too_rare,,,
29916,0.0,,too_rare,,,
29917,0.0,,too_rare,,,
29918,2.8008066323101054e-05,,too_rare,,,
29919,0.00014004033161550526,,too_rare,,,
29920,0.004089177683172754,,too_rare,,,
29921,0.0002800806632310105,,too_rare,,,
29922,0.0,,too_rare,,,
29923,0.0,,too_rare,,,
29924,0.0,,too_rare,,,
29925,0.0,,too_rare,,,
29926,0.0,,too_rare,,,
29927,0.0,,too_rare,,,
29928,2.8008066323101054e-05,,too_rare,,,
29929,0.0013723952498319516,,too_rare,,,
29930,0.0,,too_rare,,,
29931,0.0,,too_rare,,,
29932,0.0,,too_rare,,,
29933,0.0,,too_rare,,,
29934,0.0,,too_rare,,,
29935,0.0,,too_rare,,,
29936,8.402419896930316e-05,,too_rare,,,
29937,0.0,,too_rare,,,
29938,2.8008066323101054e-05,,too_rare,,,
29939,2.8008066323101054e-05,,too_rare,,,
29940,0.0,,too_rare,,,
29942,0.000504145193815819,,too_rare,,,
29943,0.0,,too_rare,,,
29944,2.8008066323101054e-05,,too_rare,,,
29945,0.0,,too_rare,,,
29947,0.0,,too_rare,,,
29948,0.0,,too_rare,,,
29949,0.0,,too_rare,,,
29950,0.0,,too_rare,,,
29951,2.8008066323101054e-05,,too_rare,,,
29952,0.0,,too_rare,,,
29953,0.0,,too_rare,,,
29954,0.0,,too_rare,,,
29955,0.0004761371274927179,,too_rare,,,
29956,0.0,,too_rare,,,
29957,0.0,,too_rare,,,
29958,0.0,,too_rare,,,
29959,0.0007562177907237285,,too_rare,,,
29960,0.0,,too_rare,,,
29961,2.8008066323101054e-05,,too_rare,,,
29962,0.0,,too_rare,,,
29963,0.0,,too_rare,,,
29964,2.8008066323101054e-05,,too_rare,,,
29966,0.0,,too_rare,,,
29967,0.0,,too_rare,,,
29968,0.0,,too_rare,,,
29969,0.0,,too_rare,,,
29970,0.0,,too_rare,,,
29971,0.0,,too_rare,,,
29972,0.0,,too_rare,,,
29973,2.8008066323101054e-05,,too_rare,,,
29974,0.0,,too_rare,,,
29975,0.0,,too_rare,,,
29976,0.00022406453058480843,,too_rare,,,
29977,0.0,,too_rare,,,
29978,0.0,,too_rare,,,
29979,5.601613264620211e-05,,too_rare,,,
29980,0.0,,too_rare,,,
29981,0.0,,too_rare,,,
29982,0.0017645081783553664,,too_rare,,,
29983,0.0,,too_rare,,,
29985,0.000504145193815819,,too_rare,,,
29986,0.00044812906116961686,,too_rare,,,
29987,0.0002520725969079095,,too_rare,,,
29988,0.0,,too_rare,,,
29989,0.0,,too_rare,,,
29990,0.0,,too_rare,,,
29991,2.8008066323101054e-05,,too_rare,,,
29992,0.0,,too_rare,,,
29993,0.0,,too_rare,,,
29994,0.0,,too_rare,,,
29995,0.0,,too_rare,,,
29996,0.0,,too_rare,,,
29997,0.0,,too_rare,,,
29998,0.0,,too_rare,,,
29999,0.0,,too_rare,,,
30000,0.0,,too_rare,,,
30001,0.0,,too_rare,,,
30002,0.0,,too_rare,,,
30003,0.0,,too_rare,,,
30004,0.0,,too_rare,,,
30005,2.8008066323101054e-05,,too_rare,,,
30006,0.0,,too_rare,,,
30007,0.0,,too_rare,,,
30008,0.0,,too_rare,,,
30009,0.0,,too_rare,,,
30010,0.0,,too_rare,,,
30011,0.0,,too_rare,,,
30012,5.601613264620211e-05,,too_rare,,,
30013,0.0,,too_rare,,,
30015,0.0,,too_rare,,,
30016,0.0,,too_rare,,,
30017,0.0,,too_rare,,,
30018,2.8008066323101054e-05,,too_rare,,,
30019,0.001092314586600941,,too_rare,,,
30020,0.0,,too_rare,,,
30022,0.0,,too_rare,,,
30023,5.601613264620211e-05,,too_rare,,,
30024,0.0,,too_rare,,,
30025,0.0,,too_rare,,,
30026,0.0,,too_rare,,,
30027,0.0,,too_rare,,,
30028,5.601613264620211e-05,,too_rare,,,
30029,0.0004201209948465158,,too_rare,,,
30030,0.0,,too_rare,,,
30031,0.0,,too_rare,,,
30032,0.0,,too_rare,,,
30033,2.8008066323101054e-05,,too_rare,,,
30034,0.001540443647770558,,too_rare,,,
30035,0.0,,too_rare,,,
30036,0.0006441855254313242,,too_rare,,,
30037,0.0,,too_rare,,,
30038,0.0,,too_rare,,,
30039,0.0,,too_rare,,,
30040,0.0,,too_rare,,,
30041,0.0,,too_rare,,,
30042,0.0,,too_rare,,,
30043,0.0,,too_rare,,,
30044,0.0,,too_rare,,,
30045,0.0,,too_rare,,,
30046,0.0,,too_rare,,,
30047,5.601613264620211e-05,,too_rare,,,
30048,2.8008066323101054e-05,,too_rare,,,
30049,0.0,,too_rare,,,
30050,0.0,,too_rare,,,
30051,0.0,,too_rare,,,
30052,0.0,,too_rare,,,
30053,0.0,,too_rare,,,
30054,0.0008402419896930316,,too_rare,,,
30055,0.0,,too_rare,,,
30056,0.0,,too_rare,,,
30057,0.0,,too_rare,,,
30058,0.0017084920457091641,,too_rare,,,
30059,2.8008066323101054e-05,,too_rare,,,
30060,0.0,,too_rare,,,
30061,0.0014564194488012547,,too_rare,,,
30062,0.0,,too_rare,,,
30063,0.0,,too_rare,,,
30064,0.000560161326462021,,too_rare,,,
30065,0.0,,too_rare,,,
30066,0.0,,too_rare,,,
30067,0.0,,too_rare,,,
30068,0.0,,too_rare,,,
30069,0.0,,too_rare,,,
30070,0.0,,too_rare,,,
30071,0.0,,too_rare,,,
30072,0.0,,too_rare,,,
30073,0.0,,too_rare,,,
30074,0.0,,too_rare,,,
30075,0.0,,too_rare,,,
30076,0.0,,too_rare,,,
30077,0.0,,too_rare,,,
30078,0.0,,too_rare,,,
30079,0.0,,too_rare,,,
30080,8.402419896930316e-05,,too_rare,,,
30081,0.0,,too_rare,,,
30082,0.0,,too_rare,,,
30083,0.0003080887295541116,,too_rare,,,
30084,0.0,,too_rare,,,
30085,0.0,,too_rare,,,
30086,0.0,,too_rare,,,
30087,0.0009522742549854358,,too_rare,,,
30088,2.8008066323101054e-05,,too_rare,,,
30089,0.0,,too_rare,,,
30090,0.0,,too_rare,,,
30091,5.601613264620211e-05,,too_rare,,,
30092,0.0,,too_rare,,,
30093,0.0,,too_rare,,,
30094,0.0,,too_rare,,,
30095,0.0,,too_rare,,,
30096,0.0,,too_rare,,,
30097,0.0,,too_rare,,,
30098,2.8008066323101054e-05,,too_rare,,,
30099,0.0,,too_rare,,,
30100,0.0013163791171857495,,too_rare,,,
30101,2.8008066323101054e-05,,too_rare,,,
30102,2.8008066323101054e-05,,too_rare,,,
30103,0.0,,too_rare,,,
30104,0.0,,too_rare,,,
30105,0.0,,too_rare,,,
30106,0.004957427739188887,,too_rare,,,
30107,0.0,,too_rare,,,
30108,0.0,,too_rare,,,
30109,0.0,,too_rare,,,
30110,0.0,,too_rare,,,
30111,0.0,,too_rare,,,
30112,0.0,,too_rare,,,
30113,0.0,,too_rare,,,
30114,0.0,,too_rare,,,
30115,2.8008066323101054e-05,,too_rare,,,
30116,0.0,,too_rare,,,
30117,0.0,,too_rare,,,
30118,0.0,,too_rare,,,
30119,5.601613264620211e-05,,too_rare,,,
30120,0.0,,too_rare,,,
30121,0.0,,too_rare,,,
30122,0.0,,too_rare,,,
30123,0.001568451714093659,,too_rare,,,
30124,0.0,,too_rare,,,
30125,2.8008066323101054e-05,,too_rare,,,
30126,0.0,,too_rare,,,
30127,0.0,,too_rare,,,
30128,2.8008066323101054e-05,,too_rare,,,
30129,0.0,,too_rare,,,
30130,0.0,,too_rare,,,
30131,0.0,,too_rare,,,
30132,0.0,,too_rare,,,
30133,2.8008066323101054e-05,,too_rare,,,
30134,0.0,,too_rare,,,
30135,2.8008066323101054e-05,,too_rare,,,
30136,0.0,,too_rare,,,
30137,0.0,,too_rare,,,
30138,0.0,,too_rare,,,
30139,2.8008066323101054e-05,,too_rare,,,
30140,2.8008066323101054e-05,,too_rare,,,
30141,0.0,,too_rare,,,
30142,0.0014564194488012547,,too_rare,,,
30143,0.0,,too_rare,,,
30144,0.0,,too_rare,,,
30145,0.00016804839793860632,,too_rare,,,
30146,0.0,,too_rare,,,
30147,0.0,,too_rare,,,
30148,0.0,,too_rare,,,
30149,0.0,,too_rare,,,
30150,0.0,,too_rare,,,
30151,0.004005153484203451,,too_rare,,,
30152,0.0,,too_rare,,,
30153,0.0,,too_rare,,,
30154,0.0,,too_rare,,,
30155,0.0,,too_rare,,,
30157,0.0,,too_rare,,,
30158,0.0,,too_rare,,,
30159,0.0003080887295541116,,too_rare,,,
30160,0.0,,too_rare,,,
30161,2.8008066323101054e-05,,too_rare,,,
30162,0.0,,too_rare,,,
30163,0.0,,too_rare,,,
30164,0.0,,too_rare,,,
30165,0.0,,too_rare,,,
30166,2.8008066323101054e-05,,too_rare,,,
30167,0.0,,too_rare,,,
30168,0.0,,too_rare,,,
30169,0.0,,too_rare,,,
30170,0.0,,too_rare,,,
30171,0.0,,too_rare,,,
30172,0.0,,too_rare,,,
30173,0.0,,too_rare,,,
30174,0.0,,too_rare,,,
30175,0.0,,too_rare,,,
30176,2.8008066323101054e-05,,too_rare,,,
30177,0.0,,too_rare,,,
30178,2.8008066323101054e-05,,too_rare,,,
30179,0.0,,too_rare,,,
30180,2.8008066323101054e-05,,too_rare,,,
30181,2.8008066323101054e-05,,too_rare,,,
30182,0.0,,too_rare,,,
30183,0.0,,too_rare,,,
30184,0.0,,too_rare,,,
30185,2.8008066323101054e-05,,too_rare,,,
30186,0.0,,too_rare,,,
30187,0.0,,too_rare,,,
30188,0.0,,too_rare,,,
30189,0.0,,too_rare,,,
30190,0.0,,too_rare,,,
30191,2.8008066323101054e-05,,too_rare,,,
30192,0.0,,too_rare,,,
30193,0.0,,too_rare,,,
30194,0.0,,too_rare,,,
30195,2.8008066323101054e-05,,too_rare,,,
30196,0.0,,too_rare,,,
30197,0.0,,too_rare,,,
30198,0.0,,too_rare,,,
30199,5.601613264620211e-05,,too_rare,,,
30200,0.0011763387855702441,,too_rare,,,
30201,0.0,,too_rare,,,
30202,0.0,,too_rare,,,
30203,0.0,,too_rare,,,
30204,0.0,,too_rare,,,
30205,0.0,,too_rare,,,
30206,0.00014004033161550526,,too_rare,,,
30207,0.0,,too_rare,,,
30208,2.8008066323101054e-05,,too_rare,,,
30209,2.8008066323101054e-05,,too_rare,,,
30210,0.0,,too_rare,,,
30211,0.0,,too_rare,,,
30212,2.8008066323101054e-05,,too_rare,,,
30213,0.0,,too_rare,,,
30214,8.402419896930316e-05,,too_rare,,,
30215,0.0,,too_rare,,,
30216,0.0,,too_rare,,,
30217,0.0,,too_rare,,,
30218,2.8008066323101054e-05,,too_rare,,,
30219,2.8008066323101054e-05,,too_rare,,,
30220,0.0,,too_rare,,,
30221,2.8008066323101054e-05,,too_rare,,,
30222,0.0,,too_rare,,,
30223,0.0,,too_rare,,,
30224,0.0,,too_rare,,,
30225,0.0,,too_rare,,,
30226,2.8008066323101054e-05,,too_rare,,,
30227,0.0,,too_rare,,,
30228,0.0,,too_rare,,,
30229,0.0,,too_rare,,,
30230,0.0,,too_rare,,,
30231,0.0,,too_rare,,,
30232,0.0,,too_rare,,,
30233,0.0,,too_rare,,,
30234,0.0,,too_rare,,,
30235,2.8008066323101054e-05,,too_rare,,,
30236,0.0,,too_rare,,,
30237,0.0,,too_rare,,,
30238,0.0,,too_rare,,,
30239,0.0,,too_rare,,,
30240,0.0,,too_rare,,,
30241,0.0,,too_rare,,,
30242,2.8008066323101054e-05,,too_rare,,,
30243,2.8008066323101054e-05,,too_rare,,,
30244,0.0,,too_rare,,,
30245,0.0,,too_rare,,,
30246,0.0,,too_rare,,,
30247,0.0,,too_rare,,,
30248,0.0,,too_rare,,,
30249,2.8008066323101054e-05,,too_rare,,,
30250,0.0,,too_rare,,,
30251,0.0,,too_rare,,,
30252,0.0004201209948465158,,too_rare,,,
30253,0.0,,too_rare,,,
30254,0.0,,too_rare,,,
30255,2.8008066323101054e-05,,too_rare,,,
30256,0.00011203226529240422,,too_rare,,,
30257,0.0,,too_rare,,,
30258,0.0,,too_rare,,,
30259,0.0,,too_rare,,,
30260,0.0,,too_rare,,,
30261,2.8008066323101054e-05,,too_rare,,,
30262,0.0,,too_rare,,,
30263,2.8008066323101054e-05,,too_rare,,,
30264,0.0,,too_rare,,,
30265,0.0,,too_rare,,,
30266,0.0,,too_rare,,,
30267,0.0,,too_rare,,,
30268,0.0,,too_rare,,,
30269,0.0,,too_rare,,,
30270,2.8008066323101054e-05,,too_rare,,,
30271,0.0,,too_rare,,,
30272,2.8008066323101054e-05,,too_rare,,,
30273,0.0004761371274927179,,too_rare,,,
30274,0.0,,too_rare,,,
30275,0.0,,too_rare,,,
30276,0.0,,too_rare,,,
30277,0.0,,too_rare,,,
30278,0.0,,too_rare,,,
30279,0.0,,too_rare,,,
30280,0.0,,too_rare,,,
30281,0.0,,too_rare,,,
30282,5.601613264620211e-05,,too_rare,,,
30283,0.0,,too_rare,,,
30284,0.0,,too_rare,,,
30285,0.0,,too_rare,,,
30286,0.0,,too_rare,,,
30287,0.0,,too_rare,,,
30288,8.402419896930316e-05,,too_rare,,,
30289,0.0,,too_rare,,,
30290,0.0,,too_rare,,,
30291,0.0,,too_rare,,,
30292,0.0,,too_rare,,,
30293,2.8008066323101054e-05,,too_rare,,,
30294,0.0002520725969079095,,too_rare,,,
30295,0.0,,too_rare,,,
30296,2.8008066323101054e-05,,too_rare,,,
30297,0.0,,too_rare,,,
30298,0.0,,too_rare,,,
30299,0.0,,too_rare,,,
30300,0.0,,too_rare,,,
30301,2.8008066323101054e-05,,too_rare,,,
30302,0.0,,too_rare,,,
30303,0.0,,too_rare,,,
30304,5.601613264620211e-05,,too_rare,,,
30305,0.0,,too_rare,,,
30306,5.601613264620211e-05,,too_rare,,,
30307,0.0,,too_rare,,,
30308,0.0,,too_rare,,,
30309,0.0002800806632310105,,too_rare,,,
30310,0.0,,too_rare,,,
30311,0.0,,too_rare,,,
30312,0.0,,too_rare,,,
30313,0.0008962581223392337,,too_rare,,,
30314,0.0,,too_rare,,,
30315,0.0,,too_rare,,,
30316,2.8008066323101054e-05,,too_rare,,,
30317,0.0,,too_rare,,,
30318,0.0,,too_rare,,,
30319,0.0,,too_rare,,,
30320,0.0,,too_rare,,,
30321,0.0,,too_rare,,,
30322,0.0,,too_rare,,,
30323,0.0,,too_rare,,,
30324,0.0,,too_rare,,,
30325,0.0,,too_rare,,,
30326,0.0,,too_rare,,,
30327,2.8008066323101054e-05,,too_rare,,,
30328,0.0,,too_rare,,,
30329,0.0,,too_rare,,,
30330,2.8008066323101054e-05,,too_rare,,,
30331,5.601613264620211e-05,,too_rare,,,
30332,0.0,,too_rare,,,
30333,0.0,,too_rare,,,
30334,5.601613264620211e-05,,too_rare,,,
30335,0.0,,too_rare,,,
30336,0.00022406453058480843,,too_rare,,,
30337,0.0,,too_rare,,,
30338,0.0,,too_rare,,,
30339,8.402419896930316e-05,,too_rare,,,
30340,0.0013723952498319516,,too_rare,,,
30341,0.0,,too_rare,,,
30342,0.0,,too_rare,,,
30343,0.0,,too_rare,,,
30344,0.0,,too_rare,,,
30345,0.0,,too_rare,,,
30346,0.0,,too_rare,,,
30347,0.00014004033161550526,,too_rare,,,
30348,0.0,,too_rare,,,
30349,0.0,,too_rare,,,
30350,0.0,,too_rare,,,
30351,0.0,,too_rare,,,
30352,5.601613264620211e-05,,too_rare,,,
30353,0.0,,too_rare,,,
30354,2.8008066323101054e-05,,too_rare,,,
30355,2.8008066323101054e-05,,too_rare,,,
30356,0.0,,too_rare,,,
30357,0.0,,too_rare,,,
30358,0.0053215326013892,,too_rare,,,
30359,0.0,,too_rare,,,
30360,8.402419896930316e-05,,too_rare,,,
30361,0.0,,too_rare,,,
30362,0.0,,too_rare,,,
30363,0.0,,too_rare,,,
30364,0.0,,too_rare,,,
30365,0.0007562177907237285,,too_rare,,,
30367,0.0,,too_rare,,,
30368,2.8008066323101054e-05,,too_rare,,,
30369,2.8008066323101054e-05,,too_rare,,,
30370,0.0,,too_rare,,,
30371,0.0,,too_rare,,,
30372,2.8008066323101054e-05,,too_rare,,,
30373,0.0,,too_rare,,,
30374,0.0,,too_rare,,,
30375,2.8008066323101054e-05,,too_rare,,,
30376,0.0,,too_rare,,,
30377,0.0,,too_rare,,,
30378,0.0,,too_rare,,,
30379,0.0,,too_rare,,,
30380,0.0,,too_rare,,,
30381,2.8008066323101054e-05,,too_rare,,,
30382,0.0,,too_rare,,,
30383,0.0,,too_rare,,,
30384,0.0,,too_rare,,,
30385,0.0,,too_rare,,,
30386,0.0,,too_rare,,,
30387,0.0,,too_rare,,,
30388,2.8008066323101054e-05,,too_rare,,,
30389,0.0,,too_rare,,,
30390,0.0,,too_rare,,,
30391,5.601613264620211e-05,,too_rare,,,
30392,0.0,,too_rare,,,
30393,0.0023246695048173872,,too_rare,,,
30394,8.402419896930316e-05,,too_rare,,,
30395,2.8008066323101054e-05,,too_rare,,,
30396,0.0,,too_rare,,,
30397,0.0,,too_rare,,,
30398,0.0,,too_rare,,,
30399,0.0,,too_rare,,,
30400,0.0,,too_rare,,,
30401,0.0,,too_rare,,,
30402,5.601613264620211e-05,,too_rare,,,
30403,0.0,,too_rare,,,
30404,0.0,,too_rare,,,
30405,0.0,,too_rare,,,
30407,0.0,,too_rare,,,
30408,2.8008066323101054e-05,,too_rare,,,
30410,0.0,,too_rare,,,
30411,2.8008066323101054e-05,,too_rare,,,
30412,0.0,,too_rare,,,
30413,0.0,,too_rare,,,
30414,0.0,,too_rare,,,
30415,0.0,,too_rare,,,
30416,0.0,,too_rare,,,
30417,0.0,,too_rare,,,
30418,0.0,,too_rare,,,
30419,0.0,,too_rare,,,
30420,0.0,,too_rare,,,
30421,0.0,,too_rare,,,
30422,0.0,,too_rare,,,
30423,0.0,,too_rare,,,
30424,0.0,,too_rare,,,
30425,0.00014004033161550526,,too_rare,,,
30426,0.0,,too_rare,,,
30427,0.0,,too_rare,,,
30428,0.0,,too_rare,,,
30429,2.8008066323101054e-05,,too_rare,,,
30430,0.0,,too_rare,,,
30431,0.00014004033161550526,,too_rare,,,
30432,0.0,,too_rare,,,
30433,0.0,,too_rare,,,
30434,0.0,,too_rare,,,
30435,0.0,,too_rare,,,
30436,0.0,,too_rare,,,
30437,2.8008066323101054e-05,,too_rare,,,
30438,0.0,,too_rare,,,
30439,0.0,,too_rare,,,
30440,0.005573605198297109,,too_rare,,,
30441,0.0,,too_rare,,,
30442,2.8008066323101054e-05,,too_rare,,,
30443,0.0,,too_rare,,,
30444,0.0,,too_rare,,,
30445,0.0,,too_rare,,,
30446,0.0,,too_rare,,,
30447,0.0,,too_rare,,,
30448,0.0,,too_rare,,,
30449,0.00044812906116961686,,too_rare,,,
30450,0.0,,too_rare,,,
30451,0.0028848308312794083,,too_rare,,,
30452,0.0,,too_rare,,,
30453,0.0,,too_rare,,,
30454,5.601613264620211e-05,,too_rare,,,
30455,0.0,,too_rare,,,
30456,0.0,,too_rare,,,
30457,0.0,,too_rare,,,
30458,0.0,,too_rare,,,
30459,0.0,,too_rare,,,
30460,0.0,,too_rare,,,
30461,0.0,,too_rare,,,
30462,0.0,,too_rare,,,
30463,0.0,,too_rare,,,
30464,0.0,,too_rare,,,
30465,0.0,,too_rare,,,
30466,0.0,,too_rare,,,
30467,0.0,,too_rare,,,
30468,0.0,,too_rare,,,
30469,0.0,,too_rare,,,
30470,0.0,,too_rare,,,
30471,2.8008066323101054e-05,,too_rare,,,
30472,0.0,,too_rare,,,
30473,0.000980282321308537,,too_rare,,,
30474,0.0,,too_rare,,,
30475,0.0,,too_rare,,,
30476,0.0,,too_rare,,,
30477,0.0,,too_rare,,,
30478,0.0,,too_rare,,,
30479,0.0,,too_rare,,,
30480,0.0,,too_rare,,,
30481,2.8008066323101054e-05,,too_rare,,,
30482,0.0,,too_rare,,,
30483,0.0,,too_rare,,,
30484,0.0,,too_rare,,,
30485,0.0,,too_rare,,,
30486,0.0,,too_rare,,,
30487,0.0,,too_rare,,,
30488,0.0009522742549854358,,too_rare,,,
30489,0.0,,too_rare,,,
30490,0.0,,too_rare,,,
30491,0.0,,too_rare,,,
30492,0.0006721935917544253,,too_rare,,,
30493,0.0002800806632310105,,too_rare,,,
30494,0.0,,too_rare,,,
30495,0.0,,too_rare,,,
30497,0.0,,too_rare,,,
30498,0.0,,too_rare,,,
30499,0.0,,too_rare,,,
30500,0.0,,too_rare,,,
30501,0.0,,too_rare,,,
30502,0.0,,too_rare,,,
30503,0.0,,too_rare,,,
30504,0.0,,too_rare,,,
30505,0.0,,too_rare,,,
30506,0.0,,too_rare,,,
30507,8.402419896930316e-05,,too_rare,,,
30508,0.0,,too_rare,,,
30509,5.601613264620211e-05,,too_rare,,,
30510,0.00011203226529240422,,too_rare,,,
30511,2.8008066323101054e-05,,too_rare,,,
30513,0.00014004033161550526,,too_rare,,,
30514,0.0,,too_rare,,,
30515,0.0,,too_rare,,,
30516,0.0,,too_rare,,,
30517,0.0,,too_rare,,,
30518,0.0,,too_rare,,,
30519,0.002548734035402196,,too_rare,,,
30520,0.0,,too_rare,,,
30521,0.0,,too_rare,,,
30522,5.601613264620211e-05,,too_rare,,,
30523,2.8008066323101054e-05,,too_rare,,,
30524,0.0,,too_rare,,,
30525,0.0,,too_rare,,,
30526,0.0,,too_rare,,,
30527,0.002604750168048398,,too_rare,,,
30528,0.00019605646426170737,,too_rare,,,
30529,5.601613264620211e-05,,too_rare,,,
30530,0.002156621106878781,,too_rare,,,
30531,0.0,,too_rare,,,
30532,0.0,,too_rare,,,
30533,0.0,,too_rare,,,
30534,0.0,,too_rare,,,
30535,8.402419896930316e-05,,too_rare,,,
30536,0.0,,too_rare,,,
30537,0.0,,too_rare,,,
30538,2.8008066323101054e-05,,too_rare,,,
30539,0.0,,too_rare,,,
30540,0.0,,too_rare,,,
30541,0.0,,too_rare,,,
30542,0.0,,too_rare,,,
30543,0.0,,too_rare,,,
30544,8.402419896930316e-05,,too_rare,,,
30545,0.00022406453058480843,,too_rare,,,
30546,0.0,,too_rare,,,
30547,8.402419896930316e-05,,too_rare,,,
30548,0.0,,too_rare,,,
30549,0.0,,too_rare,,,
30550,2.8008066323101054e-05,,too_rare,,,
30551,0.0,,too_rare,,,
30552,0.0,,too_rare,,,
30553,0.0,,too_rare,,,
30554,0.0,,too_rare,,,
30555,0.0,,too_rare,,,
30556,2.8008066323101054e-05,,too_rare,,,
30557,0.0,,too_rare,,,
30558,0.0,,too_rare,,,
30559,0.0,,too_rare,,,
30560,0.0,,too_rare,,,
30561,0.0,,too_rare,,,
30562,0.0024086937037866908,,too_rare,,,
30563,0.0,,too_rare,,,
30564,0.0,,too_rare,,,
30565,5.601613264620211e-05,,too_rare,,,
30566,0.0,,too_rare,,,
30567,0.0,,too_rare,,,
30568,2.8008066323101054e-05,,too_rare,,,
30569,0.0,,too_rare,,,
30570,0.00876652475913063,,too_rare,,,
30571,0.0,,too_rare,,,
30572,0.0,,too_rare,,,
30573,0.0,,too_rare,,,
30574,0.0007562177907237285,,too_rare,,,
30575,0.00011203226529240422,,too_rare,,,
30576,0.0,,too_rare,,,
30577,0.0,,too_rare,,,
30578,0.0,,too_rare,,,
30579,5.601613264620211e-05,,too_rare,,,
30580,0.0,,too_rare,,,
30581,0.0,,too_rare,,,
30582,0.0011763387855702441,,too_rare,,,
30583,2.8008066323101054e-05,,too_rare,,,
30584,0.0,,too_rare,,,
30585,0.0,,too_rare,,,
30586,0.0,,too_rare,,,
30587,0.0,,too_rare,,,
30588,2.8008066323101054e-05,,too_rare,,,
30589,5.601613264620211e-05,,too_rare,,,
30590,0.0,,too_rare,,,
30591,0.0,,too_rare,,,
30592,0.0,,too_rare,,,
30593,0.0,,too_rare,,,
30594,2.8008066323101054e-05,,too_rare,,,
30595,0.0,,too_rare,,,
30596,0.0,,too_rare,,,
30597,0.0,,too_rare,,,
30598,0.0,,too_rare,,,
30599,0.0,,too_rare,,,
30600,0.0,,too_rare,,,
30601,0.0,,too_rare,,,
30602,0.0,,too_rare,,,
30603,0.0014004033161550526,,too_rare,,,
30604,0.0,,too_rare,,,
30605,0.0,,too_rare,,,
30606,0.0,,too_rare,,,
30607,0.0,,too_rare,,,
30608,0.00011203226529240422,,too_rare,,,
30609,0.0,,too_rare,,,
30610,0.0,,too_rare,,,
30611,0.0,,too_rare,,,
30612,0.0,,too_rare,,,
30613,0.0,,too_rare,,,
30614,0.0,,too_rare,,,
30615,0.0,,too_rare,,,
30616,0.0,,too_rare,,,
30617,0.0,,too_rare,,,
30618,0.0,,too_rare,,,
30619,0.0002800806632310105,,too_rare,,,
30620,0.0,,too_rare,,,
30621,0.0,,too_rare,,,
30622,2.8008066323101054e-05,,too_rare,,,
30623,0.0,,too_rare,,,
30624,2.8008066323101054e-05,,too_rare,,,
30625,2.8008066323101054e-05,,too_rare,,,
30626,0.0,,too_rare,,,
30627,2.8008066323101054e-05,,too_rare,,,
30628,0.0,,too_rare,,,
30629,0.0,,too_rare,,,
30630,0.0,,too_rare,,,
30631,0.0,,too_rare,,,
30632,0.0,,too_rare,,,
30633,0.0,,too_rare,,,
30634,0.0,,too_rare,,,
30635,0.0,,too_rare,,,
30636,2.8008066323101054e-05,,too_rare,,,
30637,0.0,,too_rare,,,
30638,0.0,,too_rare,,,
30639,0.0,,too_rare,,,
30640,0.0,,too_rare,,,
30641,0.0,,too_rare,,,
30642,0.0,,too_rare,,,
30643,8.402419896930316e-05,,too_rare,,,
30644,0.0,,too_rare,,,
30645,0.00014004033161550526,,too_rare,,,
30647,0.0,,too_rare,,,
30648,0.0,,too_rare,,,
30649,0.0,,too_rare,,,
30650,0.0,,too_rare,,,
30651,5.601613264620211e-05,,too_rare,,,
30652,0.0,,too_rare,,,
30653,0.0,,too_rare,,,
30655,0.0,,too_rare,,,
30656,0.0,,too_rare,,,
30657,0.0,,too_rare,,,
30658,0.0,,too_rare,,,
30659,0.0,,too_rare,,,
30660,2.8008066323101054e-05,,too_rare,,,
30661,0.0,,too_rare,,,
30662,2.8008066323101054e-05,,too_rare,,,
30663,0.0,,too_rare,,,
30664,5.601613264620211e-05,,too_rare,,,
30666,0.0,,too_rare,,,
30667,0.0,,too_rare,,,
30668,0.0,,too_rare,,,
30669,0.0,,too_rare,,,
30670,0.0,,too_rare,,,
30671,2.8008066323101054e-05,,too_rare,,,
30672,0.0,,too_rare,,,
30673,0.0,,too_rare,,,
30674,0.0,,too_rare,,,
30675,2.8008066323101054e-05,,too_rare,,,
30676,0.0,,too_rare,,,
30677,2.8008066323101054e-05,,too_rare,,,
30678,0.0,,too_rare,,,
30679,0.0,,too_rare,,,
30680,0.0,,too_rare,,,
30681,2.8008066323101054e-05,,too_rare,,,
30682,0.0,,too_rare,,,
30683,2.8008066323101054e-05,,too_rare,,,
30684,0.0,,too_rare,,,
30685,0.0,,too_rare,,,
30686,0.0,,too_rare,,,
30687,0.0,,too_rare,,,
30688,0.0,,too_rare,,,
30689,0.0,,too_rare,,,
30690,0.0,,too_rare,,,
30691,0.0,,too_rare,,,
30692,0.0,,too_rare,,,
30693,0.0,,too_rare,,,
30694,0.0,,too_rare,,,
30695,2.8008066323101054e-05,,too_rare,,,
30696,0.0,,too_rare,,,
30697,0.0,,too_rare,,,
30698,0.0,,too_rare,,,
30699,0.0,,too_rare,,,
30701,0.0,,too_rare,,,
30702,0.0,,too_rare,,,
30703,0.0,,too_rare,,,
30704,0.0,,too_rare,,,
30705,0.0,,too_rare,,,
30706,0.0,,too_rare,,,
30707,0.0,,too_rare,,,
30708,0.0,,too_rare,,,
30709,0.0,,too_rare,,,
30710,0.004033161550526552,,too_rare,,,
30711,0.0,,too_rare,,,
30712,0.0,,too_rare,,,
30713,0.0,,too_rare,,,
30714,0.0,,too_rare,,,
30715,2.8008066323101054e-05,,too_rare,,,
30716,8.402419896930316e-05,,too_rare,,,
30717,0.0,,too_rare,,,
30718,0.0,,too_rare,,,
30719,0.0,,too_rare,,,
30720,2.8008066323101054e-05,,too_rare,,,
30722,0.0,,too_rare,,,
30723,0.0,,too_rare,,,
30724,0.0,,too_rare,,,
30725,0.0,,too_rare,,,
30726,0.0,,too_rare,,,
30727,0.0,,too_rare,,,
30728,0.0,,too_rare,,,
30729,0.0,,too_rare,,,
30730,2.8008066323101054e-05,,too_rare,,,
30731,0.0,,too_rare,,,
30732,0.0,,too_rare,,,
30733,2.8008066323101054e-05,,too_rare,,,
30734,2.8008066323101054e-05,,too_rare,,,
30735,0.0,,too_rare,,,
30736,2.8008066323101054e-05,,too_rare,,,
30737,0.0,,too_rare,,,
30738,0.0,,too_rare,,,
30739,0.0,,too_rare,,,
30740,2.8008066323101054e-05,,too_rare,,,
30741,0.0,,too_rare,,,
30742,2.8008066323101054e-05,,too_rare,,,
30743,2.8008066323101054e-05,,too_rare,,,
30744,0.004005153484203451,,too_rare,,,
30745,0.00016804839793860632,,too_rare,,,
30746,0.0,,too_rare,,,
30747,0.0,,too_rare,,,
30748,0.0,,too_rare,,,
30749,0.0,,too_rare,,,
30750,0.0,,too_rare,,,
30751,2.8008066323101054e-05,,too_rare,,,
30752,0.0,,too_rare,,,
30753,0.0,,too_rare,,,
30754,0.0,,too_rare,,,
30755,0.0013163791171857495,,too_rare,,,
30756,0.0,,too_rare,,,
30757,0.0,,too_rare,,,
30758,0.0,,too_rare,,,
30759,0.0,,too_rare,,,
30760,0.0,,too_rare,,,
30761,0.0,,too_rare,,,
30762,0.0,,too_rare,,,
30763,0.0,,too_rare,,,
30764,0.0,,too_rare,,,
30765,0.0,,too_rare,,,
30766,0.0003080887295541116,,too_rare,,,
30767,0.0,,too_rare,,,
30768,0.0,,too_rare,,,
30769,0.0,,too_rare,,,
30770,0.00019605646426170737,,too_rare,,,
30771,0.0,,too_rare,,,
30772,0.0,,too_rare,,,
30773,0.0,,too_rare,,,
30774,0.0,,too_rare,,,
30775,0.0,,too_rare,,,
30776,0.0,,too_rare,,,
30777,0.0,,too_rare,,,
30778,0.0,,too_rare,,,
30779,0.0,,too_rare,,,
30780,0.0,,too_rare,,,
30781,0.0,,too_rare,,,
30782,0.0,,too_rare,,,
30783,0.0002520725969079095,,too_rare,,,
30784,0.0,,too_rare,,,
30785,5.601613264620211e-05,,too_rare,,,
30786,0.0,,too_rare,,,
30787,0.0,,too_rare,,,
30788,0.0,,too_rare,,,
30789,0.0,,too_rare,,,
30790,0.0,,too_rare,,,
30791,0.0,,too_rare,,,
30792,0.0,,too_rare,,,
30793,0.0,,too_rare,,,
30794,0.0,,too_rare,,,
30795,0.0,,too_rare,,,
30796,0.0,,too_rare,,,
30797,0.0006721935917544253,,too_rare,,,
30798,0.0,,too_rare,,,
30799,0.0,,too_rare,,,
30800,0.0006721935917544253,,too_rare,,,
30801,0.0,,too_rare,,,
30802,0.0,,too_rare,,,
30803,0.0,,too_rare,,,
30804,0.0,,too_rare,,,
30805,0.0,,too_rare,,,
30806,0.0,,too_rare,,,
30807,0.0,,too_rare,,,
30808,0.0,,too_rare,,,
30809,0.0,,too_rare,,,
30810,0.0,,too_rare,,,
30811,0.0,,too_rare,,,
30812,0.0,,too_rare,,,
30813,0.0,,too_rare,,,
30814,0.0,,too_rare,,,
30815,0.0,,too_rare,,,
30816,0.0,,too_rare,,,
30817,0.0,,too_rare,,,
30818,0.0,,too_rare,,,
30819,0.0,,too_rare,,,
30820,0.0018765404436477705,,too_rare,,,
30821,2.8008066323101054e-05,,too_rare,,,
30822,0.0,,too_rare,,,
30823,2.8008066323101054e-05,,too_rare,,,
30824,0.0,,too_rare,,,
30825,0.0,,too_rare,,,
30826,0.0,,too_rare,,,
30827,0.0,,too_rare,,,
30828,0.0,,too_rare,,,
30829,0.0,,too_rare,,,
30830,0.00159645978041676,,too_rare,,,
30831,0.0,,too_rare,,,
30832,0.003332959892449025,,too_rare,,,
30833,0.0,,too_rare,,,
30834,2.8008066323101054e-05,,too_rare,,,
30835,0.003641048622003137,,too_rare,,,
30836,0.0,,too_rare,,,
30837,0.0,,too_rare,,,
30838,0.0,,too_rare,,,
30839,0.0,,too_rare,,,
30840,0.0,,too_rare,,,
30841,0.0,,too_rare,,,
30842,8.402419896930316e-05,,too_rare,,,
30843,2.8008066323101054e-05,,too_rare,,,
30844,0.0,,too_rare,,,
30845,2.8008066323101054e-05,,too_rare,,,
30846,0.0,,too_rare,,,
30847,0.0,,too_rare,,,
30848,0.0,,too_rare,,,
30849,0.0,,too_rare,,,
30850,0.0,,too_rare,,,
30851,2.8008066323101054e-05,,too_rare,,,
30852,0.0,,too_rare,,,
30853,8.402419896930316e-05,,too_rare,,,
30854,0.0,,too_rare,,,
30855,0.0,,too_rare,,,
30856,0.0,,too_rare,,,
30857,0.0,,too_rare,,,
30858,0.0,,too_rare,,,
30859,0.0,,too_rare,,,
30860,0.0,,too_rare,,,
30861,2.8008066323101054e-05,,too_rare,,,
30862,0.0,,too_rare,,,
30863,0.0,,too_rare,,,
30864,2.8008066323101054e-05,,too_rare,,,
30865,0.0,,too_rare,,,
30866,0.0,,too_rare,,,
30867,2.8008066323101054e-05,,too_rare,,,
30868,0.0,,too_rare,,,
30869,0.0,,too_rare,,,
30870,0.00016804839793860632,,too_rare,,,
30871,0.0008402419896930316,,too_rare,,,
30872,0.0,,too_rare,,,
30873,0.0,,too_rare,,,
30874,0.0,,too_rare,,,
30875,2.8008066323101054e-05,,too_rare,,,
30876,0.00014004033161550526,,too_rare,,,
30877,0.00011203226529240422,,too_rare,,,
30878,0.0,,too_rare,,,
30879,2.8008066323101054e-05,,too_rare,,,
30880,0.0,,too_rare,,,
30881,0.0,,too_rare,,,
30882,0.0,,too_rare,,,
30883,0.0,,too_rare,,,
30884,0.0,,too_rare,,,
30885,0.0,,too_rare,,,
30886,0.0,,too_rare,,,
30887,0.0,,too_rare,,,
30888,0.0,,too_rare,,,
30889,0.0,,too_rare,,,
30890,0.0,,too_rare,,,
30891,0.0,,too_rare,,,
30892,0.00011203226529240422,,too_rare,,,
30893,0.00011203226529240422,,too_rare,,,
30894,2.8008066323101054e-05,,too_rare,,,
30895,0.0,,too_rare,,,
30896,5.601613264620211e-05,,too_rare,,,
30897,2.8008066323101054e-05,,too_rare,,,
30898,0.0,,too_rare,,,
30899,0.0,,too_rare,,,
30900,0.0,,too_rare,,,
30901,2.8008066323101054e-05,,too_rare,,,
30903,2.8008066323101054e-05,,too_rare,,,
30904,0.00011203226529240422,,too_rare,,,
30905,0.002744790499663903,,too_rare,,,
30906,0.0014564194488012547,,too_rare,,,
30907,0.0,,too_rare,,,
30908,0.0,,too_rare,,,
30909,0.0,,too_rare,,,
30910,0.0,,too_rare,,,
30911,0.0,,too_rare,,,
30912,0.0,,too_rare,,,
30913,0.0,,too_rare,,,
30914,0.0,,too_rare,,,
30915,0.0,,too_rare,,,
30916,0.0,,too_rare,,,
30917,0.0,,too_rare,,,
30918,2.8008066323101054e-05,,too_rare,,,
30919,0.0,,too_rare,,,
30920,0.0,,too_rare,,,
30921,0.0,,too_rare,,,
30922,0.0,,too_rare,,,
30923,0.00014004033161550526,,too_rare,,,
30924,2.8008066323101054e-05,,too_rare,,,
30925,2.8008066323101054e-05,,too_rare,,,
30926,0.0,,too_rare,,,
30927,0.0,,too_rare,,,
30928,0.0,,too_rare,,,
30929,0.0,,too_rare,,,
30930,0.0,,too_rare,,,
30931,0.0,,too_rare,,,
30932,0.0,,too_rare,,,
30933,0.0,,too_rare,,,
30935,0.0,,too_rare,,,
30936,0.0,,too_rare,,,
30937,0.0,,too_rare,,,
30938,0.0,,too_rare,,,
30939,0.0,,too_rare,,,
30940,0.0,,too_rare,,,
30941,0.0,,too_rare,,,
30942,0.0,,too_rare,,,
30943,0.0,,too_rare,,,
30944,0.0,,too_rare,,,
30945,5.601613264620211e-05,,too_rare,,,
30946,0.0,,too_rare,,,
30947,2.8008066323101054e-05,,too_rare,,,
30948,0.002184629173201882,,too_rare,,,
30949,8.402419896930316e-05,,too_rare,,,
30950,0.0,,too_rare,,,
30951,0.0,,too_rare,,,
30952,0.0,,too_rare,,,
30953,0.0,,too_rare,,,
30954,0.0,,too_rare,,,
30955,0.0,,too_rare,,,
30956,0.0,,too_rare,,,
30957,2.8008066323101054e-05,,too_rare,,,
30958,0.0,,too_rare,,,
30959,0.0,,too_rare,,,
30960,0.0005881693927851221,,too_rare,,,
30961,0.0,,too_rare,,,
30962,0.0,,too_rare,,,
30963,0.0,,too_rare,,,
30964,2.8008066323101054e-05,,too_rare,,,
30965,0.0,,too_rare,,,
30966,2.8008066323101054e-05,,too_rare,,,
30967,0.0,,too_rare,,,
30968,0.0,,too_rare,,,
30969,0.0,,too_rare,,,
30970,0.0,,too_rare,,,
30971,0.0,,too_rare,,,
30972,0.0,,too_rare,,,
30973,2.8008066323101054e-05,,too_rare,,,
30975,0.0,,too_rare,,,
30976,0.0,,too_rare,,,
30977,0.0,,too_rare,,,
30978,0.0,,too_rare,,,
30979,0.0,,too_rare,,,
30980,0.0,,too_rare,,,
30981,0.0,,too_rare,,,
30982,0.0,,too_rare,,,
30984,0.0,,too_rare,,,
30985,0.0,,too_rare,,,
30986,0.0,,too_rare,,,
30987,0.0,,too_rare,,,
30988,0.0,,too_rare,,,
30989,0.0,,too_rare,,,
30990,0.0,,too_rare,,,
30991,0.0,,too_rare,,,
30992,0.0,,too_rare,,,
30993,0.0,,too_rare,,,
30994,0.0,,too_rare,,,
30995,0.0,,too_rare,,,
30996,0.0,,too_rare,,,
30997,0.0,,too_rare,,,
30998,2.8008066323101054e-05,,too_rare,,,
30999,0.0,,too_rare,,,
31000,0.002492717902755994,,too_rare,,,
31001,5.601613264620211e-05,,too_rare,,,
31002,0.0,,too_rare,,,
31003,0.0,,too_rare,,,
31004,0.0,,too_rare,,,
31005,0.0,,too_rare,,,
31006,2.8008066323101054e-05,,too_rare,,,
31007,0.0,,too_rare,,,
31008,0.0,,too_rare,,,
31009,5.601613264620211e-05,,too_rare,,,
31010,0.0,,too_rare,,,
31011,0.0,,too_rare,,,
31012,0.0,,too_rare,,,
31013,2.8008066323101054e-05,,too_rare,,,
31014,0.0,,too_rare,,,
31015,0.0,,too_rare,,,
31016,5.601613264620211e-05,,too_rare,,,
31017,0.0,,too_rare,,,
31018,5.601613264620211e-05,,too_rare,,,
31019,0.0,,too_rare,,,
31020,0.0,,too_rare,,,
31021,2.8008066323101054e-05,,too_rare,,,
31022,0.0,,too_rare,,,
31023,0.0,,too_rare,,,
31024,8.402419896930316e-05,,too_rare,,,
31025,0.0,,too_rare,,,
31026,0.0,,too_rare,,,
31027,0.0,,too_rare,,,
31028,2.8008066323101054e-05,,too_rare,,,
31029,0.0,,too_rare,,,
31030,0.00019605646426170737,,too_rare,,,
31031,0.0,,too_rare,,,
31032,0.0,,too_rare,,,
31033,0.0,,too_rare,,,
31034,0.0,,too_rare,,,
31035,0.0,,too_rare,,,
31036,0.0,,too_rare,,,
31037,0.0,,too_rare,,,
31038,0.0,,too_rare,,,
31039,0.0,,too_rare,,,
31040,0.0,,too_rare,,,
31041,0.0,,too_rare,,,
31042,0.0,,too_rare,,,
31043,0.001092314586600941,,too_rare,,,
31044,0.0,,too_rare,,,
31045,0.0,,too_rare,,,
31046,0.0,,too_rare,,,
31047,0.0,,too_rare,,,
31048,0.0,,too_rare,,,
31049,2.8008066323101054e-05,,too_rare,,,
31051,0.0,,too_rare,,,
31052,0.0,,too_rare,,,
31053,0.0,,too_rare,,,
31054,0.0,,too_rare,,,
31055,0.0,,too_rare,,,
31056,0.0,,too_rare,,,
31057,0.0,,too_rare,,,
31058,0.0,,too_rare,,,
31059,0.0,,too_rare,,,
31060,0.0002520725969079095,,too_rare,,,
31061,2.8008066323101054e-05,,too_rare,,,
31062,0.0,,too_rare,,,
31063,0.0,,too_rare,,,
31064,8.402419896930316e-05,,too_rare,,,
31065,2.8008066323101054e-05,,too_rare,,,
31066,0.0,,too_rare,,,
31067,0.0,,too_rare,,,
31068,0.0,,too_rare,,,
31069,0.0,,too_rare,,,
31070,0.0,,too_rare,,,
31071,0.0,,too_rare,,,
31072,0.0,,too_rare,,,
31073,2.8008066323101054e-05,,too_rare,,,
31074,0.0,,too_rare,,,
31075,0.0,,too_rare,,,
31076,0.0,,too_rare,,,
31077,0.0,,too_rare,,,
31078,5.601613264620211e-05,,too_rare,,,
31079,2.8008066323101054e-05,,too_rare,,,
31080,5.601613264620211e-05,,too_rare,,,
31081,0.0,,too_rare,,,
31082,0.0,,too_rare,,,
31083,0.0,,too_rare,,,
31084,0.0,,too_rare,,,
31085,5.601613264620211e-05,,too_rare,,,
31086,0.0,,too_rare,,,
31087,0.0,,too_rare,,,
31088,0.0,,too_rare,,,
31089,2.8008066323101054e-05,,too_rare,,,
31090,0.0,,too_rare,,,
31091,0.0,,too_rare,,,
31092,0.0,,too_rare,,,
31094,0.00011203226529240422,,too_rare,,,
31095,2.8008066323101054e-05,,too_rare,,,
31096,0.0,,too_rare,,,
31097,0.0,,too_rare,,,
31098,2.8008066323101054e-05,,too_rare,,,
31099,0.0,,too_rare,,,
31100,0.0,,too_rare,,,
31101,0.0,,too_rare,,,
31102,0.0,,too_rare,,,
31103,0.0,,too_rare,,,
31104,0.0,,too_rare,,,
31105,0.0,,too_rare,,,
31106,0.0,,too_rare,,,
31107,0.0,,too_rare,,,
31108,0.0,,too_rare,,,
31109,2.8008066323101054e-05,,too_rare,,,
31110,0.0,,too_rare,,,
31111,0.0,,too_rare,,,
31112,0.0,,too_rare,,,
31113,0.0,,too_rare,,,
31114,0.0,,too_rare,,,
31115,0.0,,too_rare,,,
31116,0.00039211292852341475,,too_rare,,,
31117,0.0,,too_rare,,,
31118,0.0,,too_rare,,,
31119,0.00019605646426170737,,too_rare,,,
31120,0.00019605646426170737,,too_rare,,,
31121,0.0,,too_rare,,,
31122,0.0,,too_rare,,,
31123,0.0,,too_rare,,,
31124,2.8008066323101054e-05,,too_rare,,,
31125,0.0,,too_rare,,,
31126,0.0,,too_rare,,,
31127,0.0,,too_rare,,,
31128,0.0008122339233699305,,too_rare,,,
31130,0.0,,too_rare,,,
31131,0.0,,too_rare,,,
31132,0.0,,too_rare,,,
31133,0.0,,too_rare,,,
31134,0.0,,too_rare,,,
31135,0.0,,too_rare,,,
31136,0.0,,too_rare,,,
31137,0.00019605646426170737,,too_rare,,,
31138,0.0,,too_rare,,,
31139,0.0,,too_rare,,,
31140,0.0,,too_rare,,,
31141,0.0,,too_rare,,,
31142,0.0,,too_rare,,,
31143,0.0,,too_rare,,,
31144,0.0,,too_rare,,,
31145,0.0,,too_rare,,,
31146,0.0,,too_rare,,,
31147,0.0,,too_rare,,,
31148,0.0,,too_rare,,,
31149,0.0,,too_rare,,,
31150,8.402419896930316e-05,,too_rare,,,
31151,0.0,,too_rare,,,
31152,0.0,,too_rare,,,
31153,0.00016804839793860632,,too_rare,,,
31154,2.8008066323101054e-05,,too_rare,,,
31155,2.8008066323101054e-05,,too_rare,,,
31156,0.0,,too_rare,,,
31157,0.0,,too_rare,,,
31158,0.0,,too_rare,,,
31159,0.0,,too_rare,,,
31160,0.0,,too_rare,,,
31161,0.0,,too_rare,,,
31162,0.00016804839793860632,,too_rare,,,
31163,2.8008066323101054e-05,,too_rare,,,
31164,0.0,,too_rare,,,
31165,5.601613264620211e-05,,too_rare,,,
31166,0.0,,too_rare,,,
31167,0.0,,too_rare,,,
31168,2.8008066323101054e-05,,too_rare,,,
31170,0.0,,too_rare,,,
31171,0.0,,too_rare,,,
31172,0.0,,too_rare,,,
31173,0.0,,too_rare,,,
31174,0.0,,too_rare,,,
31175,0.0,,too_rare,,,
31176,0.0,,too_rare,,,
31177,5.601613264620211e-05,,too_rare,,,
31178,0.0,,too_rare,,,
31179,2.8008066323101054e-05,,too_rare,,,
31180,0.00011203226529240422,,too_rare,,,
31181,0.00019605646426170737,,too_rare,,,
31182,2.8008066323101054e-05,,too_rare,,,
31183,0.0,,too_rare,,,
31184,0.00011203226529240422,,too_rare,,,
31185,0.0,,too_rare,,,
31186,0.0,,too_rare,,,
31187,0.0,,too_rare,,,
31188,0.0,,too_rare,,,
31189,0.00011203226529240422,,too_rare,,,
31190,8.402419896930316e-05,,too_rare,,,
31191,2.8008066323101054e-05,,too_rare,,,
31192,0.0,,too_rare,,,
31193,0.0,,too_rare,,,
31194,0.0,,too_rare,,,
31195,0.0,,too_rare,,,
31196,0.0,,too_rare,,,
31197,0.0,,too_rare,,,
31198,0.0,,too_rare,,,
31199,0.0,,too_rare,,,
31200,0.00159645978041676,,too_rare,,,
31201,0.0,,too_rare,,,
31202,0.0,,too_rare,,,
31203,0.0,,too_rare,,,
31204,0.0,,too_rare,,,
31205,5.601613264620211e-05,,too_rare,,,
31206,0.0,,too_rare,,,
31207,2.8008066323101054e-05,,too_rare,,,
31208,0.0,,too_rare,,,
31209,0.0,,too_rare,,,
31210,0.002156621106878781,,too_rare,,,
31211,0.0,,too_rare,,,
31212,0.0,,too_rare,,,
31213,0.0,,too_rare,,,
31214,0.0,,too_rare,,,
31215,0.0,,too_rare,,,
31216,0.0,,too_rare,,,
31217,0.0,,too_rare,,,
31218,2.8008066323101054e-05,,too_rare,,,
31219,0.0008682500560161327,,too_rare,,,
31220,2.8008066323101054e-05,,too_rare,,,
31221,0.0,,too_rare,,,
31222,0.0,,too_rare,,,
31223,0.0,,too_rare,,,
31224,0.0,,too_rare,,,
31225,0.0,,too_rare,,,
31226,0.0,,too_rare,,,
31227,5.601613264620211e-05,,too_rare,,,
31229,2.8008066323101054e-05,,too_rare,,,
31230,0.0,,too_rare,,,
31231,5.601613264620211e-05,,too_rare,,,
31232,0.0,,too_rare,,,
31233,0.0,,too_rare,,,
31235,0.0002800806632310105,,too_rare,,,
31236,0.0,,too_rare,,,
31237,0.0,,too_rare,,,
31238,0.0,,too_rare,,,
31239,2.8008066323101054e-05,,too_rare,,,
31240,0.0,,too_rare,,,
31241,0.0,,too_rare,,,
31242,0.0,,too_rare,,,
31243,2.8008066323101054e-05,,too_rare,,,
31244,2.8008066323101054e-05,,too_rare,,,
31245,0.0,,too_rare,,,
31246,0.0,,too_rare,,,
31247,0.0,,too_rare,,,
31248,0.0,,too_rare,,,
31249,0.0,,too_rare,,,
31250,0.00014004033161550526,,too_rare,,,
31251,2.8008066323101054e-05,,too_rare,,,
31252,0.0,,too_rare,,,
31253,2.8008066323101054e-05,,too_rare,,,
31254,2.8008066323101054e-05,,too_rare,,,
31255,0.0007562177907237285,,too_rare,,,
31256,0.0,,too_rare,,,
31257,2.8008066323101054e-05,,too_rare,,,
31258,0.0,,too_rare,,,
31259,2.8008066323101054e-05,,too_rare,,,
31260,0.0,,too_rare,,,
31261,0.0,,too_rare,,,
31262,0.0,,too_rare,,,
31263,0.0,,too_rare,,,
31264,0.0,,too_rare,,,
31265,0.0,,too_rare,,,
31266,0.0,,too_rare,,,
31267,2.8008066323101054e-05,,too_rare,,,
31268,0.0,,too_rare,,,
31269,0.0,,too_rare,,,
31270,0.0,,too_rare,,,
31271,8.402419896930316e-05,,too_rare,,,
31272,2.8008066323101054e-05,,too_rare,,,
31273,0.0,,too_rare,,,
31274,0.0,,too_rare,,,
31275,0.0,,too_rare,,,
31276,0.0,,too_rare,,,
31277,0.0,,too_rare,,,
31278,5.601613264620211e-05,,too_rare,,,
31279,0.0,,too_rare,,,
31280,0.0,,too_rare,,,
31281,0.0,,too_rare,,,
31282,0.0,,too_rare,,,
31283,0.0,,too_rare,,,
31284,0.0,,too_rare,,,
31285,0.0,,too_rare,,,
31286,0.0,,too_rare,,,
31287,0.0,,too_rare,,,
31288,2.8008066323101054e-05,,too_rare,,,
31289,0.0,,too_rare,,,
31290,8.402419896930316e-05,,too_rare,,,
31291,0.0,,too_rare,,,
31292,0.0,,too_rare,,,
31293,0.0,,too_rare,,,
31294,2.8008066323101054e-05,,too_rare,,,
31295,0.0,,too_rare,,,
31296,0.0,,too_rare,,,
31297,0.0,,too_rare,,,
31298,0.0,,too_rare,,,
31299,0.00014004033161550526,,too_rare,,,
31300,0.0,,too_rare,,,
31301,0.0,,too_rare,,,
31302,0.0,,too_rare,,,
31303,2.8008066323101054e-05,,too_rare,,,
31304,0.0,,too_rare,,,
31305,0.0,,too_rare,,,
31306,0.0,,too_rare,,,
31307,0.0,,too_rare,,,
31308,0.0,,too_rare,,,
31309,0.0,,too_rare,,,
31310,8.402419896930316e-05,,too_rare,,,
31311,0.0,,too_rare,,,
31312,0.0,,too_rare,,,
31313,0.0,,too_rare,,,
31314,2.8008066323101054e-05,,too_rare,,,
31315,0.0006721935917544253,,too_rare,,,
31316,0.0,,too_rare,,,
31317,2.8008066323101054e-05,,too_rare,,,
31318,0.0,,too_rare,,,
31319,0.0,,too_rare,,,
31320,0.0005881693927851221,,too_rare,,,
31321,0.0,,too_rare,,,
31322,0.0,,too_rare,,,
31323,0.0,,too_rare,,,
31324,0.0,,too_rare,,,
31325,0.0,,too_rare,,,
31326,2.8008066323101054e-05,,too_rare,,,
31327,2.8008066323101054e-05,,too_rare,,,
31329,0.0,,too_rare,,,
31330,0.0,,too_rare,,,
31331,0.0,,too_rare,,,
31332,2.8008066323101054e-05,,too_rare,,,
31333,0.0,,too_rare,,,
31334,2.8008066323101054e-05,,too_rare,,,
31335,2.8008066323101054e-05,,too_rare,,,
31336,0.004509298678019269,,too_rare,,,
31337,0.0,,too_rare,,,
31338,0.0,,too_rare,,,
31339,0.0,,too_rare,,,
31340,0.0,,too_rare,,,
31341,0.0,,too_rare,,,
31342,0.0,,too_rare,,,
31343,0.0,,too_rare,,,
31344,0.0,,too_rare,,,
31345,0.0,,too_rare,,,
31346,0.0,,too_rare,,,
31347,0.0,,too_rare,,,
31348,0.00014004033161550526,,too_rare,,,
31349,0.0,,too_rare,,,
31350,5.601613264620211e-05,,too_rare,,,
31351,5.601613264620211e-05,,too_rare,,,
31352,0.0,,too_rare,,,
31353,0.0,,too_rare,,,
31354,0.0,,too_rare,,,
31355,0.0,,too_rare,,,
31356,0.0,,too_rare,,,
31357,0.0,,too_rare,,,
31358,0.0,,too_rare,,,
31359,0.00014004033161550526,,too_rare,,,
31360,2.8008066323101054e-05,,too_rare,,,
31361,0.0,,too_rare,,,
31362,0.0,,too_rare,,,
31363,0.0,,too_rare,,,
31364,0.0,,too_rare,,,
31365,0.0,,too_rare,,,
31366,0.0,,too_rare,,,
31367,0.0,,too_rare,,,
31368,0.0008962581223392337,,too_rare,,,
31369,0.00011203226529240422,,too_rare,,,
31370,0.0,,too_rare,,,
31371,0.004985435805511988,,too_rare,,,
31372,2.8008066323101054e-05,,too_rare,,,
31373,0.0,,too_rare,,,
31374,0.0,,too_rare,,,
31375,0.0,,too_rare,,,
31376,5.601613264620211e-05,,too_rare,,,
31377,0.0,,too_rare,,,
31378,0.0,,too_rare,,,
31379,0.0004761371274927179,,too_rare,,,
31380,0.0,,too_rare,,,
31381,2.8008066323101054e-05,,too_rare,,,
31382,0.0,,too_rare,,,
31383,2.8008066323101054e-05,,too_rare,,,
31384,2.8008066323101054e-05,,too_rare,,,
31385,0.0,,too_rare,,,
31386,0.0,,too_rare,,,
31387,0.0,,too_rare,,,
31388,2.8008066323101054e-05,,too_rare,,,
31389,0.0,,too_rare,,,
31390,0.0,,too_rare,,,
31391,0.0,,too_rare,,,
31392,0.0,,too_rare,,,
31393,0.0,,too_rare,,,
31394,0.0,,too_rare,,,
31395,0.0,,too_rare,,,
31396,0.0004761371274927179,,too_rare,,,
31397,5.601613264620211e-05,,too_rare,,,
31398,0.0,,too_rare,,,
31399,0.0,,too_rare,,,
31400,8.402419896930316e-05,,too_rare,,,
31401,0.0,,too_rare,,,
31402,0.0,,too_rare,,,
31403,0.0,,too_rare,,,
31404,0.0,,too_rare,,,
31405,0.0,,too_rare,,,
31406,0.0,,too_rare,,,
31407,0.0,,too_rare,,,
31408,8.402419896930316e-05,,too_rare,,,
31409,0.0,,too_rare,,,
31410,0.0,,too_rare,,,
31411,0.0,,too_rare,,,
31412,0.00039211292852341475,,too_rare,,,
31413,0.0,,too_rare,,,
31414,2.8008066323101054e-05,,too_rare,,,
31415,0.0,,too_rare,,,
31416,0.0,,too_rare,,,
31417,0.0,,too_rare,,,
31418,0.0,,too_rare,,,
31419,0.0,,too_rare,,,
31420,0.0,,too_rare,,,
31421,0.0,,too_rare,,,
31422,2.8008066323101054e-05,,too_rare,,,
31423,0.0,,too_rare,,,
31424,0.0,,too_rare,,,
31425,0.0,,too_rare,,,
31426,2.8008066323101054e-05,,too_rare,,,
31427,0.0,,too_rare,,,
31428,0.0008682500560161327,,too_rare,,,
31429,0.0,,too_rare,,,
31430,0.0,,too_rare,,,
31431,0.0,,too_rare,,,
31432,0.0,,too_rare,,,
31433,0.0,,too_rare,,,
31434,2.8008066323101054e-05,,too_rare,,,
31435,0.0,,too_rare,,,
31436,0.0,,too_rare,,,
31437,0.0,,too_rare,,,
31438,0.0,,too_rare,,,
31439,0.0,,too_rare,,,
31440,0.0,,too_rare,,,
31441,0.0,,too_rare,,,
31442,0.0,,too_rare,,,
31443,0.0,,too_rare,,,
31444,0.0,,too_rare,,,
31445,2.8008066323101054e-05,,too_rare,,,
31446,2.8008066323101054e-05,,too_rare,,,
31447,0.0,,too_rare,,,
31448,0.0,,too_rare,,,
31449,0.0,,too_rare,,,
31450,0.0,,too_rare,,,
31451,0.0012603629845395474,,too_rare,,,
31452,0.0,,too_rare,,,
31453,5.601613264620211e-05,,too_rare,,,
31454,0.0,,too_rare,,,
31455,0.0,,too_rare,,,
31456,0.0,,too_rare,,,
31457,0.0,,too_rare,,,
31458,0.0,,too_rare,,,
31459,0.0,,too_rare,,,
31460,0.00019605646426170737,,too_rare,,,
31461,0.0,,too_rare,,,
31462,0.0,,too_rare,,,
31463,0.0,,too_rare,,,
31464,0.0,,too_rare,,,
31465,0.0,,too_rare,,,
31466,0.0,,too_rare,,,
31467,0.0,,too_rare,,,
31468,0.0,,too_rare,,,
31469,0.0,,too_rare,,,
31470,0.00033609679587721263,,too_rare,,,
31471,5.601613264620211e-05,,too_rare,,,
31472,0.0,,too_rare,,,
31473,0.0,,too_rare,,,
31474,0.0,,too_rare,,,
31475,0.0,,too_rare,,,
31476,0.0,,too_rare,,,
31477,8.402419896930316e-05,,too_rare,,,
31478,0.0,,too_rare,,,
31479,0.0,,too_rare,,,
31480,0.0,,too_rare,,,
31481,0.00011203226529240422,,too_rare,,,
31482,0.0,,too_rare,,,
31483,0.0,,too_rare,,,
31484,0.0,,too_rare,,,
31485,0.0,,too_rare,,,
31486,0.0,,too_rare,,,
31487,0.0,,too_rare,,,
31488,0.0,,too_rare,,,
31489,0.0,,too_rare,,,
31490,0.0,,too_rare,,,
31491,2.8008066323101054e-05,,too_rare,,,
31492,0.0,,too_rare,,,
31493,0.0,,too_rare,,,
31494,2.8008066323101054e-05,,too_rare,,,
31495,0.0,,too_rare,,,
31496,2.8008066323101054e-05,,too_rare,,,
31497,0.0,,too_rare,,,
31498,0.0,,too_rare,,,
31499,2.8008066323101054e-05,,too_rare,,,
31500,0.0,,too_rare,,,
31501,0.0,,too_rare,,,
31502,0.0,,too_rare,,,
31503,0.0,,too_rare,,,
31504,0.0,,too_rare,,,
31505,0.0,,too_rare,,,
31506,0.0,,too_rare,,,
31507,2.8008066323101054e-05,,too_rare,,,
31508,0.00039211292852341475,,too_rare,,,
31509,0.0,,too_rare,,,
31510,0.0,,too_rare,,,
31511,0.0,,too_rare,,,
31512,0.0,,too_rare,,,
31513,2.8008066323101054e-05,,too_rare,,,
31514,0.0067219359175442524,,too_rare,,,
31515,0.002156621106878781,,too_rare,,,
31516,0.0,,too_rare,,,
31517,0.0,,too_rare,,,
31518,2.8008066323101054e-05,,too_rare,,,
31519,0.0,,too_rare,,,
31520,0.0,,too_rare,,,
31521,0.0,,too_rare,,,
31522,2.8008066323101054e-05,,too_rare,,,
31523,0.0,,too_rare,,,
31524,0.0,,too_rare,,,
31525,0.0,,too_rare,,,
31526,0.0,,too_rare,,,
31527,0.0,,too_rare,,,
31528,0.0,,too_rare,,,
31529,0.0,,too_rare,,,
31530,0.0,,too_rare,,,
31531,0.0,,too_rare,,,
31532,0.0,,too_rare,,,
31533,0.0,,too_rare,,,
31534,2.8008066323101054e-05,,too_rare,,,
31535,0.0,,too_rare,,,
31536,0.0,,too_rare,,,
31537,0.0,,too_rare,,,
31538,0.0,,too_rare,,,
31539,2.8008066323101054e-05,,too_rare,,,
31540,0.0,,too_rare,,,
31541,0.0,,too_rare,,,
31542,0.0,,too_rare,,,
31543,0.0,,too_rare,,,
31544,0.0,,too_rare,,,
31545,0.0,,too_rare,,,
31546,0.0,,too_rare,,,
31547,0.0,,too_rare,,,
31548,0.0,,too_rare,,,
31549,0.00033609679587721263,,too_rare,,,
31550,0.0,,too_rare,,,
31551,0.0,,too_rare,,,
31552,0.0,,too_rare,,,
31553,0.0,,too_rare,,,
31554,5.601613264620211e-05,,too_rare,,,
31555,0.0,,too_rare,,,
31556,0.0,,too_rare,,,
31557,0.0,,too_rare,,,
31558,0.0,,too_rare,,,
31559,5.601613264620211e-05,,too_rare,,,
31560,0.0,,too_rare,,,
31561,0.0,,too_rare,,,
31562,0.0,,too_rare,,,
31563,0.0,,too_rare,,,
31564,0.0,,too_rare,,,
31565,0.0018765404436477705,,too_rare,,,
31566,0.0,,too_rare,,,
31567,2.8008066323101054e-05,,too_rare,,,
31568,0.0,,too_rare,,,
31569,0.0,,too_rare,,,
31570,0.0,,too_rare,,,
31571,0.0,,too_rare,,,
31572,2.8008066323101054e-05,,too_rare,,,
31573,0.00016804839793860632,,too_rare,,,
31574,0.0,,too_rare,,,
31575,0.0,,too_rare,,,
31576,0.0,,too_rare,,,
31577,0.0,,too_rare,,,
31578,0.0,,too_rare,,,
31579,0.0,,too_rare,,,
31580,0.0,,too_rare,,,
31581,2.8008066323101054e-05,,too_rare,,,
31582,2.8008066323101054e-05,,too_rare,,,
31583,0.0,,too_rare,,,
31584,0.0,,too_rare,,,
31585,8.402419896930316e-05,,too_rare,,,
31586,0.0,,too_rare,,,
31587,0.0,,too_rare,,,
31588,0.0,,too_rare,,,
31589,0.0,,too_rare,,,
31590,2.8008066323101054e-05,,too_rare,,,
31591,0.0,,too_rare,,,
31594,2.8008066323101054e-05,,too_rare,,,
31595,0.0,,too_rare,,,
31596,0.006273806856374636,,too_rare,,,
31597,0.0,,too_rare,,,
31599,2.8008066323101054e-05,,too_rare,,,
31600,0.0,,too_rare,,,
31601,0.0,,too_rare,,,
31602,2.8008066323101054e-05,,too_rare,,,
31603,0.0,,too_rare,,,
31604,0.006077750392112929,,too_rare,,,
31605,0.0,,too_rare,,,
31606,0.0,,too_rare,,,
31607,2.8008066323101054e-05,,too_rare,,,
31608,0.0,,too_rare,,,
31609,2.8008066323101054e-05,,too_rare,,,
31610,2.8008066323101054e-05,,too_rare,,,
31611,0.0,,too_rare,,,
31612,0.0,,too_rare,,,
31613,0.0,,too_rare,,,
31614,0.0,,too_rare,,,
31615,0.0,,too_rare,,,
31616,0.0,,too_rare,,,
31617,8.402419896930316e-05,,too_rare,,,
31618,0.0,,too_rare,,,
31619,0.0,,too_rare,,,
31620,0.0,,too_rare,,,
31621,0.0,,too_rare,,,
31622,0.0,,too_rare,,,
31623,0.0,,too_rare,,,
31624,0.0,,too_rare,,,
31625,0.0,,too_rare,,,
31626,0.0,,too_rare,,,
31627,0.0,,too_rare,,,
31628,0.0,,too_rare,,,
31629,0.0,,too_rare,,,
31630,0.0,,too_rare,,,
31631,0.0,,too_rare,,,
31632,5.601613264620211e-05,,too_rare,,,
31633,0.0,,too_rare,,,
31634,2.8008066323101054e-05,,too_rare,,,
31635,0.0,,too_rare,,,
31636,0.0,,too_rare,,,
31637,0.0,,too_rare,,,
31638,0.0,,too_rare,,,
31639,0.0,,too_rare,,,
31640,0.0,,too_rare,,,
31641,0.0,,too_rare,,,
31642,0.0,,too_rare,,,
31643,0.0,,too_rare,,,
31644,0.0,,too_rare,,,
31645,0.0,,too_rare,,,
31646,0.00033609679587721263,,too_rare,,,
31647,0.00019605646426170737,,too_rare,,,
31648,0.0,,too_rare,,,
31649,0.0,,too_rare,,,
31650,0.0,,too_rare,,,
31651,0.0,,too_rare,,,
31652,0.0,,too_rare,,,
31653,2.8008066323101054e-05,,too_rare,,,
31654,0.0,,too_rare,,,
31655,0.0,,too_rare,,,
31656,0.0,,too_rare,,,
31657,0.0,,too_rare,,,
31658,0.0,,too_rare,,,
31659,0.0,,too_rare,,,
31660,0.0,,too_rare,,,
31661,0.0,,too_rare,,,
31662,0.0,,too_rare,,,
31663,0.0,,too_rare,,,
31664,0.0,,too_rare,,,
31665,0.0,,too_rare,,,
31666,0.0,,too_rare,,,
31667,0.0,,too_rare,,,
31668,0.0,,too_rare,,,
31669,2.8008066323101054e-05,,too_rare,,,
31670,0.0,,too_rare,,,
31671,5.601613264620211e-05,,too_rare,,,
31672,2.8008066323101054e-05,,too_rare,,,
31673,0.0,,too_rare,,,
31674,0.0,,too_rare,,,
31675,0.0,,too_rare,,,
31676,2.8008066323101054e-05,,too_rare,,,
31677,0.0,,too_rare,,,
31678,0.0,,too_rare,,,
31679,0.0,,too_rare,,,
31680,2.8008066323101054e-05,,too_rare,,,
31681,0.00011203226529240422,,too_rare,,,
31682,0.0,,too_rare,,,
31683,0.0,,too_rare,,,
31684,0.0006441855254313242,,too_rare,,,
31685,0.003164911494510419,,too_rare,,,
31686,0.00036410486220031366,,too_rare,,,
31687,0.0,,too_rare,,,
31688,5.601613264620211e-05,,too_rare,,,
31690,0.0,,too_rare,,,
31691,0.0,,too_rare,,,
31692,5.601613264620211e-05,,too_rare,,,
31693,0.00019605646426170737,,too_rare,,,
31694,8.402419896930316e-05,,too_rare,,,
31695,2.8008066323101054e-05,,too_rare,,,
31696,0.0007002016580775263,,too_rare,,,
31697,2.8008066323101054e-05,,too_rare,,,
31698,0.0,,too_rare,,,
31699,0.0,,too_rare,,,
31700,0.0007282097244006273,,too_rare,,,
31701,0.0,,too_rare,,,
31702,0.0,,too_rare,,,
31703,0.0,,too_rare,,,
31704,2.8008066323101054e-05,,too_rare,,,
31705,0.0,,too_rare,,,
31706,2.8008066323101054e-05,,too_rare,,,
31707,0.0,,too_rare,,,
31708,0.0,,too_rare,,,
31709,0.0,,too_rare,,,
31710,0.0,,too_rare,,,
31711,0.00036410486220031366,,too_rare,,,
31712,0.0,,too_rare,,,
31713,0.0,,too_rare,,,
31714,0.0,,too_rare,,,
31715,0.0,,too_rare,,,
31717,0.0,,too_rare,,,
31718,0.0,,too_rare,,,
31719,0.0,,too_rare,,,
31720,0.0,,too_rare,,,
31721,0.0,,too_rare,,,
31722,0.00014004033161550526,,too_rare,,,
31723,0.0,,too_rare,,,
31724,2.8008066323101054e-05,,too_rare,,,
31725,0.0,,too_rare,,,
31726,0.0,,too_rare,,,
31727,0.0,,too_rare,,,
31728,0.0,,too_rare,,,
31729,8.402419896930316e-05,,too_rare,,,
31730,2.8008066323101054e-05,,too_rare,,,
31731,0.0,,too_rare,,,
31732,8.402419896930316e-05,,too_rare,,,
31733,0.0,,too_rare,,,
31734,0.0,,too_rare,,,
31735,0.0,,too_rare,,,
31736,0.0,,too_rare,,,
31737,0.0,,too_rare,,,
31738,0.0,,too_rare,,,
31739,0.0,,too_rare,,,
31740,0.0,,too_rare,,,
31741,0.0,,too_rare,,,
31742,2.8008066323101054e-05,,too_rare,,,
31743,0.0,,too_rare,,,
31744,0.0,,too_rare,,,
31745,2.8008066323101054e-05,,too_rare,,,
31746,0.0,,too_rare,,,
31747,0.0,,too_rare,,,
31748,0.0,,too_rare,,,
31749,0.0,,too_rare,,,
31750,0.0,,too_rare,,,
31751,8.402419896930316e-05,,too_rare,,,
31752,0.0,,too_rare,,,
31753,0.0,,too_rare,,,
31754,0.0,,too_rare,,,
31755,2.8008066323101054e-05,,too_rare,,,
31756,0.0,,too_rare,,,
31757,0.00011203226529240422,,too_rare,,,
31758,0.0003080887295541116,,too_rare,,,
31759,0.0,,too_rare,,,
31760,0.0,,too_rare,,,
31761,0.0,,too_rare,,,
31762,0.0,,too_rare,,,
31763,0.0,,too_rare,,,
31764,0.0,,too_rare,,,
31765,2.8008066323101054e-05,,too_rare,,,
31766,0.0,,too_rare,,,
31767,0.0002520725969079095,,too_rare,,,
31768,0.0,,too_rare,,,
31769,0.0018485323773246695,,too_rare,,,
31770,0.0,,too_rare,,,
31771,0.0,,too_rare,,,
31772,2.8008066323101054e-05,,too_rare,,,
31774,0.0,,too_rare,,,
31775,0.0,,too_rare,,,
31776,0.0,,too_rare,,,
31777,0.0,,too_rare,,,
31778,2.8008066323101054e-05,,too_rare,,,
31779,0.0,,too_rare,,,
31780,2.8008066323101054e-05,,too_rare,,,
31781,0.0,,too_rare,,,
31782,0.00019605646426170737,,too_rare,,,
31783,0.0,,too_rare,,,
31784,0.0,,too_rare,,,
31785,5.601613264620211e-05,,too_rare,,,
31786,2.8008066323101054e-05,,too_rare,,,
31787,0.0006441855254313242,,too_rare,,,
31788,0.0,,too_rare,,,
31789,0.0,,too_rare,,,
31790,5.601613264620211e-05,,too_rare,,,
31791,0.0,,too_rare,,,
31792,0.0,,too_rare,,,
31793,0.0,,too_rare,,,
31794,0.0,,too_rare,,,
31795,0.0,,too_rare,,,
31796,0.0,,too_rare,,,
31797,0.0,,too_rare,,,
31798,0.0,,too_rare,,,
31799,0.0,,too_rare,,,
31800,0.0,,too_rare,,,
31801,0.0008122339233699305,,too_rare,,,
31802,0.0,,too_rare,,,
31803,0.0,,too_rare,,,
31804,0.0,,too_rare,,,
31805,0.0,,too_rare,,,
31806,0.0,,too_rare,,,
31807,0.0,,too_rare,,,
31808,0.0,,too_rare,,,
31809,0.0,,too_rare,,,
31810,0.0,,too_rare,,,
31811,0.00014004033161550526,,too_rare,,,
31812,0.0002800806632310105,,too_rare,,,
31813,0.0,,too_rare,,,
31814,0.0,,too_rare,,,
31815,0.0,,too_rare,,,
31817,0.0,,too_rare,,,
31818,5.601613264620211e-05,,too_rare,,,
31819,2.8008066323101054e-05,,too_rare,,,
31820,0.0,,too_rare,,,
31821,0.0,,too_rare,,,
31822,0.0,,too_rare,,,
31823,0.0,,too_rare,,,
31824,0.007926282769437598,,too_rare,,,
31825,0.0,,too_rare,,,
31827,0.0,,too_rare,,,
31828,0.0,,too_rare,,,
31829,0.0,,too_rare,,,
31830,0.0,,too_rare,,,
31831,5.601613264620211e-05,,too_rare,,,
31832,0.0,,too_rare,,,
31833,0.0,,too_rare,,,
31834,0.0,,too_rare,,,
31835,0.0,,too_rare,,,
31836,0.0,,too_rare,,,
31837,0.0,,too_rare,,,
31838,0.0008962581223392337,,too_rare,,,
31839,0.0,,too_rare,,,
31840,2.8008066323101054e-05,,too_rare,,,
31841,0.0,,too_rare,,,
31842,2.8008066323101054e-05,,too_rare,,,
31843,0.0,,too_rare,,,
31844,0.0,,too_rare,,,
31845,2.8008066323101054e-05,,too_rare,,,
31846,0.0,,too_rare,,,
31847,2.8008066323101054e-05,,too_rare,,,
31848,0.0,,too_rare,,,
31849,0.0,,too_rare,,,
31850,0.0,,too_rare,,,
31851,0.0,,too_rare,,,
31852,0.0,,too_rare,,,
31853,2.8008066323101054e-05,,too_rare,,,
31854,0.0,,too_rare,,,
31855,0.0,,too_rare,,,
31856,0.00014004033161550526,,too_rare,,,
31857,0.0,,too_rare,,,
31858,0.0,,too_rare,,,
31859,0.0,,too_rare,,,
31860,0.0,,too_rare,,,
31861,0.0,,too_rare,,,
31862,0.0,,too_rare,,,
31863,0.0,,too_rare,,,
31864,0.0,,too_rare,,,
31865,0.0,,too_rare,,,
31866,0.0,,too_rare,,,
31867,0.0,,too_rare,,,
31868,0.0,,too_rare,,,
31869,2.8008066323101054e-05,,too_rare,,,
31870,0.0,,too_rare,,,
31871,0.0,,too_rare,,,
31872,2.8008066323101054e-05,,too_rare,,,
31873,0.0,,too_rare,,,
31874,0.0,,too_rare,,,
31875,0.0,,too_rare,,,
31876,0.0,,too_rare,,,
31877,2.8008066323101054e-05,,too_rare,,,
31878,0.0,,too_rare,,,
31879,2.8008066323101054e-05,,too_rare,,,
31880,8.402419896930316e-05,,too_rare,,,
31881,0.0,,too_rare,,,
31882,2.8008066323101054e-05,,too_rare,,,
31883,0.0,,too_rare,,,
31884,0.0,,too_rare,,,
31885,5.601613264620211e-05,,too_rare,,,
31886,0.0,,too_rare,,,
31887,2.8008066323101054e-05,,too_rare,,,
31888,2.8008066323101054e-05,,too_rare,,,
31889,0.0,,too_rare,,,
31890,2.8008066323101054e-05,,too_rare,,,
31891,0.0,,too_rare,,,
31892,0.0,,too_rare,,,
31893,0.0013723952498319516,,too_rare,,,
31894,0.0,,too_rare,,,
31896,0.0,,too_rare,,,
31897,0.0,,too_rare,,,
31898,5.601613264620211e-05,,too_rare,,,
31899,0.0,,too_rare,,,
31900,0.0,,too_rare,,,
31901,0.0,,too_rare,,,
31902,8.402419896930316e-05,,too_rare,,,
31903,2.8008066323101054e-05,,too_rare,,,
31904,0.0,,too_rare,,,
31905,0.0,,too_rare,,,
31906,0.0,,too_rare,,,
31907,0.0,,too_rare,,,
31908,0.00016804839793860632,,too_rare,,,
31909,0.0,,too_rare,,,
31910,0.0,,too_rare,,,
31911,0.0,,too_rare,,,
31912,5.601613264620211e-05,,too_rare,,,
31913,0.0,,too_rare,,,
31914,0.0,,too_rare,,,
31915,0.0,,too_rare,,,
31916,0.0,,too_rare,,,
31917,0.004873403540219584,,too_rare,,,
31918,0.00016804839793860632,,too_rare,,,
31919,0.0,,too_rare,,,
31920,0.0,,too_rare,,,
31921,0.0,,too_rare,,,
31922,0.0,,too_rare,,,
31923,0.0,,too_rare,,,
31924,2.8008066323101054e-05,,too_rare,,,
31925,0.0,,too_rare,,,
31926,0.0,,too_rare,,,
31927,0.0,,too_rare,,,
31928,0.0,,too_rare,,,
31929,0.0,,too_rare,,,
31930,0.0,,too_rare,,,
31931,0.0,,too_rare,,,
31932,0.0,,too_rare,,,
31933,0.0,,too_rare,,,
31934,0.0,,too_rare,,,
31935,0.000560161326462021,,too_rare,,,
31936,0.0,,too_rare,,,
31938,2.8008066323101054e-05,,too_rare,,,
31939,0.0,,too_rare,,,
31940,0.0,,too_rare,,,
31941,0.0,,too_rare,,,
31942,0.00053215326013892,,too_rare,,,
31943,0.0,,too_rare,,,
31944,0.0,,too_rare,,,
31945,0.0,,too_rare,,,
31946,2.8008066323101054e-05,,too_rare,,,
31948,0.002296661438494286,,too_rare,,,
31949,0.0,,too_rare,,,
31950,0.00053215326013892,,too_rare,,,
31951,0.0,,too_rare,,,
31952,0.0,,too_rare,,,
31953,0.0,,too_rare,,,
31954,0.0,,too_rare,,,
31955,0.0,,too_rare,,,
31956,0.0,,too_rare,,,
31957,5.601613264620211e-05,,too_rare,,,
31958,0.0,,too_rare,,,
31959,0.0,,too_rare,,,
31960,0.0,,too_rare,,,
31961,0.0,,too_rare,,,
31962,8.402419896930316e-05,,too_rare,,,
31963,0.0,,too_rare,,,
31964,2.8008066323101054e-05,,too_rare,,,
31965,0.00011203226529240422,,too_rare,,,
31966,0.0,,too_rare,,,
31967,0.0,,too_rare,,,
31968,8.402419896930316e-05,,too_rare,,,
31969,0.00016804839793860632,,too_rare,,,
31970,0.0,,too_rare,,,
31971,0.0,,too_rare,,,
31972,0.00011203226529240422,,too_rare,,,
31973,2.8008066323101054e-05,,too_rare,,,
31974,0.0,,too_rare,,,
31975,5.601613264620211e-05,,too_rare,,,
31976,2.8008066323101054e-05,,too_rare,,,
31978,0.0,,too_rare,,,
31979,0.0,,too_rare,,,
31980,0.0,,too_rare,,,
31981,0.0,,too_rare,,,
31982,0.0,,too_rare,,,
31983,0.0,,too_rare,,,
31984,5.601613264620211e-05,,too_rare,,,
31985,0.0,,too_rare,,,
31987,0.0,,too_rare,,,
31988,0.0,,too_rare,,,
31989,0.0,,too_rare,,,
31990,0.0,,too_rare,,,
31991,0.0,,too_rare,,,
31992,0.0,,too_rare,,,
31993,0.0,,too_rare,,,
31994,0.0,,too_rare,,,
31995,0.0,,too_rare,,,
31996,0.0,,too_rare,,,
31997,0.0,,too_rare,,,
31998,5.601613264620211e-05,,too_rare,,,
31999,0.0,,too_rare,,,
32000,0.0,,too_rare,,,
32001,0.0,,too_rare,,,
32002,0.0,,too_rare,,,
32003,0.0,,too_rare,,,
32004,0.0,,too_rare,,,
32005,0.0,,too_rare,,,
32006,0.0,,too_rare,,,
32007,0.0,,too_rare,,,
32008,0.0,,too_rare,,,
32009,2.8008066323101054e-05,,too_rare,,,
32010,5.601613264620211e-05,,too_rare,,,
32012,0.0,,too_rare,,,
32013,0.0,,too_rare,,,
32014,0.004033161550526552,,too_rare,,,
32015,0.0,,too_rare,,,
32016,0.0,,too_rare,,,
32017,0.0,,too_rare,,,
32018,0.0,,too_rare,,,
32019,0.0,,too_rare,,,
32020,2.8008066323101054e-05,,too_rare,,,
32021,8.402419896930316e-05,,too_rare,,,
32022,0.0,,too_rare,,,
32023,0.0,,too_rare,,,
32024,0.0,,too_rare,,,
32025,0.0,,too_rare,,,
32026,0.0,,too_rare,,,
32027,2.8008066323101054e-05,,too_rare,,,
32028,2.8008066323101054e-05,,too_rare,,,
32029,0.0,,too_rare,,,
32030,0.0,,too_rare,,,
32031,0.0,,too_rare,,,
32032,0.0,,too_rare,,,
32034,0.0,,too_rare,,,
32035,8.402419896930316e-05,,too_rare,,,
32036,2.8008066323101054e-05,,too_rare,,,
32037,0.0,,too_rare,,,
32038,0.0,,too_rare,,,
32039,2.8008066323101054e-05,,too_rare,,,
32040,0.0,,too_rare,,,
32041,0.0,,too_rare,,,
32042,0.0,,too_rare,,,
32043,0.0,,too_rare,,,
32044,0.0,,too_rare,,,
32045,0.0,,too_rare,,,
32046,0.0002520725969079095,,too_rare,,,
32047,0.00011203226529240422,,too_rare,,,
32048,0.0,,too_rare,,,
32049,2.8008066323101054e-05,,too_rare,,,
32050,0.0,,too_rare,,,
32051,5.601613264620211e-05,,too_rare,,,
32052,0.0,,too_rare,,,
32053,0.0,,too_rare,,,
32054,0.0,,too_rare,,,
32055,0.0,,too_rare,,,
32056,0.0,,too_rare,,,
32057,0.0,,too_rare,,,
32058,0.0,,too_rare,,,
32059,0.0,,too_rare,,,
32060,0.0,,too_rare,,,
32061,0.0,,too_rare,,,
32062,0.0,,too_rare,,,
32063,0.0,,too_rare,,,
32064,0.0,,too_rare,,,
32066,0.0,,too_rare,,,
32067,0.004397266412726865,,too_rare,,,
32070,0.0,,too_rare,,,
32071,0.0,,too_rare,,,
32072,0.0,,too_rare,,,
32073,0.0,,too_rare,,,
32074,0.0,,too_rare,,,
32075,2.8008066323101054e-05,,too_rare,,,
32076,2.8008066323101054e-05,,too_rare,,,
32077,0.0,,too_rare,,,
32078,2.8008066323101054e-05,,too_rare,,,
32079,2.8008066323101054e-05,,too_rare,,,
32080,0.0007282097244006273,,too_rare,,,
32081,0.0,,too_rare,,,
32082,5.601613264620211e-05,,too_rare,,,
32083,0.0,,too_rare,,,
32084,0.0,,too_rare,,,
32085,0.00016804839793860632,,too_rare,,,
32086,0.0,,too_rare,,,
32087,0.0,,too_rare,,,
32088,0.0002520725969079095,,too_rare,,,
32089,0.0,,too_rare,,,
32090,0.0,,too_rare,,,
32091,2.8008066323101054e-05,,too_rare,,,
32092,0.0,,too_rare,,,
32093,0.0,,too_rare,,,
32094,0.0,,too_rare,,,
32095,2.8008066323101054e-05,,too_rare,,,
32096,0.00425722608111136,,too_rare,,,
32097,0.0,,too_rare,,,
32098,0.0003080887295541116,,too_rare,,,
32099,0.0,,too_rare,,,
32100,0.0,,too_rare,,,
32101,0.0,,too_rare,,,
32102,0.0,,too_rare,,,
32103,0.0,,too_rare,,,
32104,0.0,,too_rare,,,
32105,0.0,,too_rare,,,
32106,0.0,,too_rare,,,
32107,0.0,,too_rare,,,
32108,5.601613264620211e-05,,too_rare,,,
32109,0.0,,too_rare,,,
32110,0.0,,too_rare,,,
32111,0.0,,too_rare,,,
32112,0.0,,too_rare,,,
32113,5.601613264620211e-05,,too_rare,,,
32114,0.0,,too_rare,,,
32115,0.0,,too_rare,,,
32116,0.0003080887295541116,,too_rare,,,
32117,2.8008066323101054e-05,,too_rare,,,
32118,2.8008066323101054e-05,,too_rare,,,
32119,0.0,,too_rare,,,
32120,0.0,,too_rare,,,
32121,0.0,,too_rare,,,
32122,0.0,,too_rare,,,
32123,0.0,,too_rare,,,
32124,0.0,,too_rare,,,
32125,2.8008066323101054e-05,,too_rare,,,
32126,0.0,,too_rare,,,
32127,0.0,,too_rare,,,
32128,0.0,,too_rare,,,
32129,2.8008066323101054e-05,,too_rare,,,
32130,0.0,,too_rare,,,
32131,0.0,,too_rare,,,
32132,0.0,,too_rare,,,
32133,0.0,,too_rare,,,
32134,0.0,,too_rare,,,
32135,0.0,,too_rare,,,
32136,0.0,,too_rare,,,
32137,0.0,,too_rare,,,
32138,0.0,,too_rare,,,
32140,0.001148330719247143,,too_rare,,,
32141,0.0,,too_rare,,,
32142,0.0,,too_rare,,,
32143,0.0,,too_rare,,,
32144,0.0,,too_rare,,,
32145,5.601613264620211e-05,,too_rare,,,
32146,0.0,,too_rare,,,
32147,0.0,,too_rare,,,
32148,0.0,,too_rare,,,
32149,0.0,,too_rare,,,
32150,0.0,,too_rare,,,
32151,0.0013163791171857495,,too_rare,,,
32153,0.0,,too_rare,,,
32154,0.00022406453058480843,,too_rare,,,
32155,0.0,,too_rare,,,
32156,0.00011203226529240422,,too_rare,,,
32157,0.0,,too_rare,,,
32158,2.8008066323101054e-05,,too_rare,,,
32159,0.0,,too_rare,,,
32160,0.0,,too_rare,,,
32162,0.0,,too_rare,,,
32163,0.0,,too_rare,,,
32164,0.0,,too_rare,,,
32165,0.0,,too_rare,,,
32166,0.0,,too_rare,,,
32167,0.0,,too_rare,,,
32168,0.0,,too_rare,,,
32169,0.0,,too_rare,,,
32170,0.00036410486220031366,,too_rare,,,
32171,0.0,,too_rare,,,
32172,0.0,,too_rare,,,
32174,0.0,,too_rare,,,
32175,0.0,,too_rare,,,
32176,0.0,,too_rare,,,
32177,0.0,,too_rare,,,
32178,2.8008066323101054e-05,,too_rare,,,
32179,2.8008066323101054e-05,,too_rare,,,
32180,0.0,,too_rare,,,
32181,0.0,,too_rare,,,
32182,0.0,,too_rare,,,
32183,0.0,,too_rare,,,
32184,0.0,,too_rare,,,
32185,0.0,,too_rare,,,
32187,2.8008066323101054e-05,,too_rare,,,
32188,0.00033609679587721263,,too_rare,,,
32189,0.0,,too_rare,,,
32190,0.0,,too_rare,,,
32191,0.0,,too_rare,,,
32192,5.601613264620211e-05,,too_rare,,,
32193,0.0,,too_rare,,,
32194,0.0005881693927851221,,too_rare,,,
32195,0.00011203226529240422,,too_rare,,,
32197,0.0,,too_rare,,,
32198,0.0,,too_rare,,,
32199,2.8008066323101054e-05,,too_rare,,,
32200,0.0,,too_rare,,,
32201,0.0,,too_rare,,,
32202,0.0,,too_rare,,,
32203,0.0,,too_rare,,,
32204,0.0,,too_rare,,,
32205,0.0,,too_rare,,,
32206,0.0,,too_rare,,,
32207,2.8008066323101054e-05,,too_rare,,,
32208,0.0,,too_rare,,,
32209,2.8008066323101054e-05,,too_rare,,,
32210,0.0,,too_rare,,,
32211,2.8008066323101054e-05,,too_rare,,,
32212,0.0,,too_rare,,,
32213,2.8008066323101054e-05,,too_rare,,,
32214,0.0,,too_rare,,,
32215,0.0,,too_rare,,,
32216,0.001148330719247143,,too_rare,,,
32217,0.0,,too_rare,,,
32218,0.0007562177907237285,,too_rare,,,
32219,0.0,,too_rare,,,
32220,0.003585032489356935,,too_rare,,,
32221,0.0,,too_rare,,,
32222,0.0,,too_rare,,,
32223,0.0,,too_rare,,,
32224,2.8008066323101054e-05,,too_rare,,,
32225,0.0,,too_rare,,,
32226,0.0,,too_rare,,,
32227,0.0,,too_rare,,,
32228,0.0,,too_rare,,,
32229,0.0,,too_rare,,,
32230,0.0,,too_rare,,,
32231,0.0,,too_rare,,,
32232,0.0,,too_rare,,,
32233,0.0,,too_rare,,,
32234,0.0,,too_rare,,,
32235,0.0,,too_rare,,,
32236,0.0,,too_rare,,,
32237,0.0,,too_rare,,,
32238,0.0,,too_rare,,,
32239,0.0,,too_rare,,,
32240,5.601613264620211e-05,,too_rare,,,
32241,0.00044812906116961686,,too_rare,,,
32242,0.0,,too_rare,,,
32243,0.0,,too_rare,,,
32244,0.0,,too_rare,,,
32245,0.0,,too_rare,,,
32246,0.0,,too_rare,,,
32247,2.8008066323101054e-05,,too_rare,,,
32248,5.601613264620211e-05,,too_rare,,,
32249,0.0,,too_rare,,,
32250,0.0,,too_rare,,,
32251,0.0,,too_rare,,,
32252,0.0,,too_rare,,,
32253,0.0,,too_rare,,,
32254,5.601613264620211e-05,,too_rare,,,
32255,0.0008402419896930316,,too_rare,,,
32256,0.0,,too_rare,,,
32257,2.8008066323101054e-05,,too_rare,,,
32258,0.0,,too_rare,,,
32259,0.0,,too_rare,,,
32260,0.0,,too_rare,,,
32261,0.0,,too_rare,,,
32262,0.0,,too_rare,,,
32263,0.0,,too_rare,,,
32264,5.601613264620211e-05,,too_rare,,,
32265,0.0,,too_rare,,,
32266,0.0,,too_rare,,,
32267,5.601613264620211e-05,,too_rare,,,
32268,0.0,,too_rare,,,
32269,0.0,,too_rare,,,
32270,0.0,,too_rare,,,
32271,0.0,,too_rare,,,
32272,2.8008066323101054e-05,,too_rare,,,
32273,0.0,,too_rare,,,
32274,0.0,,too_rare,,,
32275,0.0,,too_rare,,,
32276,2.8008066323101054e-05,,too_rare,,,
32277,0.0,,too_rare,,,
32278,0.0002800806632310105,,too_rare,,,
32279,2.8008066323101054e-05,,too_rare,,,
32280,2.8008066323101054e-05,,too_rare,,,
32281,0.0,,too_rare,,,
32282,0.0,,too_rare,,,
32283,0.0,,too_rare,,,
32284,0.0,,too_rare,,,
32285,0.0,,too_rare,,,
32286,0.0,,too_rare,,,
32287,0.0003080887295541116,,too_rare,,,
32288,0.0,,too_rare,,,
32289,5.601613264620211e-05,,too_rare,,,
32290,0.0,,too_rare,,,
32291,0.0,,too_rare,,,
32292,0.0,,too_rare,,,
32293,0.0,,too_rare,,,
32294,0.0,,too_rare,,,
32295,0.0,,too_rare,,,
32296,2.8008066323101054e-05,,too_rare,,,
32297,0.0,,too_rare,,,
32298,0.0,,too_rare,,,
32299,5.601613264620211e-05,,too_rare,,,
32300,0.0,,too_rare,,,
32301,0.0,,too_rare,,,
32302,8.402419896930316e-05,,too_rare,,,
32303,8.402419896930316e-05,,too_rare,,,
32304,0.0,,too_rare,,,
32306,0.0,,too_rare,,,
32307,0.0,,too_rare,,,
32308,0.0,,too_rare,,,
32309,2.8008066323101054e-05,,too_rare,,,
32310,2.8008066323101054e-05,,too_rare,,,
32311,0.0,,too_rare,,,
32312,2.8008066323101054e-05,,too_rare,,,
32313,0.0,,too_rare,,,
32314,0.0,,too_rare,,,
32315,0.002044588841586377,,too_rare,,,
32316,0.00016804839793860632,,too_rare,,,
32317,0.0,,too_rare,,,
32318,2.8008066323101054e-05,,too_rare,,,
32319,0.0,,too_rare,,,
32320,0.0,,too_rare,,,
32321,0.00033609679587721263,,too_rare,,,
32322,5.601613264620211e-05,,too_rare,,,
32323,2.8008066323101054e-05,,too_rare,,,
32324,0.0,,too_rare,,,
32325,0.0,,too_rare,,,
32326,0.0,,too_rare,,,
32327,0.000504145193815819,,too_rare,,,
32329,0.0,,too_rare,,,
32330,0.0,,too_rare,,,
32331,0.0,,too_rare,,,
32332,2.8008066323101054e-05,,too_rare,,,
32333,0.0,,too_rare,,,
32334,0.0,,too_rare,,,
32335,0.0,,too_rare,,,
32336,0.0,,too_rare,,,
32337,0.002464709836432893,,too_rare,,,
32338,5.601613264620211e-05,,too_rare,,,
32339,0.0,,too_rare,,,
32340,0.000980282321308537,,too_rare,,,
32341,0.0,,too_rare,,,
32342,0.0,,too_rare,,,
32343,2.8008066323101054e-05,,too_rare,,,
32344,2.8008066323101054e-05,,too_rare,,,
32345,0.0,,too_rare,,,
32346,0.0,,too_rare,,,
32347,0.0,,too_rare,,,
32349,0.0,,too_rare,,,
32350,2.8008066323101054e-05,,too_rare,,,
32351,0.0,,too_rare,,,
32352,0.0,,too_rare,,,
32353,0.0,,too_rare,,,
32354,0.0,,too_rare,,,
32355,0.0,,too_rare,,,
32356,0.00014004033161550526,,too_rare,,,
32357,0.0,,too_rare,,,
32358,5.601613264620211e-05,,too_rare,,,
32359,0.0,,too_rare,,,
32360,5.601613264620211e-05,,too_rare,,,
32361,2.8008066323101054e-05,,too_rare,,,
32362,0.0,,too_rare,,,
32363,0.0,,too_rare,,,
32364,2.8008066323101054e-05,,too_rare,,,
32365,0.0,,too_rare,,,
32366,0.0,,too_rare,,,
32367,0.0,,too_rare,,,
32368,0.0,,too_rare,,,
32369,0.0,,too_rare,,,
32370,2.8008066323101054e-05,,too_rare,,,
32371,0.0,,too_rare,,,
32372,0.0,,too_rare,,,
32373,0.0,,too_rare,,,
32374,0.0,,too_rare,,,
32375,0.0,,too_rare,,,
32376,0.0,,too_rare,,,
32377,0.0,,too_rare,,,
32378,0.0,,too_rare,,,
32379,2.8008066323101054e-05,,too_rare,,,
32380,2.8008066323101054e-05,,too_rare,,,
32381,0.0,,too_rare,,,
32382,0.0,,too_rare,,,
32383,2.8008066323101054e-05,,too_rare,,,
32385,0.0,,too_rare,,,
32386,0.0,,too_rare,,,
32387,0.0,,too_rare,,,
32388,0.0,,too_rare,,,
32389,0.0,,too_rare,,,
32390,5.601613264620211e-05,,too_rare,,,
32391,0.0,,too_rare,,,
32392,0.0,,too_rare,,,
32393,0.0,,too_rare,,,
32394,0.00014004033161550526,,too_rare,,,
32395,0.0,,too_rare,,,
32396,2.8008066323101054e-05,,too_rare,,,
32397,2.8008066323101054e-05,,too_rare,,,
32398,0.003529016356710733,,too_rare,,,
32399,0.0,,too_rare,,,
32400,0.0,,too_rare,,,
32401,0.0,,too_rare,,,
32402,0.0,,too_rare,,,
32403,0.0,,too_rare,,,
32404,0.0,,too_rare,,,
32405,0.0,,too_rare,,,
32406,0.0,,too_rare,,,
32407,0.0,,too_rare,,,
32408,0.0,,too_rare,,,
32409,0.0,,too_rare,,,
32410,0.0,,too_rare,,,
32411,0.0,,too_rare,,,
32412,0.0,,too_rare,,,
32413,0.0,,too_rare,,,
32414,0.0,,too_rare,,,
32415,0.0,,too_rare,,,
32416,0.00016804839793860632,,too_rare,,,
32417,0.0,,too_rare,,,
32418,8.402419896930316e-05,,too_rare,,,
32419,0.0,,too_rare,,,
32420,2.8008066323101054e-05,,too_rare,,,
32421,0.0,,too_rare,,,
32422,0.0,,too_rare,,,
32423,0.0,,too_rare,,,
32424,0.0,,too_rare,,,
32425,0.0,,too_rare,,,
32426,8.402419896930316e-05,,too_rare,,,
32427,0.0,,too_rare,,,
32428,2.8008066323101054e-05,,too_rare,,,
32429,0.0,,too_rare,,,
32430,0.0,,too_rare,,,
32431,0.0,,too_rare,,,
32432,0.0,,too_rare,,,
32433,0.0,,too_rare,,,
32434,0.0,,too_rare,,,
32435,2.8008066323101054e-05,,too_rare,,,
32436,0.0,,too_rare,,,
32437,0.0,,too_rare,,,
32438,2.8008066323101054e-05,,too_rare,,,
32439,0.0,,too_rare,,,
32440,0.0,,too_rare,,,
32441,0.0,,too_rare,,,
32442,0.0,,too_rare,,,
32443,2.8008066323101054e-05,,too_rare,,,
32444,2.8008066323101054e-05,,too_rare,,,
32445,0.0,,too_rare,,,
32446,0.0,,too_rare,,,
32447,0.0,,too_rare,,,
32448,0.0,,too_rare,,,
32449,0.0,,too_rare,,,
32450,0.0,,too_rare,,,
32451,2.8008066323101054e-05,,too_rare,,,
32452,0.0,,too_rare,,,
32453,0.0,,too_rare,,,
32454,0.0,,too_rare,,,
32455,0.0,,too_rare,,,
32456,0.0,,too_rare,,,
32457,0.0,,too_rare,,,
32458,0.0,,too_rare,,,
32459,0.0,,too_rare,,,
32460,0.0,,too_rare,,,
32461,0.0,,too_rare,,,
32462,0.0,,too_rare,,,
32463,5.601613264620211e-05,,too_rare,,,
32464,0.0,,too_rare,,,
32465,0.0,,too_rare,,,
32466,0.0,,too_rare,,,
32467,0.0,,too_rare,,,
32468,0.000504145193815819,,too_rare,,,
32469,0.0,,too_rare,,,
32470,0.0,,too_rare,,,
32471,0.0,,too_rare,,,
32472,0.0,,too_rare,,,
32473,0.0,,too_rare,,,
32474,0.0,,too_rare,,,
32475,0.0,,too_rare,,,
32476,0.0,,too_rare,,,
32477,0.0,,too_rare,,,
32478,5.601613264620211e-05,,too_rare,,,
32479,0.0,,too_rare,,,
32480,0.0,,too_rare,,,
32481,0.00011203226529240422,,too_rare,,,
32482,5.601613264620211e-05,,too_rare,,,
32483,0.0,,too_rare,,,
32484,0.0008402419896930316,,too_rare,,,
32485,0.0,,too_rare,,,
32486,0.0,,too_rare,,,
32487,2.8008066323101054e-05,,too_rare,,,
32488,0.0,,too_rare,,,
32489,0.0,,too_rare,,,
32490,0.0,,too_rare,,,
32491,0.0,,too_rare,,,
32492,0.0,,too_rare,,,
32493,0.0,,too_rare,,,
32494,0.0,,too_rare,,,
32495,0.0012043468518933454,,too_rare,,,
32496,5.601613264620211e-05,,too_rare,,,
32498,0.0,,too_rare,,,
32499,0.0,,too_rare,,,
32500,0.0,,too_rare,,,
32501,0.0,,too_rare,,,
32502,5.601613264620211e-05,,too_rare,,,
32503,0.0,,too_rare,,,
32504,0.0,,too_rare,,,
32505,0.0,,too_rare,,,
32506,2.8008066323101054e-05,,too_rare,,,
32507,0.0,,too_rare,,,
32508,0.0,,too_rare,,,
32509,2.8008066323101054e-05,,too_rare,,,
32510,0.0,,too_rare,,,
32511,0.00011203226529240422,,too_rare,,,
32512,0.0,,too_rare,,,
32513,0.0,,too_rare,,,
32514,0.0,,too_rare,,,
32515,0.0,,too_rare,,,
32516,0.0,,too_rare,,,
32517,0.0,,too_rare,,,
32518,2.8008066323101054e-05,,too_rare,,,
32519,0.0,,too_rare,,,
32520,0.0,,too_rare,,,
32521,0.0,,too_rare,,,
32522,0.0,,too_rare,,,
32523,2.8008066323101054e-05,,too_rare,,,
32524,0.0,,too_rare,,,
32525,0.0,,too_rare,,,
32526,0.0,,too_rare,,,
32527,0.00019605646426170737,,too_rare,,,
32528,0.0,,too_rare,,,
32529,0.0002520725969079095,,too_rare,,,
32530,0.0,,too_rare,,,
32531,2.8008066323101054e-05,,too_rare,,,
32532,0.0,,too_rare,,,
32533,0.0,,too_rare,,,
32534,0.001120322652924042,,too_rare,,,
32535,0.0,,too_rare,,,
32536,0.0,,too_rare,,,
32537,0.0,,too_rare,,,
32538,2.8008066323101054e-05,,too_rare,,,
32539,0.0,,too_rare,,,
32540,0.0,,too_rare,,,
32541,0.0,,too_rare,,,
32542,0.0,,too_rare,,,
32543,0.0,,too_rare,,,
32544,0.0,,too_rare,,,
32545,2.8008066323101054e-05,,too_rare,,,
32546,0.0,,too_rare,,,
32547,0.0,,too_rare,,,
32548,0.0,,too_rare,,,
32549,0.0,,too_rare,,,
32550,0.0,,too_rare,,,
32551,0.0,,too_rare,,,
32552,0.0,,too_rare,,,
32553,2.8008066323101054e-05,,too_rare,,,
32554,0.0,,too_rare,,,
32555,0.0,,too_rare,,,
32556,0.0009522742549854358,,too_rare,,,
32557,0.0,,too_rare,,,
32559,0.0,,too_rare,,,
32560,0.0,,too_rare,,,
32561,2.8008066323101054e-05,,too_rare,,,
32562,0.0006161774591082232,,too_rare,,,
32563,0.0,,too_rare,,,
32564,0.0,,too_rare,,,
32565,8.402419896930316e-05,,too_rare,,,
32566,0.0,,too_rare,,,
32567,0.0,,too_rare,,,
32568,0.0,,too_rare,,,
32569,0.0,,too_rare,,,
32570,0.0,,too_rare,,,
32571,0.0,,too_rare,,,
32572,0.0,,too_rare,,,
32573,0.0,,too_rare,,,
32574,0.0,,too_rare,,,
32575,0.0,,too_rare,,,
32576,0.0,,too_rare,,,
32577,0.0,,too_rare,,,
32578,0.007282097244006274,,too_rare,,,
32579,0.0,,too_rare,,,
32580,0.0,,too_rare,,,
32581,0.0,,too_rare,,,
32582,0.0,,too_rare,,,
32583,0.0,,too_rare,,,
32584,0.0,,too_rare,,,
32585,0.00014004033161550526,,too_rare,,,
32586,0.0,,too_rare,,,
32587,0.0,,too_rare,,,
32588,0.0,,too_rare,,,
32589,0.0,,too_rare,,,
32590,2.8008066323101054e-05,,too_rare,,,
32591,0.0,,too_rare,,,
32592,0.0,,too_rare,,,
32593,0.0,,too_rare,,,
32594,0.00016804839793860632,,too_rare,,,
32595,0.0,,too_rare,,,
32596,0.0,,too_rare,,,
32597,0.0,,too_rare,,,
32599,0.0,,too_rare,,,
32600,0.0,,too_rare,,,
32601,0.00016804839793860632,,too_rare,,,
32602,5.601613264620211e-05,,too_rare,,,
32603,0.0,,too_rare,,,
32604,0.0,,too_rare,,,
32605,0.0,,too_rare,,,
32606,0.0,,too_rare,,,
32607,0.0,,too_rare,,,
32608,0.0,,too_rare,,,
32609,0.00019605646426170737,,too_rare,,,
32610,0.0,,too_rare,,,
32611,0.0,,too_rare,,,
32612,0.0,,too_rare,,,
32613,0.0,,too_rare,,,
32614,2.8008066323101054e-05,,too_rare,,,
32615,0.0,,too_rare,,,
32616,0.0,,too_rare,,,
32617,0.0,,too_rare,,,
32618,0.0,,too_rare,,,
32619,0.0,,too_rare,,,
32620,0.00011203226529240422,,too_rare,,,
32621,0.0,,too_rare,,,
32622,0.0,,too_rare,,,
32623,2.8008066323101054e-05,,too_rare,,,
32624,0.0,,too_rare,,,
32625,0.0,,too_rare,,,
32626,0.0,,too_rare,,,
32627,0.0,,too_rare,,,
32628,0.0,,too_rare,,,
32629,5.601613264620211e-05,,too_rare,,,
32630,0.0,,too_rare,,,
32631,0.0,,too_rare,,,
32632,0.0,,too_rare,,,
32633,0.0,,too_rare,,,
32634,0.0,,too_rare,,,
32635,0.0,,too_rare,,,
32636,0.0,,too_rare,,,
32637,0.0,,too_rare,,,
32638,0.0006441855254313242,,too_rare,,,
32639,0.0,,too_rare,,,
32640,2.8008066323101054e-05,,too_rare,,,
32641,0.0,,too_rare,,,
32642,2.8008066323101054e-05,,too_rare,,,
32643,0.00014004033161550526,,too_rare,,,
32644,0.0,,too_rare,,,
32645,0.0,,too_rare,,,
32646,0.0,,too_rare,,,
32647,0.001652475913062962,,too_rare,,,
32648,0.0007002016580775263,,too_rare,,,
32649,0.0053215326013892,,too_rare,,,
32650,2.8008066323101054e-05,,too_rare,,,
32651,2.8008066323101054e-05,,too_rare,,,
32652,0.0,,too_rare,,,
32653,0.00019605646426170737,,too_rare,,,
32654,5.601613264620211e-05,,too_rare,,,
32655,2.8008066323101054e-05,,too_rare,,,
32656,0.00019605646426170737,,too_rare,,,
32658,0.0,,too_rare,,,
32659,2.8008066323101054e-05,,too_rare,,,
32660,0.0,,too_rare,,,
32661,0.0002520725969079095,,too_rare,,,
32662,0.0,,too_rare,,,
32664,0.0,,too_rare,,,
32665,0.0,,too_rare,,,
32666,0.0,,too_rare,,,
32667,0.0,,too_rare,,,
32668,8.402419896930316e-05,,too_rare,,,
32669,0.0,,too_rare,,,
32670,0.0,,too_rare,,,
32671,0.0,,too_rare,,,
32672,0.00106430652027784,,too_rare,,,
32673,0.0,,too_rare,,,
32674,0.0,,too_rare,,,
32675,0.001148330719247143,,too_rare,,,
32676,0.0,,too_rare,,,
32677,8.402419896930316e-05,,too_rare,,,
32678,0.0,,too_rare,,,
32679,5.601613264620211e-05,,too_rare,,,
32680,0.0,,too_rare,,,
32681,0.0,,too_rare,,,
32682,2.8008066323101054e-05,,too_rare,,,
32683,2.8008066323101054e-05,,too_rare,,,
32684,2.8008066323101054e-05,,too_rare,,,
32685,0.0,,too_rare,,,
32686,2.8008066323101054e-05,,too_rare,,,
32687,0.0,,too_rare,,,
32688,0.0,,too_rare,,,
32689,0.0,,too_rare,,,
32690,0.0,,too_rare,,,
32691,2.8008066323101054e-05,,too_rare,,,
32693,0.0,,too_rare,,,
32694,0.0,,too_rare,,,
32695,0.0,,too_rare,,,
32696,0.0,,too_rare,,,
32697,0.0,,too_rare,,,
32698,5.601613264620211e-05,,too_rare,,,
32699,0.0,,too_rare,,,
32700,0.0,,too_rare,,,
32701,0.0,,too_rare,,,
32702,2.8008066323101054e-05,,too_rare,,,
32703,0.0,,too_rare,,,
32705,0.0,,too_rare,,,
32706,0.0,,too_rare,,,
32707,0.0,,too_rare,,,
32708,0.0,,too_rare,,,
32709,0.0,,too_rare,,,
32710,0.0,,too_rare,,,
32711,0.0,,too_rare,,,
32712,0.0,,too_rare,,,
32713,0.0,,too_rare,,,
32714,0.0,,too_rare,,,
32715,2.8008066323101054e-05,,too_rare,,,
32716,0.0,,too_rare,,,
32717,8.402419896930316e-05,,too_rare,,,
32718,0.0,,too_rare,,,
32719,0.0,,too_rare,,,
32720,0.0,,too_rare,,,
32722,0.0,,too_rare,,,
32723,0.0,,too_rare,,,
32724,0.0,,too_rare,,,
32725,0.0,,too_rare,,,
32726,0.0,,too_rare,,,
32727,0.0,,too_rare,,,
32728,2.8008066323101054e-05,,too_rare,,,
32729,0.0,,too_rare,,,
32730,2.8008066323101054e-05,,too_rare,,,
32731,0.0,,too_rare,,,
32732,0.00011203226529240422,,too_rare,,,
32733,0.0,,too_rare,,,
32734,2.8008066323101054e-05,,too_rare,,,
32735,0.0,,too_rare,,,
32736,0.0,,too_rare,,,
32737,0.0,,too_rare,,,
32738,0.0,,too_rare,,,
32739,0.0,,too_rare,,,
32740,2.8008066323101054e-05,,too_rare,,,
32741,0.0,,too_rare,,,
32742,0.0,,too_rare,,,
32743,0.0,,too_rare,,,
32744,0.0,,too_rare,,,
32745,0.0,,too_rare,,,
32746,0.0018485323773246695,,too_rare,,,
32747,8.402419896930316e-05,,too_rare,,,
32748,0.0,,too_rare,,,
32749,0.0,,too_rare,,,
32750,0.0,,too_rare,,,
32751,0.0,,too_rare,,,
32752,2.8008066323101054e-05,,too_rare,,,
32753,0.0007562177907237285,,too_rare,,,
32754,0.000560161326462021,,too_rare,,,
32755,0.0,,too_rare,,,
32756,0.00011203226529240422,,too_rare,,,
32757,0.0,,too_rare,,,
32758,0.0,,too_rare,,,
32759,0.0,,too_rare,,,
32760,0.0,,too_rare,,,
32761,2.8008066323101054e-05,,too_rare,,,
32763,0.0,,too_rare,,,
32764,0.0,,too_rare,,,
32765,0.00033609679587721263,,too_rare,,,
32766,2.8008066323101054e-05,,too_rare,,,
32767,0.0,,too_rare,,,
