feature,activation_frequency,auroc,status,mean_active_positive,mean_active_negative,abs_auroc_gap
22431,0.41351109119426394,0.5888982018881036,ranked,2.339963912963867,1.503420114517212,0.0888982018881036
15369,0.20919224736724176,0.416675047074074,ranked,0.16344279050827026,0.7331991791725159,0.08332495292592601
25373,0.27187429979834193,0.5810955707726979,ranked,2.7457785606384277,1.6352758407592773,0.08109557077269791
29439,0.3884158637687654,0.41918646476130794,ranked,0.761516809463501,1.4515504837036133,0.08081353523869206
22244,0.45681156172977816,0.4252040831411906,ranked,1.6321861743927002,2.678553581237793,0.07479591685880937
31898,0.4319123907685413,0.5713002899710833,ranked,3.4593937397003174,2.4186630249023438,0.07130028997108329
9741,0.19532825453730673,0.5532159015826523,ranked,0.5375826358795166,0.3736283779144287,0.053215901582652325
8232,0.13920008962581223,0.5526616797401022,ranked,0.4974643886089325,0.2387377768754959,0.05266167974010216
28996,0.15390432444544028,0.463101259968416,ranked,0.41006961464881897,0.8202465772628784,0.036898740031584
3717,0.1969807304503697,0.46643691768525686,ranked,0.9443639516830444,1.5726991891860962,0.03356308231474314
18797,0.12113488684741205,0.46824357793428395,ranked,0.26669979095458984,0.5843707919120789,0.03175642206571605
13013,0.14160878332959892,0.46983456064736834,ranked,0.1953236609697342,0.3343614935874939,0.030165439352631662
25485,0.18944656060945553,0.470213285412681,ranked,0.9580626487731934,1.4850460290908813,0.02978671458731902
13496,0.16051422809769214,0.5296859531071046,ranked,0.4563317596912384,0.3137519955635071,0.029685953107104646
24338,0.13875196056464262,0.5291477394154332,ranked,0.20412854850292206,0.13773785531520844,0.02914773941543325
18036,0.41863656733139143,0.5278615603204201,ranked,1.8793741464614868,1.5509400367736816,0.027861560320420087
9288,0.16549966390320411,0.47285380743252714,ranked,0.6878924369812012,1.0758365392684937,0.02714619256747286
8513,0.13726753304951825,0.5268748796861081,ranked,1.447172999382019,0.8721823692321777,0.026874879686108133
11061,0.22101165135559042,0.5264596254438696,ranked,2.9078855514526367,2.0615522861480713,0.026459625443869594
30769,0.17703898722832176,0.5263858699950319,ranked,1.7993913888931274,1.2816381454467773,0.026385869995031896
17541,0.06570692359399508,0.5263835754934061,ranked,0.33449918031692505,0.16660141944885254,0.026383575493406086
6501,0.10211740981402644,0.5259860032367696,ranked,0.42120984196662903,0.26470324397087097,0.025986003236769584
27105,0.06719135110911943,0.5257335855903368,ranked,0.43355831503868103,0.21525084972381592,0.025733585590336783
22787,0.14698633206363432,0.5252598707044683,ranked,1.2932571172714233,0.9415379762649536,0.025259870704468335
11926,0.17474232578982746,0.47488876357221577,ranked,0.3832433223724365,0.6477581858634949,0.025111236427784234
3392,0.15586488908805737,0.4753018525014146,ranked,0.40743598341941833,0.6753325462341309,0.0246981474985854
1274,0.12698857270894018,0.5244273991151728,ranked,0.14428704977035522,0.10258792340755463,0.024427399115172777
28320,0.14558592874747928,0.4756366587643694,ranked,0.5883113145828247,0.8416459560394287,0.02436334123563061
29757,0.12362760475016805,0.4757145819493303,ranked,0.09537050873041153,0.1546926647424698,0.024285418050669694
837,0.23798453954738966,0.5241248029368543,ranked,2.3770194053649902,1.7999911308288574,0.02412480293685426
25439,0.08464037642841138,0.5240496966247583,ranked,0.7716277241706848,0.44015035033226013,0.02404969662475831
3117,0.07615393233251176,0.5238160674922514,ranked,0.38326916098594666,0.22477230429649353,0.023816067492251403
13684,0.07097244006273806,0.5237744182154919,ranked,0.49837926030158997,0.27684178948402405,0.023774418215491866
26159,0.09864440958996191,0.5235995165291291,ranked,0.35657528042793274,0.2368982434272766,0.02359951652912906
27760,0.1835088505489581,0.4765603066024849,ranked,0.3640140891075134,0.5128250122070312,0.023439693397515116
16034,0.21647434461124804,0.4765634969988705,ranked,1.6580787897109985,2.1650757789611816,0.023436503001129483
13063,0.05834080215101949,0.5234172454764675,ranked,0.298632949590683,0.15060587227344513,0.023417245476467508
7914,0.12320748375532153,0.5233352865524163,ranked,0.3751859664916992,0.2958272397518158,0.023335286552416346
8704,0.09982074837553215,0.5232666621372024,ranked,0.2730993628501892,0.1848122775554657,0.02326666213720241
16385,0.20440286802599147,0.4768358686649511,ranked,0.21540428698062897,0.2799625098705292,0.02316413133504891
12947,0.12021062065874973,0.5229625213127466,ranked,0.17061908543109894,0.1210169717669487,0.022962521312746564
29422,0.1193983867353798,0.5226415691214206,ranked,0.951158344745636,0.5978887677192688,0.02264156912142057
15243,0.11825005601613264,0.5221104271006108,ranked,0.5608867406845093,0.37994855642318726,0.02211042710061084
30484,0.060273358727313465,0.5221010581196757,ranked,0.3166445195674896,0.1690492331981659,0.022101058119675665
25216,0.07839457763835984,0.5217447981260959,ranked,0.5330776572227478,0.3151985704898834,0.021744798126095866
16228,0.09329486892224961,0.4783871286962765,ranked,0.26869094371795654,0.46205976605415344,0.021612871303723524
13256,0.12110687878108896,0.4785977088999657,ranked,0.37843382358551025,0.5765528082847595,0.021402291100034276
20764,0.05184293076406005,0.5213934922339462,ranked,0.20658551156520844,0.11017455905675888,0.021393492233946154
10273,0.07752632758234372,0.5209375239279728,ranked,0.10435303300619125,0.06465242058038712,0.020937523927972768
14177,0.10438606318619763,0.5205880688027404,ranked,0.3643661439418793,0.24608252942562103,0.020588068802740445
1826,0.0774423033833744,0.5205496464321843,ranked,0.5052039623260498,0.31142398715019226,0.020549646432184265
11017,0.15208380013443873,0.5202677063853942,ranked,0.5223628878593445,0.41359251737594604,0.020267706385394213
3287,0.07814250504145194,0.5202003092617475,ranked,0.42987847328186035,0.2754732072353363,0.02020030926174754
488,0.05985323773246695,0.4798679275877081,ranked,0.10073037445545197,0.3146682679653168,0.020132072412291924
3991,0.09172641720815596,0.5201292443056367,ranked,0.11062100529670715,0.0738157108426094,0.020129244305636673
27851,0.11864216894465605,0.47994494645256686,ranked,0.30615702271461487,0.4923323690891266,0.020055053547433144
22111,0.045177010979162,0.519740296791342,ranked,0.17055480182170868,0.08095680177211761,0.019740296791342038
26432,0.17799126148330718,0.5197246340795086,ranked,0.21205931901931763,0.1725749969482422,0.01972463407950864
16679,0.07931884382702219,0.5195720988692157,ranked,0.22775058448314667,0.1339566558599472,0.019572098869215737
971,0.10598252296661438,0.5194872753286917,ranked,0.4458225667476654,0.33406615257263184,0.019487275328691656
26930,0.09920457091642393,0.5193911674460221,ranked,0.5275447368621826,0.34325385093688965,0.019391167446022095
13140,0.13485883934573156,0.4806151206679809,ranked,0.630131185054779,0.9012054800987244,0.0193848793320191
14897,0.09125028008066323,0.48099565126505056,ranked,0.24729515612125397,0.3285653591156006,0.01900434873494944
16878,0.11673762043468519,0.5187379309776163,ranked,0.6072454452514648,0.4314647912979126,0.018737930977616335
9599,0.1864216894465606,0.5185969665711164,ranked,0.21401171386241913,0.17800548672676086,0.018596966571116424
6652,0.10004481290611696,0.5185069867209411,ranked,0.29699426889419556,0.22704650461673737,0.018506986720941088
5034,0.10889536186421689,0.48182146402527004,ranked,0.3582875430583954,0.5562297701835632,0.01817853597472996
15992,0.0692639480170289,0.48208741277186673,ranked,0.0946233943104744,0.20423485338687897,0.01791258722813327
2722,0.14160878332959892,0.5178867972545337,ranked,0.73199063539505,0.5214157104492188,0.017886797254533682
20693,0.05189894689670625,0.5178592828941551,ranked,0.34404322504997253,0.18624886870384216,0.01785928289415506
27233,0.10155724848756442,0.48221615481474844,ranked,0.2772827446460724,0.47533535957336426,0.017783845185251557
5107,0.04607326910150123,0.5175907110575724,ranked,0.4447675049304962,0.22528459131717682,0.017590711057572372
17184,0.21048061841810442,0.5175779438551347,ranked,0.5186658501625061,0.48283687233924866,0.01757794385513467
7795,0.06035738292628277,0.5171630856039967,ranked,0.22952909767627716,0.1360052078962326,0.01716308560399671
32622,0.08357606990813354,0.5171542361858532,ranked,0.11093897372484207,0.07686193287372589,0.01715423618585321
18522,0.054867801926954965,0.4828512824135286,ranked,0.0789298340678215,0.18746744096279144,0.017148717586471407
22604,0.045401075509746806,0.5169873161073496,ranked,0.3814943730831146,0.18996700644493103,0.016987316107349604
22403,0.03677459108223168,0.5169590575083778,ranked,0.13965937495231628,0.061243634670972824,0.016959057508377784
31108,0.1569852117409814,0.5169121143080382,ranked,1.1500194072723389,0.8474361896514893,0.016912114308038184
12318,0.09727201434012996,0.4834383967934629,ranked,0.27877578139305115,0.5108656287193298,0.0165616032065371
12088,0.11332063634326686,0.5165486309874304,ranked,0.1296410709619522,0.09927377104759216,0.016548630987430424
10044,0.042460228545821196,0.516543856626642,ranked,0.25963109731674194,0.12403891980648041,0.01654385662664204
25036,0.079542908357607,0.4836975856068727,ranked,0.11046980321407318,0.23125353455543518,0.016302414393127296
7016,0.09463925610575846,0.5161073396282101,ranked,0.7579559087753296,0.5423697829246521,0.016107339628210093
15980,0.14947904996639033,0.4841727749276903,ranked,0.6982976198196411,0.9721345901489258,0.015827225072309714
15439,0.10743894241541564,0.5158214930309163,ranked,0.752993106842041,0.5837677717208862,0.01582149303091629
5856,0.23641608783329598,0.4842452441075626,ranked,1.0495933294296265,1.250726342201233,0.01575475589243741
14402,0.04935021286130405,0.48429663869722545,ranked,0.05017997324466705,0.1516110599040985,0.015703361302774554
5371,0.09533945776383598,0.4843337214383133,ranked,0.21429593861103058,0.36119168996810913,0.015666278561686675
29367,0.08984987676450817,0.48433742578059563,ranked,0.07040134072303772,0.10562822222709656,0.015662574219404368
22224,0.03817499439838674,0.5156621950789888,ranked,0.16075919568538666,0.07900208234786987,0.015662195078988805
20043,0.1567611472103966,0.5155851537465498,ranked,0.8917816281318665,0.7573071122169495,0.015585153746549785
4616,0.08629285234147434,0.48443245802786405,ranked,0.12825113534927368,0.24039722979068756,0.015567541972135945
26449,0.09889648218686982,0.5153964344983762,ranked,0.1075524389743805,0.08084581047296524,0.015396434498376244
26388,0.045793188438270224,0.5153951678885436,ranked,0.1691606193780899,0.09040483087301254,0.01539516788854356
17848,0.041900067219359176,0.5151993910117457,ranked,0.05988900363445282,0.032331641763448715,0.015199391011745722
16039,0.08912166704010756,0.48492808161285594,ranked,0.15672567486763,0.2726535499095917,0.015071918387144057
22995,0.05142280976921353,0.48503903494912987,ranked,0.13895981013774872,0.33717823028564453,0.014960965050870134
26531,0.09996078870714765,0.4851896295221846,ranked,0.33101582527160645,0.44424235820770264,0.014810370477815415
26524,0.05441967286578535,0.5147560888040992,ranked,0.3967275321483612,0.23305237293243408,0.014756088804099177
28324,0.19544028680259914,0.48539448610982294,ranked,1.0853450298309326,1.234602928161621,0.014605513890177058
4428,0.053103293748599595,0.48554469873401485,ranked,0.05178161710500717,0.11741811782121658,0.014455301265985154
25369,0.11399282993502129,0.5143954251648042,ranked,0.36661821603775024,0.27487194538116455,0.014395425164804188
28653,0.07564978713869594,0.4856218636381447,ranked,0.16892477869987488,0.26387420296669006,0.01437813636185531
3884,0.04307640600492942,0.5143556772070172,ranked,0.29503196477890015,0.15881814062595367,0.014355677207017248
21616,0.07377324669504817,0.5142933128213313,ranked,0.0880209356546402,0.06264422833919525,0.014293312821331283
9788,0.07464149675106431,0.514228544404566,ranked,0.2534025311470032,0.1889384537935257,0.014228544404566001
15219,0.11250840241989693,0.5142155019742713,ranked,0.4461332857608795,0.385879784822464,0.01421550197427135
26337,0.05497983419224737,0.514134997826037,ranked,0.1827133446931839,0.11084428429603577,0.014134997826036999
2976,0.1169056688326238,0.48596327817812,ranked,0.11343854665756226,0.14896844327449799,0.014036721821879983
15927,0.0903260138920009,0.48597715752577664,ranked,0.1692882478237152,0.27851077914237976,0.014022842474223363
26053,0.07223280304727761,0.4859853497672,ranked,0.050414569675922394,0.08014322072267532,0.014014650232800019
13795,0.08195160206139368,0.4859994116639454,ranked,0.21369080245494843,0.31939971446990967,0.014000588336054609
8003,0.08674098140264395,0.5138732083902212,ranked,0.10685168951749802,0.08030487596988678,0.013873208390221214
11722,0.04094779296437374,0.5138390127331866,ranked,0.2960037887096405,0.15421520173549652,0.013839012733186551
12230,0.07324109343490925,0.48617250190165595,ranked,0.12568122148513794,0.16893331706523895,0.013827498098344049
29489,0.07097244006273806,0.48636232206125846,ranked,0.08077242225408554,0.13251501321792603,0.013637677938741544
8747,0.061561729778176116,0.48640016589162505,ranked,0.04700840637087822,0.07857675105333328,0.013599834108374953
14138,0.10721487788483083,0.4864136801411037,ranked,0.18586960434913635,0.2562052309513092,0.0135863198588963
564,0.12964933900963477,0.48642161400535483,ranked,0.5378962159156799,0.704218327999115,0.01357838599464517
30463,0.03363768765404437,0.5130351901170687,ranked,0.15625,0.07921469956636429,0.013035190117068662
7630,0.14684629173201882,0.5130202323255635,ranked,0.6073723435401917,0.4739242196083069,0.013020232325563486
2888,0.03332959892449025,0.5130014101102675,ranked,0.14690399169921875,0.07969559729099274,0.013001410110267453
22086,0.046493390096347745,0.5129509788181047,ranked,0.2500278055667877,0.12619690597057343,0.012950978818104697
18052,0.07290499663903204,0.4870627544902807,ranked,0.12685264647006989,0.20172184705734253,0.012937245509719308
8120,0.05556800358503249,0.4870945320739986,ranked,0.03860227018594742,0.07029443234205246,0.01290546792600139
15531,0.22496078870714767,0.5128894962849407,ranked,0.5313917994499207,0.517762303352356,0.012889496284940738
26806,0.03769885727089402,0.5128529780418049,ranked,0.2890000343322754,0.15389710664749146,0.012852978041804852
18264,0.025179251624467845,0.5127778211776536,ranked,0.1379586011171341,0.0603676401078701,0.012777821177653581
2711,0.04584920457091642,0.48724960331240436,ranked,0.09899809956550598,0.21476712822914124,0.012750396687595644
16443,0.02442303383374412,0.5126827215276444,ranked,0.13500532507896423,0.05914982035756111,0.01268272152764438
10213,0.2339513779968631,0.5126610403127704,ranked,0.6926029920578003,0.6811797022819519,0.012661040312770377
8672,0.247507282097244,0.48737407370660435,ranked,0.676863431930542,0.7668066620826721,0.01262592629339565
3430,0.03750280080663231,0.5126001054268732,ranked,0.18407011032104492,0.09978426247835159,0.012600105426873176
11902,0.07492157741429532,0.48742556378348295,ranked,0.43236082792282104,0.686881422996521,0.012574436216517049
9939,0.037418776607663004,0.51255520677633,ranked,0.1964011937379837,0.10997309535741806,0.012555206776330041
769,0.06946000448129061,0.48749448027723913,ranked,0.21924260258674622,0.33022862672805786,0.012505519722760872
7658,0.06495070580327134,0.4875802390307882,ranked,0.2815850079059601,0.42261552810668945,0.012419760969211824
4218,0.07018821420569124,0.5124046037779326,ranked,0.26807841658592224,0.19217883050441742,0.012404603777932621
11157,0.1306296213309433,0.5124023064678592,ranked,0.6081029772758484,0.48967471718788147,0.012402306467859225
6166,0.16071028456195385,0.5123215299002151,ranked,1.2316339015960693,1.0696020126342773,0.012321529900215067
21367,0.03629845395473896,0.5122979698339484,ranked,0.11144786328077316,0.058543045073747635,0.012297969833948375
6430,0.06965606094555232,0.48770554915079734,ranked,0.1454702466726303,0.267765074968338,0.012294450849202665
30021,0.059405108671297335,0.5122343219877444,ranked,0.06065736338496208,0.04324635863304138,0.012234321987744434
11898,0.03106094555231907,0.5122061279830656,ranked,0.3082309067249298,0.15010491013526917,0.01220612798306564
8750,0.03828702666367914,0.487881009718217,ranked,0.0786629170179367,0.210844948887825,0.012118990281782982
15886,0.16426730898498768,0.5121127611451779,ranked,1.0981870889663696,0.9364453554153442,0.012112761145177897
16867,0.041087833295989244,0.4879224399360699,ranked,0.03882716968655586,0.11358767747879028,0.012077560063930126
4586,0.12976137127492718,0.5120756362773772,ranked,0.16256895661354065,0.13766281306743622,0.012075636277377177
27785,0.03923930091866457,0.5120754509198407,ranked,0.04752364754676819,0.028605163097381592,0.012075450919840747
14575,0.06528680259914856,0.4879309467236157,ranked,0.2666760981082916,0.4001077711582184,0.0120690532763843
22128,0.06495070580327134,0.48803144140131555,ranked,0.24682296812534332,0.3799574077129364,0.011968558598684453
7470,0.03867913959220255,0.48804233817770315,ranked,0.019902557134628296,0.04652475193142891,0.01195766182229685
15026,0.08259578758682501,0.48805696176395313,ranked,0.15508496761322021,0.22562997043132782,0.011943038236046866
23118,0.07755433564866682,0.4880679456022138,ranked,0.3063334822654724,0.42916765809059143,0.011932054397786218
16300,0.09189446560609456,0.4880778116783605,ranked,0.24574652314186096,0.33201920986175537,0.011922188321639493
26625,0.06576293972664127,0.48808124640968065,ranked,0.2633291780948639,0.4177585542201996,0.011918753590319353
31139,0.17065314810665472,0.4881200170277297,ranked,1.1359249353408813,1.4015840291976929,0.011879982972270275
13044,0.0691519157517365,0.48813747995442497,ranked,0.16241730749607086,0.2365601658821106,0.011862520045575031
15502,0.029884606766748825,0.5118188177936764,ranked,0.12544742226600647,0.06566526740789413,0.01181881779367644
18140,0.06324221375756217,0.4881843866449468,ranked,0.10045169293880463,0.15606482326984406,0.011815613355053212
14409,0.08662894913735156,0.488189467126515,ranked,0.06993072479963303,0.09695889800786972,0.011810532873484991
3425,0.15334416311897828,0.5118078227216255,ranked,0.6858673691749573,0.5443106889724731,0.011807822721625505
15893,0.045177010979162,0.5116697004640184,ranked,0.049275849014520645,0.0321323536336422,0.011669700464018384
5550,0.08116737620434686,0.5116498672076141,ranked,0.23588837683200836,0.17647533118724823,0.011649867207614073
793,0.1250280080663231,0.5115776002359635,ranked,0.13148021697998047,0.11148349195718765,0.011577600235963548
5677,0.0347019941743222,0.5115543125891064,ranked,0.10599426925182343,0.0618826225399971,0.011554312589106441
1715,0.04820188214205691,0.5115332941678475,ranked,0.18624700605869293,0.1122242733836174,0.011533294167847541
202,0.04879005153484203,0.5114810542354804,ranked,0.07506785541772842,0.048071473836898804,0.011481054235480403
5718,0.06965606094555232,0.4885775271713928,ranked,0.11700958758592606,0.20075568556785583,0.0114224728286072
22743,0.03590634102621555,0.5112578949953376,ranked,0.062275584787130356,0.03611145541071892,0.01125789499533758
11093,0.03475801030696841,0.5111849174864638,ranked,0.11447227746248245,0.06323440372943878,0.011184917486463775
30111,0.021902307864665023,0.511138027646627,ranked,0.14855144917964935,0.06298639625310898,0.011138027646626969
4356,0.06293412502800806,0.5110999366728786,ranked,0.30920836329460144,0.225433811545372,0.011099936672878563
10035,0.06450257674210172,0.48890069803626157,ranked,0.17983686923980713,0.2872786521911621,0.011099301963738428
25701,0.0452890432444544,0.4889271816963994,ranked,0.05395367741584778,0.11821775138378143,0.011072818303600573
18192,0.04391664799462245,0.4889858613989358,ranked,0.09642402827739716,0.15141570568084717,0.011014138601064205
18280,0.06391440734931661,0.4890384608125859,ranked,0.27068689465522766,0.41010698676109314,0.010961539187414104
20124,0.22025543356486668,0.48908748507253963,ranked,0.21463124454021454,0.24316616356372833,0.01091251492746037
7476,0.08085928747479273,0.5108507880593618,ranked,0.22845719754695892,0.1692396104335785,0.010850788059361793
3412,0.12177907237284338,0.510776687171479,ranked,0.2819993197917938,0.22718408703804016,0.01077668717147895
13484,0.09973672417656285,0.4893065467877472,ranked,0.08936170488595963,0.11334028095006943,0.01069345321225279
25928,0.05918104414071253,0.5106789728568265,ranked,0.28409698605537415,0.1987680047750473,0.010678972856826507
1975,0.04632534169840914,0.5106645795632735,ranked,0.22418467700481415,0.14132720232009888,0.01066457956327349
5437,0.05159085816715214,0.48933947021805413,ranked,0.10386528074741364,0.19561882317066193,0.010660529781945871
16774,0.10973560385390993,0.5106212452180002,ranked,0.3373420536518097,0.2527044415473938,0.01062124521800023
27762,0.06181380237508403,0.5106197118056529,ranked,0.31486353278160095,0.24424581229686737,0.01061971180565291
21558,0.036634550750616175,0.5106181025652224,ranked,0.04824308678507805,0.02989519201219082,0.010618102565222443
4275,0.10393793412502801,0.5105996201720764,ranked,0.117312952876091,0.09556075930595398,0.010599620172076385
16952,0.029912614833071925,0.5105494219810581,ranked,0.14578446745872498,0.07599148154258728,0.010549421981058127
29582,0.041171857494958546,0.4894578799825004,ranked,0.054978568106889725,0.11294480413198471,0.010542120017499601
8338,0.059237060273358726,0.48948832636209255,ranked,0.041925232857465744,0.06394453346729279,0.010511673637907448
7155,0.04926618866233475,0.4894899271771804,ranked,0.09359576553106308,0.16792939603328705,0.010510072822819627
29480,0.06408245574725521,0.5104822439163185,ranked,0.41909125447273254,0.3087560534477234,0.010482243916318468
28784,0.0451209948465158,0.48955260330054146,ranked,0.09214744716882706,0.1989106386899948,0.010447396699458544
18805,0.02016580775263276,0.5103808252593838,ranked,0.03529927879571915,0.015304403379559517,0.010380825259383775
7281,0.07550974680708043,0.4896293357037529,ranked,0.27818548679351807,0.3909595012664795,0.010370664296247112
3018,0.03534617969975353,0.4896514578448881,ranked,0.051832396537065506,0.13696828484535217,0.010348542155111884
1952,0.16311897826574054,0.4897694238746258,ranked,0.42801421880722046,0.6175111532211304,0.010230576125374202
19204,0.05436365673313914,0.48978932453377083,ranked,0.14409896731376648,0.2478857785463333,0.010210675466229169
8903,0.059237060273358726,0.5102022753996893,ranked,0.16709676384925842,0.1281791627407074,0.01020227539968932
29097,0.033217566659197846,0.489814429246175,ranked,0.03833803907036781,0.10638337582349777,0.01018557075382498
8044,0.06937598028232131,0.5101839587049473,ranked,0.0749606341123581,0.05705017223954201,0.01018395870494726
25417,0.15065538875196058,0.48982303713783165,ranked,0.1487279236316681,0.1754182130098343,0.010176962862168348
13147,0.027812009858839346,0.5101346255157658,ranked,0.04380544647574425,0.023319998756051064,0.010134625515765827
6026,0.05954514900291284,0.4898801890449157,ranked,0.11011404544115067,0.1716981679201126,0.010119810955084296
31751,0.04828590634102622,0.48997713665339465,ranked,0.11080188304185867,0.1967567801475525,0.010022863346605349
12896,0.12623235491821644,0.5099937509795864,ranked,0.138244166970253,0.11990867555141449,0.009993750979586435
28887,0.050946672641720814,0.4900125062414938,ranked,0.17663240432739258,0.2876736521720886,0.009987493758506216
12523,0.025375308088729554,0.49005034164651773,ranked,0.0278035718947649,0.10755587369203568,0.009949658353482271
16353,0.04019157517365001,0.5099439375458787,ranked,0.1526045799255371,0.09294690191745758,0.009943937545878745
25821,0.038623123459556354,0.509919183889415,ranked,0.05675206705927849,0.03501736372709274,0.00991918388941504
7463,0.11780192695496303,0.5098920936046122,ranked,0.12576954066753387,0.10849364101886749,0.009892093604612184
2477,0.11107999103741878,0.4901343086105473,ranked,0.09816247969865799,0.11978761106729507,0.009865691389452702
22677,0.07438942415415639,0.5098454705672901,ranked,0.09149481356143951,0.06982646137475967,0.009845470567290127
16490,0.03781088953618642,0.4901546024523454,ranked,0.08735410124063492,0.19699499011039734,0.009845397547654622
28299,0.04741765628501008,0.5098217082928019,ranked,0.16475370526313782,0.10093502700328827,0.009821708292801934
2073,0.05100268877436702,0.4901833188282635,ranked,0.07969450205564499,0.12643736600875854,0.009816681171736508
27085,0.06198185077302263,0.5097798174895553,ranked,0.06911631673574448,0.05115608870983124,0.009779817489555254
28359,0.041591978489805066,0.49022756311053406,ranked,0.08175051212310791,0.14336103200912476,0.00977243688946594
6309,0.1062626036298454,0.5096563862209387,ranked,0.9312698245048523,0.6998876333236694,0.009656386220938673
29566,0.07903876316379117,0.5096473879550762,ranked,0.425370454788208,0.36004072427749634,0.009647387955076248
20039,0.09097019941743222,0.4903979263457003,ranked,0.16564680635929108,0.23952502012252808,0.009602073654299714
13682,0.10550638583912167,0.509571672209868,ranked,0.385465532541275,0.2736514210700989,0.009571672209867987
2164,0.029464485771902308,0.49048798483240624,ranked,0.04041982814669609,0.12100056558847427,0.009512015167593757
3702,0.061785794308760925,0.5094738680248948,ranked,0.07624705880880356,0.05664005130529404,0.009473868024894805
15293,0.06318619762491598,0.5094192774219513,ranked,0.07389547675848007,0.055397097021341324,0.009419277421951255
22797,0.03811897826574053,0.4905888895434444,ranked,0.06619470566511154,0.1167699322104454,0.009411110456555627
4658,0.10029688550302487,0.49060103046208436,ranked,0.3251626491546631,0.38114336133003235,0.009398969537915636
29809,0.10399395025767422,0.49060956814255297,ranked,0.25645238161087036,0.35129204392433167,0.009390431857447035
31159,0.10343378893121219,0.5093816863518618,ranked,0.14455489814281464,0.12129107117652893,0.009381686351861762
30755,0.020053775487340355,0.5093550706946905,ranked,0.03033837117254734,0.014057467691600323,0.009355070694690548
12773,0.03327358279184405,0.49069789100869005,ranked,0.0202211681753397,0.043359991163015366,0.009302108991309954
8619,0.03248935693479722,0.5092853313258101,ranked,0.04221687093377113,0.02556018903851509,0.009285331325810109
29997,0.1065706923593995,0.5092785657757283,ranked,0.1804758459329605,0.1605001837015152,0.009278565775728276
23700,0.02319067891552767,0.509275442782083,ranked,0.07232527434825897,0.039179593324661255,0.009275442782083032
7598,0.07912278736276047,0.49075721946260425,ranked,0.11831506341695786,0.1580801010131836,0.009242780537395745
11328,0.09536746583015909,0.49076523758028123,ranked,0.19126547873020172,0.20299132168293,0.009234762419718767
16119,0.08189558592874747,0.50922308489492,ranked,0.08280021697282791,0.06722734868526459,0.009223084894919964
4993,0.03302151019493614,0.5091760068890994,ranked,0.1266266256570816,0.07466636598110199,0.009176006889099364
22657,0.028624243782209277,0.49088168704835666,ranked,0.03950725495815277,0.11527054011821747,0.009118312951643337
10903,0.20123795653148108,0.5090993783984461,ranked,0.617484986782074,0.629161536693573,0.0090993783984461
15329,0.045149002912838895,0.4909297901375232,ranked,0.09604619443416595,0.15169571340084076,0.009070209862476808
10743,0.04358055119874524,0.5090479388736229,ranked,0.12999455630779266,0.08754008263349533,0.009047938873622874
1677,0.09427515124355815,0.4909522492923611,ranked,0.17109553515911102,0.20301584899425507,0.009047750707638913
1151,0.0716726417208156,0.49095954844747225,ranked,0.31696534156799316,0.44055286049842834,0.00904045155252775
9029,0.04178803495406677,0.5090143863510708,ranked,0.046236682683229446,0.03203669935464859,0.009014386351070769
7560,0.0798790051534842,0.491013608253834,ranked,0.24507400393486023,0.2812926769256592,0.008986391746166
20155,0.3377492717902756,0.49105497106894636,ranked,0.8073238134384155,0.956642210483551,0.008945028931053645
5522,0.11861416087833296,0.4910714229545336,ranked,0.40819838643074036,0.4662625193595886,0.008928577045466402
22343,0.12852901635671074,0.5089133412176564,ranked,1.108319640159607,0.9006222486495972,0.008913341217656412
7653,0.05539995518709388,0.4910983840507501,ranked,0.1082693412899971,0.15807944536209106,0.008901615949249875
5549,0.0346179699753529,0.49111254143471134,ranked,0.0921570286154747,0.18420344591140747,0.008887458565288664
21438,0.042124131749943984,0.5088443348535796,ranked,0.05439746007323265,0.03811592981219292,0.008844334853579605
15770,0.02576742101725297,0.49122736200322387,ranked,0.03403828293085098,0.09708473086357117,0.008772637996776134
20117,0.11889424154156397,0.5087301265266272,ranked,0.13785576820373535,0.12438683956861496,0.008730126526627191
6493,0.047529688550302485,0.5086944255417203,ranked,0.185812309384346,0.12309535592794418,0.008694425541720285
30038,0.04097580103069684,0.49131385657002374,ranked,0.09882299602031708,0.15443922579288483,0.008686143429976256
7419,0.0505825677795205,0.5086611005034175,ranked,0.18100304901599884,0.10494230687618256,0.008661100503417507
24809,0.03276943759802823,0.4914023984950675,ranked,0.050337400287389755,0.10707331448793411,0.008597601504932495
527,0.033441631189782654,0.4914167805548305,ranked,0.05084945634007454,0.10173032432794571,0.008583219445169488
21225,0.027784001792516246,0.49144103711608295,ranked,0.07310149818658829,0.16466262936592102,0.008558962883917054
5865,0.060441407125252075,0.5085459288789647,ranked,0.3604065179824829,0.2710493206977844,0.00854592887896466
26611,0.1749943983867354,0.5084906389725882,ranked,1.2821589708328247,1.0908712148666382,0.008490638972588171
17504,0.027868025991485548,0.4915227910234647,ranked,0.04300176352262497,0.13620012998580933,0.008477208976535311
11740,0.042124131749943984,0.5084653264350674,ranked,0.049366652965545654,0.03456202894449234,0.008465326435067366
18631,0.06721935917544253,0.4915392344837094,ranked,0.1659095734357834,0.23310241103172302,0.008460765516290603
30075,0.03299350212861304,0.4915624182180081,ranked,0.09543335437774658,0.19658654928207397,0.008437581781991887
31520,0.04063970423481963,0.4915928393215726,ranked,0.028119327500462532,0.046437233686447144,0.008407160678427394
9530,0.03786690566883262,0.49164370873154867,ranked,0.060073088854551315,0.13977645337581635,0.008356291268451332
19261,0.04926618866233475,0.5083289678825043,ranked,0.14525994658470154,0.09986291825771332,0.008328967882504257
5849,0.021930315930988126,0.508290851632728,ranked,0.08915696293115616,0.04730871692299843,0.008290851632728025
22075,0.07590185973560386,0.4917405271514416,ranked,0.5633848309516907,0.7166784405708313,0.00825947284855838
8498,0.06733139144073493,0.4917419903526008,ranked,0.15771257877349854,0.24598781764507294,0.0082580096473992
11218,0.06786354470087386,0.4917819545608468,ranked,0.22508877515792847,0.27907371520996094,0.008218045439153221
5557,0.08267981178579431,0.5081895031869813,ranked,0.08342859894037247,0.06947805732488632,0.008189503186981306
11072,0.02980058256777952,0.49193249296495134,ranked,0.08818370848894119,0.17530417442321777,0.00806750703504866
26377,0.02716782433340802,0.5080555514739451,ranked,0.03869929164648056,0.02329975552856922,0.0080555514739451
23500,0.06845171409365898,0.5080516617741263,ranked,0.08604991436004639,0.06793015450239182,0.008051661774126306
13366,0.026551646874299797,0.49200262832493225,ranked,0.02495802380144596,0.10249558836221695,0.007997371675067755
15916,0.05455971319740085,0.5079852925422732,ranked,0.05858645215630531,0.046622660011053085,0.007985292542273204
8150,0.0958716110239749,0.4920259974167675,ranked,0.20678149163722992,0.23464645445346832,0.007974002583232498
13763,0.03114496975128837,0.4921304183041039,ranked,0.04619744420051575,0.08359158784151077,0.007869581695896077
25428,0.07797445664351334,0.5078298955239547,ranked,0.08336976915597916,0.07032719254493713,0.007829895523954744
26168,0.02904436477705579,0.49220326100749656,ranked,0.09234008938074112,0.16782787442207336,0.007796738992503438
8488,0.07920681156172978,0.4922267087358625,ranked,0.39365777373313904,0.5094931125640869,0.007773291264137505
220,0.03262939726641273,0.49227408443712056,ranked,0.048646118491888046,0.07931029051542282,0.007725915562879437
27018,0.031088953618642168,0.4923234260516446,ranked,0.07694809883832932,0.15048003196716309,0.007676573948355414
28565,0.23750840241989693,0.4923445680445944,ranked,2.334054470062256,2.382005214691162,0.007655431955405578
10685,0.06847972215998208,0.5076343994919091,ranked,0.247158020734787,0.19688475131988525,0.0076343994919091385
16939,0.05912502800806632,0.5076110556761017,ranked,0.21358729898929596,0.15661917626857758,0.007611055676101652
28731,0.051282769437598026,0.5075427766999332,ranked,0.1284809708595276,0.09992525726556778,0.007542776699933196
6954,0.12390768541339905,0.49245952622703537,ranked,0.2713010013103485,0.330565869808197,0.007540473772964629
32474,0.04820188214205691,0.5075182589530611,ranked,0.17869040369987488,0.1294209510087967,0.00751825895306113
3606,0.025039211292852342,0.5075045621544937,ranked,0.05835813656449318,0.0356246642768383,0.007504562154493688
18922,0.060189334528344164,0.49250368625588015,ranked,0.19491010904312134,0.2221595197916031,0.0074963137441198535
24634,0.11934237060273359,0.49252565954929667,ranked,0.42624664306640625,0.432821124792099,0.007474340450703332
14762,0.048650011203226526,0.5074526564273815,ranked,0.1785384714603424,0.1549120545387268,0.0074526564273814655
17763,0.024843154828590633,0.49254904268336963,ranked,0.03097422607243061,0.09049183130264282,0.007450957316630369
10194,0.040779744566435135,0.49257206633615963,ranked,0.15376466512680054,0.2444407045841217,0.007427933663840369
31158,0.0585368586152812,0.5073963330123165,ranked,0.06306841224431992,0.04952157288789749,0.007396333012316458
1222,0.05551198745238629,0.492604546031758,ranked,0.04581913724541664,0.0653098002076149,0.007395453968241983
17449,0.04576518037194712,0.4926147996736629,ranked,0.06714069098234177,0.11080143600702286,0.007385200326337105
5139,0.03033273582791844,0.4926159399033571,ranked,0.029783660545945168,0.09794007986783981,0.007384060096642886
3541,0.09738404660542237,0.49262900760967954,ranked,0.1793096363544464,0.20594681799411774,0.007370992390320463
3368,0.048341922473672416,0.49266027405594826,ranked,0.10257215052843094,0.17744694650173187,0.007339725944051745
878,0.03139704234819628,0.4926627454897681,ranked,0.04377581924200058,0.07825592905282974,0.0073372545102319275
9736,0.0638583912166704,0.4927380624354282,ranked,0.14374174177646637,0.17338132858276367,0.007261937564571774
25320,0.04439278512211517,0.49274265986402266,ranked,0.07911557704210281,0.14143440127372742,0.0072573401359773415
27081,0.07352117409814027,0.49274540090880453,ranked,0.3088347911834717,0.35541340708732605,0.007254599091195468
18506,0.03946336544924938,0.5072030949720793,ranked,0.046955887228250504,0.034600500017404556,0.007203094972079271
20914,0.05394353573829263,0.49280646779173526,ranked,0.10118061304092407,0.13902559876441956,0.007193532208264741
27832,0.07049630293524535,0.5071435446508106,ranked,0.07074423134326935,0.058498311787843704,0.007143544650810574
8016,0.03789491373515572,0.49287474395945624,ranked,0.062385693192481995,0.09572606533765793,0.007125256040543759
26606,0.02548734035402196,0.49291603375493304,ranked,0.03843208774924278,0.0761503204703331,0.007083966245066964
22555,0.0398834864440959,0.4929504877891398,ranked,0.09480147808790207,0.14724557101726532,0.007049512210860198
4439,0.0505265516468743,0.5070384806289917,ranked,0.14655306935310364,0.09507277607917786,0.007038480628991706
16524,0.08366009410710284,0.5070346386727808,ranked,0.2745644748210907,0.262594610452652,0.0070346386727807575
18490,0.10326574053327359,0.492973674331886,ranked,0.34833332896232605,0.3606834411621094,0.0070263256681140085
29572,0.04416872059153036,0.5070166589917414,ranked,0.22771789133548737,0.14740337431430817,0.00701665899174142
22526,0.031172977817611473,0.49299129453164264,ranked,0.04291249066591263,0.07791854441165924,0.007008705468357357
15420,0.028512211516916873,0.4929965266693772,ranked,0.019055521115660667,0.034861356019973755,0.007003473330622789
31735,0.02148218686981851,0.49300115218244683,ranked,0.038327716290950775,0.10622993856668472,0.0069988478175531665
19355,0.06399843154828591,0.4930446409923337,ranked,0.1702096164226532,0.22643516957759857,0.006955359007666306
4432,0.09405108671297334,0.5069474251434151,ranked,0.30084148049354553,0.283572256565094,0.006947425143415065
8292,0.023834864440958996,0.49307181272211453,ranked,0.0129005191847682,0.028657443821430206,0.006928187277885467
16593,0.031313018149226976,0.4931192165078478,ranked,0.07336104661226273,0.12398083508014679,0.006880783492152209
5755,0.0186253641048622,0.5068713162155536,ranked,0.11744847148656845,0.061834078282117844,0.006871316215553591
27558,0.02372283217566659,0.49312883544061265,ranked,0.02657463774085045,0.07153893262147903,0.006871164559387355
13367,0.05506385839121667,0.5068566252265632,ranked,0.20297573506832123,0.14400288462638855,0.006856625226563162
7287,0.04296437373963702,0.5068398250934831,ranked,0.06251074373722076,0.04552006721496582,0.006839825093483132
16622,0.02447904996639032,0.49316816213127107,ranked,0.03395399451255798,0.08188386261463165,0.006831837868728929
17970,0.07293300470535515,0.5068127123411004,ranked,0.6591641306877136,0.5146604776382446,0.006812712341100369
30530,0.03279744566435133,0.49323637651314667,ranked,0.06535578519105911,0.10511358827352524,0.006763623486853332
7020,0.025879453282545373,0.4932373370021993,ranked,0.055571299046278,0.11781982332468033,0.006762662997800706
22432,0.018765404436477704,0.49323738474580714,ranked,0.008598647080361843,0.02403644099831581,0.006762615254192861
26387,0.01938158189558593,0.49325057602382066,ranked,0.026926826685667038,0.0884433165192604,0.006749423976179336
3621,0.035850324893569346,0.49325104503455697,ranked,0.08435339480638504,0.11996390670537949,0.0067489549654430325
19870,0.018709388303831502,0.5067302787894181,ranked,0.06645116209983826,0.035195108503103256,0.00673027878941812
31201,0.01758906565090746,0.5067293885115534,ranked,0.07561446726322174,0.03468192741274834,0.006729388511553358
196,0.055007842258570465,0.5067129113499385,ranked,0.06895967572927475,0.0534014068543911,0.006712911349938455
27755,0.09231458660094106,0.4932914866788818,ranked,0.24931581318378448,0.2816990911960602,0.006708513321118215
32077,0.0531873179475689,0.4933091939405116,ranked,0.08663582056760788,0.11548425257205963,0.006690806059488408
26089,0.05268317275375308,0.5066568154191229,ranked,0.05747182294726372,0.04517555981874466,0.006656815419122886
5879,0.025879453282545373,0.49334380524777965,ranked,0.0842248722910881,0.17069967091083527,0.006656194752220346
28098,0.07018821420569124,0.5066176460015257,ranked,0.14332309365272522,0.11508262157440186,0.006617646001525701
30606,0.05906901187542012,0.4934010357913944,ranked,0.1197548508644104,0.1622416079044342,0.006598964208605618
18097,0.016888863992829933,0.5065484739390449,ranked,0.133382648229599,0.06230137124657631,0.0065484739390448965
6673,0.012995742773918888,0.5065337099304188,ranked,0.06296855956315994,0.028254326432943344,0.006533709930418796
3976,0.010839121667040107,0.5065332128352072,ranked,0.038181524723768234,0.014032403007149696,0.006533212835207247
3932,0.037278736276047504,0.5065322748137346,ranked,0.1255059838294983,0.0877341777086258,0.00653227481373464
6318,0.04232018821420569,0.49347040163675426,ranked,0.06778722256422043,0.10520367324352264,0.006529598363245737
24322,0.021930315930988126,0.5065259782743893,ranked,0.09047956764698029,0.048718784004449844,0.006525978274389277
1605,0.025207259690790948,0.4934814360270704,ranked,0.015050566755235195,0.028417639434337616,0.006518563972929603
16462,0.06416647994622451,0.4935138511283758,ranked,0.1092953234910965,0.13851480185985565,0.006486148871624187
29995,0.016944880125476135,0.5064793355779345,ranked,0.07721168547868729,0.03883028030395508,0.006479335577934453
14411,0.03876316379117186,0.4935271350851575,ranked,0.09371895343065262,0.14159949123859406,0.006472864914842502
25586,0.015096347748151467,0.5064653719768524,ranked,0.024590758606791496,0.012471563182771206,0.006465371976852374
7612,0.0901859735603854,0.5064287919478708,ranked,0.4759584367275238,0.4109993577003479,0.006428791947870827
195,0.02445104190006722,0.4936121524085605,ranked,0.01374106202274561,0.026809614151716232,0.0063878475914395105
11706,0.04075173650011203,0.506387167947139,ranked,0.08184488862752914,0.06630723178386688,0.006387167947139005
2370,0.038455075061617744,0.5063834158612488,ranked,0.13597238063812256,0.09689345210790634,0.006383415861248798
31223,0.06570692359399508,0.4936339459613356,ranked,0.054836735129356384,0.06733248382806778,0.006366054038664415
28741,0.020894017477033386,0.4936409530379044,ranked,0.021109120920300484,0.05790190026164055,0.006359046962095605
20146,0.03691463141384719,0.5063515062804974,ranked,0.10776184499263763,0.07623329013586044,0.00635150628049741
29736,0.019913735155724848,0.4936518470058444,ranked,0.029199743643403053,0.07135648280382156,0.006348152994155587
19802,0.03881917992381806,0.5063429433240012,ranked,0.04776022210717201,0.03412807360291481,0.0063429433240012045
22019,0.06579094779296438,0.49368083580117234,ranked,0.15397228300571442,0.19507010281085968,0.006319164198827665
2152,0.17717902755993725,0.49369942210687673,ranked,1.064677357673645,1.0729589462280273,0.006300577893123271
30506,0.02848420345059377,0.49372961853463926,ranked,0.033090848475694656,0.08584901690483093,0.0062703814653607415
25166,0.028792292180147883,0.49373539551119316,ranked,0.03310593590140343,0.08014928549528122,0.006264604488806835
4592,0.020557920681156173,0.5062566369231852,ranked,0.0828244611620903,0.04191390052437782,0.006256636923185233
26383,0.03912726865337217,0.49378794437278783,ranked,0.10474199056625366,0.16549639403820038,0.006212055627212165
15585,0.04444880125476137,0.4938008267215739,ranked,0.23437897861003876,0.3483193814754486,0.006199173278426118
24707,0.023302711180820074,0.4938198427197491,ranked,0.050928279757499695,0.10029895603656769,0.0061801572802508975
32383,0.08281985211740982,0.5061230840096974,ranked,0.27141836285591125,0.21437697112560272,0.00612308400969741
31080,0.05674434237060273,0.5061174221794917,ranked,0.24567966163158417,0.18894439935684204,0.006117422179491738
28914,0.010671073269101501,0.5061149732132523,ranked,0.055588021874427795,0.02220635674893856,0.006114973213252273
17841,0.04422473672417656,0.5061082947250435,ranked,0.052198462188243866,0.03980165719985962,0.006108294725043484
15688,0.025851445216222273,0.5060842740733829,ranked,0.0994454026222229,0.07548096776008606,0.006084274073382856
822,0.11934237060273359,0.5060490140147372,ranked,0.22214926779270172,0.19640204310417175,0.006049014014737231
12820,0.036242437822092764,0.4939665588267753,ranked,0.06658847630023956,0.12165243178606033,0.006033441173224685
8203,0.04363656733139144,0.4939728188563031,ranked,0.0628446638584137,0.09101463854312897,0.00602718114369688
26436,0.017729105982522968,0.5060227044783457,ranked,0.08954564481973648,0.046744514256715775,0.006022704478345742
19386,0.028624243782209277,0.49399703890773766,ranked,0.06262689083814621,0.11893080174922943,0.006002961092262338
10933,0.06293412502800806,0.4940418196034849,ranked,0.16501815617084503,0.20411637425422668,0.005958180396515078
23698,0.035290163567107326,0.49404547058526416,ranked,0.07393230497837067,0.141138955950737,0.005954529414735843
3934,0.029436477705579205,0.5059393694150088,ranked,0.03446314111351967,0.02447110414505005,0.005939369415008833
10847,0.02716782433340802,0.505917845473196,ranked,0.11337824165821075,0.07776925712823868,0.0059178454731959595
30573,0.01655276719695272,0.5058921734543922,ranked,0.020384758710861206,0.011332932859659195,0.005892173454392191
4080,0.03954738964821869,0.4941225203430459,ranked,0.06093558669090271,0.09779723733663559,0.005877479656954121
8368,0.04414071252520726,0.4941459961558869,ranked,0.03023977018892765,0.041775915771722794,0.005854003844113109
29602,0.04439278512211517,0.4941542333324705,ranked,0.034713152796030045,0.045516487210989,0.005845766667529506
22319,0.03526215550078422,0.4941712665666949,ranked,0.09231141954660416,0.1141941100358963,0.005828733433305089
10691,0.02148218686981851,0.494175695488438,ranked,0.03719153255224228,0.09883581846952438,0.005824304511562017
13336,0.025319291956083352,0.4942138033128717,ranked,0.0840892642736435,0.14911769330501556,0.00578619668712832
16031,0.03335760699081335,0.4942462099888345,ranked,0.05483516305685043,0.09103546291589737,0.005753790011165494
5090,0.048650011203226526,0.5057488302928407,ranked,0.13929253816604614,0.10280349850654602,0.005748830292840679
22889,0.020894017477033386,0.49426583542012215,ranked,0.040734563022851944,0.08172809332609177,0.005734164579877854
16029,0.024086937037866907,0.49427073896949647,ranked,0.09716804325580597,0.17274783551692963,0.00572926103050353
2985,0.07021622227201434,0.4942809392508985,ranked,0.17134234309196472,0.23594430088996887,0.005719060749101501
10430,0.027671969527223842,0.505714092605434,ranked,0.03626463934779167,0.024189423769712448,0.005714092605433985
25319,0.10306968406901187,0.5057112504565413,ranked,0.43271294236183167,0.3520367443561554,0.005711250456541306
23714,0.059881245798790055,0.5056941357773387,ranked,0.2576114237308502,0.20816557109355927,0.0056941357773386825
29132,0.059965269997759356,0.4943197098689476,ranked,0.163726806640625,0.2144562005996704,0.005680290131052423
32091,0.03299350212861304,0.5056591902648155,ranked,0.11494840681552887,0.08272077888250351,0.005659190264815539
29255,0.025403316155052653,0.5056395086645774,ranked,0.14173787832260132,0.08483297377824783,0.005639508664577408
2901,0.023750840241989694,0.4943779767296982,ranked,0.06705504655838013,0.09427622705698013,0.0056220232703018125
25797,0.02181828366569572,0.5055993310143196,ranked,0.02450631372630596,0.01643969863653183,0.005599331014319642
11625,0.05951714093658974,0.5055884033450091,ranked,0.14096523821353912,0.11620066314935684,0.005588403345009096
19981,0.015264396146090074,0.4944279895631799,ranked,0.021795177832245827,0.07391031831502914,0.005572010436820096
14976,0.02235043692583464,0.4944317837757829,ranked,0.02889392338693142,0.08491970598697662,0.005568216224217104
26823,0.05722047949809545,0.5055635598182245,ranked,0.25603505969047546,0.1921897679567337,0.005563559818224539
5402,0.016720815594891327,0.5055631188919637,ranked,0.0730983167886734,0.04366811364889145,0.005563118891963703
19485,0.11682164463365449,0.5055626133714096,ranked,0.837092936038971,0.7553824782371521,0.005562613371409619
24990,0.042432220479498094,0.5055582939791199,ranked,0.18217311799526215,0.12989196181297302,0.005558293979119888
31641,0.05385951153932333,0.4944439275028705,ranked,0.10292752832174301,0.12616145610809326,0.005556072497129527
12053,0.03946336544924938,0.49444710666546604,ranked,0.08841928094625473,0.15258963406085968,0.005552893334533959
2958,0.2703058480842483,0.5055417044796041,ranked,0.8115556836128235,0.9208742380142212,0.005541704479604115
8014,0.10413399058928971,0.49446113205239367,ranked,0.21544240415096283,0.26743394136428833,0.00553886794760633
29873,0.0451209948465158,0.5055226379293732,ranked,0.1427517980337143,0.09567613899707794,0.005522637929373242
3206,0.023078646650235266,0.5055172653692629,ranked,0.1270880252122879,0.071226105093956,0.0055172653692628915
7656,0.014984315482859063,0.49449147732787496,ranked,0.014242826960980892,0.06969890743494034,0.005508522672125038
15884,0.02450705803271342,0.4945022645748091,ranked,0.09435862302780151,0.16764158010482788,0.005497735425190886
18482,0.01910150123235492,0.5054825670001215,ranked,0.10333874076604843,0.06084975600242615,0.005482567000121508
7579,0.024170961236836208,0.49452483045065293,ranked,0.05954228714108467,0.09025564789772034,0.00547516954934707
22614,0.037754873403540216,0.4945782274633994,ranked,0.0720052719116211,0.11588937044143677,0.005421772536600589
32625,0.03419784898050639,0.4945952943989941,ranked,0.08301317691802979,0.1112903282046318,0.005404705601005921
22759,0.04024759130629621,0.49459618467685873,ranked,0.11954007297754288,0.15173432230949402,0.00540381532314127
28204,0.11642953170513108,0.4946076178667229,ranked,0.31935736536979675,0.37891098856925964,0.005392382133277085
19179,0.025431324221375756,0.5053864141822915,ranked,0.16266386210918427,0.07778604328632355,0.005386414182291466
12017,0.11836208828142505,0.4946236372513917,ranked,0.22511030733585358,0.2537803649902344,0.00537636274860831
9014,0.04136791395922026,0.49464105805137415,ranked,0.20243336260318756,0.26241379976272583,0.0053589419486258505
25749,0.022266412726865338,0.5053393417933659,ranked,0.08076716214418411,0.060409389436244965,0.005339341793365926
2655,0.026831727537530808,0.5053325734348365,ranked,0.14899471402168274,0.10679903626441956,0.005332573434836507
91,0.06968406901187542,0.4946708388289034,ranked,0.5419401526451111,0.6381735801696777,0.005329161171096608
20115,0.02529128388976025,0.49468382228180025,ranked,0.050440020859241486,0.10379434376955032,0.005316177718199755
18523,0.027475913062962133,0.4946989541970518,ranked,0.04182887449860573,0.07120835781097412,0.005301045802948212
945,0.04366457539771454,0.49470294219253386,ranked,0.09752219915390015,0.13079503178596497,0.005297057807466143
21411,0.08125140040331616,0.4947133334483674,ranked,0.1863422840833664,0.2108614146709442,0.005286666551632624
3681,0.06329822989020838,0.4947139176054521,ranked,0.38884031772613525,0.5033531785011292,0.00528608239454792
11548,0.012155500784225858,0.5052473230102891,ranked,0.12261705845594406,0.052048396319150925,0.005247323010289073
7081,0.023414743446112482,0.5052419251741508,ranked,0.03865630924701691,0.027442511171102524,0.0052419251741507855
2275,0.02338673537978938,0.494771417760029,ranked,0.04218892753124237,0.07223454862833023,0.005228582239971025
9097,0.060189334528344164,0.505223358527579,ranked,0.16943830251693726,0.12625505030155182,0.005223358527579047
30609,0.23243894241541563,0.49480300717776277,ranked,1.9125953912734985,1.895264744758606,0.005196992822237234
2060,0.03324557472552095,0.49480845556595654,ranked,0.06342965364456177,0.10686392337083817,0.00519154443404346
30563,0.038791171857494956,0.4948089245766928,ranked,0.08978316187858582,0.1339637190103531,0.005191075423307212
1048,0.11536522518485323,0.5051692734451897,ranked,0.3357566297054291,0.30597972869873047,0.005169273445189693
7864,0.028232130853685863,0.494837646569506,ranked,0.041904985904693604,0.07511366903781891,0.005162353430493982
12277,0.07873067443423706,0.5051548408333711,ranked,0.3890138864517212,0.3230319023132324,0.005154840833371144
25908,0.03666255881693928,0.5051360888292629,ranked,0.18897205591201782,0.14975035190582275,0.005136088829262864
24149,0.017196952722384046,0.49486837098540293,ranked,0.024606356397271156,0.06588156521320343,0.005131629014597072
5066,0.0955355142280977,0.49487652952545597,ranked,0.16333311796188354,0.23349830508232117,0.005123470474544034
32693,0.08900963477481515,0.4948852862648313,ranked,0.184962198138237,0.21180970966815948,0.005114713735168697
29216,0.0293244454402868,0.4948869235897369,ranked,0.030418481677770615,0.08059107512235641,0.0051130764102630955
18248,0.0688998431548286,0.4948994661163727,ranked,0.4661622941493988,0.5566921830177307,0.005100533883627301
18445,0.013219807304503697,0.5050951809826493,ranked,0.062344275414943695,0.03168001025915146,0.005095180982649272
27358,0.0690958996190903,0.5050860844211236,ranked,0.19515277445316315,0.15483613312244415,0.005086084421123571
1790,0.035290163567107326,0.4949215657899277,ranked,0.06971947848796844,0.09565325081348419,0.0050784342100723134
19628,0.02840017925162447,0.5050674700309442,ranked,0.031291015446186066,0.02306164614856243,0.00506747003094421
32550,0.01814922697736948,0.505065459182518,ranked,0.02351025864481926,0.014139363542199135,0.005065459182517995
20277,0.02873627604750168,0.4949354928811921,ranked,0.06635938584804535,0.11515571922063828,0.005064507118807904
7206,0.019577638359847636,0.4949450050929511,ranked,0.028274083510041237,0.055327754467725754,0.005054994907048915
2395,0.02610351781313018,0.49494936942040113,ranked,0.06055722385644913,0.0941743403673172,0.005050630579598869
29325,0.057640600492941965,0.4949557951483327,ranked,0.18828348815441132,0.25225433707237244,0.005044204851667289
25388,0.018709388303831502,0.4949619316061696,ranked,0.03461023420095444,0.0802074447274208,0.005038068393830419
19713,0.032909477929643736,0.5050297441553736,ranked,0.080143041908741,0.05896388739347458,0.0050297441553736055
3586,0.03215326013892001,0.4949762041364792,ranked,0.022482868283987045,0.0330146960914135,0.005023795863520808
9878,0.019773694824109345,0.5050198499947515,ranked,0.10962999612092972,0.05485479533672333,0.0050198499947514685
7637,0.03229330047053552,0.5050175442593356,ranked,0.14269040524959564,0.1102997437119484,0.005017544259335649
4254,0.02498319516020614,0.5050078017548797,ranked,0.14344953000545502,0.08656156063079834,0.005007801754879693
26148,0.016636791395922026,0.49499726749289846,ranked,0.019378775730729103,0.059885017573833466,0.005002732507101537
2991,0.03383374411830607,0.5050003706027351,ranked,0.07518238574266434,0.06240634247660637,0.00500037060273506
5309,0.033861752184629175,0.5049971268458465,ranked,0.10842905938625336,0.09265010058879852,0.004997126845846522
20635,0.04223616401523639,0.49501197814102155,ranked,0.09763072431087494,0.11874062567949295,0.004988021858978453
27815,0.04150795429083576,0.4950204315680645,ranked,0.06548818945884705,0.09991969168186188,0.004979568431935477
19911,0.03884718799014116,0.4950292163919151,ranked,0.08139446377754211,0.12581096589565277,0.004970783608084894
19801,0.0688998431548286,0.4950301824978629,ranked,0.16394227743148804,0.19483818113803864,0.004969817502137097
10549,0.02024983195160206,0.49503662507647955,ranked,0.0260657649487257,0.05674680322408676,0.004963374923520447
13453,0.03271342146538203,0.49503841686599903,ranked,0.02437221258878708,0.03586670011281967,0.004961583134000969
8834,0.033945776383598476,0.5049549102626874,ranked,0.10816967487335205,0.08022727817296982,0.004954910262687351
29547,0.054391664799462246,0.495069099155183,ranked,0.04485549032688141,0.055683430284261703,0.00493090084481701
603,0.04232018821420569,0.5049230400002013,ranked,0.2202519178390503,0.16904184222221375,0.004923040000201273
31371,0.019521622227201434,0.49507942300827595,ranked,0.038584645837545395,0.07905673235654831,0.004920576991724046
1627,0.11382478153708268,0.49508687381955335,ranked,0.2827029526233673,0.36602136492729187,0.0049131261804466475
4151,0.029632534169840914,0.5049000388149916,ranked,0.1782061904668808,0.11346853524446487,0.00490003881499157
25498,0.024927179027559938,0.4951102429113886,ranked,0.015767011791467667,0.026047274470329285,0.004889757088611391
10710,0.06046941519157517,0.5048857999860522,ranked,0.15513232350349426,0.13442213833332062,0.004885799986052208
10737,0.018961460900739413,0.49512514734239077,ranked,0.0420922115445137,0.0785103291273117,0.00487485265760923
12324,0.02817611472103966,0.49513221058791007,ranked,0.04934700205922127,0.11921419948339462,0.004867789412089929
13489,0.06046941519157517,0.49513888907611875,ranked,0.3298642635345459,0.36078396439552307,0.004861110923881251
3026,0.10186533721711853,0.4951402006211117,ranked,0.0980064868927002,0.11153662949800491,0.004859799378888308
19237,0.02075397714541788,0.4951580174121949,ranked,0.03043621964752674,0.05185068026185036,0.004841982587805105
31763,0.05766860855926507,0.49516469870885105,ranked,0.21207565069198608,0.27613532543182373,0.004835301291148952
4715,0.019269549630293526,0.5048280330289605,ranked,0.10523468255996704,0.04842395335435867,0.00482803302896051
28104,0.02798005825677795,0.504790447575766,ranked,0.12629762291908264,0.08580513298511505,0.004790447575765966
24829,0.03402980058256778,0.5047757622036705,ranked,0.04151491820812225,0.03158976882696152,0.004775762203670486
28651,0.10769101501232355,0.5047588750087174,ranked,0.47001445293426514,0.41555801033973694,0.004758875008717411
30109,0.037670849204570915,0.5047452540382331,ranked,0.13212934136390686,0.09667859971523285,0.004745254038233115
15465,0.015796549406228995,0.5047447653683641,ranked,0.017994757741689682,0.01080013532191515,0.004744765368364101
10878,0.029856598700425722,0.495255799129588,ranked,0.05659128352999687,0.09057415276765823,0.0047442008704119965
28465,0.016076630069460005,0.49525815260861183,ranked,0.008497986942529678,0.01833002083003521,0.004741847391388165
26401,0.01646874299798342,0.504734565086962,ranked,0.0240800604224205,0.01496567577123642,0.004734565086962017
3908,0.02050190454850997,0.49527746630222447,ranked,0.01346066314727068,0.025093691423535347,0.004722533697775533
18189,0.1460340578086489,0.5047145857912867,ranked,0.4022653102874756,0.36410924792289734,0.004714585791286696
28825,0.09119426394801702,0.4952933003293567,ranked,0.18260729312896729,0.22622790932655334,0.0047066996706432995
4527,0.024030920905220705,0.5047031245169471,ranked,0.06718102842569351,0.04765205457806587,0.004703124516947099
17682,0.04302038987228322,0.49530148695388504,ranked,0.06523013859987259,0.08716534823179245,0.0046985130461149605
19417,0.01624467846739861,0.504689607459021,ranked,0.0746019035577774,0.04390960559248924,0.004689607459021028
30181,0.14046045261035178,0.49531254942867636,ranked,0.42104536294937134,0.46739473938941956,0.004687450571323637
12424,0.03145305848084248,0.5046855520607983,ranked,0.029148127883672714,0.022881221026182175,0.004685552060798348
24278,0.017393009186645755,0.5046694091044387,ranked,0.08102894574403763,0.05720571056008339,0.004669409104438693
15034,0.02478713869594443,0.4953439815733489,ranked,0.02851969003677368,0.06735824048519135,0.004656018426651087
20957,0.045569123907685416,0.4953546873753049,ranked,0.12229150533676147,0.15263956785202026,0.004645312624695086
5474,0.03428187317947569,0.4953640479308976,ranked,0.09845119714736938,0.12986065447330475,0.004635952069102389
27341,0.019017477033385615,0.4953828757630888,ranked,0.03180849552154541,0.062069714069366455,0.004617124236911185
28264,0.04302038987228322,0.504610072225182,ranked,0.046957410871982574,0.039573587477207184,0.004610072225181949
7534,0.018961460900739413,0.49541035642209713,ranked,0.03277887776494026,0.07223474234342575,0.004589643577902869
12379,0.010615057136455299,0.504559155071598,ranked,0.09225533157587051,0.04009430110454559,0.004559155071597987
21813,0.05251512435581447,0.4954633181254776,ranked,0.25053417682647705,0.3023923635482788,0.004536681874522386
30317,0.017140936589737844,0.49548542060748024,ranked,0.021391509100794792,0.06080765649676323,0.0045145793925197575
31799,0.0292684293076406,0.5045018178069771,ranked,0.19494128227233887,0.1396259218454361,0.004501817806977115
17268,0.02688774367017701,0.5044970771475591,ranked,0.04786822572350502,0.03498196229338646,0.004497077147559092
24949,0.03537418776607663,0.4955218770647706,ranked,0.12833167612552643,0.15757332742214203,0.004478122935229423
22480,0.03652251848532377,0.49552610096984456,ranked,0.025152144953608513,0.03390750661492348,0.004473899030155437
3229,0.07100044812906117,0.4955268002732777,ranked,0.1695975959300995,0.18870922923088074,0.004473199726722277
18614,0.022966614384942862,0.4955305607845104,ranked,0.0362124890089035,0.05793739855289459,0.00446943921548959
25429,0.014788259018597356,0.5044530097974826,ranked,0.06214885413646698,0.0358162447810173,0.004453009797482643
29912,0.03346963925610576,0.49554825681235004,ranked,0.08188973367214203,0.10341595113277435,0.004451743187649959
9172,0.018485323773246694,0.5044430931692805,ranked,0.021630560979247093,0.014193576760590076,0.004443093169280488
26694,0.029884606766748825,0.49557913850130814,ranked,0.06264930218458176,0.09128828346729279,0.004420861498691864
8688,0.03055680035850325,0.495595180353557,ranked,0.06804659962654114,0.0888725221157074,0.0044048196464430145
2223,0.0239468967062514,0.5043940913769067,ranked,0.08691616356372833,0.05857947841286659,0.004394091376906717
9454,0.027223840466054222,0.4956146597455735,ranked,0.060888007283210754,0.07538088411092758,0.004385340254426495
13162,0.01809321084472328,0.49562540767424235,ranked,0.010711295530200005,0.0202789343893528,0.0043745923257576536
4670,0.016916872059153036,0.4956311144396083,ranked,0.02465384639799595,0.06053195148706436,0.004368885560391722
29785,0.0531313018149227,0.4956444601822354,ranked,0.1626889854669571,0.19332773983478546,0.004355539817764598
15117,0.019549630293524536,0.4956445977961641,ranked,0.012319338507950306,0.022841647267341614,0.004355402203835901
30497,0.09108223168272463,0.4956543880442277,ranked,0.2756425142288208,0.28244245052337646,0.004345611955772322
32233,0.06198185077302263,0.49566608241971166,ranked,0.2754433751106262,0.313613623380661,0.004333917580288338
21300,0.035038090970199415,0.495669126776826,ranked,0.06517840921878815,0.15609857439994812,0.004330873223173992
3960,0.012995742773918888,0.5043298930749887,ranked,0.016525741666555405,0.009336328133940697,0.0043298930749886555
21730,0.01145529912614833,0.5043271744977866,ranked,0.014277263544499874,0.008231012150645256,0.004327174497786634
7122,0.020978041676002687,0.4956915241458185,ranked,0.06546033918857574,0.11347140371799469,0.004308475854181482
4351,0.03554223616401524,0.4956970427452003,ranked,0.0819907933473587,0.10815031826496124,0.0043029572547996775
6010,0.045008962581223395,0.5043017215378895,ranked,0.21262428164482117,0.17402826249599457,0.004301721537889547
13599,0.042124131749943984,0.5042978374549661,ranked,0.1187029555439949,0.1009541004896164,0.004297837454966147
2344,0.1196784673986108,0.4957040357795316,ranked,0.2723827362060547,0.30129754543304443,0.004295964220468407
32761,0.03248935693479722,0.49571760338951315,ranked,0.0787016823887825,0.10392322391271591,0.004282396610486849
26876,0.08853349764732243,0.4957185357940906,ranked,0.17530854046344757,0.21166150271892548,0.004281464205909413
25918,0.01893345283441631,0.4957239617147042,ranked,0.03581211715936661,0.07209432870149612,0.0042760382852958245
5201,0.0584528344163119,0.4957345523703117,ranked,0.24880117177963257,0.2988779544830322,0.004265447629688279
30496,0.03086488908805736,0.5042552754327614,ranked,0.02864924818277359,0.022205490618944168,0.004255275432761385
19069,0.04313242213757562,0.5042481504013969,ranked,0.0428498275578022,0.03685653954744339,0.004248150401396922
8090,0.040303607438942415,0.5042372817094846,ranked,0.18675898015499115,0.14362211525440216,0.004237281709484564
27667,0.01436813802375084,0.49576929286616583,ranked,0.014758778735995293,0.03455285355448723,0.004230707133834166
22159,0.03092090522070356,0.5042215796793857,ranked,0.1224881038069725,0.08206957578659058,0.004221579679385745
22467,0.0533273582791844,0.49579180538150663,ranked,0.04744776338338852,0.056441497057676315,0.004208194618493366
28181,0.08590073941295093,0.4958399084706732,ranked,0.07742992043495178,0.08733876794576645,0.0041600915293267815
12044,0.03285346179699754,0.5041548116479843,ranked,0.0929524302482605,0.07121864706277847,0.004154811647984258
14706,0.036242437822092764,0.5041517307810521,ranked,0.09305447340011597,0.07231388986110687,0.004151730781052132
15864,0.023526775711404886,0.5041410642973615,ranked,0.11011815816164017,0.06915026903152466,0.004141064297361496
21276,0.02022182388527896,0.49586266251250094,ranked,0.0314641110599041,0.05632393807172775,0.00413733748749906
14214,0.026159533945776383,0.4958702958728673,ranked,0.035232920199632645,0.06169100105762482,0.004129704127132705
256,0.19751288371050862,0.5040925483664093,ranked,0.547252893447876,0.5583717226982117,0.0040925483664092654
10426,0.05103069684069012,0.4959129786583152,ranked,0.16842319071292877,0.2145799845457077,0.004087021341684816
11617,0.05189894689670625,0.5040734902415211,ranked,0.17852836847305298,0.15400227904319763,0.004073490241521149
32555,0.015824557472552094,0.5040529043211808,ranked,0.05681110918521881,0.03384500741958618,0.0040529043211807725
1340,0.037922921801478826,0.5040477171186065,ranked,0.1436959207057953,0.10782746225595474,0.00404771711860652
21519,0.050638583912166704,0.5040264684046509,ranked,0.053749408572912216,0.04567549750208855,0.004026468404650929
20012,0.019157517365001122,0.5040144426323593,ranked,0.023893702775239944,0.016831684857606888,0.004014442632359283
7734,0.21678243334080216,0.4959960047924248,ranked,0.40365269780158997,0.4372192919254303,0.004003995207575217
17382,0.04957427739188886,0.5039591302584024,ranked,0.10978005081415176,0.09118563681840897,0.0039591302584024435
1467,0.08410822316827246,0.5039584169127317,ranked,0.33021438121795654,0.2907886505126953,0.003958416912731688
19121,0.04727761595339458,0.4960524517791808,ranked,0.040548745542764664,0.04863009601831436,0.003947548220819219
1744,0.010222944207931885,0.4960606468290515,ranked,0.012006894685328007,0.044758133590221405,0.003939353170948512
20165,0.04949025319291956,0.4960632643021426,ranked,0.11641915142536163,0.1464618742465973,0.0039367356978574075
9180,0.030164687429979836,0.49606655861108656,ranked,0.10303819924592972,0.16196539998054504,0.003933441388913439
16483,0.017729105982522968,0.496072015424623,ranked,0.045068833976984024,0.0698913186788559,0.003927984575377019
13457,0.03358167152139816,0.5039262545717031,ranked,0.09439882636070251,0.07716508954763412,0.003926254571703147
23927,0.039435357382926285,0.49607577593585556,ranked,0.07916584610939026,0.09718506783246994,0.003924224064144444
29707,0.026187542012099486,0.4960778289109945,ranked,0.050739675760269165,0.07732350379228592,0.0039221710890054995
5442,0.04680147882590186,0.4960807075697052,ranked,0.03913211449980736,0.04763276129961014,0.0039192924302948184
1442,0.022154380461572934,0.49609179812897186,ranked,0.015575024299323559,0.02398664318025112,0.0039082018710281385
2724,0.06996414967510643,0.5038999899704723,ranked,0.3573828935623169,0.2867705821990967,0.0038999899704722507
5211,0.03587833295989245,0.49610706484970446,ranked,0.032834116369485855,0.041074179112911224,0.00389293515029554
12851,0.12424378220927627,0.5038774606044462,ranked,0.3666030168533325,0.3255710005760193,0.003877460604446159
972,0.04041563970423482,0.4961227640713556,ranked,0.1422005295753479,0.1668611764907837,0.003877235928644418
28217,0.15034730002240645,0.5038701783000202,ranked,0.5163180232048035,0.39135393500328064,0.0038701783000202328
30721,0.023834864440958996,0.49614012027704496,ranked,0.0455128438770771,0.05509019270539284,0.0038598797229550397
21140,0.03142505041451938,0.49617166475961844,ranked,0.02442273125052452,0.0314042903482914,0.003828335240381564
13500,0.014032041227873628,0.4961774108432496,ranked,0.02696509100496769,0.058107540011405945,0.003822589156750378
6641,0.018513331839569797,0.4961819184015233,ranked,0.029801145195961,0.05760236456990242,0.003818081598476686
1776,0.014984315482859063,0.49618972307718856,ranked,0.03024369664490223,0.08205647766590118,0.0038102769228114397
18134,0.013555904100380909,0.5038044774786774,ranked,0.018311675637960434,0.011020197533071041,0.003804477478677404
17317,0.011231234595563522,0.5037977119285955,ranked,0.05160236358642578,0.027393894270062447,0.0037977119285954597
3782,0.04206811561729778,0.49621746492181645,ranked,0.1753261685371399,0.20645034313201904,0.0037825350781835465
853,0.020613936813802376,0.4962222954515552,ranked,0.03493720293045044,0.0651199221611023,0.0037777045484447824
11178,0.026775711404884606,0.49622384290614013,ranked,0.056375838816165924,0.08322201669216156,0.0037761570938598665
8121,0.08811337665247591,0.49623163073112025,ranked,0.26534804701805115,0.2622312009334564,0.0037683692688797454
12071,0.024675106430652027,0.5037521589097795,ranked,0.13414186239242554,0.09439509361982346,0.003752158909779535
5521,0.012547613712749272,0.49627208922613025,ranked,0.03642208129167557,0.07673395425081253,0.003727910773869747
19879,0.02072596907909478,0.4962775235720864,ranked,0.05455488711595535,0.0807439461350441,0.0037224764279136235
17227,0.029184405108671298,0.4962796860766788,ranked,0.06642831116914749,0.09543954581022263,0.0037203139233211724
30723,0.010503024871162895,0.5037062688772609,ranked,0.015344861894845963,0.009042742662131786,0.0037062688772608876
10464,0.032517365001120326,0.5036987899815083,ranked,0.13268403708934784,0.10072249919176102,0.003698789981508299
114,0.02109007394129509,0.5036778361545424,ranked,0.11435753107070923,0.08265025913715363,0.0036778361545424243
17982,0.04147994622451266,0.4963354815036095,ranked,0.13416533172130585,0.16160054504871368,0.0036645184963904898
22696,0.022294420793188437,0.4963423256902221,ranked,0.017457325011491776,0.024957554414868355,0.003657674309777925
6028,0.07578982747031145,0.5036550062846314,ranked,0.19317138195037842,0.16196228563785553,0.0036550062846314457
17000,0.02344275151243558,0.49635083247776784,ranked,0.06514109671115875,0.0922696590423584,0.003649167522232155
1162,0.017757114048846067,0.4963548597915153,ranked,0.05101035535335541,0.08703947067260742,0.0036451402084847206
2059,0.0345059377100605,0.49636156636419904,ranked,0.049640629440546036,0.10360313206911087,0.003638433635800964
7210,0.016076630069460005,0.49636374852792403,ranked,0.008404398337006569,0.014169926755130291,0.0036362514720759687
29564,0.01117521846291732,0.5036236612018321,ranked,0.021200008690357208,0.01164654828608036,0.003623661201832107
15511,0.033917768317275374,0.49637904614157957,ranked,0.06406355649232864,0.08032871782779694,0.003620953858420428
23546,0.022434461124803944,0.49638002628976496,ranked,0.07779616117477417,0.09542308002710342,0.003619973710235036
21478,0.014704234819628053,0.49638806687502207,ranked,0.04101565480232239,0.07424922287464142,0.0036119331249779285
18831,0.03262939726641273,0.5036089280861289,ranked,0.1195717602968216,0.09953251481056213,0.003608928086128893
9111,0.013835984763611921,0.4963945993239596,ranked,0.028569841757416725,0.05969199538230896,0.0036054006760404267
20502,0.012827694375980282,0.49639707356622687,ranked,0.006395536009222269,0.01351251732558012,0.003602926433773135
14422,0.018205243110015683,0.5036023815949537,ranked,0.0862567350268364,0.059269942343235016,0.0036023815949537408
17831,0.03002464709836433,0.5036001179862505,ranked,0.036192264407873154,0.027516653761267662,0.003600117986250484
21268,0.019829710956755547,0.49640112896444943,ranked,0.04978659749031067,0.07303337752819061,0.003598871035550566
1055,0.022686533721711852,0.4964025809318186,ranked,0.07460024207830429,0.10308373719453812,0.0035974190681813956
23425,0.017953170513107776,0.4964127980639057,ranked,0.021145276725292206,0.0458504818379879,0.0035872019360942975
14724,0.020025767421017252,0.5035812648780317,ranked,0.05153091251850128,0.04192507266998291,0.003581264878031676
23732,0.0505265516468743,0.5035766618325421,ranked,0.177857905626297,0.16001246869564056,0.0035766618325421273
11845,0.03167712301142729,0.49642362182065763,ranked,0.05755690112709999,0.07025547325611115,0.0035763781793423655
22501,0.059965269997759356,0.503573839342782,ranked,0.22440417110919952,0.20682862401008606,0.0035738393427819926
29176,0.1486388079766973,0.4964300278894566,ranked,0.1690838783979416,0.17677955329418182,0.0035699721105433846
20520,0.03092090522070356,0.49643559704089385,ranked,0.08328118920326233,0.11521691083908081,0.00356440295910615
4436,0.04044364777055792,0.49643747589228654,ranked,0.09622270613908768,0.10263572633266449,0.0035625241077134606
32743,0.09038203002464709,0.5035584013067504,ranked,0.19855137169361115,0.19408492743968964,0.003558401306750447
26395,0.014564194488012548,0.5035566600692863,ranked,0.01658838614821434,0.011898558586835861,0.0035566600692863437
24163,0.0292684293076406,0.49645545838177346,ranked,0.07432083785533905,0.09517616778612137,0.0035445416182265377
11730,0.050246470983643286,0.49645907566218245,ranked,0.18716149032115936,0.22152288258075714,0.0035409243378175526
32400,0.09010194936141609,0.49647114356118693,ranked,0.08577199280261993,0.09342005848884583,0.003528856438813066
3574,0.21081671521398163,0.5035205659017264,ranked,1.8187161684036255,1.7633540630340576,0.003520565901726447
8041,0.03388976025095227,0.49651624441995174,ranked,0.06891663372516632,0.08557899296283722,0.0034837555800482645
7638,0.07296101277167824,0.4965194572839176,ranked,0.1529853492975235,0.1679975390434265,0.003480542716082391
23874,0.04184405108671297,0.4965271355794442,ranked,0.12243269383907318,0.1467577964067459,0.003472864420555777
17708,0.02545933228769886,0.4965394141120129,ranked,0.06706302613019943,0.08769644051790237,0.0034605858879870888
684,0.016104638135783104,0.4965398381875888,ranked,0.03137623891234398,0.05310428887605667,0.003460161812411211
21644,0.06660318171633431,0.4965583233891825,ranked,0.05792667344212532,0.06736675649881363,0.0034416766108175123
30528,0.03851109119426395,0.5034409492229093,ranked,0.1574041098356247,0.1334623545408249,0.003440949222909273
12886,0.08668496526999776,0.5034223235989396,ranked,0.29774728417396545,0.28836801648139954,0.0034223235989395695
28240,0.02235043692583464,0.4965826445447277,ranked,0.036342520266771317,0.05563781037926674,0.003417355455272275
12736,0.05243110015684517,0.5033984293274176,ranked,0.13500817120075226,0.11156570911407471,0.003398429327417629
20368,0.01910150123235492,0.5033901612579113,ranked,0.062485188245773315,0.04235655069351196,0.0033901612579112506
5553,0.03414183284786018,0.49661404298803,ranked,0.17545893788337708,0.21494875848293304,0.0033859570119699756
10131,0.014928299350212861,0.4966267849144398,ranked,0.021055545657873154,0.04402732476592064,0.0033732150855602105
6374,0.019437598028232132,0.5033728977309901,ranked,0.10172399133443832,0.07283997535705566,0.003372897730990143
3371,0.13295429083576069,0.496631536807648,ranked,0.3468765616416931,0.38462021946907043,0.0033684631923520114
15012,0.020697961012771677,0.49664352887856933,ranked,0.032236769795417786,0.0700499564409256,0.003356471121430671
16749,0.036718574949585484,0.49664457081260033,ranked,0.08039270341396332,0.1054936870932579,0.0033554291873996722
22692,0.024563074165359623,0.49664774716674825,ranked,0.016845703125,0.02349197305738926,0.0033522528332517454
370,0.04901411606542684,0.4966580036171008,ranked,0.10233459621667862,0.118223637342453,0.003341996382899226
19835,0.017056912390768543,0.49667257945974275,ranked,0.03194797411561012,0.0449516586959362,0.003327420540257253
30813,0.048005825677795204,0.5033236600290246,ranked,0.15147964656352997,0.13488152623176575,0.003323660029024622
16962,0.017897154380461574,0.5033055118411337,ranked,0.04976164177060127,0.03398580476641655,0.0033055118411337014
29728,0.021146090073941293,0.49670194177859117,ranked,0.0357910692691803,0.05717021971940994,0.0032980582214088283
15545,0.04083576069908133,0.49670284890714095,ranked,0.10996834188699722,0.13076920807361603,0.003297151092859052
10059,0.016804839793860632,0.4967261534046831,ranked,0.03359374776482582,0.049307070672512054,0.003273846595316876
31856,0.013107775039211293,0.496735842548636,ranked,0.00766011793166399,0.014099269174039364,0.0032641574513639915
26729,0.03615841362312346,0.5032607704636518,ranked,0.039510104805231094,0.03460891544818878,0.0032607704636518076
14770,0.011763387855702443,0.49674216717245684,ranked,0.014170637354254723,0.03243567794561386,0.003257832827543161
21282,0.02319067891552767,0.4967514518999664,ranked,0.03535657376050949,0.05776575580239296,0.0032485481000336103
5243,0.03374971991933677,0.5032425464476779,ranked,0.12923477590084076,0.10005682706832886,0.003242546447677852
31706,0.05346739861079991,0.5032374322647393,ranked,0.1878478080034256,0.15032584965229034,0.0032374322647392706
25978,0.029660542236164014,0.5032304139543805,ranked,0.14450429379940033,0.1178518757224083,0.0032304139543805066
10802,0.016692807528568228,0.5032264119166608,ranked,0.06189003959298134,0.04060729593038559,0.003226411916660843
17344,0.030528792292180147,0.49678221001723355,ranked,0.1060899868607521,0.14233428239822388,0.0032177899827664502
21475,0.015656509074613488,0.4967957804356626,ranked,0.0221401359885931,0.04118120297789574,0.0032042195643374183
3350,0.1415807752632758,0.5032040510574861,ranked,0.45823442935943604,0.43963363766670227,0.0032040510574861125
30082,0.035206139368138024,0.4967977856671937,ranked,0.02843012847006321,0.036418456584215164,0.003202214332806319
6683,0.01750504145193816,0.4968007120695122,ranked,0.054488442838191986,0.08422742784023285,0.003199287930487793
26446,0.01568451714093659,0.49680858695636543,ranked,0.010942306369543076,0.017216958105564117,0.0031914130436345722
19547,0.05142280976921353,0.503191340023999,ranked,0.10024835169315338,0.08162691444158554,0.003191340023999012
13661,0.016972888191799238,0.49681023832350873,ranked,0.03625788912177086,0.06554906070232391,0.003189761676491265
27662,0.05209500336096796,0.4968254432583959,ranked,0.08926766365766525,0.1142677292227745,0.0031745567416041065
24476,0.02980058256777952,0.49683329567766893,ranked,0.06418652087450027,0.072905033826828,0.003166704322331071
12331,0.024535066099036523,0.49686430374676555,ranked,0.017969520762562752,0.02427665702998638,0.0031356962532344546
9018,0.020025767421017252,0.5031110521262241,ranked,0.07797175645828247,0.0593038946390152,0.0031110521262240898
31496,0.024311001568451715,0.5031070163871341,ranked,0.06080050766468048,0.05022537708282471,0.003107016387134065
6018,0.07926282769437598,0.496894536684346,ranked,0.14103440940380096,0.15524248778820038,0.003105463315653978
28168,0.014844275151243558,0.49689559827750945,ranked,0.010905689559876919,0.01803022436797619,0.0031044017224905462
14553,0.023974904772574503,0.49690393094130897,ranked,0.018120067194104195,0.02479710802435875,0.003096069058691031
20841,0.0719807304503697,0.5030802294146638,ranked,0.15484501421451569,0.15037040412425995,0.003080229414663793
23018,0.020417880349540667,0.49692941479412867,ranked,0.035689014941453934,0.06714750826358795,0.0030705852058713345
25368,0.015768541339905892,0.5030694534015199,ranked,0.04193905368447304,0.028508514165878296,0.0030694534015198727
11990,0.011427291059825229,0.5030508755211578,ranked,0.015083693899214268,0.009715021587908268,0.003050875521157792
25666,0.024254985435805513,0.49695853839493764,ranked,0.017538221552968025,0.022666525095701218,0.0030414616050623566
4676,0.10497423257898275,0.5030363558474664,ranked,0.6485781073570251,0.5499924421310425,0.003036355847466421
28327,0.018793412502800807,0.4969672221146774,ranked,0.0551864355802536,0.05792410671710968,0.0030327778853225795
9719,0.03030472776159534,0.5029908365300206,ranked,0.09474986046552658,0.06908799707889557,0.002990836530020635
6077,0.020305848084248262,0.4970101267674795,ranked,0.03939947113394737,0.058242108672857285,0.002989873232520479
19785,0.021146090073941293,0.49701158716019134,ranked,0.04981907084584236,0.07544863969087601,0.002988412839808663
27702,0.020950033609679588,0.5029882190569296,ranked,0.11458820849657059,0.07725369930267334,0.0029882190569295863
5193,0.027531929195608335,0.4970207651666951,ranked,0.07742510735988617,0.09182239323854446,0.0029792348333049223
2036,0.011763387855702443,0.5029790775602436,ranked,0.027540499344468117,0.015325719490647316,0.002979077560243626
25640,0.09161438494286354,0.5029775750408192,ranked,0.30794835090637207,0.2847636044025421,0.0029775750408191914
18568,0.0265796549406229,0.5029719497204315,ranked,0.025911441072821617,0.021279100328683853,0.002971949720431466
9244,0.01089513779968631,0.5029689839998475,ranked,0.015498962253332138,0.0102879973128438,0.002968983999847463
6522,0.017757114048846067,0.4970414100644334,ranked,0.013436663895845413,0.02040865644812584,0.00295858993556658
23474,0.010727089401747703,0.4970703679668385,ranked,0.008217510767281055,0.014789565466344357,0.002929632033161489
6838,0.018681380237508403,0.5029118994955039,ranked,0.06623021513223648,0.051280196756124496,0.0029118994955038557
23362,0.07251288371050862,0.497089465409992,ranked,0.17357955873012543,0.17875684797763824,0.002910534590008007
15940,0.053047277615953396,0.49710426311998845,ranked,0.2901928722858429,0.3144483268260956,0.0028957368800115457
4973,0.013695944431996414,0.5028928132861405,ranked,0.06357289105653763,0.04358036443591118,0.0028928132861405498
32101,0.041732018821420566,0.4971096469138891,ranked,0.09662643820047379,0.11872199922800064,0.0028903530861109084
27630,0.016804839793860632,0.4971148284995682,ranked,0.013240328058600426,0.02008947730064392,0.002885171500431827
10784,0.02478713869594443,0.49711999885145736,ranked,0.06729819625616074,0.09821563959121704,0.0028800011485426436
28678,0.04632534169840914,0.49712064479438756,ranked,0.1228489801287651,0.14149484038352966,0.002879355205612444
25331,0.05752856822764956,0.49712346447570016,ranked,0.057726096361875534,0.06387079507112503,0.002876535524299839
23512,0.18969863320636343,0.4971532621039146,ranked,0.23530617356300354,0.24272722005844116,0.002846737896085416
25423,0.1307136455299126,0.4971752382057786,ranked,0.30593475699424744,0.33041882514953613,0.00282476179422142
19593,0.018709388303831502,0.4971789144635856,ranked,0.044237419962882996,0.06290623545646667,0.002821085536414414
11158,0.023694824109343492,0.5028204255512466,ranked,0.14077059924602509,0.11275943368673325,0.002820425551246619
32176,0.028932332511763387,0.5028111043139192,ranked,0.035758137702941895,0.029221901670098305,0.002811104313919177
7811,0.031088953618642168,0.5027998452478013,ranked,0.1201280876994133,0.09246808290481567,0.0027998452478013025
2605,0.04232018821420569,0.5027333833371798,ranked,0.1225501224398613,0.10635113716125488,0.0027333833371797622
20417,0.011539323325117633,0.4972817429611767,ranked,0.02275885082781315,0.03665640205144882,0.0027182570388232796
27852,0.012827694375980282,0.49728440536942814,ranked,0.02318587340414524,0.05700686201453209,0.0027155946305718603
3248,0.03907125252072597,0.49728825855942904,ranked,0.12099895626306534,0.14047443866729736,0.0027117414405709583
25530,0.010671073269101501,0.4972944427608737,ranked,0.006001000292599201,0.0116967698559165,0.0027055572391262994
15374,0.02335872731346628,0.5026917818040281,ranked,0.02427203767001629,0.01989905536174774,0.0026917818040280705
23602,0.02319067891552767,0.4973139783218407,ranked,0.08397640287876129,0.10274380445480347,0.0026860216781592894
5539,0.02744790499663903,0.4973214263246705,ranked,0.020117077976465225,0.025357333943247795,0.0026785736753294764
24532,0.019829710956755547,0.4973224794924915,ranked,0.07064487040042877,0.08999959379434586,0.002677520507508524
8735,0.07206475464933901,0.49732623438682916,ranked,0.06562778353691101,0.07632477581501007,0.002673765613170842
11293,0.017084920457091642,0.5026719710152039,ranked,0.06797870248556137,0.052097152918577194,0.002671971015203889
25600,0.05091866457539772,0.4973368840198347,ranked,0.153380885720253,0.16668707132339478,0.002663115980165276
23601,0.034898050638583915,0.5026591701113962,ranked,0.09778863936662674,0.08818380534648895,0.0026591701113961586
1389,0.011231234595563522,0.4973427143568915,ranked,0.01279030553996563,0.052772969007492065,0.00265728564310852
31531,0.010250952274254986,0.4973479633453113,ranked,0.015340256504714489,0.035969845950603485,0.0026520366546887164
13700,0.05761259242661887,0.5026507363434858,ranked,0.13395725190639496,0.1200566440820694,0.0026507363434857822
1809,0.018401299574277392,0.4973662491471306,ranked,0.03329986706376076,0.04581392556428909,0.0026337508528693765
23773,0.0398834864440959,0.4973686924964753,ranked,0.21452780067920685,0.2230207622051239,0.0026313075035246936
21928,0.01781313018149227,0.5026293668662867,ranked,0.07106757909059525,0.05573726445436478,0.0026293668662866754
15892,0.026355590410038092,0.49738936267024136,ranked,0.05446121096611023,0.0678834542632103,0.002610637329758636
28535,0.012519605646426171,0.4973895424108828,ranked,0.02740558236837387,0.04586787894368172,0.00261045758911721
28259,0.16101837329150795,0.49739911079159205,ranked,0.4081890285015106,0.4988252520561218,0.0026008892084079527
26466,0.02254649339009635,0.49740129857221227,ranked,0.0862644761800766,0.10638252645730972,0.0025987014277877307
31652,0.012827694375980282,0.49740314372223454,ranked,0.007683454547077417,0.012510651722550392,0.002596856277765458
414,0.020641944880125475,0.4974073255005957,ranked,0.015518947504460812,0.021123697981238365,0.0025926744994043127
31494,0.04498095451490029,0.5025847406351529,ranked,0.10224059224128723,0.09828058630228043,0.0025847406351529045
25834,0.017645081783553663,0.4974268105095072,ranked,0.0521906353533268,0.06628774851560593,0.0025731894904927888
537,0.05464373739637016,0.49743491007216234,ranked,0.10611096024513245,0.12835662066936493,0.0025650899278376604
16060,0.043804615729330046,0.5025615203910366,ranked,0.1820087879896164,0.14585942029953003,0.0025615203910366313
17820,0.01728097692135335,0.497446323602894,ranked,0.04974007606506348,0.06544535607099533,0.0025536763971060195
8050,0.011091194263948017,0.4974471071597527,ranked,0.01503306720405817,0.029230913147330284,0.0025528928402472895
30483,0.022770557920681157,0.4974562992084941,ranked,0.02091517299413681,0.026316581293940544,0.0025437007915058985
3815,0.022182388527896033,0.49745693953452924,ranked,0.029898827895522118,0.04551931843161583,0.002543060465470759
11882,0.012295541115841363,0.5025427627700333,ranked,0.03573179990053177,0.02496151253581047,0.002542762770033291
17560,0.010475016804839794,0.5025366909064896,ranked,0.012576501816511154,0.008018135093152523,0.002536690906489558
4700,0.05822876988572709,0.4974680300937959,ranked,0.12847132980823517,0.12903045117855072,0.002531969906204079
4573,0.013163791171857495,0.5025252773757578,ranked,0.01361794862896204,0.009408519603312016,0.002525277375757806
23454,0.029156397042348195,0.4974939043208212,ranked,0.07035844027996063,0.08018813282251358,0.0025060956791788103
31061,0.03114496975128837,0.49751263666579676,ranked,0.0265959519892931,0.03171105310320854,0.002487363334203241
21906,0.025151243558144746,0.49751450709184675,ranked,0.08594562858343124,0.11031853407621384,0.002485492908153253
6153,0.021678243334080215,0.49751463908888033,ranked,0.09411702305078506,0.12023875117301941,0.0024853609111196717
26519,0.028148106654716558,0.5024838078396396,ranked,0.033456820994615555,0.02742164209485054,0.00248380783963964
1228,0.01677683172753753,0.502479235687073,ranked,0.017963673919439316,0.013139316812157631,0.002479235687072978
14117,0.09237060273358727,0.5024686113300951,ranked,0.09214147180318832,0.08869478106498718,0.0024686113300951273
4460,0.01277167824333408,0.497540676205862,ranked,0.021836524829268456,0.03385201841592789,0.002459323794137991
23711,0.026131525879453284,0.5024590991183362,ranked,0.10068706423044205,0.0792202576994896,0.0024590991183361943
17968,0.02344275151243558,0.4975423303814528,ranked,0.05634031817317009,0.07017926871776581,0.002457669618547209
30835,0.017897154380461574,0.4975479781694206,ranked,0.04126165434718132,0.05964288488030434,0.0024520218305794095
28598,0.018765404436477704,0.49755827674648584,ranked,0.08344417810440063,0.10178589820861816,0.002441723253514161
25237,0.05433564866681604,0.5024413721975739,ranked,0.1487138718366623,0.12955938279628754,0.002441372197573899
8741,0.033917768317275374,0.49755903221886943,ranked,0.09618630260229111,0.115374356508255,0.0024409677811305652
31981,0.0133318395697961,0.5024270378814185,ranked,0.0674649327993393,0.04474545270204544,0.0024270378814185145
12960,0.01436813802375084,0.4975819379168635,ranked,0.0098068006336689,0.014648227952420712,0.0024180620831364963
15576,0.05489580999327806,0.49759607564169217,ranked,0.05084263160824776,0.0574687160551548,0.0024039243583078296
17862,0.11508514452162223,0.49760095953193384,ranked,0.46980687975883484,0.495571494102478,0.0023990404680661603
27064,0.09970871611023975,0.4976070257785825,ranked,0.37375152111053467,0.38790881633758545,0.0023929742214174876
6612,0.032881469863320634,0.5023803811427263,ranked,0.14086733758449554,0.1290913224220276,0.0023803811427263177
4538,0.02845619538427067,0.4976239747593812,ranked,0.07044997811317444,0.08658460527658463,0.0023760252406188065
1392,0.013751960564642616,0.5023605141849516,ranked,0.01656806841492653,0.012372160330414772,0.0023605141849516453
25788,0.028624243782209277,0.49764404954227254,ranked,0.05565517023205757,0.0704561248421669,0.0023559504577274626
6892,0.04374859959668385,0.5023492298428059,ranked,0.14664989709854126,0.12079393863677979,0.0023492298428059444
6921,0.01624467846739861,0.49765109874555413,ranked,0.011017699725925922,0.015580100938677788,0.0023489012544458676
10477,0.03150907461348868,0.4976572211611533,ranked,0.09249922633171082,0.0974007397890091,0.002342778838846704
25097,0.0239188886399283,0.49766811793754084,ranked,0.05889192968606949,0.07017181068658829,0.0023318820624591563
9492,0.01778512211516917,0.4976684830357187,ranked,0.06991252303123474,0.0829988569021225,0.0023315169642812994
31806,0.013359847636119202,0.4976703534617688,ranked,0.02386542037129402,0.05033039301633835,0.0023296465382312004
9305,0.09253865113152587,0.5023266021811167,ranked,0.43710681796073914,0.4044686555862427,0.002326602181116688
17895,0.05229105982522966,0.5023249143041557,ranked,0.056568343192338943,0.052027683705091476,0.002324914304155712
4012,0.014844275151243558,0.4976804077038996,ranked,0.02427234873175621,0.03841171786189079,0.0023195922961004034
27738,0.025655388751960564,0.50230738397472,ranked,0.023625871166586876,0.02039668709039688,0.0023073839747199676
23431,0.014032041227873628,0.4976938489337426,ranked,0.010723884217441082,0.01481474470347166,0.0023061510662574225
29971,0.05666031817163343,0.4977057258583155,ranked,0.2202298790216446,0.24918830394744873,0.0022942741416844825
9261,0.012659645978041676,0.4977062847393724,ranked,0.028600364923477173,0.04366311803460121,0.0022937152606276046
11689,0.018709388303831502,0.4977113539871507,ranked,0.05291040241718292,0.05562780424952507,0.0022886460128492825
14081,0.017617073717230564,0.49772288828112576,ranked,0.013288063928484917,0.01827944628894329,0.0022771117188742362
1268,0.04204010755097468,0.4977265196037725,ranked,0.0360342301428318,0.041585225611925125,0.0022734803962274897
9880,0.02582343714989917,0.5022719441754325,ranked,0.10902638733386993,0.08717439323663712,0.0022719441754325276
10610,0.03377772798565987,0.5022657290810651,ranked,0.16314657032489777,0.13891883194446564,0.0022657290810651487
21105,0.01655276719695272,0.4977379640274269,ranked,0.019756415858864784,0.03950393199920654,0.002262035972573073
30589,0.01543244454402868,0.4977429799147023,ranked,0.03324027732014656,0.05146922916173935,0.002257020085297712
17052,0.03744678467398611,0.497743875809462,ranked,0.1414959877729416,0.16301067173480988,0.0022561241905380003
25420,0.12603629845395473,0.49774524071495796,ranked,1.1152243614196777,1.160038709640503,0.0022547592850420406
3182,0.011483307192471431,0.5022356506080985,ranked,0.060598090291023254,0.03767170011997223,0.002235650608098494
21122,0.1359231458660094,0.4977647481914496,ranked,0.13452227413654327,0.13890735805034637,0.002235251808550387
6514,0.05380349540667712,0.49777670936944823,ranked,0.04539436846971512,0.05039519444108009,0.0022232906305517663
9937,0.01167936365673314,0.4977899708586498,ranked,0.029507631435990334,0.05288637802004814,0.0022100291413502116
6995,0.02080999327806408,0.4977906336522651,ranked,0.04530416056513786,0.07342877238988876,0.002209366347734887
14483,0.01652475913062962,0.4977927315625645,ranked,0.022335205227136612,0.02976064942777157,0.0022072684374355167
4008,0.1377996863096572,0.4977955119256118,ranked,0.6262903213500977,0.6774702668190002,0.0022044880743882223
14661,0.012519605646426171,0.4977974722219825,ranked,0.028295466676354408,0.03707529604434967,0.0022025277780174934
15143,0.013835984763611921,0.4977992949044247,ranked,0.00981173850595951,0.014244062826037407,0.002200705095575295
14708,0.04615729330047053,0.49780406645676556,ranked,0.1261877566576004,0.1450357735157013,0.0021959335432344407
1007,0.046969527223840464,0.5021913754329054,ranked,0.13498322665691376,0.12189338356256485,0.0021913754329053736
12538,0.01624467846739861,0.5021792401311604,ranked,0.03677448257803917,0.028191866353154182,0.0021792401311604426
7263,0.013415863768765404,0.5021769343957444,ranked,0.01587343029677868,0.01156009454280138,0.002176934395744401
15139,0.01674882366121443,0.5021727329582505,ranked,0.09157954156398773,0.06978817284107208,0.0021727329582504895
32490,0.02447904996639032,0.5021650321951436,ranked,0.10578806698322296,0.08408969640731812,0.0021650321951436347
19582,0.02873627604750168,0.49784046674510546,ranked,0.02361605316400528,0.028440628200769424,0.002159533254894541
23160,0.062401971767869144,0.5021555564932025,ranked,0.06691822409629822,0.06372220069169998,0.0021555564932025373
31359,0.035822316827246244,0.502144277767952,ranked,0.029084336012601852,0.026767224073410034,0.0021442777679520075
22064,0.023890880573605198,0.49786215919376975,ranked,0.07114415615797043,0.09591513872146606,0.002137840806230251
17965,0.15365225184853237,0.49786701219108875,ranked,0.9078209400177002,0.9559724926948547,0.0021329878089112464
10472,0.013723952498319515,0.4978739799493922,ranked,0.00956621952354908,0.013486218638718128,0.002126020050607802
9188,0.01756105758458436,0.49787815891930576,ranked,0.05004696547985077,0.06191617250442505,0.0021218410806942423
30032,0.034253865113152586,0.5021138622812826,ranked,0.0768791139125824,0.07499400526285172,0.00211386228128263
10335,0.03604638135783106,0.5021124861419966,ranked,0.09118510037660599,0.0747043788433075,0.00211248614199655
3738,0.010166928075285683,0.49789802587708043,ranked,0.017339562997221947,0.029283633455634117,0.00210197412291957
10173,0.013163791171857495,0.5021007833411701,ranked,0.01308898814022541,0.010228479281067848,0.0021007833411701426
21375,0.0106430652027784,0.4979194037796222,ranked,0.006081034429371357,0.009481790475547314,0.0020805962203778172
18022,0.01730898498767645,0.4979254054319778,ranked,0.06475063413381577,0.08197757601737976,0.0020745945680222255
13742,0.04033161550526552,0.5020691433713809,ranked,0.15101957321166992,0.1493738293647766,0.002069143371380866
9290,0.02176226753304952,0.4979325332717902,ranked,0.06278303265571594,0.08342163264751434,0.002067466728209788
22698,0.041395922025543354,0.5020610522340683,ranked,0.04007726162672043,0.03805471211671829,0.0020610522340682724
29033,0.022490477257450146,0.49794789267129097,ranked,0.07336518168449402,0.08082037419080734,0.0020521073287090297
4193,0.018261259242661886,0.5020334732793966,ranked,0.019882047548890114,0.01671225018799305,0.002033473279396625
3729,0.025095227425498544,0.5020274884777262,ranked,0.02289785072207451,0.02025207318365574,0.002027488477726158
30517,0.06254201209948465,0.5020058100712996,ranked,0.31239092350006104,0.26698511838912964,0.0020058100712996296
12306,0.01700089625812234,0.49799944453401523,ranked,0.01276944950222969,0.016662374138832092,0.0020005554659847657
2526,0.018989468967062512,0.49801057160309964,ranked,0.014927643351256847,0.018570290878415108,0.0019894283969003612
23652,0.019829710956755547,0.49801078504511126,ranked,0.060730449855327606,0.07642009109258652,0.0019892149548887406
15808,0.034337889312121894,0.4980230017918345,ranked,0.04501989111304283,0.05498363822698593,0.0019769982081654924
6260,0.016916872059153036,0.5019753327987847,ranked,0.02048846147954464,0.0163381639868021,0.0019753327987847014
13407,0.022658525655388752,0.5019721480192941,ranked,0.02465897798538208,0.019990423694252968,0.0019721480192941288
22072,0.05251512435581447,0.5019592628620606,ranked,0.06042589619755745,0.05585022643208504,0.0019592628620606067
1328,0.022966614384942862,0.49804495542611826,ranked,0.019940774887800217,0.023547861725091934,0.001955044573881737
16773,0.010419000672193592,0.4980494180492317,ranked,0.007746879942715168,0.012172557413578033,0.0019505819507683042
15168,0.0318171633430428,0.5019481751112415,ranked,0.09020210802555084,0.07616851478815079,0.001948175111241457
22982,0.06214989917096124,0.5019402187794101,ranked,0.11854927241802216,0.15164364874362946,0.0019402187794100856
21353,0.017393009186645755,0.4980666591085727,ranked,0.034750308841466904,0.047022268176078796,0.0019333408914273265
11081,0.014984315482859063,0.5019278868863385,ranked,0.04230460897088051,0.03321433439850807,0.0019278868863384924
14787,0.014200089625812234,0.49807660943814513,ranked,0.028485098853707314,0.0440542958676815,0.0019233905618548652
8486,0.025207259690790948,0.5019197002618103,ranked,0.07335557788610458,0.06755223870277405,0.0019197002618103198
26158,0.010671073269101501,0.5019168553044699,ranked,0.012314584106206894,0.008714878000319004,0.0019168553044699443
17296,0.01568451714093659,0.5019125050192574,ranked,0.06569718569517136,0.04695003852248192,0.0019125050192574378
24694,0.03352565538875196,0.49809288719998596,ranked,0.1340586394071579,0.1533488780260086,0.0019071128000140436
24805,0.023778848308312794,0.49809633878199117,ranked,0.11336753517389297,0.11003904789686203,0.0019036612180088341
23464,0.015320412278736276,0.49810756133829126,ranked,0.011407032608985901,0.015297981910407543,0.0018924386617087396
2884,0.010306968406901188,0.49810997379471317,ranked,0.006377502344548702,0.010136991739273071,0.0018900262052868322
22279,0.03828702666367914,0.5018896863831367,ranked,0.15291473269462585,0.14021320641040802,0.0018896863831366906
7553,0.016076630069460005,0.5018879479541201,ranked,0.03285381942987442,0.02499099262058735,0.0018879479541200617
1658,0.012631637911718575,0.498114245443395,ranked,0.022326158359646797,0.03681638464331627,0.0018857545566050016
634,0.011483307192471431,0.49811508236075674,ranked,0.007867913693189621,0.011367280967533588,0.0018849176392432554
28917,0.037586825005601614,0.49811897767747054,ranked,0.03490786999464035,0.038112182170152664,0.0018810223225294576
29267,0.01274367017701098,0.5018807049679593,ranked,0.014165829867124557,0.01051038596779108,0.0018807049679593346
26394,0.015572484875644185,0.5018733580692404,ranked,0.07254140824079514,0.05577186122536659,0.0018733580692403828
31622,0.03739076854133991,0.4981302704449588,ranked,0.031468626111745834,0.03588356822729111,0.0018697295550412218
7946,0.02632758234371499,0.501869437476499,ranked,0.10344810783863068,0.07818622887134552,0.0018694374764990362
3847,0.07536970647546494,0.498144245279831,ranked,0.20319490134716034,0.27645397186279297,0.0018557547201690228
23379,0.01910150123235492,0.4981467672657063,ranked,0.03217406943440437,0.04015181213617325,0.0018532327342937194
18648,0.05019045485099709,0.501838948970194,ranked,0.1831500083208084,0.17673030495643616,0.0018389489701939876
25711,0.01089513779968631,0.49817265553496926,ranked,0.007019963581115007,0.009996986016631126,0.0018273444650307447
5071,0.030416760026887743,0.5018239630942136,ranked,0.06947404891252518,0.05517512559890747,0.001823963094213621
30437,0.018177235043692584,0.5018101904675629,ranked,0.018358100205659866,0.015262915752828121,0.0018101904675629221
21277,0.017841138247815372,0.49819437045121373,ranked,0.05528935790061951,0.07291099429130554,0.0018056295487862695
29347,0.011035178131301815,0.5018045791894129,ranked,0.015446933917701244,0.010817179456353188,0.0018045791894129026
15037,0.031088953618642168,0.5018002260957529,ranked,0.09504681080579758,0.08163734525442123,0.0018002260957529215
24461,0.06607102845619539,0.4982058317255533,ranked,0.06800344586372375,0.07009278237819672,0.0017941682744466725
27420,0.022098364328926732,0.5017849425243351,ranked,0.023386964574456215,0.019510816782712936,0.0017849425243351424
26279,0.012267533049518262,0.501768813610213,ranked,0.040921155363321304,0.026708615943789482,0.0017688136102129715
11038,0.011763387855702443,0.49823132681216303,ranked,0.007413776125758886,0.010918065905570984,0.0017686731878369666
21073,0.03355366345507506,0.50176813677436,ranked,0.03365412354469299,0.029523780569434166,0.0017681367743600518
3109,0.01621667040107551,0.4982564315245673,ranked,0.012101721949875355,0.016050415113568306,0.0017435684754327219
25587,0.03363768765404437,0.49825665339192154,ranked,0.03104379028081894,0.03445128723978996,0.0017433466080784554
4772,0.020417880349540667,0.49827022381035063,ranked,0.07488695532083511,0.0790456086397171,0.001729776189649368
12099,0.01700089625812234,0.5017280714620032,ranked,0.029323266819119453,0.023122332990169525,0.0017280714620031556
29959,0.032517365001120326,0.4982755598606435,ranked,0.0830291137099266,0.10203375667333603,0.00172444013935652
17550,0.012855702442303383,0.49827764092025767,ranked,0.009964259341359138,0.014280126430094242,0.0017223590797423305
25884,0.06954402868025991,0.5017192473198873,ranked,0.25959423184394836,0.2720072567462921,0.0017192473198872626
20549,0.06968406901187542,0.5017133945152503,ranked,0.3273928761482239,0.32670295238494873,0.0017133945152503216
24733,0.02022182388527896,0.4982972242248325,ranked,0.054561272263526917,0.05548425018787384,0.0017027757751674755
16033,0.04161998655612816,0.49829943166458524,ranked,0.11873466521501541,0.1463719606399536,0.001700568335414765
11942,0.013667936365673313,0.4983029815422538,ranked,0.011096340604126453,0.014646568335592747,0.0016970184577462244
12680,0.014508178355366346,0.5016928928483355,ranked,0.022090725600719452,0.020503196865320206,0.0016928928483355143
5592,0.021594219135110913,0.49831370981178996,ranked,0.03602346032857895,0.05396685376763344,0.0016862901882100378
26067,0.013639928299350212,0.49831894756641953,ranked,0.03330668807029724,0.04460182785987854,0.0016810524335804655
18868,0.034169840914183285,0.49832807502086784,ranked,0.02786756493151188,0.030755866318941116,0.0016719249791321555
9655,0.03859511539323325,0.5016639911148809,ranked,0.09105020016431808,0.07729160040616989,0.0016639911148809139
5398,0.03383374411830607,0.4983369890333045,ranked,0.03092997334897518,0.033801428973674774,0.0016630109666955217
19192,0.04288034954066771,0.5016621571986486,ranked,0.03915625438094139,0.03579840064048767,0.001662157198648595
20096,0.03643849428635447,0.5016616741456746,ranked,0.08559104055166245,0.07691527158021927,0.0016616741456746409
11499,0.018121218911046382,0.4983418897742314,ranked,0.013697441667318344,0.0165668036788702,0.0016581102257686164
7590,0.03557024423033834,0.4983421256838232,ranked,0.09635487198829651,0.10225585848093033,0.0016578743161768106
19049,0.03613040555680036,0.49834867498344587,ranked,0.1116638109087944,0.11584410071372986,0.0016513250165541282
10682,0.07413735155724849,0.498350362860407,ranked,0.1756509244441986,0.16978083550930023,0.0016496371395929854
26757,0.011287250728209724,0.501648878858762,ranked,0.012183740735054016,0.009074250236153603,0.0016488788587619707
23367,0.011875420120994847,0.4983731702627377,ranked,0.018283668905496597,0.025114668533205986,0.001626829737262303
12131,0.01518037194712077,0.5016106586964274,ranked,0.08266940712928772,0.06923143565654755,0.0016106586964274028
5150,0.035822316827246244,0.50161036100099,ranked,0.04212572053074837,0.03737996146082878,0.0016103610009899905
30119,0.022210396594219136,0.49839812893587077,ranked,0.08273337036371231,0.09061872214078903,0.0016018710641292344
22080,0.022266412726865338,0.4983987833041435,ranked,0.07451830804347992,0.07465728372335434,0.0016012166958565
22933,0.048257898274703115,0.5016000539985822,ranked,0.13227900862693787,0.12285443395376205,0.001600053998582207
9725,0.02901635671073269,0.49840761306315434,ranked,0.09913554042577744,0.10091382265090942,0.0015923869368456578
25146,0.0106430652027784,0.49841359786482503,ranked,0.015022204257547855,0.023564202710986137,0.001586402135174969
28276,0.04598924490253193,0.5015836498566031,ranked,0.1357303261756897,0.12452928721904755,0.0015836498566030865
23127,0.04366457539771454,0.49844721498167005,ranked,0.04146752506494522,0.04433475434780121,0.0015527850183299496
882,0.021118082007618194,0.49845070588194057,ranked,0.029847528785467148,0.03643374890089035,0.00154929411805943
15775,0.011287250728209724,0.5015439159410536,ranked,0.04333197697997093,0.03316998854279518,0.0015439159410536307
26262,0.017953170513107776,0.49845629750095793,ranked,0.034642018377780914,0.03597098961472511,0.0015437024990420656
18807,0.012071476585256554,0.49846229634486616,ranked,0.007462439592927694,0.009821005165576935,0.0015377036551338374
3439,0.02708380013443872,0.4984679160483589,ranked,0.0211148913949728,0.02370406873524189,0.0015320839516411167
11196,0.03243334080215102,0.501526096341523,ranked,0.11013714224100113,0.10443907976150513,0.0015260963415230089
26372,0.012043468518933453,0.4984743473931855,ranked,0.008145744912326336,0.011013414710760117,0.001525652606814476
8431,0.022658525655388752,0.49847502984593356,ranked,0.0891871452331543,0.12816457450389862,0.0015249701540664407
28522,0.02736388079766973,0.49848002326562857,ranked,0.07537683099508286,0.08636332303285599,0.001519976734371431
2183,0.021874299798341924,0.4984852217019929,ranked,0.019685475155711174,0.022885460406541824,0.0015147782980071134
10280,0.027027784001792517,0.4984906616648441,ranked,0.028251660987734795,0.03194801136851311,0.0015093383351558742
20724,0.020025767421017252,0.5015089985130057,ranked,0.01976517215371132,0.017075281590223312,0.0015089985130056771
12143,0.06433452834416312,0.49849272587377325,ranked,0.05758132040500641,0.06108766049146652,0.0015072741262267542
3122,0.027335872731346626,0.5015070775349003,ranked,0.02688002400100231,0.024429375305771828,0.001507077534900314
19756,0.01814922697736948,0.49849647795966334,ranked,0.013290134258568287,0.016462277621030807,0.0015035220403366578
21862,0.012155500784225858,0.4984989241174555,ranked,0.03600500896573067,0.05722663551568985,0.0015010758825445003
2531,0.03136903428187318,0.4985024206346211,ranked,0.08667280524969101,0.1004030853509903,0.0014975793653789204
21404,0.01646874299798342,0.49851206203496595,ranked,0.03996121138334274,0.05602232739329338,0.0014879379650340474
30410,0.017757114048846067,0.5014834360236554,ranked,0.019118942320346832,0.015843268483877182,0.0014834360236554156
20575,0.013976025095227426,0.4985167577592237,ranked,0.02503887750208378,0.03358590602874756,0.0014832422407762835
5036,0.021426170737172307,0.49851756659211016,ranked,0.016593171283602715,0.02022402547299862,0.0014824334078898382
29447,0.03150907461348868,0.4985327687185499,ranked,0.10741884261369705,0.11333408206701279,0.0014672312814500987
24211,0.04464485771902308,0.49854095253463065,ranked,0.1798754334449768,0.17520321905612946,0.0014590474653693453
30844,0.014760250952274255,0.5014538040938448,ranked,0.050843723118305206,0.04317352920770645,0.0014538040938447683
16049,0.014396146090073942,0.49856668072238475,ranked,0.03161003440618515,0.04128021374344826,0.0014333192776152526
18422,0.011399282993502128,0.4985671862429389,ranked,0.029863324016332626,0.03761003911495209,0.0014328137570611132
26989,0.03374971991933677,0.4985678434196591,ranked,0.030653323978185654,0.03369686380028725,0.0014321565803409042
22412,0.04414071252520726,0.501431249451791,ranked,0.1446303129196167,0.13871222734451294,0.0014312494517909613
18588,0.014228097692135335,0.4985707670135302,ranked,0.039407748728990555,0.05094418302178383,0.0014292329864697972
17931,0.04271230114272911,0.5014275114081386,ranked,0.12302275747060776,0.1138046607375145,0.001427511408138571
699,0.017897154380461574,0.49857533074075433,ranked,0.031048784032464027,0.03788561373949051,0.00142466925924567
6326,0.026551646874299797,0.49858295848422557,ranked,0.08294738084077835,0.09408234059810638,0.001417041515774431
20728,0.02316267084920457,0.4985831831600275,ranked,0.06975880265235901,0.09405405074357986,0.0014168168399725234
24963,0.03414183284786018,0.49858854729479546,ranked,0.09665609896183014,0.09333328902721405,0.0014114527052045411
5484,0.012659645978041676,0.4986088664126212,ranked,0.05726569518446922,0.08141715079545975,0.001391133587378801
2158,0.025627380685637465,0.5013789084153132,ranked,0.026268012821674347,0.023264965042471886,0.0013789084153131848
9573,0.06800358503248936,0.5013775828280823,ranked,0.07318548113107681,0.07097223401069641,0.0013775828280823132
27903,0.021874299798341924,0.5013772401974846,ranked,0.052971191704273224,0.04793013259768486,0.0013772401974846415
5048,0.01490029128388976,0.501376490341996,ranked,0.08282341063022614,0.07173175364732742,0.0013764903419960506
21126,0.0425722608111136,0.5013721007385183,ranked,0.04113813862204552,0.03927067667245865,0.0013721007385183448
19813,0.01515236388079767,0.4986286406916276,ranked,0.04643170163035393,0.04932200163602829,0.0013713593083723996
15696,0.02475913062962133,0.5013691743361999,ranked,0.026265474036335945,0.023657511919736862,0.0013691743361998743
25058,0.025935469415191575,0.5013673769297854,ranked,0.08906428515911102,0.07864490151405334,0.001367376929785391
9270,0.04313242213757562,0.5013669977893699,ranked,0.10874855518341064,0.101739302277565,0.0013669977893698837
21711,0.018989468967062512,0.49863712782004077,ranked,0.017855027690529823,0.020173322409391403,0.0013628721799592292
1609,0.01277167824333408,0.4986386247225703,ranked,0.007859149016439915,0.010076182894408703,0.0013613752774296883
31189,0.01358391216670401,0.4986431098132638,ranked,0.022859640419483185,0.03317100554704666,0.0013568901867361816
6100,0.02078198521174098,0.49864923222886304,ranked,0.04547505080699921,0.05202920734882355,0.0013507677711369626
12463,0.021622227201434013,0.49865033314029195,ranked,0.07795462012290955,0.08489066362380981,0.0013496668597080541
12834,0.08041115841362312,0.5013435304018714,ranked,0.07101857662200928,0.06906973570585251,0.0013435304018714067
9440,0.02291059825229666,0.49866615874208153,ranked,0.09097196161746979,0.10375126451253891,0.0013338412579184666
27226,0.010699081335424602,0.4986759995422006,ranked,0.0115463612601161,0.02319597266614437,0.0013240004577994013
30172,0.017897154380461574,0.49869154991613307,ranked,0.06011398509144783,0.05461867153644562,0.00130845008386693
32501,0.037278736276047504,0.501300496560483,ranked,0.03457961976528168,0.03289128839969635,0.0013004965604830332
8935,0.05727649563074166,0.5012973230147827,ranked,0.06259066611528397,0.05868130922317505,0.001297323014782692
25032,0.05713645529912615,0.5012961013401103,ranked,0.1331087201833725,0.1242728978395462,0.0012961013401102672
2414,0.011987452386287251,0.49872693916336486,ranked,0.009367761202156544,0.011327248066663742,0.0012730608366351426
25120,0.02579542908357607,0.4987340529609394,ranked,0.047894012182950974,0.05350596830248833,0.0012659470390605776
1523,0.02442303383374412,0.5012601644456116,ranked,0.05818522721529007,0.052657194435596466,0.0012601644456116112
19052,0.06189782657405333,0.5012599931303127,ranked,0.344021201133728,0.3409958779811859,0.0012599931303126644
12085,0.025879453282545373,0.4987434022827421,ranked,0.05886948108673096,0.07587437331676483,0.0012565977172578902
3646,0.04741765628501008,0.5012496131082693,ranked,0.1432046890258789,0.13255006074905396,0.0012496131082693207
20907,0.022238404660542235,0.5012486470023216,ranked,0.01926417089998722,0.017696937546133995,0.0012486470023216345
16433,0.015796549406228995,0.5012461671431591,ranked,0.06030335649847984,0.048978857696056366,0.0012461671431590604
24885,0.01910150123235492,0.49876072197861376,ranked,0.019977299496531487,0.022297877818346024,0.0012392780213862364
17625,0.03341362312345956,0.501237331767253,ranked,0.08013341575860977,0.07879949361085892,0.001237331767253047
6400,0.01778512211516917,0.5012293950945543,ranked,0.014620129950344563,0.013177775777876377,0.0012293950945543308
5873,0.03349764732242886,0.5012277268767258,ranked,0.032414231449365616,0.03021274134516716,0.0012277268767257876
9229,0.022854582119650458,0.50122325582827,ranked,0.05474955216050148,0.04786448925733566,0.0012232558282699868
29043,0.016160654268429307,0.5012080930200958,ranked,0.015407285653054714,0.013637731783092022,0.001208093020095835
12321,0.04035962357158862,0.5012075144799061,ranked,0.12264205515384674,0.12156354635953903,0.00120751447990608
17076,0.018317275375308088,0.5012069022383461,ranked,0.03914199396967888,0.03630078211426735,0.0012069022383460748
32357,0.018765404436477704,0.5011868077963222,ranked,0.0847470611333847,0.06602983921766281,0.0011868077963221868
267,0.06962805287922921,0.5011785537690534,ranked,0.21097640693187714,0.19117127358913422,0.0011785537690534031
31755,0.011651355590410037,0.4988241816588335,ranked,0.032069455832242966,0.03408849239349365,0.001175818341166479
30133,0.01089513779968631,0.5011712855068651,ranked,0.04497012123465538,0.036316558718681335,0.0011712855068650718
15284,0.012631637911718575,0.49883346076944807,ranked,0.0384538508951664,0.04012960568070412,0.0011665392305519329
14752,0.03086488908805736,0.5011597989564975,ranked,0.07579021900892258,0.06666413694620132,0.0011597989564975375
27669,0.024254985435805513,0.4988422540186412,ranked,0.06777174025774002,0.07877414673566818,0.0011577459813588153
11107,0.02080999327806408,0.5011575521984796,ranked,0.043810658156871796,0.03669000044465065,0.0011575521984795722
19661,0.01778512211516917,0.498843220124589,ranked,0.05331914871931076,0.060494985431432724,0.0011567798754110181
11100,0.028008066323101054,0.498847932699532,ranked,0.09033094346523285,0.09096616506576538,0.0011520673004680182
3435,0.010587049070132198,0.4988542573233527,ranked,0.024209734052419662,0.030239975079894066,0.001145742676647299
19937,0.027784001792516246,0.5011446417652184,ranked,0.027662375941872597,0.02569057233631611,0.001144641765218446
17069,0.022798565987004256,0.5011434032398611,ranked,0.06674174219369888,0.059995390474796295,0.0011434032398610627
30979,0.02798005825677795,0.4988576471195124,ranked,0.0894247367978096,0.11203029006719589,0.0011423528804875849
4092,0.017421017252968855,0.49885896989829553,ranked,0.0352112352848053,0.04031948745250702,0.0011410301017044655
16935,0.02047389648218687,0.5011393253740581,ranked,0.06585763394832611,0.05951191484928131,0.0011393253740581422
5857,0.05131077750392113,0.4988820469115884,ranked,0.042527709156274796,0.04433391988277435,0.0011179530884116162
6709,0.01655276719695272,0.4988858607833241,ranked,0.045061271637678146,0.048978742212057114,0.0011141392166759134
16163,0.010839121667040107,0.5011140998984106,ranked,0.012421083636581898,0.009988762438297272,0.0011140998984106032
27761,0.010194936141608784,0.49888717513676467,ranked,0.032869044691324234,0.04162479564547539,0.0011128248632353288
3982,0.014564194488012548,0.5010815836929944,ranked,0.016089068725705147,0.01377127692103386,0.0010815836929943812
18282,0.011567331391440734,0.5010804546970903,ranked,0.012102661654353142,0.009969632141292095,0.0010804546970902829
19527,0.011315258794532825,0.4989248336095947,ranked,0.007678395602852106,0.009154914878308773,0.00107516639040528
24835,0.041395922025543354,0.5010683587136107,ranked,0.03980490192770958,0.03835926577448845,0.001068358713610662
1275,0.040779744566435135,0.4989351349951074,ranked,0.0349830724298954,0.038500357419252396,0.0010648650048926123
797,0.031873179475689,0.5010609837304163,ranked,0.09428012371063232,0.10568546503782272,0.0010609837304162983
27910,0.0371667040107551,0.4989461525347385,ranked,0.10263872146606445,0.1224324181675911,0.0010538474652614926
15960,0.1358671297333632,0.5010531537787234,ranked,0.6685165762901306,0.6718907356262207,0.0010531537787233924
31980,0.06579094779296438,0.501048438395333,ranked,0.18926353752613068,0.18349970877170563,0.0010484383953329734
26487,0.04668944656060946,0.5010420070505064,ranked,0.15145879983901978,0.13571417331695557,0.0010420070505063883
24693,0.014144073493166032,0.5010377775285374,ranked,0.03265343979001045,0.02694760262966156,0.001037777528537398
1169,0.17611472103965942,0.49896384013723555,ranked,1.0521084070205688,1.055813193321228,0.001036159862764452
2409,0.010531032937485996,0.498974790274126,ranked,0.01707395352423191,0.032310210168361664,0.001025209725873999
20475,0.045877212637239526,0.4989808677545649,ranked,0.1666218638420105,0.1746802181005478,0.0010191322454350948
6658,0.019717678691463143,0.49898242644293983,ranked,0.05117020010948181,0.05856877192854881,0.0010175735570601696
5222,0.020025767421017252,0.49898669528317424,ranked,0.04730863869190216,0.05609399452805519,0.001013304716825758
21349,0.011847412054671746,0.5010091313638072,ranked,0.04900389537215233,0.04065917432308197,0.001009131363807203
23592,0.02338673537978938,0.5010062667473344,ranked,0.07737535983324051,0.06953448057174683,0.0010062667473343945
10142,0.027727985659870044,0.4989957890362523,ranked,0.10156898945569992,0.10699619352817535,0.0010042109637476981
18672,0.018401299574277392,0.5010027955061964,ranked,0.050855688750743866,0.041670169681310654,0.0010027955061964189
27468,0.0238628725072821,0.49899742074426295,ranked,0.022510163486003876,0.024169864133000374,0.001002579255737046
9347,0.02952050190454851,0.5009953671624994,ranked,0.06627759337425232,0.06357096880674362,0.000995367162499372
28175,0.01753304951826126,0.5009936146912451,ranked,0.020381374284625053,0.018404513597488403,0.0009936146912451482
23953,0.010559041003809097,0.5009867985891078,ranked,0.021021965891122818,0.01660669967532158,0.0009867985891077735
3332,0.012967734707595787,0.4990192002548003,ranked,0.010192527435719967,0.012258041650056839,0.000980799745199712
27086,0.021118082007618194,0.4990378006027423,ranked,0.04845430329442024,0.05262254551053047,0.0009621993972577236
8151,0.01223952498319516,0.5009615253698523,ranked,0.03408459946513176,0.033210888504981995,0.0009615253698522785
14405,0.012603629845395474,0.49904327426696377,ranked,0.029803238809108734,0.0357540100812912,0.0009567257330362344
1965,0.04612928523414744,0.4990522107469806,ranked,0.12987850606441498,0.13686001300811768,0.0009477892530194154
16918,0.01778512211516917,0.4990524831663903,ranked,0.01602523773908615,0.0175858773291111,0.0009475168336097184
14674,0.01008290387631638,0.5009454357739955,ranked,0.009298115968704224,0.008438377641141415,0.0009454357739955288
15095,0.023414743446112482,0.49905740356644973,ranked,0.049668069928884506,0.05823059752583504,0.000942596433550269
5853,0.010475016804839794,0.5009309385678841,ranked,0.055534038692712784,0.0440295934677124,0.0009309385678840654
29903,0.01120322652924042,0.4990822779861571,ranked,0.021158495917916298,0.026019379496574402,0.000917722013842881
13014,0.044112704458884155,0.5009157223992069,ranked,0.21063897013664246,0.1915770024061203,0.0009157223992068975
21389,0.018037194712077077,0.5009030141741675,ranked,0.09283765405416489,0.07906774431467056,0.0009030141741674935
8857,0.01302375084024199,0.49909793788954293,ranked,0.010175339877605438,0.011545580811798573,0.0009020621104570692
31665,0.07455747255209501,0.4991095929467615,ranked,0.23020106554031372,0.2336837649345398,0.0008904070532385067
12868,0.2549574277391889,0.500890039146613,ranked,0.5996966361999512,0.6304624676704407,0.0008900391466130086
22824,0.030388751960564644,0.499118731635,ranked,0.1079847663640976,0.09905964136123657,0.0008812683650000208
9884,0.04066771230114273,0.5008719162347499,ranked,0.16279645264148712,0.14293427765369415,0.0008719162347499143
7475,0.011791395922025544,0.4991305580075175,ranked,0.027151647955179214,0.02841065265238285,0.0008694419924825114
14964,0.0239468967062514,0.5008682371684954,ranked,0.08777464926242828,0.077788345515728,0.0008682371684953782
8008,0.016608783329598923,0.49913247898562285,ranked,0.011684102937579155,0.013389001600444317,0.0008675210143771483
30842,0.018737396370154605,0.5008670800881161,ranked,0.018572624772787094,0.017216850072145462,0.00086708008811609
12757,0.05663231010531033,0.4991428056471634,ranked,0.1806376874446869,0.17315876483917236,0.0008571943528365988
20821,0.02579542908357607,0.49914783838512383,ranked,0.07079184800386429,0.0736483633518219,0.0008521616148761679
16349,0.01193143625364105,0.4991499699967935,ranked,0.009544063359498978,0.011076832190155983,0.0008500300032064922
23251,0.042992381805960114,0.5008475080173312,ranked,0.15152549743652344,0.14615875482559204,0.0008475080173312444
6836,0.045933228769885724,0.5008471906627613,ranked,0.12844279408454895,0.12601201236248016,0.000847190662761288
4207,0.017673089849876766,0.5008401695439549,ranked,0.02046608179807663,0.017881961539387703,0.0008401695439549384
29664,0.024591082231682725,0.4991688034458797,ranked,0.0669877827167511,0.0721336156129837,0.0008311965541202837
24543,0.03254537306744342,0.4991759677955098,ranked,0.031756047159433365,0.032335761934518814,0.0008240322044901771
23944,0.010811113600717006,0.5008160309374984,ranked,0.024287128821015358,0.023428600281476974,0.0008160309374983798
5033,0.019521622227201434,0.5007997700263429,ranked,0.06427493691444397,0.062289219349622726,0.0007997700263429053
7455,0.011343266860855926,0.49920360853602685,ranked,0.0319797545671463,0.03610320761799812,0.0007963914639731451
28550,0.0345619538427067,0.4992206305364611,ranked,0.1373581886291504,0.1358836442232132,0.0007793694635389037
3366,0.018597356038539098,0.49922666027329204,ranked,0.014993996359407902,0.017397915944457054,0.0007733397267079556
15206,0.05030248711628949,0.49923494519348366,ranked,0.12468001246452332,0.12992312014102936,0.000765054806516341
19916,0.02545933228769886,0.5007611005124047,ranked,0.05472014099359512,0.052629295736551285,0.0007611005124047443
9364,0.026271566211068787,0.5007592722130674,ranked,0.09179886430501938,0.08553444594144821,0.0007592722130673746
9197,0.018821420569123906,0.49924095246273437,ranked,0.05972832813858986,0.055724792182445526,0.0007590475372656336
30406,0.01515236388079767,0.5007477491528823,ranked,0.048311419785022736,0.04173494875431061,0.0007477491528823377
28512,0.029072372843378894,0.4992631869417706,ranked,0.11479081213474274,0.12399932742118835,0.0007368130582294241
15847,0.0505545597131974,0.4992647596723831,ranked,0.1295880377292633,0.14015041291713715,0.0007352403276169039
25855,0.013387855702442303,0.49927030635624026,ranked,0.03158697858452797,0.03981683403253555,0.0007296936437597434
13896,0.013219807304503697,0.49927775716751754,ranked,0.06195773184299469,0.06730952858924866,0.0007222428324824559
16008,0.09811225632982298,0.49928047293627187,ranked,0.2597784101963043,0.26381364464759827,0.0007195270637281315
25085,0.015208380013443872,0.4992846434808429,ranked,0.023975303396582603,0.029117286205291748,0.0007153565191571065
5964,0.014004033161550527,0.5007116690275599,ranked,0.013899045996367931,0.012470435351133347,0.0007116690275599247
8670,0.010699081335424602,0.5007050579420919,ranked,0.05857965722680092,0.04282636567950249,0.0007050579420918579
31416,0.024170961236836208,0.5007046057820408,ranked,0.023425813764333725,0.02258887141942978,0.0007046057820407903
18901,0.01518037194712077,0.49929571999787176,ranked,0.013830888085067272,0.015452619642019272,0.0007042800021282436
283,0.02019381581895586,0.5007003313249114,ranked,0.020292827859520912,0.019218945875763893,0.0007003313249114296
30333,0.07100044812906117,0.4993027326913357,ranked,0.06507155299186707,0.06751176714897156,0.0006972673086643177
21508,0.017897154380461574,0.5006894963343693,ranked,0.04748043045401573,0.04069164767861366,0.0006894963343693217
30334,0.09007394129509298,0.49931127598869934,ranked,0.09324078261852264,0.09537869691848755,0.0006887240113006565
185,0.011063186197624916,0.50068552799802,ranked,0.028538132086396217,0.024202903732657433,0.0006855279980200191
11019,0.019353573829262827,0.5006679330742911,ranked,0.0461280420422554,0.05211089178919792,0.0006679330742911382
10832,0.03876316379117186,0.5006585079244054,ranked,0.08060313016176224,0.0672621950507164,0.0006585079244053604
7650,0.020277840017925163,0.4993472297338832,ranked,0.08032442629337311,0.08080586791038513,0.00065277026611682
19601,0.017112928523414745,0.5006525652494477,ranked,0.055277206003665924,0.04792720079421997,0.0006525652494476786
18837,0.01912950929867802,0.5006506526966849,ranked,0.05503338947892189,0.048881981521844864,0.0006506526966848503
11662,0.12662446784673986,0.5006418229376738,ranked,0.4029216766357422,0.38262200355529785,0.0006418229376737861
11364,0.03372171185301367,0.5006390734675493,ranked,0.028568385168910027,0.02824046090245247,0.0006390734675493226
15229,0.014928299350212861,0.4993612635461534,ranked,0.03138882294297218,0.03422883525490761,0.0006387364538466
20875,0.022210396594219136,0.49936238692516244,ranked,0.04038934037089348,0.04732497036457062,0.0006376130748375619
16737,0.011231234595563522,0.49936284751055615,ranked,0.029001187533140182,0.034731071442365646,0.0006371524894438485
21854,0.040303607438942415,0.4993750698741744,ranked,0.08195340633392334,0.09341374784708023,0.0006249301258255957
848,0.027055792068115616,0.5006220486586674,ranked,0.1022682934999466,0.08906516432762146,0.0006220486586674401
7412,0.043496526999775936,0.5006140614339133,ranked,0.1310683935880661,0.12201464921236038,0.0006140614339132933
8179,0.02181828366569572,0.4993887750980845,ranked,0.04527711495757103,0.05834636464715004,0.000611224901915508
23913,0.023078646650235266,0.49938985354193316,ranked,0.05818409472703934,0.05546014383435249,0.0006101464580668403
11010,0.029968630965718127,0.4993903281695644,ranked,0.10787201672792435,0.10088702291250229,0.0006096718304355875
31834,0.031228993950257675,0.49939276028511903,ranked,0.030285092070698738,0.03099440038204193,0.0006072397148809694
16254,0.02422697736948241,0.5005931834350306,ranked,0.06450469046831131,0.059147756546735764,0.0005931834350305643
4523,0.041171857494958546,0.4994078613074479,ranked,0.2228941023349762,0.22851786017417908,0.0005921386925520911
12234,0.06248599596683845,0.5005870778701166,ranked,0.232243612408638,0.226433664560318,0.0005870778701165813
20283,0.011371274927179027,0.5005858140687314,ranked,0.01325392909348011,0.012166539207100868,0.0005858140687313718
7871,0.04049966390320412,0.5005822641910629,ranked,0.11204317212104797,0.10628682374954224,0.0005822641910628867
6943,0.32769437598028234,0.4994238722667739,ranked,1.6568573713302612,2.075674057006836,0.0005761277332260728
950,0.10536634550750616,0.5005706175591867,ranked,0.3504077196121216,0.3283986449241638,0.000570617559186748
4732,0.028344163118978267,0.499435631236551,ranked,0.07657328248023987,0.07531476765871048,0.000564368763449008
32678,0.02344275151243558,0.5005640823018017,ranked,0.07909242808818817,0.06903067976236343,0.000564082301801716
3220,0.016608783329598923,0.4994370635447875,ranked,0.04767864942550659,0.0575777143239975,0.0005629364552124927
4296,0.032657405332735825,0.49943781620872346,ranked,0.03500092029571533,0.03626515343785286,0.0005621837912765382
30874,0.025879453282545373,0.4994412031964356,ranked,0.0867566466331482,0.0770733505487442,0.0005587968035644097
9789,0.01728097692135335,0.49944250069919116,ranked,0.058075662702322006,0.06370504945516586,0.0005574993008088391
14391,0.04489693031593099,0.499447159913631,ranked,0.1128203421831131,0.10312827676534653,0.0005528400863690219
12547,0.033609679587721264,0.5005515229244809,ranked,0.1604517549276352,0.14054185152053833,0.0005515229244809072
24374,0.02047389648218687,0.4994496847079538,ranked,0.08231703191995621,0.07290627062320709,0.0005503152920461885
23962,0.015264396146090074,0.50054830444362,ranked,0.037276968359947205,0.035589683800935745,0.0005483044436199735
19682,0.016916872059153036,0.4994518107027283,ranked,0.013791726902127266,0.014991003088653088,0.000548189297271684
32439,0.012463589513779969,0.5005365538991856,ranked,0.011460769921541214,0.01046241819858551,0.00053655389918561
31569,0.09895249831951602,0.5005247359520107,ranked,0.09628145396709442,0.09842608869075775,0.0005247359520107464
12698,0.011483307192471431,0.500521523088045,ranked,0.034975118935108185,0.03210201859474182,0.0005215230880449839
13037,0.030948913287026664,0.5005171419099097,ranked,0.05939307063817978,0.05380454286932945,0.0005171419099097019
768,0.02103405780864889,0.5005058407170788,ranked,0.06225903332233429,0.05895649269223213,0.0005058407170788204
23254,0.016328702666367913,0.5005056722102275,ranked,0.04920998215675354,0.05184156820178032,0.0005056722102274591
16096,0.2872507282097244,0.5005031726919326,ranked,0.8085622787475586,0.9430070519447327,0.000503172691932563
15747,0.019857719023078646,0.49949939422910317,ranked,0.06656324863433838,0.07087747007608414,0.0005006057708968337
2838,0.021958323997311225,0.4995090075449729,ranked,0.01518481969833374,0.016504812985658646,0.000490992455027095
2461,0.016412726865337218,0.5004884648522568,ranked,0.03985753655433655,0.03629431873559952,0.0004884648522568424
19212,0.09517140936589738,0.499513189323334,ranked,0.2286836951971054,0.2097654789686203,0.0004868106766660052
25516,0.06276607663006946,0.4995388248323199,ranked,0.06649316847324371,0.06602093577384949,0.0004611751676800724
22538,0.016636791395922026,0.4995439895673139,ranked,0.06299590319395065,0.057120490819215775,0.00045601043268611585
21967,0.01092314586600941,0.4995524542281469,ranked,0.010765044018626213,0.011842413805425167,0.0004475457718530751
29830,0.01677683172753753,0.5004427461350369,ranked,0.031499069184064865,0.031364843249320984,0.00044274613503691995
24873,0.040471655836881025,0.500434270240414,ranked,0.16464681923389435,0.16396209597587585,0.0004342702404139809
23691,0.012939726641272686,0.5004340652237449,ranked,0.036656465381383896,0.03662951663136482,0.000434065223744895
22898,0.012071476585256554,0.49956633638425096,ranked,0.039321109652519226,0.04175148531794548,0.0004336636157490359
21847,0.01562850100829039,0.5004292655869288,ranked,0.041252799332141876,0.04161057993769646,0.00042926558692879535
20351,0.013667936365673313,0.5004281309741296,ranked,0.04343009740114212,0.03525680676102638,0.00042813097412963685
6616,0.02024983195160206,0.49958195135247646,ranked,0.04972311854362488,0.0485159270465374,0.000418048647523539
27268,0.022294420793188437,0.49959254200808395,ranked,0.018468700349330902,0.020466862246394157,0.00040745799191604926
6246,0.02576742101725297,0.5003911718047327,ranked,0.07203607261180878,0.06496027112007141,0.00039117180473269286
10989,0.04271230114272911,0.4996126870021633,ranked,0.21470430493354797,0.20672620832920074,0.00038731299783667517
16337,0.014144073493166032,0.49961333856198864,ranked,0.010676028206944466,0.01163543201982975,0.00038666143801135977
3726,0.017421017252968855,0.5003703218903252,ranked,0.049398332834243774,0.0462329238653183,0.0003703218903251537
9714,0.019913735155724848,0.5003652554509944,ranked,0.05163472518324852,0.052780356258153915,0.00036525545099441725
16961,0.01618866233475241,0.5003619330575753,ranked,0.01196686364710331,0.01244458556175232,0.00036193305757525884
28026,0.05624019717678692,0.49965713068420786,ranked,0.40042778849601746,0.3751678168773651,0.0003428693157921381
17666,0.011091194263948017,0.4996601750413224,ranked,0.01216878741979599,0.012550695799291134,0.00033982495867762585
3249,0.012407573381133767,0.4996655813028033,ranked,0.021905973553657532,0.022865334525704384,0.00033441869719669226
32105,0.02153820300246471,0.49967570856456966,ranked,0.07002034038305283,0.07734998315572739,0.000324291435430335
26157,0.027587945328254537,0.49967710717143593,ranked,0.0226037185639143,0.023060111328959465,0.00032289282856406976
9839,0.01490029128388976,0.4996773234218952,ranked,0.014230368658900261,0.014591928571462631,0.000322676578104808
8729,0.03699865561281649,0.5003202753554731,ranked,0.11572214961051941,0.11897635459899902,0.0003202753554730764
5862,0.019997759354694153,0.5003142737031173,ranked,0.046879298985004425,0.044951461255550385,0.00031427370311731817
25893,0.10407797445664352,0.49968785229165724,ranked,0.4945388734340668,0.5075644850730896,0.0003121477083427582
8659,0.0904100380909702,0.5003103306427956,ranked,0.29420819878578186,0.2829367518424988,0.00031033064279561984
12290,0.012519605646426171,0.49969310970541947,ranked,0.01021342258900404,0.010940938256680965,0.00030689029458053074
1621,0.032349316603181716,0.4997029111872733,ranked,0.028626786544919014,0.027893679216504097,0.00029708881272672016
11045,0.02817611472103966,0.4997111736398846,ranked,0.10764360427856445,0.0775560811161995,0.00028882636011540175
5447,0.014760250952274255,0.500287422136354,ranked,0.048831816762685776,0.040074463933706284,0.0002874221363540208
21092,0.017729105982522968,0.5002782834481158,ranked,0.05779334157705307,0.05416187271475792,0.000278283448115757
17464,0.03825901859735604,0.49972212658522264,ranked,0.032759472727775574,0.03535822033882141,0.00027787341477736316
19111,0.025571364552991263,0.5002751239446529,ranked,0.10241210460662842,0.10223276913166046,0.0002751239446528997
9683,0.015096347748151467,0.5002736382759133,ranked,0.014759458601474762,0.013686636462807655,0.0002736382759133127
13239,0.022518485323773246,0.49973338284289304,ranked,0.07919643819332123,0.07483608275651932,0.0002666171571069631
23951,0.010587049070132198,0.5002662689096142,ranked,0.011430542916059494,0.010530423372983932,0.0002662689096142312
19412,0.01968967062514004,0.4997385953214949,ranked,0.01885025016963482,0.01837734505534172,0.00026140467850510607
6980,0.016384718799014115,0.4997533396709884,ranked,0.013049847446382046,0.014485652558505535,0.0002466603290116054
14172,0.02473112256329823,0.49975612003403563,ranked,0.0771104246377945,0.061837028712034225,0.00024387996596436645
1022,0.020950033609679588,0.4997572883482051,ranked,0.07228642702102661,0.07057081162929535,0.0002427116517949024
25230,0.04744566435133318,0.4997595463400132,ranked,0.13616889715194702,0.13652576506137848,0.00024045365998681678
1234,0.0479218014788259,0.5002389146307444,ranked,0.11524943262338638,0.10839332640171051,0.00023891463074443564
24498,0.03150907461348868,0.5002306971132935,ranked,0.11140694469213486,0.10670940577983856,0.00023069711329348763
11888,0.01562850100829039,0.5002245381878765,ranked,0.012519053183495998,0.012576108798384666,0.0002245381878764885
9794,0.026607663006946,0.5002174075396166,ranked,0.06543204933404922,0.07436193525791168,0.00021740753961663195
27005,0.029072372843378894,0.500213964382954,ranked,0.10407525300979614,0.0958113893866539,0.00021396438295395726
4352,0.024647098364328927,0.5002066989292131,ranked,0.0605645589530468,0.06699810177087784,0.0002066989292131005
24609,0.020025767421017252,0.5001973496074105,ranked,0.060507941991090775,0.0609503835439682,0.00019734960741046859
32420,0.017673089849876766,0.4998042455907823,ranked,0.016957655549049377,0.017366288229823112,0.0001957544092177077
15027,0.03215326013892001,0.4998056076878308,ranked,0.07302914559841156,0.0802193209528923,0.0001943923121692226
31983,0.013695944431996414,0.5001762300820408,ranked,0.027218349277973175,0.02830461785197258,0.00017623008204081803
29484,0.03145305848084248,0.4998267356385431,ranked,0.08026165515184402,0.07581598311662674,0.00017326436145692625
28699,0.013835984763611921,0.5001726212269744,ranked,0.03480951115489006,0.05418572574853897,0.00017262122697436766
18128,0.02080999327806408,0.49983211662399624,ranked,0.01738252118229866,0.017694734036922455,0.00016788337600376346
17887,0.02534730002240645,0.49983859852087836,ranked,0.020403264090418816,0.020322097465395927,0.00016140147912163672
1768,0.10732691015012323,0.49983939050307974,ranked,0.5916321277618408,0.6007980108261108,0.00016060949692026094
32705,0.010250952274254986,0.500156394017189,ranked,0.05165973678231239,0.04972514137625694,0.00015639401718903212
15767,0.012939726641272686,0.5001488954623038,ranked,0.010751963593065739,0.01055829506367445,0.00014889546230378858
3547,0.017617073717230564,0.4998530901100947,ranked,0.0170609001070261,0.017090898007154465,0.00014690988990528897
29457,0.031621106878781086,0.4998624450487923,ranked,0.0697811022400856,0.07116108387708664,0.0001375549512077079
13322,0.011091194263948017,0.5001347830135029,ranked,0.010405355133116245,0.011490963399410248,0.00013478301350289268
27338,0.021118082007618194,0.5001265065186538,ranked,0.021189779043197632,0.021475346758961678,0.00012650651865375728
30170,0.016888863992829933,0.49987802912409507,ranked,0.014341468922793865,0.014588878490030766,0.00012197087590493094
15080,0.01834528344163119,0.5001189377525805,ranked,0.05560177564620972,0.051640745252370834,0.00011893775258053907
1978,0.024002912838897602,0.500108299353365,ranked,0.05671711638569832,0.05730193853378296,0.00010829935336498231
7867,0.019213533497647324,0.5000905387312323,ranked,0.05995279923081398,0.058165330439805984,9.053873123232581e-05
31951,0.01700089625812234,0.49991572972363796,ranked,0.040547024458646774,0.03894157335162163,8.427027636204176e-05
21725,0.04232018821420569,0.49994410346895835,ranked,0.035912029445171356,0.03613446280360222,5.589653104165482e-05
28970,0.029184405108671298,0.5000541665273678,ranked,0.03014683723449707,0.028969550505280495,5.416652736778271e-05
9056,0.036802599148554785,0.5000478447119943,ranked,0.07762772589921951,0.08854227513074875,4.7844711994260436e-05
10627,0.01011091194263948,0.500037223163464,ranked,0.008969318121671677,0.009251289069652557,3.7223163463995235e-05
3823,0.014564194488012548,0.4999837812155572,ranked,0.05277307704091072,0.048402708023786545,1.6218784442800782e-05
25982,0.022518485323773246,0.4999910017341377,ranked,0.05364493653178215,0.059119973331689835,8.998265862314447e-06
7282,0.3711348868474121,0.500006653212181,ranked,2.132333755493164,2.3606832027435303,6.653212180962598e-06
20912,0.018177235043692584,0.49999458531317653,ranked,0.04272919148206711,0.04489598050713539,5.414686823468351e-06
0,2.8008066323101054e-05,,too_rare,,,
1,0.0,,too_rare,,,
2,0.00053215326013892,,too_rare,,,
3,2.8008066323101054e-05,,too_rare,,,
4,0.0,,too_rare,,,
5,0.00014004033161550526,,too_rare,,,
6,0.0,,too_rare,,,
7,0.0,,too_rare,,,
8,0.0,,too_rare,,,
9,0.0,,too_rare,,,
10,0.0,,too_rare,,,
11,0.0,,too_rare,,,
12,0.0,,too_rare,,,
13,0.0,,too_rare,,,
14,0.0,,too_rare,,,
15,0.0,,too_rare,,,
16,0.0,,too_rare,,,
17,0.00014004033161550526,,too_rare,,,
18,0.0,,too_rare,,,
19,0.0,,too_rare,,,
20,0.0,,too_rare,,,
21,0.0,,too_rare,,,
22,0.0,,too_rare,,,
23,0.0,,too_rare,,,
24,0.0,,too_rare,,,
25,0.0,,too_rare,,,
26,0.0,,too_rare,,,
27,0.0,,too_rare,,,
28,0.0,,too_rare,,,
29,0.0006721935917544253,,too_rare,,,
30,0.0,,too_rare,,,
31,0.0,,too_rare,,,
32,0.0,,too_rare,,,
33,2.8008066323101054e-05,,too_rare,,,
34,0.0,,too_rare,,,
35,0.0,,too_rare,,,
36,0.0,,too_rare,,,
37,0.0,,too_rare,,,
38,0.0,,too_rare,,,
39,0.0,,too_rare,,,
40,2.8008066323101054e-05,,too_rare,,,
41,0.0,,too_rare,,,
42,0.0,,too_rare,,,
43,0.0,,too_rare,,,
44,0.0,,too_rare,,,
45,0.0,,too_rare,,,
46,0.0,,too_rare,,,
47,0.0,,too_rare,,,
48,0.0,,too_rare,,,
49,0.00036410486220031366,,too_rare,,,
50,0.0,,too_rare,,,
51,0.0,,too_rare,,,
52,0.0,,too_rare,,,
53,0.0,,too_rare,,,
54,0.002212637239524983,,too_rare,,,
55,0.0,,too_rare,,,
56,0.0,,too_rare,,,
57,0.0,,too_rare,,,
58,0.0,,too_rare,,,
59,0.0,,too_rare,,,
60,0.0,,too_rare,,,
61,0.0,,too_rare,,,
62,0.00036410486220031366,,too_rare,,,
63,0.00022406453058480843,,too_rare,,,
64,0.0,,too_rare,,,
65,0.0,,too_rare,,,
66,2.8008066323101054e-05,,too_rare,,,
67,0.0,,too_rare,,,
68,0.0,,too_rare,,,
69,0.0,,too_rare,,,
70,0.0,,too_rare,,,
71,0.0,,too_rare,,,
72,0.0,,too_rare,,,
73,0.0,,too_rare,,,
74,0.00019605646426170737,,too_rare,,,
75,0.0,,too_rare,,,
76,0.0,,too_rare,,,
77,0.0,,too_rare,,,
78,0.0,,too_rare,,,
79,0.0,,too_rare,,,
80,0.0,,too_rare,,,
81,0.0,,too_rare,,,
82,0.0,,too_rare,,,
83,0.0,,too_rare,,,
84,0.0,,too_rare,,,
85,0.0,,too_rare,,,
86,0.0,,too_rare,,,
87,0.0,,too_rare,,,
88,0.0,,too_rare,,,
89,2.8008066323101054e-05,,too_rare,,,
90,0.0,,too_rare,,,
92,0.0,,too_rare,,,
93,0.0,,too_rare,,,
94,0.0,,too_rare,,,
95,2.8008066323101054e-05,,too_rare,,,
96,0.0,,too_rare,,,
97,0.0,,too_rare,,,
98,0.0,,too_rare,,,
99,0.0,,too_rare,,,
100,0.0,,too_rare,,,
101,0.0,,too_rare,,,
102,5.601613264620211e-05,,too_rare,,,
103,0.0,,too_rare,,,
104,5.601613264620211e-05,,too_rare,,,
105,0.0,,too_rare,,,
106,0.0,,too_rare,,,
107,0.0003080887295541116,,too_rare,,,
108,2.8008066323101054e-05,,too_rare,,,
109,0.0,,too_rare,,,
110,0.0005881693927851221,,too_rare,,,
111,0.0,,too_rare,,,
112,0.0,,too_rare,,,
113,0.00022406453058480843,,too_rare,,,
115,2.8008066323101054e-05,,too_rare,,,
116,2.8008066323101054e-05,,too_rare,,,
117,0.0,,too_rare,,,
118,0.0,,too_rare,,,
119,0.0,,too_rare,,,
120,0.0,,too_rare,,,
121,0.0,,too_rare,,,
122,0.0,,too_rare,,,
123,0.0,,too_rare,,,
124,0.0,,too_rare,,,
125,0.000560161326462021,,too_rare,,,
126,0.0,,too_rare,,,
127,0.0,,too_rare,,,
128,0.0,,too_rare,,,
129,0.0,,too_rare,,,
130,0.0,,too_rare,,,
131,2.8008066323101054e-05,,too_rare,,,
132,0.0,,too_rare,,,
133,0.0,,too_rare,,,
134,0.0,,too_rare,,,
135,0.0,,too_rare,,,
136,0.0,,too_rare,,,
137,2.8008066323101054e-05,,too_rare,,,
138,0.0,,too_rare,,,
139,0.0,,too_rare,,,
140,0.0,,too_rare,,,
141,0.0,,too_rare,,,
142,0.0,,too_rare,,,
143,0.0,,too_rare,,,
144,0.0,,too_rare,,,
145,0.0,,too_rare,,,
146,2.8008066323101054e-05,,too_rare,,,
147,2.8008066323101054e-05,,too_rare,,,
148,0.0,,too_rare,,,
149,0.00019605646426170737,,too_rare,,,
150,0.0,,too_rare,,,
151,0.0,,too_rare,,,
152,0.0,,too_rare,,,
153,2.8008066323101054e-05,,too_rare,,,
154,0.0,,too_rare,,,
155,0.00011203226529240422,,too_rare,,,
156,0.0,,too_rare,,,
157,0.0,,too_rare,,,
158,0.0,,too_rare,,,
159,0.0,,too_rare,,,
160,0.0,,too_rare,,,
161,0.0,,too_rare,,,
162,2.8008066323101054e-05,,too_rare,,,
163,5.601613264620211e-05,,too_rare,,,
164,0.0,,too_rare,,,
165,2.8008066323101054e-05,,too_rare,,,
166,0.0,,too_rare,,,
167,0.0,,too_rare,,,
168,0.0,,too_rare,,,
169,0.0,,too_rare,,,
170,0.0,,too_rare,,,
171,0.0,,too_rare,,,
172,2.8008066323101054e-05,,too_rare,,,
173,0.0,,too_rare,,,
174,0.00019605646426170737,,too_rare,,,
175,0.0,,too_rare,,,
176,2.8008066323101054e-05,,too_rare,,,
177,0.0,,too_rare,,,
178,2.8008066323101054e-05,,too_rare,,,
179,0.008486444095899619,,too_rare,,,
180,0.0,,too_rare,,,
181,0.0,,too_rare,,,
182,0.0,,too_rare,,,
183,0.0,,too_rare,,,
184,0.0,,too_rare,,,
186,0.0,,too_rare,,,
187,0.0,,too_rare,,,
188,8.402419896930316e-05,,too_rare,,,
189,0.0,,too_rare,,,
190,0.0,,too_rare,,,
191,8.402419896930316e-05,,too_rare,,,
192,0.0,,too_rare,,,
193,2.8008066323101054e-05,,too_rare,,,
194,0.0,,too_rare,,,
197,0.0,,too_rare,,,
198,0.0,,too_rare,,,
199,0.0,,too_rare,,,
200,0.0,,too_rare,,,
201,0.0,,too_rare,,,
203,0.0,,too_rare,,,
204,0.0,,too_rare,,,
205,0.0,,too_rare,,,
206,0.0,,too_rare,,,
207,0.0,,too_rare,,,
208,0.0,,too_rare,,,
209,0.0,,too_rare,,,
210,0.0,,too_rare,,,
211,5.601613264620211e-05,,too_rare,,,
212,0.0,,too_rare,,,
213,2.8008066323101054e-05,,too_rare,,,
214,8.402419896930316e-05,,too_rare,,,
215,0.0,,too_rare,,,
216,0.0029128388976025093,,too_rare,,,
217,0.0,,too_rare,,,
218,0.0,,too_rare,,,
219,0.00011203226529240422,,too_rare,,,
221,0.0,,too_rare,,,
222,0.0,,too_rare,,,
223,0.0,,too_rare,,,
224,0.0,,too_rare,,,
225,0.0,,too_rare,,,
226,2.8008066323101054e-05,,too_rare,,,
227,2.8008066323101054e-05,,too_rare,,,
228,0.0,,too_rare,,,
229,0.0,,too_rare,,,
230,0.0,,too_rare,,,
231,0.0,,too_rare,,,
232,0.0014004033161550526,,too_rare,,,
233,5.601613264620211e-05,,too_rare,,,
234,0.0,,too_rare,,,
235,0.0,,too_rare,,,
236,0.0,,too_rare,,,
237,0.0,,too_rare,,,
238,0.0,,too_rare,,,
239,0.0,,too_rare,,,
240,0.0,,too_rare,,,
241,0.0,,too_rare,,,
242,0.0,,too_rare,,,
243,0.0,,too_rare,,,
244,0.0,,too_rare,,,
245,0.0,,too_rare,,,
246,0.0,,too_rare,,,
247,0.0,,too_rare,,,
248,0.0007282097244006273,,too_rare,,,
249,0.0,,too_rare,,,
250,0.00016804839793860632,,too_rare,,,
251,0.0,,too_rare,,,
252,0.0,,too_rare,,,
253,0.0,,too_rare,,,
254,0.00044812906116961686,,too_rare,,,
255,0.0,,too_rare,,,
257,0.0,,too_rare,,,
258,0.0,,too_rare,,,
259,0.0,,too_rare,,,
260,2.8008066323101054e-05,,too_rare,,,
261,0.0,,too_rare,,,
262,0.0,,too_rare,,,
263,0.0,,too_rare,,,
264,2.8008066323101054e-05,,too_rare,,,
265,0.0,,too_rare,,,
266,0.0,,too_rare,,,
268,0.0,,too_rare,,,
269,0.0,,too_rare,,,
270,2.8008066323101054e-05,,too_rare,,,
271,2.8008066323101054e-05,,too_rare,,,
272,0.0,,too_rare,,,
273,0.0,,too_rare,,,
274,0.0,,too_rare,,,
275,0.0,,too_rare,,,
276,0.0,,too_rare,,,
277,0.0,,too_rare,,,
278,0.0,,too_rare,,,
279,0.0,,too_rare,,,
280,0.00019605646426170737,,too_rare,,,
281,0.0,,too_rare,,,
282,0.0,,too_rare,,,
284,2.8008066323101054e-05,,too_rare,,,
285,0.0,,too_rare,,,
286,2.8008066323101054e-05,,too_rare,,,
287,0.0,,too_rare,,,
288,5.601613264620211e-05,,too_rare,,,
289,0.0,,too_rare,,,
290,0.0,,too_rare,,,
291,0.0,,too_rare,,,
292,0.0,,too_rare,,,
293,0.0,,too_rare,,,
294,0.0,,too_rare,,,
295,5.601613264620211e-05,,too_rare,,,
296,0.0,,too_rare,,,
297,2.8008066323101054e-05,,too_rare,,,
298,0.0002520725969079095,,too_rare,,,
299,0.0,,too_rare,,,
300,0.0,,too_rare,,,
301,0.0,,too_rare,,,
302,0.0,,too_rare,,,
303,0.005965718126820525,,too_rare,,,
304,0.00011203226529240422,,too_rare,,,
305,0.0,,too_rare,,,
306,0.0,,too_rare,,,
307,0.0,,too_rare,,,
308,0.0,,too_rare,,,
309,0.0,,too_rare,,,
310,0.0,,too_rare,,,
311,0.0,,too_rare,,,
312,0.0,,too_rare,,,
313,0.0,,too_rare,,,
314,0.0,,too_rare,,,
315,5.601613264620211e-05,,too_rare,,,
316,0.00014004033161550526,,too_rare,,,
317,0.0,,too_rare,,,
318,0.0,,too_rare,,,
319,0.0,,too_rare,,,
320,0.00036410486220031366,,too_rare,,,
321,0.0,,too_rare,,,
322,2.8008066323101054e-05,,too_rare,,,
323,0.0,,too_rare,,,
324,0.0,,too_rare,,,
325,0.0,,too_rare,,,
326,0.0,,too_rare,,,
327,8.402419896930316e-05,,too_rare,,,
328,0.0,,too_rare,,,
329,2.8008066323101054e-05,,too_rare,,,
330,0.0,,too_rare,,,
331,0.0,,too_rare,,,
332,0.0,,too_rare,,,
333,2.8008066323101054e-05,,too_rare,,,
334,0.0,,too_rare,,,
335,0.0,,too_rare,,,
336,0.0,,too_rare,,,
337,0.0,,too_rare,,,
338,0.0,,too_rare,,,
339,0.0,,too_rare,,,
340,0.0,,too_rare,,,
341,0.00014004033161550526,,too_rare,,,
342,0.0,,too_rare,,,
343,0.0,,too_rare,,,
344,2.8008066323101054e-05,,too_rare,,,
345,0.0,,too_rare,,,
346,0.0,,too_rare,,,
347,0.0,,too_rare,,,
348,0.0,,too_rare,,,
349,0.0,,too_rare,,,
350,2.8008066323101054e-05,,too_rare,,,
351,0.0,,too_rare,,,
352,0.0,,too_rare,,,
353,2.8008066323101054e-05,,too_rare,,,
354,0.0,,too_rare,,,
355,8.402419896930316e-05,,too_rare,,,
356,0.0,,too_rare,,,
357,0.0,,too_rare,,,
358,2.8008066323101054e-05,,too_rare,,,
359,2.8008066323101054e-05,,too_rare,,,
360,5.601613264620211e-05,,too_rare,,,
361,0.0,,too_rare,,,
362,0.0,,too_rare,,,
363,2.8008066323101054e-05,,too_rare,,,
364,0.0,,too_rare,,,
365,0.0,,too_rare,,,
366,0.0,,too_rare,,,
367,0.0,,too_rare,,,
368,0.0,,too_rare,,,
369,0.0,,too_rare,,,
371,0.0,,too_rare,,,
372,0.0,,too_rare,,,
373,0.0,,too_rare,,,
374,0.0,,too_rare,,,
375,0.0,,too_rare,,,
376,2.8008066323101054e-05,,too_rare,,,
377,2.8008066323101054e-05,,too_rare,,,
378,0.0,,too_rare,,,
379,0.0,,too_rare,,,
380,0.0,,too_rare,,,
381,0.0,,too_rare,,,
382,0.0,,too_rare,,,
383,0.0,,too_rare,,,
384,5.601613264620211e-05,,too_rare,,,
385,0.0,,too_rare,,,
386,0.0,,too_rare,,,
387,2.8008066323101054e-05,,too_rare,,,
388,2.8008066323101054e-05,,too_rare,,,
389,0.0,,too_rare,,,
390,0.0,,too_rare,,,
391,0.0,,too_rare,,,
392,0.0,,too_rare,,,
393,0.0,,too_rare,,,
394,2.8008066323101054e-05,,too_rare,,,
395,0.0,,too_rare,,,
396,0.0,,too_rare,,,
397,5.601613264620211e-05,,too_rare,,,
398,0.0,,too_rare,,,
399,0.0,,too_rare,,,
400,2.8008066323101054e-05,,too_rare,,,
401,0.0,,too_rare,,,
402,0.0,,too_rare,,,
403,0.0,,too_rare,,,
404,0.0,,too_rare,,,
405,0.0,,too_rare,,,
406,0.0,,too_rare,,,
407,0.0,,too_rare,,,
408,0.0,,too_rare,,,
409,0.0,,too_rare,,,
410,0.0,,too_rare,,,
411,0.0,,too_rare,,,
412,5.601613264620211e-05,,too_rare,,,
413,2.8008066323101054e-05,,too_rare,,,
415,0.0,,too_rare,,,
416,0.0,,too_rare,,,
417,0.0,,too_rare,,,
418,0.0,,too_rare,,,
419,0.0,,too_rare,,,
420,0.0,,too_rare,,,
421,0.0,,too_rare,,,
422,0.0,,too_rare,,,
423,0.0,,too_rare,,,
424,0.0,,too_rare,,,
425,0.0,,too_rare,,,
426,0.0,,too_rare,,,
427,0.0002800806632310105,,too_rare,,,
428,0.0,,too_rare,,,
429,0.0,,too_rare,,,
430,0.00159645978041676,,too_rare,,,
431,0.00014004033161550526,,too_rare,,,
432,0.0,,too_rare,,,
433,0.0,,too_rare,,,
434,0.0,,too_rare,,,
435,0.0,,too_rare,,,
436,0.0,,too_rare,,,
437,2.8008066323101054e-05,,too_rare,,,
438,2.8008066323101054e-05,,too_rare,,,
439,0.0,,too_rare,,,
440,0.0,,too_rare,,,
441,2.8008066323101054e-05,,too_rare,,,
442,0.0,,too_rare,,,
443,0.0,,too_rare,,,
444,0.0,,too_rare,,,
445,0.0,,too_rare,,,
446,0.0,,too_rare,,,
447,0.0,,too_rare,,,
448,2.8008066323101054e-05,,too_rare,,,
449,0.0,,too_rare,,,
450,0.0,,too_rare,,,
451,2.8008066323101054e-05,,too_rare,,,
452,0.0,,too_rare,,,
453,0.0,,too_rare,,,
454,0.0,,too_rare,,,
455,0.0,,too_rare,,,
456,0.0,,too_rare,,,
457,0.0,,too_rare,,,
458,0.0,,too_rare,,,
459,0.0,,too_rare,,,
460,2.8008066323101054e-05,,too_rare,,,
461,0.0,,too_rare,,,
462,0.0,,too_rare,,,
463,0.0,,too_rare,,,
464,0.0,,too_rare,,,
465,0.0,,too_rare,,,
466,0.0,,too_rare,,,
467,2.8008066323101054e-05,,too_rare,,,
468,5.601613264620211e-05,,too_rare,,,
469,0.0,,too_rare,,,
470,0.0,,too_rare,,,
471,2.8008066323101054e-05,,too_rare,,,
472,0.0,,too_rare,,,
473,0.0,,too_rare,,,
474,0.0,,too_rare,,,
475,0.00016804839793860632,,too_rare,,,
476,0.0,,too_rare,,,
477,2.8008066323101054e-05,,too_rare,,,
478,0.0,,too_rare,,,
479,0.0,,too_rare,,,
480,0.0,,too_rare,,,
481,5.601613264620211e-05,,too_rare,,,
482,0.0,,too_rare,,,
483,0.0,,too_rare,,,
484,0.0,,too_rare,,,
485,5.601613264620211e-05,,too_rare,,,
486,2.8008066323101054e-05,,too_rare,,,
487,0.0,,too_rare,,,
489,0.0,,too_rare,,,
490,0.0,,too_rare,,,
491,0.0,,too_rare,,,
492,0.0,,too_rare,,,
493,0.0,,too_rare,,,
494,0.0,,too_rare,,,
495,0.0,,too_rare,,,
496,0.0,,too_rare,,,
497,5.601613264620211e-05,,too_rare,,,
498,0.0,,too_rare,,,
499,0.0,,too_rare,,,
500,0.0,,too_rare,,,
501,0.0,,too_rare,,,
502,0.0,,too_rare,,,
503,2.8008066323101054e-05,,too_rare,,,
504,0.0,,too_rare,,,
505,0.0,,too_rare,,,
506,0.0,,too_rare,,,
507,0.0,,too_rare,,,
508,0.0,,too_rare,,,
509,0.0,,too_rare,,,
510,0.0,,too_rare,,,
511,0.0005881693927851221,,too_rare,,,
512,0.0,,too_rare,,,
513,0.0,,too_rare,,,
514,0.0,,too_rare,,,
515,2.8008066323101054e-05,,too_rare,,,
516,2.8008066323101054e-05,,too_rare,,,
517,0.0,,too_rare,,,
518,0.0,,too_rare,,,
519,0.0,,too_rare,,,
520,2.8008066323101054e-05,,too_rare,,,
521,0.0,,too_rare,,,
522,0.0,,too_rare,,,
523,0.0,,too_rare,,,
524,0.0,,too_rare,,,
525,0.0007282097244006273,,too_rare,,,
526,0.0,,too_rare,,,
528,0.0,,too_rare,,,
529,0.0,,too_rare,,,
530,0.0,,too_rare,,,
531,5.601613264620211e-05,,too_rare,,,
532,0.0,,too_rare,,,
533,2.8008066323101054e-05,,too_rare,,,
534,0.0,,too_rare,,,
535,0.0,,too_rare,,,
536,0.00159645978041676,,too_rare,,,
538,0.0,,too_rare,,,
539,0.0,,too_rare,,,
540,0.0,,too_rare,,,
541,0.0,,too_rare,,,
542,0.0,,too_rare,,,
543,0.0,,too_rare,,,
544,5.601613264620211e-05,,too_rare,,,
545,0.0,,too_rare,,,
546,0.0,,too_rare,,,
547,0.0,,too_rare,,,
548,0.0,,too_rare,,,
549,0.00053215326013892,,too_rare,,,
550,0.0,,too_rare,,,
551,2.8008066323101054e-05,,too_rare,,,
552,8.402419896930316e-05,,too_rare,,,
553,0.0,,too_rare,,,
554,5.601613264620211e-05,,too_rare,,,
555,0.0,,too_rare,,,
556,0.0,,too_rare,,,
557,0.0,,too_rare,,,
558,0.0,,too_rare,,,
559,0.0,,too_rare,,,
560,0.0,,too_rare,,,
561,0.0002800806632310105,,too_rare,,,
562,0.0,,too_rare,,,
563,8.402419896930316e-05,,too_rare,,,
565,0.0,,too_rare,,,
566,0.0,,too_rare,,,
567,0.0,,too_rare,,,
568,2.8008066323101054e-05,,too_rare,,,
569,0.0,,too_rare,,,
570,0.0,,too_rare,,,
571,0.0,,too_rare,,,
572,0.0,,too_rare,,,
573,0.0,,too_rare,,,
574,0.0,,too_rare,,,
575,0.0,,too_rare,,,
576,0.0,,too_rare,,,
577,0.0,,too_rare,,,
578,0.0,,too_rare,,,
579,0.0,,too_rare,,,
580,0.0,,too_rare,,,
581,0.00159645978041676,,too_rare,,,
582,0.0,,too_rare,,,
583,0.0,,too_rare,,,
584,0.0,,too_rare,,,
585,0.0,,too_rare,,,
586,0.0,,too_rare,,,
587,2.8008066323101054e-05,,too_rare,,,
588,0.0,,too_rare,,,
589,0.0,,too_rare,,,
590,5.601613264620211e-05,,too_rare,,,
591,0.0,,too_rare,,,
592,0.00011203226529240422,,too_rare,,,
593,2.8008066323101054e-05,,too_rare,,,
594,0.0,,too_rare,,,
595,0.0008962581223392337,,too_rare,,,
596,2.8008066323101054e-05,,too_rare,,,
597,0.0,,too_rare,,,
598,0.0,,too_rare,,,
599,0.0,,too_rare,,,
600,5.601613264620211e-05,,too_rare,,,
601,0.0,,too_rare,,,
602,2.8008066323101054e-05,,too_rare,,,
604,0.00039211292852341475,,too_rare,,,
605,0.0,,too_rare,,,
606,0.0,,too_rare,,,
607,8.402419896930316e-05,,too_rare,,,
608,0.0,,too_rare,,,
609,0.0,,too_rare,,,
610,0.0,,too_rare,,,
611,0.0,,too_rare,,,
612,0.0,,too_rare,,,
613,2.8008066323101054e-05,,too_rare,,,
614,0.00044812906116961686,,too_rare,,,
615,0.0,,too_rare,,,
616,2.8008066323101054e-05,,too_rare,,,
617,0.0,,too_rare,,,
618,0.0,,too_rare,,,
619,0.0,,too_rare,,,
620,2.8008066323101054e-05,,too_rare,,,
621,0.0,,too_rare,,,
622,0.0,,too_rare,,,
623,2.8008066323101054e-05,,too_rare,,,
624,0.0,,too_rare,,,
625,0.0,,too_rare,,,
626,0.0,,too_rare,,,
627,0.0,,too_rare,,,
628,0.0,,too_rare,,,
629,0.0,,too_rare,,,
630,0.0,,too_rare,,,
631,0.0,,too_rare,,,
632,2.8008066323101054e-05,,too_rare,,,
633,0.0,,too_rare,,,
635,0.0,,too_rare,,,
636,2.8008066323101054e-05,,too_rare,,,
637,0.0,,too_rare,,,
638,2.8008066323101054e-05,,too_rare,,,
639,0.0,,too_rare,,,
640,0.0,,too_rare,,,
641,2.8008066323101054e-05,,too_rare,,,
642,0.0,,too_rare,,,
643,0.0,,too_rare,,,
644,0.0,,too_rare,,,
645,0.002156621106878781,,too_rare,,,
646,0.0007282097244006273,,too_rare,,,
647,2.8008066323101054e-05,,too_rare,,,
648,0.0,,too_rare,,,
649,0.0,,too_rare,,,
650,2.8008066323101054e-05,,too_rare,,,
651,0.0,,too_rare,,,
652,0.0,,too_rare,,,
653,0.0,,too_rare,,,
654,0.0,,too_rare,,,
655,2.8008066323101054e-05,,too_rare,,,
656,0.0,,too_rare,,,
657,0.0,,too_rare,,,
658,0.0,,too_rare,,,
659,0.0,,too_rare,,,
660,0.0,,too_rare,,,
661,0.0,,too_rare,,,
662,0.0,,too_rare,,,
663,0.0,,too_rare,,,
664,0.0,,too_rare,,,
665,0.0,,too_rare,,,
666,2.8008066323101054e-05,,too_rare,,,
667,0.0,,too_rare,,,
668,0.0,,too_rare,,,
669,0.0,,too_rare,,,
670,2.8008066323101054e-05,,too_rare,,,
671,0.0,,too_rare,,,
672,0.0002520725969079095,,too_rare,,,
673,0.0,,too_rare,,,
674,0.0,,too_rare,,,
675,0.0,,too_rare,,,
676,0.0,,too_rare,,,
677,0.0,,too_rare,,,
678,0.0,,too_rare,,,
679,0.0,,too_rare,,,
680,0.0,,too_rare,,,
681,0.0,,too_rare,,,
682,0.0,,too_rare,,,
683,2.8008066323101054e-05,,too_rare,,,
685,0.0,,too_rare,,,
686,2.8008066323101054e-05,,too_rare,,,
687,0.0,,too_rare,,,
688,2.8008066323101054e-05,,too_rare,,,
689,0.0,,too_rare,,,
690,0.001652475913062962,,too_rare,,,
691,0.0,,too_rare,,,
692,0.0,,too_rare,,,
693,2.8008066323101054e-05,,too_rare,,,
694,0.0,,too_rare,,,
695,2.8008066323101054e-05,,too_rare,,,
696,5.601613264620211e-05,,too_rare,,,
697,0.0,,too_rare,,,
698,0.0,,too_rare,,,
700,2.8008066323101054e-05,,too_rare,,,
701,0.0,,too_rare,,,
702,0.0,,too_rare,,,
703,0.0,,too_rare,,,
704,0.0,,too_rare,,,
705,0.0,,too_rare,,,
706,0.00014004033161550526,,too_rare,,,
707,0.0,,too_rare,,,
708,0.0,,too_rare,,,
709,0.0,,too_rare,,,
710,0.0,,too_rare,,,
711,0.0,,too_rare,,,
712,0.0,,too_rare,,,
713,0.0,,too_rare,,,
714,0.0,,too_rare,,,
715,0.0,,too_rare,,,
716,0.0,,too_rare,,,
717,0.0,,too_rare,,,
718,0.0,,too_rare,,,
719,0.0,,too_rare,,,
720,0.0,,too_rare,,,
721,0.0,,too_rare,,,
722,0.0,,too_rare,,,
723,0.0,,too_rare,,,
724,0.0,,too_rare,,,
725,0.001092314586600941,,too_rare,,,
726,0.0,,too_rare,,,
727,0.00044812906116961686,,too_rare,,,
728,0.0,,too_rare,,,
729,0.0,,too_rare,,,
730,0.0,,too_rare,,,
731,0.0,,too_rare,,,
732,0.0,,too_rare,,,
733,0.0,,too_rare,,,
734,0.0,,too_rare,,,
735,0.0,,too_rare,,,
736,0.0,,too_rare,,,
737,0.0,,too_rare,,,
738,0.0,,too_rare,,,
739,0.0,,too_rare,,,
740,0.0,,too_rare,,,
741,0.0,,too_rare,,,
742,0.0,,too_rare,,,
743,5.601613264620211e-05,,too_rare,,,
744,2.8008066323101054e-05,,too_rare,,,
745,0.0,,too_rare,,,
746,0.0,,too_rare,,,
747,0.0,,too_rare,,,
748,0.0,,too_rare,,,
749,2.8008066323101054e-05,,too_rare,,,
750,0.0,,too_rare,,,
751,0.0,,too_rare,,,
752,0.0,,too_rare,,,
753,5.601613264620211e-05,,too_rare,,,
754,0.0,,too_rare,,,
755,0.0013443871835088505,,too_rare,,,
756,0.0,,too_rare,,,
757,0.0,,too_rare,,,
758,0.0,,too_rare,,,
759,0.0,,too_rare,,,
760,0.0,,too_rare,,,
761,2.8008066323101054e-05,,too_rare,,,
762,5.601613264620211e-05,,too_rare,,,
763,0.0,,too_rare,,,
764,0.0,,too_rare,,,
765,0.0,,too_rare,,,
766,0.0,,too_rare,,,
767,0.0,,too_rare,,,
770,0.0,,too_rare,,,
771,0.0,,too_rare,,,
772,2.8008066323101054e-05,,too_rare,,,
773,2.8008066323101054e-05,,too_rare,,,
774,0.0,,too_rare,,,
775,0.0,,too_rare,,,
776,0.0,,too_rare,,,
777,0.0,,too_rare,,,
778,0.0,,too_rare,,,
779,0.0,,too_rare,,,
780,0.0,,too_rare,,,
781,0.0,,too_rare,,,
782,0.0,,too_rare,,,
783,0.0,,too_rare,,,
784,8.402419896930316e-05,,too_rare,,,
785,0.0,,too_rare,,,
786,0.0,,too_rare,,,
787,2.8008066323101054e-05,,too_rare,,,
788,0.0,,too_rare,,,
789,0.0,,too_rare,,,
790,2.8008066323101054e-05,,too_rare,,,
791,0.0,,too_rare,,,
792,0.0,,too_rare,,,
794,0.00014004033161550526,,too_rare,,,
795,0.0,,too_rare,,,
796,0.0,,too_rare,,,
798,0.0,,too_rare,,,
799,0.0,,too_rare,,,
800,0.0,,too_rare,,,
801,0.0008122339233699305,,too_rare,,,
802,0.0,,too_rare,,,
803,0.0,,too_rare,,,
804,0.0,,too_rare,,,
805,0.0,,too_rare,,,
806,0.0,,too_rare,,,
807,0.0,,too_rare,,,
808,0.0,,too_rare,,,
809,0.0,,too_rare,,,
810,0.0,,too_rare,,,
811,0.0,,too_rare,,,
812,2.8008066323101054e-05,,too_rare,,,
813,0.0,,too_rare,,,
814,0.0,,too_rare,,,
815,0.002772798565987004,,too_rare,,,
816,0.0,,too_rare,,,
817,2.8008066323101054e-05,,too_rare,,,
818,0.0,,too_rare,,,
819,0.00011203226529240422,,too_rare,,,
820,0.0,,too_rare,,,
821,0.0,,too_rare,,,
823,0.0,,too_rare,,,
824,0.0,,too_rare,,,
825,0.0,,too_rare,,,
826,0.0,,too_rare,,,
827,0.0,,too_rare,,,
828,0.0,,too_rare,,,
829,0.0,,too_rare,,,
830,0.00014004033161550526,,too_rare,,,
831,0.0,,too_rare,,,
832,0.0,,too_rare,,,
833,0.0,,too_rare,,,
834,0.0,,too_rare,,,
835,0.0,,too_rare,,,
836,0.0,,too_rare,,,
838,0.0,,too_rare,,,
839,0.00022406453058480843,,too_rare,,,
840,0.0,,too_rare,,,
841,2.8008066323101054e-05,,too_rare,,,
842,0.0,,too_rare,,,
843,0.0,,too_rare,,,
844,0.0,,too_rare,,,
845,0.0,,too_rare,,,
846,0.0,,too_rare,,,
847,0.0,,too_rare,,,
849,0.0,,too_rare,,,
850,0.0,,too_rare,,,
851,0.0,,too_rare,,,
852,0.0,,too_rare,,,
854,0.0,,too_rare,,,
855,0.0,,too_rare,,,
856,2.8008066323101054e-05,,too_rare,,,
857,0.0,,too_rare,,,
858,0.0,,too_rare,,,
859,0.0,,too_rare,,,
860,0.0,,too_rare,,,
861,0.0,,too_rare,,,
862,0.0,,too_rare,,,
863,0.0,,too_rare,,,
864,0.0,,too_rare,,,
865,0.0,,too_rare,,,
866,2.8008066323101054e-05,,too_rare,,,
867,0.0,,too_rare,,,
868,0.0,,too_rare,,,
869,0.0,,too_rare,,,
870,0.0,,too_rare,,,
871,0.0,,too_rare,,,
872,0.0,,too_rare,,,
873,0.0,,too_rare,,,
874,0.0,,too_rare,,,
875,0.0,,too_rare,,,
876,0.0,,too_rare,,,
877,0.0,,too_rare,,,
879,0.0,,too_rare,,,
880,0.0,,too_rare,,,
881,0.0,,too_rare,,,
883,0.0,,too_rare,,,
884,0.0,,too_rare,,,
885,0.00016804839793860632,,too_rare,,,
886,0.0,,too_rare,,,
887,0.0,,too_rare,,,
888,2.8008066323101054e-05,,too_rare,,,
889,0.0,,too_rare,,,
890,0.00011203226529240422,,too_rare,,,
891,0.00014004033161550526,,too_rare,,,
892,0.0,,too_rare,,,
893,0.0,,too_rare,,,
894,0.0,,too_rare,,,
895,0.0,,too_rare,,,
896,0.0,,too_rare,,,
897,0.0,,too_rare,,,
898,0.00106430652027784,,too_rare,,,
899,0.0,,too_rare,,,
900,0.0,,too_rare,,,
901,0.0,,too_rare,,,
902,0.0,,too_rare,,,
903,0.0,,too_rare,,,
904,0.0,,too_rare,,,
905,0.0,,too_rare,,,
906,0.004285234147434461,,too_rare,,,
907,2.8008066323101054e-05,,too_rare,,,
908,0.0,,too_rare,,,
909,0.0,,too_rare,,,
910,0.0,,too_rare,,,
911,0.0,,too_rare,,,
912,0.0,,too_rare,,,
913,0.0,,too_rare,,,
914,0.0,,too_rare,,,
915,0.0,,too_rare,,,
916,0.0,,too_rare,,,
917,0.0,,too_rare,,,
918,0.0,,too_rare,,,
919,0.0,,too_rare,,,
920,0.0,,too_rare,,,
921,0.0,,too_rare,,,
922,0.0,,too_rare,,,
923,0.00016804839793860632,,too_rare,,,
924,0.0,,too_rare,,,
925,0.0,,too_rare,,,
926,2.8008066323101054e-05,,too_rare,,,
927,2.8008066323101054e-05,,too_rare,,,
928,0.0,,too_rare,,,
929,2.8008066323101054e-05,,too_rare,,,
930,2.8008066323101054e-05,,too_rare,,,
931,0.0,,too_rare,,,
932,0.0,,too_rare,,,
933,0.0,,too_rare,,,
934,0.000980282321308537,,too_rare,,,
935,2.8008066323101054e-05,,too_rare,,,
936,0.0,,too_rare,,,
937,0.0,,too_rare,,,
938,0.0,,too_rare,,,
939,0.0,,too_rare,,,
940,0.0,,too_rare,,,
941,0.0,,too_rare,,,
942,0.0,,too_rare,,,
943,0.0,,too_rare,,,
944,0.0,,too_rare,,,
946,0.0,,too_rare,,,
947,0.0,,too_rare,,,
948,0.0,,too_rare,,,
949,0.0,,too_rare,,,
951,5.601613264620211e-05,,too_rare,,,
952,0.0,,too_rare,,,
953,0.0,,too_rare,,,
954,0.0,,too_rare,,,
955,0.00016804839793860632,,too_rare,,,
956,2.8008066323101054e-05,,too_rare,,,
957,2.8008066323101054e-05,,too_rare,,,
958,0.0,,too_rare,,,
959,0.0,,too_rare,,,
960,2.8008066323101054e-05,,too_rare,,,
961,2.8008066323101054e-05,,too_rare,,,
962,0.0,,too_rare,,,
963,2.8008066323101054e-05,,too_rare,,,
964,0.0,,too_rare,,,
965,2.8008066323101054e-05,,too_rare,,,
966,0.0,,too_rare,,,
967,0.0,,too_rare,,,
968,2.8008066323101054e-05,,too_rare,,,
969,0.0,,too_rare,,,
970,0.0,,too_rare,,,
973,0.0,,too_rare,,,
974,0.0,,too_rare,,,
975,0.00019605646426170737,,too_rare,,,
976,2.8008066323101054e-05,,too_rare,,,
977,2.8008066323101054e-05,,too_rare,,,
978,2.8008066323101054e-05,,too_rare,,,
979,0.0,,too_rare,,,
980,0.0,,too_rare,,,
981,0.0,,too_rare,,,
982,0.0,,too_rare,,,
983,0.0,,too_rare,,,
984,2.8008066323101054e-05,,too_rare,,,
985,0.0,,too_rare,,,
986,0.0,,too_rare,,,
987,0.0,,too_rare,,,
988,0.0,,too_rare,,,
989,0.0,,too_rare,,,
990,0.0,,too_rare,,,
991,0.0,,too_rare,,,
992,0.0,,too_rare,,,
993,2.8008066323101054e-05,,too_rare,,,
994,0.0,,too_rare,,,
995,0.0003080887295541116,,too_rare,,,
996,0.0,,too_rare,,,
997,0.0029408469639256108,,too_rare,,,
998,2.8008066323101054e-05,,too_rare,,,
999,2.8008066323101054e-05,,too_rare,,,
1000,0.0,,too_rare,,,
1001,0.0,,too_rare,,,
1002,0.0,,too_rare,,,
1003,0.0,,too_rare,,,
1004,0.0,,too_rare,,,
1005,0.0,,too_rare,,,
1006,0.0,,too_rare,,,
1008,0.0,,too_rare,,,
1009,0.0,,too_rare,,,
1010,2.8008066323101054e-05,,too_rare,,,
1011,0.0,,too_rare,,,
1012,2.8008066323101054e-05,,too_rare,,,
1013,0.0,,too_rare,,,
1014,0.0,,too_rare,,,
1015,5.601613264620211e-05,,too_rare,,,
1016,0.0,,too_rare,,,
1017,0.00053215326013892,,too_rare,,,
1018,0.0,,too_rare,,,
1019,0.0,,too_rare,,,
1020,0.0,,too_rare,,,
1021,0.0,,too_rare,,,
1023,0.0,,too_rare,,,
1024,0.0,,too_rare,,,
1025,2.8008066323101054e-05,,too_rare,,,
1026,0.0,,too_rare,,,
1027,0.0,,too_rare,,,
1028,0.0,,too_rare,,,
1029,0.0,,too_rare,,,
1030,0.0,,too_rare,,,
1031,2.8008066323101054e-05,,too_rare,,,
1032,0.0,,too_rare,,,
1033,0.0,,too_rare,,,
1034,0.0,,too_rare,,,
1035,0.0,,too_rare,,,
1036,2.8008066323101054e-05,,too_rare,,,
1037,2.8008066323101054e-05,,too_rare,,,
1038,0.0,,too_rare,,,
1039,0.0,,too_rare,,,
1040,0.0,,too_rare,,,
1041,0.0,,too_rare,,,
1042,0.0,,too_rare,,,
1043,0.0,,too_rare,,,
1044,0.0,,too_rare,,,
1045,0.0,,too_rare,,,
1046,0.00036410486220031366,,too_rare,,,
1047,2.8008066323101054e-05,,too_rare,,,
1049,0.0,,too_rare,,,
1050,0.0,,too_rare,,,
1051,0.0,,too_rare,,,
1052,0.0,,too_rare,,,
1053,0.0,,too_rare,,,
1054,0.0034169840914183283,,too_rare,,,
1056,0.0,,too_rare,,,
1057,0.006049742325789828,,too_rare,,,
1058,2.8008066323101054e-05,,too_rare,,,
1059,0.0,,too_rare,,,
1060,0.0,,too_rare,,,
1061,0.0,,too_rare,,,
1062,2.8008066323101054e-05,,too_rare,,,
1063,0.0,,too_rare,,,
1064,0.0,,too_rare,,,
1065,0.0,,too_rare,,,
1066,0.001092314586600941,,too_rare,,,
1067,0.0,,too_rare,,,
1068,0.0,,too_rare,,,
1069,2.8008066323101054e-05,,too_rare,,,
1070,0.0,,too_rare,,,
1071,0.0,,too_rare,,,
1072,2.8008066323101054e-05,,too_rare,,,
1073,2.8008066323101054e-05,,too_rare,,,
1074,0.0002800806632310105,,too_rare,,,
1075,0.0,,too_rare,,,
1076,0.0,,too_rare,,,
1077,0.0,,too_rare,,,
1078,0.0,,too_rare,,,
1079,0.0,,too_rare,,,
1080,0.0,,too_rare,,,
1081,0.0,,too_rare,,,
1082,0.0,,too_rare,,,
1083,0.0,,too_rare,,,
1084,2.8008066323101054e-05,,too_rare,,,
1085,0.0,,too_rare,,,
1086,0.0,,too_rare,,,
1087,0.0,,too_rare,,,
1088,0.0,,too_rare,,,
1089,0.0,,too_rare,,,
1090,0.0,,too_rare,,,
1091,2.8008066323101054e-05,,too_rare,,,
1092,0.0,,too_rare,,,
1093,0.002072596907909478,,too_rare,,,
1094,0.0,,too_rare,,,
1095,2.8008066323101054e-05,,too_rare,,,
1096,5.601613264620211e-05,,too_rare,,,
1097,0.0,,too_rare,,,
1098,0.0,,too_rare,,,
1099,0.0,,too_rare,,,
1100,2.8008066323101054e-05,,too_rare,,,
1101,0.0,,too_rare,,,
1102,0.0,,too_rare,,,
1103,0.0,,too_rare,,,
1104,0.0,,too_rare,,,
1105,0.0,,too_rare,,,
1106,0.0,,too_rare,,,
1107,0.0,,too_rare,,,
1108,0.0,,too_rare,,,
1109,0.0,,too_rare,,,
1110,0.0,,too_rare,,,
1111,0.0002800806632310105,,too_rare,,,
1112,0.00014004033161550526,,too_rare,,,
1113,0.0,,too_rare,,,
1114,0.0,,too_rare,,,
1115,0.0,,too_rare,,,
1116,0.0,,too_rare,,,
1117,2.8008066323101054e-05,,too_rare,,,
1118,0.0,,too_rare,,,
1119,0.0,,too_rare,,,
1120,0.0,,too_rare,,,
1121,0.0,,too_rare,,,
1122,0.0,,too_rare,,,
1123,0.0,,too_rare,,,
1124,2.8008066323101054e-05,,too_rare,,,
1125,0.0,,too_rare,,,
1126,0.0,,too_rare,,,
1127,0.0,,too_rare,,,
1128,0.0,,too_rare,,,
1129,0.0,,too_rare,,,
1130,0.0,,too_rare,,,
1131,2.8008066323101054e-05,,too_rare,,,
1132,0.0,,too_rare,,,
1133,0.0,,too_rare,,,
1134,0.0,,too_rare,,,
1135,0.0,,too_rare,,,
1136,0.0,,too_rare,,,
1137,0.0,,too_rare,,,
1138,0.0002520725969079095,,too_rare,,,
1139,2.8008066323101054e-05,,too_rare,,,
1140,0.0,,too_rare,,,
1141,8.402419896930316e-05,,too_rare,,,
1142,0.0,,too_rare,,,
1143,0.0,,too_rare,,,
1144,0.0,,too_rare,,,
1145,0.0,,too_rare,,,
1146,0.0,,too_rare,,,
1147,0.002072596907909478,,too_rare,,,
1148,0.0,,too_rare,,,
1149,0.0,,too_rare,,,
1150,0.0,,too_rare,,,
1152,0.0,,too_rare,,,
1153,0.0,,too_rare,,,
1154,0.0,,too_rare,,,
1155,0.0,,too_rare,,,
1156,0.0,,too_rare,,,
1157,0.0,,too_rare,,,
1158,5.601613264620211e-05,,too_rare,,,
1159,0.0,,too_rare,,,
1160,0.0,,too_rare,,,
1161,0.0,,too_rare,,,
1163,0.0,,too_rare,,,
1164,2.8008066323101054e-05,,too_rare,,,
1165,0.0,,too_rare,,,
1166,2.8008066323101054e-05,,too_rare,,,
1167,0.0,,too_rare,,,
1168,2.8008066323101054e-05,,too_rare,,,
1170,0.0,,too_rare,,,
1171,0.0,,too_rare,,,
1172,0.0,,too_rare,,,
1173,0.0,,too_rare,,,
1174,0.0,,too_rare,,,
1175,0.0,,too_rare,,,
1176,0.0,,too_rare,,,
1177,0.005461572933004705,,too_rare,,,
1178,0.0,,too_rare,,,
1179,0.0,,too_rare,,,
1180,0.0,,too_rare,,,
1181,0.0,,too_rare,,,
1182,0.0,,too_rare,,,
1183,0.0,,too_rare,,,
1184,0.0,,too_rare,,,
1185,0.0,,too_rare,,,
1186,0.0,,too_rare,,,
1187,0.0,,too_rare,,,
1188,0.0,,too_rare,,,
1189,0.0,,too_rare,,,
1190,0.0,,too_rare,,,
1191,0.0,,too_rare,,,
1192,0.0,,too_rare,,,
1193,0.0,,too_rare,,,
1194,2.8008066323101054e-05,,too_rare,,,
1195,0.00022406453058480843,,too_rare,,,
1196,0.0,,too_rare,,,
1197,0.005377548734035402,,too_rare,,,
1198,0.0,,too_rare,,,
1199,0.0,,too_rare,,,
1200,0.0007002016580775263,,too_rare,,,
1201,0.0,,too_rare,,,
1202,0.0,,too_rare,,,
1203,0.0,,too_rare,,,
1204,0.00011203226529240422,,too_rare,,,
1205,0.0,,too_rare,,,
1206,0.0,,too_rare,,,
1207,0.0,,too_rare,,,
1208,0.0,,too_rare,,,
1209,0.0,,too_rare,,,
1210,0.0,,too_rare,,,
1211,0.0,,too_rare,,,
1212,0.0,,too_rare,,,
1213,0.0,,too_rare,,,
1214,0.0,,too_rare,,,
1215,0.0,,too_rare,,,
1216,0.0,,too_rare,,,
1217,0.0,,too_rare,,,
1218,0.0,,too_rare,,,
1219,0.0,,too_rare,,,
1220,2.8008066323101054e-05,,too_rare,,,
1221,0.0,,too_rare,,,
1223,0.0,,too_rare,,,
1224,0.0,,too_rare,,,
1225,0.0,,too_rare,,,
1226,2.8008066323101054e-05,,too_rare,,,
1227,5.601613264620211e-05,,too_rare,,,
1229,0.0,,too_rare,,,
1230,0.0,,too_rare,,,
1231,0.0,,too_rare,,,
1232,0.0,,too_rare,,,
1233,0.004285234147434461,,too_rare,,,
1235,0.0,,too_rare,,,
1236,0.0,,too_rare,,,
1237,0.0,,too_rare,,,
1238,0.0,,too_rare,,,
1239,0.0,,too_rare,,,
1240,5.601613264620211e-05,,too_rare,,,
1241,2.8008066323101054e-05,,too_rare,,,
1242,5.601613264620211e-05,,too_rare,,,
1243,0.0,,too_rare,,,
1244,0.0,,too_rare,,,
1245,0.0,,too_rare,,,
1246,0.0,,too_rare,,,
1247,0.0,,too_rare,,,
1248,0.0,,too_rare,,,
1249,0.0,,too_rare,,,
1250,0.0,,too_rare,,,
1251,2.8008066323101054e-05,,too_rare,,,
1252,0.00036410486220031366,,too_rare,,,
1253,0.0,,too_rare,,,
1254,0.0,,too_rare,,,
1255,0.0,,too_rare,,,
1256,0.0,,too_rare,,,
1257,0.0,,too_rare,,,
1258,0.0,,too_rare,,,
1259,0.0,,too_rare,,,
1260,0.0,,too_rare,,,
1261,0.0,,too_rare,,,
1262,0.0,,too_rare,,,
1263,0.0,,too_rare,,,
1264,2.8008066323101054e-05,,too_rare,,,
1265,2.8008066323101054e-05,,too_rare,,,
1266,0.0,,too_rare,,,
1267,2.8008066323101054e-05,,too_rare,,,
1269,0.0,,too_rare,,,
1270,0.0,,too_rare,,,
1271,0.0,,too_rare,,,
1272,0.0,,too_rare,,,
1273,2.8008066323101054e-05,,too_rare,,,
1276,0.0,,too_rare,,,
1277,0.0,,too_rare,,,
1278,0.0,,too_rare,,,
1279,0.0,,too_rare,,,
1280,0.0,,too_rare,,,
1281,0.0018765404436477705,,too_rare,,,
1282,0.0,,too_rare,,,
1283,0.00022406453058480843,,too_rare,,,
1284,5.601613264620211e-05,,too_rare,,,
1285,0.0,,too_rare,,,
1286,0.0,,too_rare,,,
1287,0.0,,too_rare,,,
1288,5.601613264620211e-05,,too_rare,,,
1289,0.0,,too_rare,,,
1290,2.8008066323101054e-05,,too_rare,,,
1291,0.0,,too_rare,,,
1292,0.0,,too_rare,,,
1293,0.0,,too_rare,,,
1294,0.0,,too_rare,,,
1295,0.0,,too_rare,,,
1296,2.8008066323101054e-05,,too_rare,,,
1297,5.601613264620211e-05,,too_rare,,,
1298,0.0,,too_rare,,,
1299,0.0,,too_rare,,,
1300,0.0,,too_rare,,,
1301,0.0,,too_rare,,,
1302,0.0,,too_rare,,,
1303,0.0,,too_rare,,,
1304,0.0,,too_rare,,,
1305,0.00014004033161550526,,too_rare,,,
1306,0.0,,too_rare,,,
1307,2.8008066323101054e-05,,too_rare,,,
1308,0.0,,too_rare,,,
1309,2.8008066323101054e-05,,too_rare,,,
1310,0.0,,too_rare,,,
1311,0.0,,too_rare,,,
1312,0.0,,too_rare,,,
1313,0.0,,too_rare,,,
1314,0.0,,too_rare,,,
1315,0.0,,too_rare,,,
1316,0.003613040555680036,,too_rare,,,
1317,2.8008066323101054e-05,,too_rare,,,
1318,0.0,,too_rare,,,
1319,0.0077862424378220925,,too_rare,,,
1320,0.0,,too_rare,,,
1321,0.0,,too_rare,,,
1322,0.0,,too_rare,,,
1323,0.0,,too_rare,,,
1324,5.601613264620211e-05,,too_rare,,,
1325,0.0,,too_rare,,,
1326,0.0,,too_rare,,,
1327,2.8008066323101054e-05,,too_rare,,,
1329,0.0,,too_rare,,,
1330,0.0,,too_rare,,,
1331,2.8008066323101054e-05,,too_rare,,,
1332,0.00014004033161550526,,too_rare,,,
1333,0.0,,too_rare,,,
1334,0.0,,too_rare,,,
1335,2.8008066323101054e-05,,too_rare,,,
1336,0.0,,too_rare,,,
1337,0.0,,too_rare,,,
1338,0.0,,too_rare,,,
1339,0.00014004033161550526,,too_rare,,,
1341,2.8008066323101054e-05,,too_rare,,,
1342,0.0,,too_rare,,,
1343,2.8008066323101054e-05,,too_rare,,,
1344,0.0,,too_rare,,,
1345,2.8008066323101054e-05,,too_rare,,,
1346,0.0003080887295541116,,too_rare,,,
1347,0.0,,too_rare,,,
1348,0.0,,too_rare,,,
1349,0.0,,too_rare,,,
1350,0.00014004033161550526,,too_rare,,,
1351,0.0,,too_rare,,,
1352,0.005489580999327806,,too_rare,,,
1353,0.0,,too_rare,,,
1354,0.0,,too_rare,,,
1355,2.8008066323101054e-05,,too_rare,,,
1356,5.601613264620211e-05,,too_rare,,,
1357,2.8008066323101054e-05,,too_rare,,,
1358,0.0,,too_rare,,,
1359,0.0,,too_rare,,,
1360,0.0,,too_rare,,,
1361,2.8008066323101054e-05,,too_rare,,,
1362,0.0,,too_rare,,,
1363,0.0,,too_rare,,,
1364,0.0,,too_rare,,,
1365,0.0,,too_rare,,,
1366,0.0,,too_rare,,,
1367,0.0,,too_rare,,,
1368,0.0,,too_rare,,,
1369,0.0,,too_rare,,,
1370,0.0,,too_rare,,,
1371,0.0,,too_rare,,,
1372,0.0,,too_rare,,,
1373,0.0,,too_rare,,,
1374,0.0,,too_rare,,,
1375,0.0,,too_rare,,,
1376,0.0,,too_rare,,,
1377,0.00876652475913063,,too_rare,,,
1378,0.0,,too_rare,,,
1379,0.0,,too_rare,,,
1380,0.0,,too_rare,,,
1381,0.0,,too_rare,,,
1382,0.0,,too_rare,,,
1383,0.0,,too_rare,,,
1384,2.8008066323101054e-05,,too_rare,,,
1385,0.0,,too_rare,,,
1386,0.0,,too_rare,,,
1387,0.0,,too_rare,,,
1388,0.0,,too_rare,,,
1390,0.0,,too_rare,,,
1391,0.0,,too_rare,,,
1393,0.0,,too_rare,,,
1394,0.0,,too_rare,,,
1395,0.0,,too_rare,,,
1396,2.8008066323101054e-05,,too_rare,,,
1397,0.0,,too_rare,,,
1398,0.0,,too_rare,,,
1399,0.0,,too_rare,,,
1400,2.8008066323101054e-05,,too_rare,,,
1401,2.8008066323101054e-05,,too_rare,,,
1402,0.0,,too_rare,,,
1403,2.8008066323101054e-05,,too_rare,,,
1404,0.0,,too_rare,,,
1405,0.00011203226529240422,,too_rare,,,
1406,2.8008066323101054e-05,,too_rare,,,
1407,0.0,,too_rare,,,
1408,0.0,,too_rare,,,
1409,0.0006441855254313242,,too_rare,,,
1410,0.0,,too_rare,,,
1411,0.0,,too_rare,,,
1412,0.0,,too_rare,,,
1413,0.0,,too_rare,,,
1414,2.8008066323101054e-05,,too_rare,,,
1415,0.0,,too_rare,,,
1416,0.0,,too_rare,,,
1417,2.8008066323101054e-05,,too_rare,,,
1418,0.00011203226529240422,,too_rare,,,
1419,0.0,,too_rare,,,
1420,0.0,,too_rare,,,
1421,0.0,,too_rare,,,
1422,0.0,,too_rare,,,
1423,2.8008066323101054e-05,,too_rare,,,
1424,0.0,,too_rare,,,
1425,0.0,,too_rare,,,
1426,0.0,,too_rare,,,
1427,2.8008066323101054e-05,,too_rare,,,
1428,0.0,,too_rare,,,
1429,2.8008066323101054e-05,,too_rare,,,
1430,0.0,,too_rare,,,
1431,0.0,,too_rare,,,
1432,0.0,,too_rare,,,
1433,0.0,,too_rare,,,
1434,0.0,,too_rare,,,
1435,0.0,,too_rare,,,
1436,0.0,,too_rare,,,
1437,0.0,,too_rare,,,
1438,0.0068339681828366566,,too_rare,,,
1439,0.0,,too_rare,,,
1440,0.0,,too_rare,,,
1441,0.0,,too_rare,,,
1443,0.0,,too_rare,,,
1444,5.601613264620211e-05,,too_rare,,,
1445,0.0,,too_rare,,,
1446,0.00016804839793860632,,too_rare,,,
1447,0.001540443647770558,,too_rare,,,
1448,0.0,,too_rare,,,
1449,0.0,,too_rare,,,
1450,0.002296661438494286,,too_rare,,,
1451,5.601613264620211e-05,,too_rare,,,
1452,0.0,,too_rare,,,
1453,5.601613264620211e-05,,too_rare,,,
1454,0.0,,too_rare,,,
1455,0.0,,too_rare,,,
1456,5.601613264620211e-05,,too_rare,,,
1457,0.0,,too_rare,,,
1458,0.0,,too_rare,,,
1459,0.0002520725969079095,,too_rare,,,
1460,2.8008066323101054e-05,,too_rare,,,
1461,2.8008066323101054e-05,,too_rare,,,
1462,0.0,,too_rare,,,
1463,0.0,,too_rare,,,
1464,0.0,,too_rare,,,
1465,0.0,,too_rare,,,
1466,0.0,,too_rare,,,
1468,0.0,,too_rare,,,
1469,0.0,,too_rare,,,
1470,0.0,,too_rare,,,
1471,0.0,,too_rare,,,
1472,8.402419896930316e-05,,too_rare,,,
1473,0.0,,too_rare,,,
1474,0.0,,too_rare,,,
1475,0.0,,too_rare,,,
1476,0.0,,too_rare,,,
1477,0.0,,too_rare,,,
1478,0.0,,too_rare,,,
1479,8.402419896930316e-05,,too_rare,,,
1480,0.0,,too_rare,,,
1481,0.0,,too_rare,,,
1482,0.0,,too_rare,,,
1483,0.0,,too_rare,,,
1484,0.0,,too_rare,,,
1485,0.0,,too_rare,,,
1486,0.0,,too_rare,,,
1487,0.0,,too_rare,,,
1488,0.0,,too_rare,,,
1489,0.0,,too_rare,,,
1490,0.0,,too_rare,,,
1491,2.8008066323101054e-05,,too_rare,,,
1492,0.0,,too_rare,,,
1493,0.0,,too_rare,,,
1494,0.00011203226529240422,,too_rare,,,
1495,0.0,,too_rare,,,
1496,0.0007842258570468295,,too_rare,,,
1497,0.0,,too_rare,,,
1498,0.0,,too_rare,,,
1499,0.0,,too_rare,,,
1500,0.0,,too_rare,,,
1501,2.8008066323101054e-05,,too_rare,,,
1502,0.0,,too_rare,,,
1503,0.0,,too_rare,,,
1504,0.0,,too_rare,,,
1505,0.0,,too_rare,,,
1506,0.0,,too_rare,,,
1507,0.0,,too_rare,,,
1508,0.0,,too_rare,,,
1509,0.0,,too_rare,,,
1510,0.0,,too_rare,,,
1511,2.8008066323101054e-05,,too_rare,,,
1512,0.0,,too_rare,,,
1513,5.601613264620211e-05,,too_rare,,,
1514,0.0,,too_rare,,,
1515,0.0,,too_rare,,,
1516,0.0,,too_rare,,,
1517,0.0,,too_rare,,,
1518,0.0,,too_rare,,,
1519,0.0,,too_rare,,,
1520,0.0,,too_rare,,,
1521,0.0004201209948465158,,too_rare,,,
1522,2.8008066323101054e-05,,too_rare,,,
1524,0.0,,too_rare,,,
1525,0.0,,too_rare,,,
1526,0.0,,too_rare,,,
1527,0.0,,too_rare,,,
1528,0.0,,too_rare,,,
1529,0.0008402419896930316,,too_rare,,,
1530,0.0,,too_rare,,,
1531,0.0,,too_rare,,,
1532,0.0,,too_rare,,,
1533,0.0,,too_rare,,,
1534,0.0,,too_rare,,,
1535,0.0,,too_rare,,,
1536,2.8008066323101054e-05,,too_rare,,,
1537,0.0,,too_rare,,,
1538,0.0,,too_rare,,,
1539,5.601613264620211e-05,,too_rare,,,
1540,0.0,,too_rare,,,
1541,0.0,,too_rare,,,
1542,0.0,,too_rare,,,
1543,0.0,,too_rare,,,
1544,0.0,,too_rare,,,
1545,2.8008066323101054e-05,,too_rare,,,
1546,0.0,,too_rare,,,
1547,2.8008066323101054e-05,,too_rare,,,
1548,0.0,,too_rare,,,
1549,0.0,,too_rare,,,
1550,8.402419896930316e-05,,too_rare,,,
1551,0.0,,too_rare,,,
1552,0.0,,too_rare,,,
1553,0.0,,too_rare,,,
1554,0.00014004033161550526,,too_rare,,,
1555,0.0,,too_rare,,,
1556,0.0,,too_rare,,,
1557,0.0,,too_rare,,,
1558,0.0,,too_rare,,,
1559,2.8008066323101054e-05,,too_rare,,,
1560,0.0,,too_rare,,,
1561,0.0,,too_rare,,,
1562,0.0,,too_rare,,,
1563,0.0,,too_rare,,,
1564,0.0016804839793860631,,too_rare,,,
1565,0.0,,too_rare,,,
1566,0.0,,too_rare,,,
1567,0.00011203226529240422,,too_rare,,,
1568,0.0,,too_rare,,,
1569,0.0,,too_rare,,,
1570,0.0,,too_rare,,,
1571,0.0,,too_rare,,,
1572,0.0,,too_rare,,,
1573,0.0,,too_rare,,,
1574,2.8008066323101054e-05,,too_rare,,,
1575,0.0,,too_rare,,,
1576,0.0,,too_rare,,,
1577,2.8008066323101054e-05,,too_rare,,,
1578,0.0,,too_rare,,,
1579,0.0,,too_rare,,,
1580,0.0,,too_rare,,,
1581,0.0,,too_rare,,,
1582,0.0,,too_rare,,,
1583,0.0,,too_rare,,,
1584,0.0,,too_rare,,,
1585,0.0,,too_rare,,,
1586,0.0,,too_rare,,,
1587,0.0,,too_rare,,,
1588,0.0,,too_rare,,,
1589,0.0,,too_rare,,,
1590,0.0,,too_rare,,,
1591,0.0,,too_rare,,,
1592,0.0,,too_rare,,,
1593,0.0,,too_rare,,,
1594,0.0,,too_rare,,,
1595,0.0,,too_rare,,,
1596,0.0,,too_rare,,,
1597,0.0,,too_rare,,,
1598,0.0,,too_rare,,,
1599,0.0,,too_rare,,,
1600,0.0,,too_rare,,,
1601,0.0,,too_rare,,,
1602,0.0,,too_rare,,,
1603,0.0,,too_rare,,,
1604,0.0,,too_rare,,,
1606,0.0,,too_rare,,,
1607,0.0017365001120322654,,too_rare,,,
1608,2.8008066323101054e-05,,too_rare,,,
1610,0.0,,too_rare,,,
1611,8.402419896930316e-05,,too_rare,,,
1612,5.601613264620211e-05,,too_rare,,,
1613,0.0,,too_rare,,,
1614,0.0,,too_rare,,,
1615,0.0,,too_rare,,,
1616,0.0,,too_rare,,,
1617,0.0,,too_rare,,,
1618,0.0,,too_rare,,,
1619,5.601613264620211e-05,,too_rare,,,
1620,0.0,,too_rare,,,
1622,0.0,,too_rare,,,
1623,0.0,,too_rare,,,
1624,0.0002520725969079095,,too_rare,,,
1625,0.0006161774591082232,,too_rare,,,
1626,0.0,,too_rare,,,
1628,5.601613264620211e-05,,too_rare,,,
1629,0.0,,too_rare,,,
1630,0.0,,too_rare,,,
1631,0.0,,too_rare,,,
1632,0.0,,too_rare,,,
1633,0.0,,too_rare,,,
1634,0.0,,too_rare,,,
1635,0.00014004033161550526,,too_rare,,,
1636,0.0,,too_rare,,,
1637,0.0,,too_rare,,,
1638,0.0,,too_rare,,,
1639,0.0,,too_rare,,,
1640,0.0,,too_rare,,,
1641,0.0,,too_rare,,,
1642,2.8008066323101054e-05,,too_rare,,,
1643,0.0,,too_rare,,,
1644,0.0,,too_rare,,,
1645,0.0,,too_rare,,,
1646,0.0,,too_rare,,,
1647,0.0,,too_rare,,,
1648,0.0,,too_rare,,,
1649,0.0,,too_rare,,,
1650,0.0,,too_rare,,,
1651,0.0,,too_rare,,,
1652,0.008150347300022407,,too_rare,,,
1653,0.0,,too_rare,,,
1654,0.0,,too_rare,,,
1655,0.0,,too_rare,,,
1656,0.0,,too_rare,,,
1657,0.0,,too_rare,,,
1659,0.0,,too_rare,,,
1660,0.0,,too_rare,,,
1661,2.8008066323101054e-05,,too_rare,,,
1662,8.402419896930316e-05,,too_rare,,,
1663,0.0,,too_rare,,,
1664,0.0,,too_rare,,,
1665,0.0,,too_rare,,,
1666,2.8008066323101054e-05,,too_rare,,,
1667,0.0,,too_rare,,,
1668,5.601613264620211e-05,,too_rare,,,
1669,0.0,,too_rare,,,
1670,0.0018485323773246695,,too_rare,,,
1671,0.0,,too_rare,,,
1672,0.0,,too_rare,,,
1673,0.0,,too_rare,,,
1674,0.0,,too_rare,,,
1675,0.0,,too_rare,,,
1676,0.0,,too_rare,,,
1678,0.0,,too_rare,,,
1679,0.0,,too_rare,,,
1680,0.0,,too_rare,,,
1681,0.0,,too_rare,,,
1682,0.0,,too_rare,,,
1683,0.0,,too_rare,,,
1684,0.0,,too_rare,,,
1685,0.0,,too_rare,,,
1686,2.8008066323101054e-05,,too_rare,,,
1687,0.0,,too_rare,,,
1688,0.0,,too_rare,,,
1689,2.8008066323101054e-05,,too_rare,,,
1690,2.8008066323101054e-05,,too_rare,,,
1691,0.0,,too_rare,,,
1692,0.0,,too_rare,,,
1693,0.0,,too_rare,,,
1694,0.0,,too_rare,,,
1695,0.0,,too_rare,,,
1696,0.0,,too_rare,,,
1697,0.0,,too_rare,,,
1698,0.0,,too_rare,,,
1699,0.00019605646426170737,,too_rare,,,
1700,0.0,,too_rare,,,
1701,0.0,,too_rare,,,
1702,2.8008066323101054e-05,,too_rare,,,
1703,0.0,,too_rare,,,
1704,0.0,,too_rare,,,
1705,0.0,,too_rare,,,
1706,0.0,,too_rare,,,
1707,0.0,,too_rare,,,
1708,2.8008066323101054e-05,,too_rare,,,
1709,0.0,,too_rare,,,
1710,0.0002520725969079095,,too_rare,,,
1711,0.0,,too_rare,,,
1712,0.0,,too_rare,,,
1713,0.0,,too_rare,,,
1714,0.0,,too_rare,,,
1716,0.0,,too_rare,,,
1717,2.8008066323101054e-05,,too_rare,,,
1718,0.0,,too_rare,,,
1719,2.8008066323101054e-05,,too_rare,,,
1720,0.0,,too_rare,,,
1721,0.0,,too_rare,,,
1722,0.0,,too_rare,,,
1723,2.8008066323101054e-05,,too_rare,,,
1724,0.0,,too_rare,,,
1725,5.601613264620211e-05,,too_rare,,,
1726,0.0,,too_rare,,,
1727,2.8008066323101054e-05,,too_rare,,,
1728,0.0,,too_rare,,,
1729,0.0,,too_rare,,,
1730,0.0,,too_rare,,,
1731,0.0,,too_rare,,,
1732,0.0,,too_rare,,,
1733,0.0,,too_rare,,,
1734,0.0,,too_rare,,,
1735,0.0,,too_rare,,,
1736,0.00022406453058480843,,too_rare,,,
1737,0.0,,too_rare,,,
1738,2.8008066323101054e-05,,too_rare,,,
1739,0.0,,too_rare,,,
1740,0.0,,too_rare,,,
1741,2.8008066323101054e-05,,too_rare,,,
1742,0.0,,too_rare,,,
1743,0.0,,too_rare,,,
1745,0.0,,too_rare,,,
1746,0.0,,too_rare,,,
1747,0.0,,too_rare,,,
1748,0.0,,too_rare,,,
1749,0.0,,too_rare,,,
1750,0.0,,too_rare,,,
1751,0.00033609679587721263,,too_rare,,,
1752,0.0,,too_rare,,,
1753,0.00036410486220031366,,too_rare,,,
1754,0.0,,too_rare,,,
1755,0.0,,too_rare,,,
1756,5.601613264620211e-05,,too_rare,,,
1757,0.0,,too_rare,,,
1758,0.0,,too_rare,,,
1759,0.0,,too_rare,,,
1760,0.0,,too_rare,,,
1761,0.0,,too_rare,,,
1762,0.0,,too_rare,,,
1763,0.0,,too_rare,,,
1764,0.0,,too_rare,,,
1765,0.0,,too_rare,,,
1766,0.0,,too_rare,,,
1767,0.0,,too_rare,,,
1769,0.0,,too_rare,,,
1770,2.8008066323101054e-05,,too_rare,,,
1771,0.0,,too_rare,,,
1772,0.0,,too_rare,,,
1773,0.00014004033161550526,,too_rare,,,
1774,0.0,,too_rare,,,
1775,2.8008066323101054e-05,,too_rare,,,
1777,0.0,,too_rare,,,
1778,0.0,,too_rare,,,
1779,0.0,,too_rare,,,
1780,0.0,,too_rare,,,
1781,0.0,,too_rare,,,
1782,2.8008066323101054e-05,,too_rare,,,
1783,2.8008066323101054e-05,,too_rare,,,
1784,2.8008066323101054e-05,,too_rare,,,
1785,0.0,,too_rare,,,
1786,0.0,,too_rare,,,
1787,5.601613264620211e-05,,too_rare,,,
1788,0.0,,too_rare,,,
1789,0.0,,too_rare,,,
1791,2.8008066323101054e-05,,too_rare,,,
1792,2.8008066323101054e-05,,too_rare,,,
1793,0.0,,too_rare,,,
1794,0.0,,too_rare,,,
1795,0.0,,too_rare,,,
1796,0.0,,too_rare,,,
1797,0.0,,too_rare,,,
1798,0.0,,too_rare,,,
1799,0.0,,too_rare,,,
1800,0.0002520725969079095,,too_rare,,,
1801,0.0,,too_rare,,,
1802,0.0,,too_rare,,,
1803,0.002044588841586377,,too_rare,,,
1804,0.0,,too_rare,,,
1805,0.0,,too_rare,,,
1806,2.8008066323101054e-05,,too_rare,,,
1807,0.0,,too_rare,,,
1808,5.601613264620211e-05,,too_rare,,,
1810,0.0,,too_rare,,,
1811,0.0,,too_rare,,,
1812,2.8008066323101054e-05,,too_rare,,,
1813,0.0,,too_rare,,,
1814,5.601613264620211e-05,,too_rare,,,
1815,0.0,,too_rare,,,
1816,0.0,,too_rare,,,
1817,5.601613264620211e-05,,too_rare,,,
1818,0.00022406453058480843,,too_rare,,,
1819,8.402419896930316e-05,,too_rare,,,
1820,0.0,,too_rare,,,
1821,0.0,,too_rare,,,
1822,0.0,,too_rare,,,
1823,0.00016804839793860632,,too_rare,,,
1824,0.0,,too_rare,,,
1825,0.0,,too_rare,,,
1827,0.00014004033161550526,,too_rare,,,
1828,0.0,,too_rare,,,
1829,5.601613264620211e-05,,too_rare,,,
1830,0.0,,too_rare,,,
1831,5.601613264620211e-05,,too_rare,,,
1832,0.0,,too_rare,,,
1833,2.8008066323101054e-05,,too_rare,,,
1834,0.0,,too_rare,,,
1835,0.0,,too_rare,,,
1836,0.0,,too_rare,,,
1837,0.0,,too_rare,,,
1838,0.0,,too_rare,,,
1839,2.8008066323101054e-05,,too_rare,,,
1840,0.0,,too_rare,,,
1841,0.0,,too_rare,,,
1842,0.0,,too_rare,,,
1843,0.0,,too_rare,,,
1844,0.0,,too_rare,,,
1845,0.0,,too_rare,,,
1846,0.0,,too_rare,,,
1847,0.0,,too_rare,,,
1848,0.0,,too_rare,,,
1849,0.0,,too_rare,,,
1850,0.0,,too_rare,,,
1851,0.0,,too_rare,,,
1852,0.0,,too_rare,,,
1853,0.0,,too_rare,,,
1854,0.0,,too_rare,,,
1855,0.008318395697961013,,too_rare,,,
1856,0.0,,too_rare,,,
1857,0.0,,too_rare,,,
1858,2.8008066323101054e-05,,too_rare,,,
1859,0.0,,too_rare,,,
1860,0.0,,too_rare,,,
1861,0.0,,too_rare,,,
1862,0.0,,too_rare,,,
1863,2.8008066323101054e-05,,too_rare,,,
1864,0.0,,too_rare,,,
1865,0.0,,too_rare,,,
1866,5.601613264620211e-05,,too_rare,,,
1867,0.0,,too_rare,,,
1868,0.0,,too_rare,,,
1869,0.0,,too_rare,,,
1870,0.0013723952498319516,,too_rare,,,
1871,2.8008066323101054e-05,,too_rare,,,
1872,0.0,,too_rare,,,
1873,0.0,,too_rare,,,
1874,0.0,,too_rare,,,
1875,0.0,,too_rare,,,
1876,0.0,,too_rare,,,
1877,0.0,,too_rare,,,
1878,0.0,,too_rare,,,
1879,0.0,,too_rare,,,
1880,0.0,,too_rare,,,
1881,0.0,,too_rare,,,
1882,0.0,,too_rare,,,
1883,0.0,,too_rare,,,
1884,0.0,,too_rare,,,
1885,0.0,,too_rare,,,
1886,0.0,,too_rare,,,
1887,2.8008066323101054e-05,,too_rare,,,
1888,0.0,,too_rare,,,
1889,0.0,,too_rare,,,
1890,0.0,,too_rare,,,
1891,0.0,,too_rare,,,
1892,0.0,,too_rare,,,
1893,0.0,,too_rare,,,
1894,0.0,,too_rare,,,
1895,0.0,,too_rare,,,
1896,5.601613264620211e-05,,too_rare,,,
1897,0.0,,too_rare,,,
1898,0.0004201209948465158,,too_rare,,,
1899,0.0,,too_rare,,,
1900,0.0,,too_rare,,,
1901,0.0,,too_rare,,,
1902,0.0,,too_rare,,,
1903,0.0,,too_rare,,,
1904,0.0,,too_rare,,,
1905,0.0,,too_rare,,,
1906,2.8008066323101054e-05,,too_rare,,,
1907,0.0,,too_rare,,,
1908,0.0,,too_rare,,,
1909,0.0,,too_rare,,,
1910,0.0,,too_rare,,,
1911,0.00011203226529240422,,too_rare,,,
1912,0.0,,too_rare,,,
1913,0.0,,too_rare,,,
1914,0.0,,too_rare,,,
1915,0.0,,too_rare,,,
1916,0.0,,too_rare,,,
1917,2.8008066323101054e-05,,too_rare,,,
1918,0.0,,too_rare,,,
1919,0.0,,too_rare,,,
1920,0.001008290387631638,,too_rare,,,
1921,0.0,,too_rare,,,
1922,0.0,,too_rare,,,
1923,2.8008066323101054e-05,,too_rare,,,
1924,0.0,,too_rare,,,
1925,0.0,,too_rare,,,
1926,0.0,,too_rare,,,
1927,0.0,,too_rare,,,
1928,5.601613264620211e-05,,too_rare,,,
1929,0.0,,too_rare,,,
1930,0.0,,too_rare,,,
1931,0.0,,too_rare,,,
1932,5.601613264620211e-05,,too_rare,,,
1933,0.0,,too_rare,,,
1934,0.0,,too_rare,,,
1935,2.8008066323101054e-05,,too_rare,,,
1936,0.0,,too_rare,,,
1937,0.0,,too_rare,,,
1938,8.402419896930316e-05,,too_rare,,,
1939,0.0,,too_rare,,,
1940,0.00011203226529240422,,too_rare,,,
1941,8.402419896930316e-05,,too_rare,,,
1942,0.0,,too_rare,,,
1943,0.0,,too_rare,,,
1944,2.8008066323101054e-05,,too_rare,,,
1945,0.0,,too_rare,,,
1946,2.8008066323101054e-05,,too_rare,,,
1947,0.0,,too_rare,,,
1948,0.0,,too_rare,,,
1949,2.8008066323101054e-05,,too_rare,,,
1950,0.0,,too_rare,,,
1951,0.0,,too_rare,,,
1953,0.0,,too_rare,,,
1954,0.0,,too_rare,,,
1955,0.0,,too_rare,,,
1956,0.0,,too_rare,,,
1957,0.0,,too_rare,,,
1958,0.0,,too_rare,,,
1959,0.0,,too_rare,,,
1960,0.0,,too_rare,,,
1961,0.0,,too_rare,,,
1962,8.402419896930316e-05,,too_rare,,,
1963,0.0,,too_rare,,,
1964,0.0,,too_rare,,,
1966,0.0,,too_rare,,,
1967,0.0,,too_rare,,,
1968,0.0,,too_rare,,,
1969,0.0,,too_rare,,,
1970,0.0,,too_rare,,,
1971,0.0,,too_rare,,,
1972,0.0,,too_rare,,,
1973,0.0,,too_rare,,,
1974,0.0,,too_rare,,,
1976,0.0,,too_rare,,,
1977,0.0,,too_rare,,,
1979,2.8008066323101054e-05,,too_rare,,,
1980,0.0,,too_rare,,,
1981,0.0,,too_rare,,,
1982,5.601613264620211e-05,,too_rare,,,
1983,0.0,,too_rare,,,
1984,0.0,,too_rare,,,
1985,0.0,,too_rare,,,
1986,0.0,,too_rare,,,
1987,0.0,,too_rare,,,
1988,0.0,,too_rare,,,
1989,0.0,,too_rare,,,
1990,0.0,,too_rare,,,
1991,0.0,,too_rare,,,
1992,0.0,,too_rare,,,
1993,0.0,,too_rare,,,
1994,0.0,,too_rare,,,
1995,0.0,,too_rare,,,
1996,5.601613264620211e-05,,too_rare,,,
1997,0.0,,too_rare,,,
1998,0.0,,too_rare,,,
1999,0.0,,too_rare,,,
2000,0.0,,too_rare,,,
2001,0.0,,too_rare,,,
2002,0.0,,too_rare,,,
2003,0.0,,too_rare,,,
2004,0.0,,too_rare,,,
2005,0.0,,too_rare,,,
2006,0.0,,too_rare,,,
2007,0.0,,too_rare,,,
2008,2.8008066323101054e-05,,too_rare,,,
2009,0.0,,too_rare,,,
2010,0.0,,too_rare,,,
2011,0.0,,too_rare,,,
2012,0.0,,too_rare,,,
2013,0.0,,too_rare,,,
2014,0.0,,too_rare,,,
2015,0.0,,too_rare,,,
2016,2.8008066323101054e-05,,too_rare,,,
2017,0.0,,too_rare,,,
2018,0.0,,too_rare,,,
2019,0.0,,too_rare,,,
2020,0.0,,too_rare,,,
2021,0.0,,too_rare,,,
2022,0.003248935693479722,,too_rare,,,
2023,0.0,,too_rare,,,
2024,0.0,,too_rare,,,
2025,0.0,,too_rare,,,
2026,0.0,,too_rare,,,
2027,0.0,,too_rare,,,
2028,0.0,,too_rare,,,
2029,0.0,,too_rare,,,
2030,0.0,,too_rare,,,
2031,0.0,,too_rare,,,
2032,0.0,,too_rare,,,
2033,0.0007562177907237285,,too_rare,,,
2034,8.402419896930316e-05,,too_rare,,,
2035,5.601613264620211e-05,,too_rare,,,
2037,0.0,,too_rare,,,
2038,0.0,,too_rare,,,
2039,0.0,,too_rare,,,
2040,2.8008066323101054e-05,,too_rare,,,
2041,0.0,,too_rare,,,
2042,0.0,,too_rare,,,
2043,2.8008066323101054e-05,,too_rare,,,
2044,0.0,,too_rare,,,
2045,2.8008066323101054e-05,,too_rare,,,
2046,2.8008066323101054e-05,,too_rare,,,
2047,5.601613264620211e-05,,too_rare,,,
2048,0.0,,too_rare,,,
2049,0.0,,too_rare,,,
2050,0.0,,too_rare,,,
2051,0.0,,too_rare,,,
2052,0.0,,too_rare,,,
2053,0.0,,too_rare,,,
2054,0.0,,too_rare,,,
2055,0.0,,too_rare,,,
2056,0.0,,too_rare,,,
2057,0.0,,too_rare,,,
2058,0.0,,too_rare,,,
2061,0.0,,too_rare,,,
2062,0.0,,too_rare,,,
2063,0.0,,too_rare,,,
2064,0.0,,too_rare,,,
2065,0.008150347300022407,,too_rare,,,
2066,0.0,,too_rare,,,
2067,2.8008066323101054e-05,,too_rare,,,
2068,0.0,,too_rare,,,
2069,0.0,,too_rare,,,
2070,0.0,,too_rare,,,
2071,0.0,,too_rare,,,
2072,0.0,,too_rare,,,
2074,0.0,,too_rare,,,
2075,0.0,,too_rare,,,
2076,2.8008066323101054e-05,,too_rare,,,
2077,5.601613264620211e-05,,too_rare,,,
2078,0.0,,too_rare,,,
2079,0.0,,too_rare,,,
2080,0.0,,too_rare,,,
2081,2.8008066323101054e-05,,too_rare,,,
2082,0.0,,too_rare,,,
2083,0.0,,too_rare,,,
2084,2.8008066323101054e-05,,too_rare,,,
2085,0.0,,too_rare,,,
2086,0.0,,too_rare,,,
2087,2.8008066323101054e-05,,too_rare,,,
2088,2.8008066323101054e-05,,too_rare,,,
2089,0.0,,too_rare,,,
2090,0.0,,too_rare,,,
2091,0.0,,too_rare,,,
2092,0.0,,too_rare,,,
2093,0.0,,too_rare,,,
2094,0.0,,too_rare,,,
2095,0.0,,too_rare,,,
2096,0.00011203226529240422,,too_rare,,,
2097,2.8008066323101054e-05,,too_rare,,,
2098,0.0,,too_rare,,,
2099,0.0,,too_rare,,,
2100,0.00011203226529240422,,too_rare,,,
2101,0.0,,too_rare,,,
2102,0.0,,too_rare,,,
2103,0.0006441855254313242,,too_rare,,,
2104,0.0,,too_rare,,,
2105,0.00011203226529240422,,too_rare,,,
2106,0.0,,too_rare,,,
2107,0.0,,too_rare,,,
2108,0.0,,too_rare,,,
2109,0.002016580775263276,,too_rare,,,
2110,0.0,,too_rare,,,
2111,0.0,,too_rare,,,
2112,5.601613264620211e-05,,too_rare,,,
2113,0.0,,too_rare,,,
2114,5.601613264620211e-05,,too_rare,,,
2115,0.0,,too_rare,,,
2116,0.0,,too_rare,,,
2117,8.402419896930316e-05,,too_rare,,,
2118,0.0,,too_rare,,,
2119,0.0,,too_rare,,,
2120,0.0,,too_rare,,,
2121,0.0,,too_rare,,,
2122,0.0,,too_rare,,,
2123,0.0,,too_rare,,,
2124,2.8008066323101054e-05,,too_rare,,,
2125,0.0,,too_rare,,,
2126,0.0,,too_rare,,,
2127,5.601613264620211e-05,,too_rare,,,
2128,0.0,,too_rare,,,
2129,0.0,,too_rare,,,
2130,0.0,,too_rare,,,
2131,0.0,,too_rare,,,
2132,0.0,,too_rare,,,
2133,0.0,,too_rare,,,
2134,0.0,,too_rare,,,
2135,0.0,,too_rare,,,
2136,0.0006721935917544253,,too_rare,,,
2137,5.601613264620211e-05,,too_rare,,,
2138,0.0,,too_rare,,,
2139,0.0,,too_rare,,,
2140,0.00011203226529240422,,too_rare,,,
2141,5.601613264620211e-05,,too_rare,,,
2142,0.001624467846739861,,too_rare,,,
2143,0.0,,too_rare,,,
2144,0.0,,too_rare,,,
2145,0.0,,too_rare,,,
2146,0.0,,too_rare,,,
2147,2.8008066323101054e-05,,too_rare,,,
2148,0.0,,too_rare,,,
2149,0.0,,too_rare,,,
2150,0.0,,too_rare,,,
2151,0.0,,too_rare,,,
2153,0.0,,too_rare,,,
2154,0.0,,too_rare,,,
2155,0.0,,too_rare,,,
2156,0.0,,too_rare,,,
2157,0.0,,too_rare,,,
2159,0.0,,too_rare,,,
2160,0.0,,too_rare,,,
2161,0.0,,too_rare,,,
2162,0.0,,too_rare,,,
2163,0.0,,too_rare,,,
2165,0.0,,too_rare,,,
2166,0.0,,too_rare,,,
2167,0.0,,too_rare,,,
2168,0.0,,too_rare,,,
2169,0.0,,too_rare,,,
2170,2.8008066323101054e-05,,too_rare,,,
2171,0.0,,too_rare,,,
2172,0.0,,too_rare,,,
2173,0.0,,too_rare,,,
2174,0.0,,too_rare,,,
2175,0.0,,too_rare,,,
2176,0.0,,too_rare,,,
2177,2.8008066323101054e-05,,too_rare,,,
2178,0.0,,too_rare,,,
2179,0.0,,too_rare,,,
2180,0.0,,too_rare,,,
2181,0.0,,too_rare,,,
2182,2.8008066323101054e-05,,too_rare,,,
2184,0.0,,too_rare,,,
2185,0.0,,too_rare,,,
2186,0.0,,too_rare,,,
2187,0.0,,too_rare,,,
2188,0.0,,too_rare,,,
2189,0.0,,too_rare,,,
2190,0.0,,too_rare,,,
2191,0.0003080887295541116,,too_rare,,,
2192,0.0,,too_rare,,,
2193,0.0,,too_rare,,,
2194,0.0,,too_rare,,,
2195,0.0,,too_rare,,,
2196,0.0,,too_rare,,,
2197,0.0,,too_rare,,,
2198,0.0,,too_rare,,,
2199,0.0,,too_rare,,,
2200,0.00016804839793860632,,too_rare,,,
2201,0.0,,too_rare,,,
2202,0.0,,too_rare,,,
2203,0.0,,too_rare,,,
2204,0.0,,too_rare,,,
2205,0.0,,too_rare,,,
2206,0.0,,too_rare,,,
2207,0.0,,too_rare,,,
2208,0.0,,too_rare,,,
2209,0.0,,too_rare,,,
2210,0.0,,too_rare,,,
2211,2.8008066323101054e-05,,too_rare,,,
2212,0.0,,too_rare,,,
2213,5.601613264620211e-05,,too_rare,,,
2214,0.0,,too_rare,,,
2215,0.0,,too_rare,,,
2216,8.402419896930316e-05,,too_rare,,,
2217,0.0,,too_rare,,,
2218,0.004369258346403764,,too_rare,,,
2219,0.0,,too_rare,,,
2220,2.8008066323101054e-05,,too_rare,,,
2221,0.0,,too_rare,,,
2222,0.0,,too_rare,,,
2224,0.0,,too_rare,,,
2225,0.0,,too_rare,,,
2226,0.0,,too_rare,,,
2227,0.0,,too_rare,,,
2228,0.0,,too_rare,,,
2229,0.0,,too_rare,,,
2230,0.0,,too_rare,,,
2231,0.0,,too_rare,,,
2232,5.601613264620211e-05,,too_rare,,,
2233,5.601613264620211e-05,,too_rare,,,
2234,2.8008066323101054e-05,,too_rare,,,
2235,0.0,,too_rare,,,
2236,2.8008066323101054e-05,,too_rare,,,
2237,0.0,,too_rare,,,
2238,0.0,,too_rare,,,
2239,0.0,,too_rare,,,
2240,0.0,,too_rare,,,
2241,0.0,,too_rare,,,
2242,0.0,,too_rare,,,
2243,0.0,,too_rare,,,
2244,0.0,,too_rare,,,
2245,0.0,,too_rare,,,
2246,0.0,,too_rare,,,
2247,0.0,,too_rare,,,
2248,0.0,,too_rare,,,
2249,2.8008066323101054e-05,,too_rare,,,
2250,5.601613264620211e-05,,too_rare,,,
2251,0.0,,too_rare,,,
2252,0.0,,too_rare,,,
2253,0.0,,too_rare,,,
2254,0.0,,too_rare,,,
2255,5.601613264620211e-05,,too_rare,,,
2256,2.8008066323101054e-05,,too_rare,,,
2257,0.0,,too_rare,,,
2258,2.8008066323101054e-05,,too_rare,,,
2259,0.0,,too_rare,,,
2260,0.0,,too_rare,,,
2261,0.0,,too_rare,,,
2262,0.0,,too_rare,,,
2263,0.0,,too_rare,,,
2264,2.8008066323101054e-05,,too_rare,,,
2265,0.0,,too_rare,,,
2266,0.0,,too_rare,,,
2267,0.0,,too_rare,,,
2268,0.0,,too_rare,,,
2269,0.0,,too_rare,,,
2270,0.0,,too_rare,,,
2271,0.0,,too_rare,,,
2272,2.8008066323101054e-05,,too_rare,,,
2273,0.0,,too_rare,,,
2274,0.0,,too_rare,,,
2276,2.8008066323101054e-05,,too_rare,,,
2277,2.8008066323101054e-05,,too_rare,,,
2278,2.8008066323101054e-05,,too_rare,,,
2279,0.0,,too_rare,,,
2280,0.0,,too_rare,,,
2281,0.002828814698633206,,too_rare,,,
2282,0.0,,too_rare,,,
2283,0.0,,too_rare,,,
2284,0.0,,too_rare,,,
2285,0.0,,too_rare,,,
2286,8.402419896930316e-05,,too_rare,,,
2287,0.0,,too_rare,,,
2288,0.0,,too_rare,,,
2289,0.0,,too_rare,,,
2290,0.0,,too_rare,,,
2291,2.8008066323101054e-05,,too_rare,,,
2292,2.8008066323101054e-05,,too_rare,,,
2293,0.0,,too_rare,,,
2294,8.402419896930316e-05,,too_rare,,,
2295,0.0,,too_rare,,,
2296,0.0,,too_rare,,,
2297,0.0,,too_rare,,,
2298,2.8008066323101054e-05,,too_rare,,,
2299,0.0,,too_rare,,,
2300,0.0,,too_rare,,,
2301,0.0,,too_rare,,,
2302,5.601613264620211e-05,,too_rare,,,
2303,0.0,,too_rare,,,
2304,0.0002800806632310105,,too_rare,,,
2305,0.0,,too_rare,,,
2306,0.0,,too_rare,,,
2307,5.601613264620211e-05,,too_rare,,,
2308,0.0,,too_rare,,,
2309,0.0,,too_rare,,,
2310,0.0,,too_rare,,,
2311,0.0,,too_rare,,,
2312,0.0,,too_rare,,,
2313,2.8008066323101054e-05,,too_rare,,,
2314,0.001008290387631638,,too_rare,,,
2315,0.0,,too_rare,,,
2316,2.8008066323101054e-05,,too_rare,,,
2317,0.00022406453058480843,,too_rare,,,
2318,0.0,,too_rare,,,
2319,0.0,,too_rare,,,
2320,0.0,,too_rare,,,
2321,0.0,,too_rare,,,
2322,0.0,,too_rare,,,
2323,0.0,,too_rare,,,
2324,0.0,,too_rare,,,
2325,0.0,,too_rare,,,
2326,2.8008066323101054e-05,,too_rare,,,
2327,0.0,,too_rare,,,
2328,0.0,,too_rare,,,
2329,0.0,,too_rare,,,
2330,0.0,,too_rare,,,
2331,2.8008066323101054e-05,,too_rare,,,
2332,0.0,,too_rare,,,
2333,0.0,,too_rare,,,
2334,0.009214653820300246,,too_rare,,,
2335,0.0,,too_rare,,,
2336,0.0,,too_rare,,,
2337,2.8008066323101054e-05,,too_rare,,,
2338,0.0,,too_rare,,,
2339,0.0,,too_rare,,,
2340,0.0,,too_rare,,,
2341,0.0,,too_rare,,,
2342,0.0,,too_rare,,,
2343,0.0,,too_rare,,,
2345,0.0,,too_rare,,,
2346,0.0,,too_rare,,,
2347,0.0,,too_rare,,,
2348,2.8008066323101054e-05,,too_rare,,,
2349,0.0,,too_rare,,,
2350,0.0,,too_rare,,,
2351,0.0,,too_rare,,,
2352,0.00019605646426170737,,too_rare,,,
2353,0.0,,too_rare,,,
2354,0.0,,too_rare,,,
2355,0.0,,too_rare,,,
2356,0.0,,too_rare,,,
2357,0.0,,too_rare,,,
2358,0.0,,too_rare,,,
2359,8.402419896930316e-05,,too_rare,,,
2360,0.0,,too_rare,,,
2361,0.0,,too_rare,,,
2362,0.00039211292852341475,,too_rare,,,
2363,0.0,,too_rare,,,
2364,0.0,,too_rare,,,
2365,0.0,,too_rare,,,
2366,0.0,,too_rare,,,
2367,0.0,,too_rare,,,
2368,0.0,,too_rare,,,
2369,0.0,,too_rare,,,
2371,0.0,,too_rare,,,
2372,2.8008066323101054e-05,,too_rare,,,
2373,0.0,,too_rare,,,
2374,0.0,,too_rare,,,
2375,0.0,,too_rare,,,
2376,5.601613264620211e-05,,too_rare,,,
2377,0.0,,too_rare,,,
2378,0.0,,too_rare,,,
2379,0.00011203226529240422,,too_rare,,,
2380,0.0,,too_rare,,,
2381,0.0,,too_rare,,,
2382,0.0,,too_rare,,,
2383,0.0,,too_rare,,,
2384,0.00019605646426170737,,too_rare,,,
2385,0.0006441855254313242,,too_rare,,,
2386,0.0,,too_rare,,,
2387,0.003781088953618642,,too_rare,,,
2388,0.0002520725969079095,,too_rare,,,
2389,0.0,,too_rare,,,
2390,0.0,,too_rare,,,
2391,0.0,,too_rare,,,
2392,2.8008066323101054e-05,,too_rare,,,
2393,2.8008066323101054e-05,,too_rare,,,
2394,0.0,,too_rare,,,
2396,2.8008066323101054e-05,,too_rare,,,
2397,0.0,,too_rare,,,
2398,0.0,,too_rare,,,
2399,0.0,,too_rare,,,
2400,2.8008066323101054e-05,,too_rare,,,
2401,8.402419896930316e-05,,too_rare,,,
2402,0.0,,too_rare,,,
2403,0.0,,too_rare,,,
2404,0.0,,too_rare,,,
2405,0.0,,too_rare,,,
2406,0.0,,too_rare,,,
2407,0.0,,too_rare,,,
2408,8.402419896930316e-05,,too_rare,,,
2410,0.0,,too_rare,,,
2411,0.0,,too_rare,,,
2412,0.0,,too_rare,,,
2413,0.0,,too_rare,,,
2415,0.0,,too_rare,,,
2416,0.0,,too_rare,,,
2417,2.8008066323101054e-05,,too_rare,,,
2418,5.601613264620211e-05,,too_rare,,,
2419,0.0,,too_rare,,,
2420,0.0,,too_rare,,,
2421,8.402419896930316e-05,,too_rare,,,
2422,0.0006721935917544253,,too_rare,,,
2423,0.0,,too_rare,,,
2424,2.8008066323101054e-05,,too_rare,,,
2425,0.0,,too_rare,,,
2426,2.8008066323101054e-05,,too_rare,,,
2427,5.601613264620211e-05,,too_rare,,,
2428,0.00011203226529240422,,too_rare,,,
2429,0.0,,too_rare,,,
2430,0.0,,too_rare,,,
2431,0.0,,too_rare,,,
2432,5.601613264620211e-05,,too_rare,,,
2433,0.0,,too_rare,,,
2434,0.0,,too_rare,,,
2435,0.0,,too_rare,,,
2436,0.0,,too_rare,,,
2437,0.0,,too_rare,,,
2438,0.0,,too_rare,,,
2439,0.0,,too_rare,,,
2440,2.8008066323101054e-05,,too_rare,,,
2441,0.0,,too_rare,,,
2442,0.0,,too_rare,,,
2443,0.0,,too_rare,,,
2444,0.0,,too_rare,,,
2445,0.0,,too_rare,,,
2446,2.8008066323101054e-05,,too_rare,,,
2447,2.8008066323101054e-05,,too_rare,,,
2448,0.0,,too_rare,,,
2449,0.0,,too_rare,,,
2450,0.0019045485099708716,,too_rare,,,
2451,0.0,,too_rare,,,
2452,0.0,,too_rare,,,
2453,0.0,,too_rare,,,
2454,2.8008066323101054e-05,,too_rare,,,
2455,0.0,,too_rare,,,
2456,2.8008066323101054e-05,,too_rare,,,
2457,0.0,,too_rare,,,
2458,5.601613264620211e-05,,too_rare,,,
2459,8.402419896930316e-05,,too_rare,,,
2460,0.0,,too_rare,,,
2462,0.0,,too_rare,,,
2463,0.0,,too_rare,,,
2464,2.8008066323101054e-05,,too_rare,,,
2465,2.8008066323101054e-05,,too_rare,,,
2466,0.0,,too_rare,,,
2467,0.0,,too_rare,,,
2468,0.0,,too_rare,,,
2469,0.0,,too_rare,,,
2470,0.0,,too_rare,,,
2471,0.0,,too_rare,,,
2472,0.0,,too_rare,,,
2473,0.0,,too_rare,,,
2474,0.0,,too_rare,,,
2475,2.8008066323101054e-05,,too_rare,,,
2476,0.0,,too_rare,,,
2478,0.0,,too_rare,,,
2479,0.0,,too_rare,,,
2480,2.8008066323101054e-05,,too_rare,,,
2481,8.402419896930316e-05,,too_rare,,,
2482,2.8008066323101054e-05,,too_rare,,,
2483,0.0,,too_rare,,,
2484,2.8008066323101054e-05,,too_rare,,,
2485,2.8008066323101054e-05,,too_rare,,,
2486,0.0,,too_rare,,,
2487,0.0,,too_rare,,,
2488,0.0,,too_rare,,,
2489,2.8008066323101054e-05,,too_rare,,,
2490,0.0,,too_rare,,,
2491,0.0,,too_rare,,,
2492,0.0,,too_rare,,,
2493,0.0,,too_rare,,,
2494,0.00560161326462021,,too_rare,,,
2495,0.0,,too_rare,,,
2496,2.8008066323101054e-05,,too_rare,,,
2497,0.0,,too_rare,,,
2498,2.8008066323101054e-05,,too_rare,,,
2499,2.8008066323101054e-05,,too_rare,,,
2500,0.0,,too_rare,,,
2501,0.0,,too_rare,,,
2502,0.0,,too_rare,,,
2503,0.0,,too_rare,,,
2504,0.0,,too_rare,,,
2505,0.0,,too_rare,,,
2506,0.0,,too_rare,,,
2507,0.0,,too_rare,,,
2508,0.0,,too_rare,,,
2509,0.0,,too_rare,,,
2510,0.0,,too_rare,,,
2511,2.8008066323101054e-05,,too_rare,,,
2512,0.0,,too_rare,,,
2513,0.0,,too_rare,,,
2514,0.0,,too_rare,,,
2515,0.0,,too_rare,,,
2516,0.0,,too_rare,,,
2517,0.0,,too_rare,,,
2518,0.0,,too_rare,,,
2519,0.0,,too_rare,,,
2520,0.0,,too_rare,,,
2521,0.0,,too_rare,,,
2522,0.0,,too_rare,,,
2523,0.0,,too_rare,,,
2524,0.0,,too_rare,,,
2525,0.0,,too_rare,,,
2527,0.0,,too_rare,,,
2528,0.00036410486220031366,,too_rare,,,
2529,0.0,,too_rare,,,
2530,0.0,,too_rare,,,
2532,0.0,,too_rare,,,
2533,0.0,,too_rare,,,
2534,0.0,,too_rare,,,
2535,0.0,,too_rare,,,
2536,2.8008066323101054e-05,,too_rare,,,
2537,0.0,,too_rare,,,
2538,0.0,,too_rare,,,
2539,0.0,,too_rare,,,
2540,0.0,,too_rare,,,
2541,0.0,,too_rare,,,
2542,0.0,,too_rare,,,
2543,0.0,,too_rare,,,
2544,0.0,,too_rare,,,
2545,0.00053215326013892,,too_rare,,,
2546,0.0,,too_rare,,,
2547,0.0,,too_rare,,,
2548,0.0,,too_rare,,,
2549,0.0,,too_rare,,,
2550,0.0,,too_rare,,,
2551,0.00039211292852341475,,too_rare,,,
2552,5.601613264620211e-05,,too_rare,,,
2553,0.0,,too_rare,,,
2554,0.006609903652251848,,too_rare,,,
2555,0.0,,too_rare,,,
2556,0.0,,too_rare,,,
2557,0.00014004033161550526,,too_rare,,,
2558,0.0,,too_rare,,,
2559,0.0,,too_rare,,,
2560,0.0,,too_rare,,,
2561,0.0,,too_rare,,,
2562,0.0,,too_rare,,,
2563,2.8008066323101054e-05,,too_rare,,,
2564,0.0007282097244006273,,too_rare,,,
2565,2.8008066323101054e-05,,too_rare,,,
2566,0.0,,too_rare,,,
2567,0.0,,too_rare,,,
2568,0.0,,too_rare,,,
2569,0.0,,too_rare,,,
2570,5.601613264620211e-05,,too_rare,,,
2571,0.0069460004481290616,,too_rare,,,
2572,2.8008066323101054e-05,,too_rare,,,
2573,2.8008066323101054e-05,,too_rare,,,
2574,0.0,,too_rare,,,
2575,0.0,,too_rare,,,
2576,0.0,,too_rare,,,
2577,0.0,,too_rare,,,
2578,5.601613264620211e-05,,too_rare,,,
2579,0.0006721935917544253,,too_rare,,,
2580,0.0,,too_rare,,,
2581,5.601613264620211e-05,,too_rare,,,
2582,2.8008066323101054e-05,,too_rare,,,
2583,2.8008066323101054e-05,,too_rare,,,
2584,0.0,,too_rare,,,
2585,0.0,,too_rare,,,
2586,0.0,,too_rare,,,
2587,0.0,,too_rare,,,
2588,0.0,,too_rare,,,
2589,5.601613264620211e-05,,too_rare,,,
2590,0.0,,too_rare,,,
2591,0.0,,too_rare,,,
2592,0.0,,too_rare,,,
2593,0.0,,too_rare,,,
2594,2.8008066323101054e-05,,too_rare,,,
2595,0.0,,too_rare,,,
2596,0.0005881693927851221,,too_rare,,,
2597,0.0,,too_rare,,,
2598,0.0,,too_rare,,,
2599,0.0,,too_rare,,,
2600,0.0,,too_rare,,,
2601,0.0,,too_rare,,,
2602,0.0,,too_rare,,,
2603,0.0,,too_rare,,,
2604,0.0,,too_rare,,,
2606,0.0,,too_rare,,,
2607,0.0,,too_rare,,,
2608,0.0,,too_rare,,,
2609,0.0,,too_rare,,,
2610,0.0,,too_rare,,,
2611,2.8008066323101054e-05,,too_rare,,,
2612,0.0,,too_rare,,,
2613,0.0,,too_rare,,,
2614,0.0,,too_rare,,,
2615,0.0,,too_rare,,,
2616,0.0,,too_rare,,,
2617,0.0,,too_rare,,,
2618,0.0,,too_rare,,,
2619,0.0,,too_rare,,,
2620,0.0,,too_rare,,,
2621,0.0,,too_rare,,,
2622,0.0,,too_rare,,,
2623,0.0,,too_rare,,,
2624,0.0,,too_rare,,,
2625,8.402419896930316e-05,,too_rare,,,
2626,0.0,,too_rare,,,
2627,0.0,,too_rare,,,
2628,0.0,,too_rare,,,
2629,0.0,,too_rare,,,
2630,0.0,,too_rare,,,
2631,0.0,,too_rare,,,
2632,0.0,,too_rare,,,
2633,0.0,,too_rare,,,
2634,0.0,,too_rare,,,
2635,0.0,,too_rare,,,
2636,0.0,,too_rare,,,
2637,0.00011203226529240422,,too_rare,,,
2638,0.0,,too_rare,,,
2639,0.0,,too_rare,,,
2640,0.0,,too_rare,,,
2641,0.0,,too_rare,,,
2642,0.0,,too_rare,,,
2643,0.0,,too_rare,,,
2644,0.0,,too_rare,,,
2645,0.0,,too_rare,,,
2646,0.0,,too_rare,,,
2647,0.0,,too_rare,,,
2648,0.0,,too_rare,,,
2649,0.0,,too_rare,,,
2650,0.0,,too_rare,,,
2651,0.0,,too_rare,,,
2652,0.0,,too_rare,,,
2653,5.601613264620211e-05,,too_rare,,,
2654,0.0,,too_rare,,,
2656,0.0,,too_rare,,,
2657,0.0,,too_rare,,,
2658,0.0,,too_rare,,,
2659,0.0,,too_rare,,,
2660,5.601613264620211e-05,,too_rare,,,
2661,2.8008066323101054e-05,,too_rare,,,
2662,2.8008066323101054e-05,,too_rare,,,
2663,2.8008066323101054e-05,,too_rare,,,
2664,0.0,,too_rare,,,
2665,0.0,,too_rare,,,
2666,0.0,,too_rare,,,
2667,0.0,,too_rare,,,
2668,0.0,,too_rare,,,
2669,0.004565314810665471,,too_rare,,,
2670,0.0006721935917544253,,too_rare,,,
2671,0.0,,too_rare,,,
2672,0.0,,too_rare,,,
2673,0.0,,too_rare,,,
2674,0.0,,too_rare,,,
2675,0.0,,too_rare,,,
2676,0.0,,too_rare,,,
2677,0.0,,too_rare,,,
2678,0.0,,too_rare,,,
2679,8.402419896930316e-05,,too_rare,,,
2680,0.0,,too_rare,,,
2681,0.0,,too_rare,,,
2682,0.0,,too_rare,,,
2683,0.0,,too_rare,,,
2684,0.0,,too_rare,,,
2685,0.0,,too_rare,,,
2686,0.0,,too_rare,,,
2687,0.004341250280080663,,too_rare,,,
2688,0.0,,too_rare,,,
2689,2.8008066323101054e-05,,too_rare,,,
2690,0.0,,too_rare,,,
2691,0.0,,too_rare,,,
2692,0.0,,too_rare,,,
2693,0.0,,too_rare,,,
2694,5.601613264620211e-05,,too_rare,,,
2695,0.0,,too_rare,,,
2696,2.8008066323101054e-05,,too_rare,,,
2697,0.0,,too_rare,,,
2698,0.0,,too_rare,,,
2699,0.0,,too_rare,,,
2700,0.0,,too_rare,,,
2701,0.0,,too_rare,,,
2702,0.0,,too_rare,,,
2703,0.0,,too_rare,,,
2704,0.0004201209948465158,,too_rare,,,
2705,0.0,,too_rare,,,
2706,0.0,,too_rare,,,
2707,0.0,,too_rare,,,
2708,0.006609903652251848,,too_rare,,,
2709,0.0,,too_rare,,,
2710,0.0,,too_rare,,,
2712,0.0,,too_rare,,,
2713,0.0,,too_rare,,,
2714,2.8008066323101054e-05,,too_rare,,,
2715,0.0,,too_rare,,,
2716,0.0,,too_rare,,,
2717,0.0,,too_rare,,,
2718,0.0,,too_rare,,,
2719,0.0,,too_rare,,,
2720,0.0,,too_rare,,,
2721,0.0,,too_rare,,,
2723,0.0,,too_rare,,,
2725,0.0034730002240645308,,too_rare,,,
2726,0.0,,too_rare,,,
2727,0.0,,too_rare,,,
2728,0.0,,too_rare,,,
2729,0.0,,too_rare,,,
2730,0.0,,too_rare,,,
2731,2.8008066323101054e-05,,too_rare,,,
2732,0.0,,too_rare,,,
2733,0.0,,too_rare,,,
2734,0.0,,too_rare,,,
2735,0.0,,too_rare,,,
2736,0.0,,too_rare,,,
2737,0.0,,too_rare,,,
2738,0.0,,too_rare,,,
2739,0.0,,too_rare,,,
2740,2.8008066323101054e-05,,too_rare,,,
2741,0.0,,too_rare,,,
2742,0.0,,too_rare,,,
2743,0.0,,too_rare,,,
2744,0.0,,too_rare,,,
2745,0.0,,too_rare,,,
2746,0.0,,too_rare,,,
2747,0.0,,too_rare,,,
2748,0.0,,too_rare,,,
2749,0.0,,too_rare,,,
2750,0.0,,too_rare,,,
2751,0.0,,too_rare,,,
2752,0.0,,too_rare,,,
2753,0.0,,too_rare,,,
2754,0.0,,too_rare,,,
2755,0.0,,too_rare,,,
2756,0.0,,too_rare,,,
2757,0.0,,too_rare,,,
2758,2.8008066323101054e-05,,too_rare,,,
2759,0.0,,too_rare,,,
2760,0.0,,too_rare,,,
2761,0.0,,too_rare,,,
2762,0.0,,too_rare,,,
2763,2.8008066323101054e-05,,too_rare,,,
2764,2.8008066323101054e-05,,too_rare,,,
2765,0.0,,too_rare,,,
2766,0.0,,too_rare,,,
2767,0.0,,too_rare,,,
2768,0.0,,too_rare,,,
2769,0.0,,too_rare,,,
2770,0.0,,too_rare,,,
2771,2.8008066323101054e-05,,too_rare,,,
2772,0.0014564194488012547,,too_rare,,,
2773,0.0,,too_rare,,,
2774,2.8008066323101054e-05,,too_rare,,,
2775,0.0,,too_rare,,,
2776,2.8008066323101054e-05,,too_rare,,,
2777,0.0,,too_rare,,,
2778,5.601613264620211e-05,,too_rare,,,
2779,0.0,,too_rare,,,
2780,0.0,,too_rare,,,
2781,0.0,,too_rare,,,
2782,2.8008066323101054e-05,,too_rare,,,
2783,0.0,,too_rare,,,
2784,0.0,,too_rare,,,
2785,0.0,,too_rare,,,
2786,0.0,,too_rare,,,
2787,2.8008066323101054e-05,,too_rare,,,
2788,0.0,,too_rare,,,
2789,0.0,,too_rare,,,
2790,0.0,,too_rare,,,
2791,0.0,,too_rare,,,
2792,0.0,,too_rare,,,
2793,0.0,,too_rare,,,
2794,0.0,,too_rare,,,
2795,0.0003080887295541116,,too_rare,,,
2796,2.8008066323101054e-05,,too_rare,,,
2797,0.0,,too_rare,,,
2798,0.0,,too_rare,,,
2799,0.0002800806632310105,,too_rare,,,
2800,5.601613264620211e-05,,too_rare,,,
2801,0.0,,too_rare,,,
2802,0.0,,too_rare,,,
2803,0.0,,too_rare,,,
2804,0.0,,too_rare,,,
2805,2.8008066323101054e-05,,too_rare,,,
2806,0.0,,too_rare,,,
2807,0.0,,too_rare,,,
2808,2.8008066323101054e-05,,too_rare,,,
2809,0.0,,too_rare,,,
2810,2.8008066323101054e-05,,too_rare,,,
2811,0.0,,too_rare,,,
2812,0.0,,too_rare,,,
2813,0.0,,too_rare,,,
2814,0.0,,too_rare,,,
2815,0.0,,too_rare,,,
2816,0.0,,too_rare,,,
2817,0.0,,too_rare,,,
2818,0.0,,too_rare,,,
2819,2.8008066323101054e-05,,too_rare,,,
2820,0.0,,too_rare,,,
2821,0.0,,too_rare,,,
2822,0.0,,too_rare,,,
2823,0.0,,too_rare,,,
2824,0.0,,too_rare,,,
2825,0.0,,too_rare,,,
2826,0.0,,too_rare,,,
2827,0.0,,too_rare,,,
2828,0.0,,too_rare,,,
2829,0.0,,too_rare,,,
2830,0.0,,too_rare,,,
2831,0.0,,too_rare,,,
2832,0.0,,too_rare,,,
2833,5.601613264620211e-05,,too_rare,,,
2834,0.0,,too_rare,,,
2835,0.0,,too_rare,,,
2836,0.0,,too_rare,,,
2837,0.00372507282097244,,too_rare,,,
2839,2.8008066323101054e-05,,too_rare,,,
2840,0.0,,too_rare,,,
2841,0.0,,too_rare,,,
2842,2.8008066323101054e-05,,too_rare,,,
2843,2.8008066323101054e-05,,too_rare,,,
2844,0.00372507282097244,,too_rare,,,
2845,0.0,,too_rare,,,
2846,0.0,,too_rare,,,
2847,0.0,,too_rare,,,
2848,0.0,,too_rare,,,
2849,0.0,,too_rare,,,
2850,5.601613264620211e-05,,too_rare,,,
2851,0.0,,too_rare,,,
2852,0.0,,too_rare,,,
2853,0.0,,too_rare,,,
2854,0.0002800806632310105,,too_rare,,,
2855,0.0,,too_rare,,,
2856,8.402419896930316e-05,,too_rare,,,
2857,2.8008066323101054e-05,,too_rare,,,
2858,0.0,,too_rare,,,
2859,0.0,,too_rare,,,
2860,0.0,,too_rare,,,
2861,0.00039211292852341475,,too_rare,,,
2862,2.8008066323101054e-05,,too_rare,,,
2863,0.0,,too_rare,,,
2864,0.0,,too_rare,,,
2865,0.0,,too_rare,,,
2866,0.0,,too_rare,,,
2867,0.0,,too_rare,,,
2868,0.0,,too_rare,,,
2869,0.0,,too_rare,,,
2870,0.0,,too_rare,,,
2871,0.0,,too_rare,,,
2872,2.8008066323101054e-05,,too_rare,,,
2873,0.0,,too_rare,,,
2874,0.0,,too_rare,,,
2875,2.8008066323101054e-05,,too_rare,,,
2876,0.0,,too_rare,,,
2877,0.0,,too_rare,,,
2878,0.0,,too_rare,,,
2879,0.002688774367017701,,too_rare,,,
2880,0.0,,too_rare,,,
2881,0.0,,too_rare,,,
2882,0.0,,too_rare,,,
2883,2.8008066323101054e-05,,too_rare,,,
2885,0.00053215326013892,,too_rare,,,
2886,2.8008066323101054e-05,,too_rare,,,
2887,0.0,,too_rare,,,
2889,0.0,,too_rare,,,
2890,0.0,,too_rare,,,
2891,0.0,,too_rare,,,
2892,0.0,,too_rare,,,
2893,0.0,,too_rare,,,
2894,0.0,,too_rare,,,
2895,2.8008066323101054e-05,,too_rare,,,
2896,8.402419896930316e-05,,too_rare,,,
2897,0.0,,too_rare,,,
2898,2.8008066323101054e-05,,too_rare,,,
2899,0.0,,too_rare,,,
2900,0.0,,too_rare,,,
2902,0.0,,too_rare,,,
2903,0.0,,too_rare,,,
2904,0.0,,too_rare,,,
2905,0.0,,too_rare,,,
2906,0.0,,too_rare,,,
2907,0.0,,too_rare,,,
2908,0.0,,too_rare,,,
2909,0.0,,too_rare,,,
2910,0.0,,too_rare,,,
2911,0.0,,too_rare,,,
2912,0.0,,too_rare,,,
2913,0.0,,too_rare,,,
2914,0.0,,too_rare,,,
2915,0.0,,too_rare,,,
2916,0.0,,too_rare,,,
2917,0.0,,too_rare,,,
2918,0.0,,too_rare,,,
2919,0.0,,too_rare,,,
2920,0.0,,too_rare,,,
2921,0.0,,too_rare,,,
2922,0.0,,too_rare,,,
2923,8.402419896930316e-05,,too_rare,,,
2924,0.0,,too_rare,,,
2925,0.0,,too_rare,,,
2926,0.0,,too_rare,,,
2927,0.0,,too_rare,,,
2928,0.0,,too_rare,,,
2929,0.0,,too_rare,,,
2930,0.0,,too_rare,,,
2931,0.0,,too_rare,,,
2932,2.8008066323101054e-05,,too_rare,,,
2933,0.0,,too_rare,,,
2934,0.0,,too_rare,,,
2935,0.0,,too_rare,,,
2936,0.0,,too_rare,,,
2937,2.8008066323101054e-05,,too_rare,,,
2938,0.0,,too_rare,,,
2939,0.0,,too_rare,,,
2940,0.0,,too_rare,,,
2941,0.0,,too_rare,,,
2942,2.8008066323101054e-05,,too_rare,,,
2943,0.0,,too_rare,,,
2944,0.0,,too_rare,,,
2945,0.0017645081783553664,,too_rare,,,
2946,2.8008066323101054e-05,,too_rare,,,
2947,0.0,,too_rare,,,
2948,0.0,,too_rare,,,
2949,0.0,,too_rare,,,
2950,0.0,,too_rare,,,
2951,0.0,,too_rare,,,
2952,0.0,,too_rare,,,
2953,0.0,,too_rare,,,
2954,0.0,,too_rare,,,
2955,2.8008066323101054e-05,,too_rare,,,
2956,0.0,,too_rare,,,
2957,0.0,,too_rare,,,
2959,0.0,,too_rare,,,
2960,0.0,,too_rare,,,
2961,0.0,,too_rare,,,
2962,0.0,,too_rare,,,
2963,2.8008066323101054e-05,,too_rare,,,
2964,0.0,,too_rare,,,
2965,0.0,,too_rare,,,
2966,0.0,,too_rare,,,
2967,5.601613264620211e-05,,too_rare,,,
2968,0.0,,too_rare,,,
2969,0.007590185973560385,,too_rare,,,
2970,0.0,,too_rare,,,
2971,0.0,,too_rare,,,
2972,0.0,,too_rare,,,
2973,0.0,,too_rare,,,
2974,0.0,,too_rare,,,
2975,0.0,,too_rare,,,
2977,2.8008066323101054e-05,,too_rare,,,
2978,0.0,,too_rare,,,
2979,0.0,,too_rare,,,
2980,0.0,,too_rare,,,
2981,0.0,,too_rare,,,
2982,0.0,,too_rare,,,
2983,0.0,,too_rare,,,
2984,2.8008066323101054e-05,,too_rare,,,
2986,0.0,,too_rare,,,
2987,0.0,,too_rare,,,
2988,0.0,,too_rare,,,
2989,0.0,,too_rare,,,
2990,0.0,,too_rare,,,
2992,0.0,,too_rare,,,
2993,0.0,,too_rare,,,
2994,2.8008066323101054e-05,,too_rare,,,
2995,0.0,,too_rare,,,
2996,0.0,,too_rare,,,
2997,0.0,,too_rare,,,
2998,0.0,,too_rare,,,
2999,0.0,,too_rare,,,
3000,0.0,,too_rare,,,
3001,0.0008122339233699305,,too_rare,,,
3002,0.0,,too_rare,,,
3003,0.0,,too_rare,,,
3004,0.0,,too_rare,,,
3005,0.00022406453058480843,,too_rare,,,
3006,0.0,,too_rare,,,
3007,0.0,,too_rare,,,
3008,0.0,,too_rare,,,
3009,0.0,,too_rare,,,
3010,0.0,,too_rare,,,
3011,0.0,,too_rare,,,
3012,2.8008066323101054e-05,,too_rare,,,
3013,0.0,,too_rare,,,
3014,0.0,,too_rare,,,
3015,0.0,,too_rare,,,
3016,0.0,,too_rare,,,
3017,0.0,,too_rare,,,
3019,0.0,,too_rare,,,
3020,0.0,,too_rare,,,
3021,0.0009522742549854358,,too_rare,,,
3022,0.0,,too_rare,,,
3023,2.8008066323101054e-05,,too_rare,,,
3024,0.0,,too_rare,,,
3025,0.0,,too_rare,,,
3027,0.0,,too_rare,,,
3028,0.0,,too_rare,,,
3029,0.0004761371274927179,,too_rare,,,
3030,0.0,,too_rare,,,
3031,0.0,,too_rare,,,
3032,2.8008066323101054e-05,,too_rare,,,
3033,0.0,,too_rare,,,
3034,0.0,,too_rare,,,
3035,5.601613264620211e-05,,too_rare,,,
3036,0.0,,too_rare,,,
3037,0.0,,too_rare,,,
3038,0.0,,too_rare,,,
3039,0.0,,too_rare,,,
3040,5.601613264620211e-05,,too_rare,,,
3041,0.0004761371274927179,,too_rare,,,
3042,2.8008066323101054e-05,,too_rare,,,
3043,0.0,,too_rare,,,
3044,0.0,,too_rare,,,
3045,0.0,,too_rare,,,
3046,0.0,,too_rare,,,
3047,0.0,,too_rare,,,
3048,0.0,,too_rare,,,
3049,0.0,,too_rare,,,
3050,0.0,,too_rare,,,
3051,0.0,,too_rare,,,
3052,0.0,,too_rare,,,
3053,0.0,,too_rare,,,
3054,0.0,,too_rare,,,
3055,0.0,,too_rare,,,
3056,5.601613264620211e-05,,too_rare,,,
3057,0.0,,too_rare,,,
3058,2.8008066323101054e-05,,too_rare,,,
3059,0.003052879229218015,,too_rare,,,
3060,0.0,,too_rare,,,
3061,0.0,,too_rare,,,
3062,0.0,,too_rare,,,
3063,0.0,,too_rare,,,
3064,0.00036410486220031366,,too_rare,,,
3065,0.0,,too_rare,,,
3066,0.0,,too_rare,,,
3067,0.0,,too_rare,,,
3068,0.0,,too_rare,,,
3069,0.004173201882142057,,too_rare,,,
3070,0.0,,too_rare,,,
3071,0.0,,too_rare,,,
3072,0.0,,too_rare,,,
3073,0.0,,too_rare,,,
3074,0.0007002016580775263,,too_rare,,,
3075,2.8008066323101054e-05,,too_rare,,,
3076,0.0,,too_rare,,,
3077,0.0019045485099708716,,too_rare,,,
3078,0.0,,too_rare,,,
3079,0.0,,too_rare,,,
3080,0.0,,too_rare,,,
3081,0.0,,too_rare,,,
3082,0.0,,too_rare,,,
3083,0.0,,too_rare,,,
3084,0.0,,too_rare,,,
3085,0.0,,too_rare,,,
3086,0.0,,too_rare,,,
3087,0.0004761371274927179,,too_rare,,,
3088,0.0,,too_rare,,,
3089,0.0,,too_rare,,,
3090,2.8008066323101054e-05,,too_rare,,,
3091,0.0,,too_rare,,,
3092,0.0,,too_rare,,,
3093,0.0,,too_rare,,,
3094,0.0,,too_rare,,,
3095,0.0,,too_rare,,,
3096,5.601613264620211e-05,,too_rare,,,
3097,0.0,,too_rare,,,
3098,0.0,,too_rare,,,
3099,0.0,,too_rare,,,
3100,0.00016804839793860632,,too_rare,,,
3101,0.0,,too_rare,,,
3102,5.601613264620211e-05,,too_rare,,,
3103,0.0,,too_rare,,,
3104,5.601613264620211e-05,,too_rare,,,
3105,0.0,,too_rare,,,
3106,2.8008066323101054e-05,,too_rare,,,
3107,0.0,,too_rare,,,
3108,0.008822540891776831,,too_rare,,,
3110,2.8008066323101054e-05,,too_rare,,,
3111,0.0,,too_rare,,,
3112,5.601613264620211e-05,,too_rare,,,
3113,0.0,,too_rare,,,
3114,0.0,,too_rare,,,
3115,2.8008066323101054e-05,,too_rare,,,
3116,0.0,,too_rare,,,
3118,0.0,,too_rare,,,
3119,5.601613264620211e-05,,too_rare,,,
3120,0.0,,too_rare,,,
3121,0.0,,too_rare,,,
3123,2.8008066323101054e-05,,too_rare,,,
3124,2.8008066323101054e-05,,too_rare,,,
3125,0.0,,too_rare,,,
3126,2.8008066323101054e-05,,too_rare,,,
3127,0.0,,too_rare,,,
3128,0.0,,too_rare,,,
3129,0.0,,too_rare,,,
3130,0.0,,too_rare,,,
3131,0.0,,too_rare,,,
3132,0.0,,too_rare,,,
3133,2.8008066323101054e-05,,too_rare,,,
3134,2.8008066323101054e-05,,too_rare,,,
3135,2.8008066323101054e-05,,too_rare,,,
3136,0.0,,too_rare,,,
3137,8.402419896930316e-05,,too_rare,,,
3138,0.0,,too_rare,,,
3139,0.00019605646426170737,,too_rare,,,
3140,0.0,,too_rare,,,
3141,0.0,,too_rare,,,
3142,0.0,,too_rare,,,
3143,0.0,,too_rare,,,
3144,0.0,,too_rare,,,
3145,0.0,,too_rare,,,
3146,0.0,,too_rare,,,
3147,0.0,,too_rare,,,
3148,0.0,,too_rare,,,
3149,0.0,,too_rare,,,
3150,0.001960564642617074,,too_rare,,,
3151,0.0,,too_rare,,,
3152,2.8008066323101054e-05,,too_rare,,,
3153,0.00014004033161550526,,too_rare,,,
3154,0.0,,too_rare,,,
3155,0.0,,too_rare,,,
3156,0.0,,too_rare,,,
3157,5.601613264620211e-05,,too_rare,,,
3158,2.8008066323101054e-05,,too_rare,,,
3159,0.00011203226529240422,,too_rare,,,
3160,0.0,,too_rare,,,
3161,0.0,,too_rare,,,
3162,0.0,,too_rare,,,
3163,0.0,,too_rare,,,
3164,0.0,,too_rare,,,
3165,0.0,,too_rare,,,
3166,0.0002520725969079095,,too_rare,,,
3167,2.8008066323101054e-05,,too_rare,,,
3168,0.0,,too_rare,,,
3169,0.0,,too_rare,,,
3170,0.0,,too_rare,,,
3171,0.0,,too_rare,,,
3172,0.0,,too_rare,,,
3173,0.0,,too_rare,,,
3174,0.0,,too_rare,,,
3175,0.0,,too_rare,,,
3176,0.0,,too_rare,,,
3177,0.0,,too_rare,,,
3178,0.0,,too_rare,,,
3179,0.0,,too_rare,,,
3180,0.0,,too_rare,,,
3181,0.0,,too_rare,,,
3183,0.0,,too_rare,,,
3184,0.0,,too_rare,,,
3185,0.0,,too_rare,,,
3186,0.0,,too_rare,,,
3187,0.0,,too_rare,,,
3188,0.0,,too_rare,,,
3189,0.0,,too_rare,,,
3190,2.8008066323101054e-05,,too_rare,,,
3191,0.0,,too_rare,,,
3192,2.8008066323101054e-05,,too_rare,,,
3193,5.601613264620211e-05,,too_rare,,,
3194,0.0,,too_rare,,,
3195,0.00011203226529240422,,too_rare,,,
3196,0.0,,too_rare,,,
3197,0.00033609679587721263,,too_rare,,,
3198,0.0,,too_rare,,,
3199,0.0,,too_rare,,,
3200,0.0,,too_rare,,,
3201,0.0,,too_rare,,,
3202,0.0,,too_rare,,,
3203,0.0,,too_rare,,,
3204,2.8008066323101054e-05,,too_rare,,,
3205,0.0,,too_rare,,,
3207,2.8008066323101054e-05,,too_rare,,,
3208,0.0,,too_rare,,,
3209,0.00019605646426170737,,too_rare,,,
3210,0.0,,too_rare,,,
3211,0.0,,too_rare,,,
3212,0.0,,too_rare,,,
3213,0.0,,too_rare,,,
3214,0.0,,too_rare,,,
3215,0.0,,too_rare,,,
3216,2.8008066323101054e-05,,too_rare,,,
3217,2.8008066323101054e-05,,too_rare,,,
3218,0.0,,too_rare,,,
3219,0.0,,too_rare,,,
3221,0.0,,too_rare,,,
3222,0.0,,too_rare,,,
3223,0.0,,too_rare,,,
3224,0.0,,too_rare,,,
3225,0.0,,too_rare,,,
3226,0.0,,too_rare,,,
3227,0.0,,too_rare,,,
3228,0.0,,too_rare,,,
3230,2.8008066323101054e-05,,too_rare,,,
3231,0.0,,too_rare,,,
3232,2.8008066323101054e-05,,too_rare,,,
3233,0.0,,too_rare,,,
3234,2.8008066323101054e-05,,too_rare,,,
3235,0.0,,too_rare,,,
3236,0.0,,too_rare,,,
3237,0.0,,too_rare,,,
3238,0.0,,too_rare,,,
3239,2.8008066323101054e-05,,too_rare,,,
3240,2.8008066323101054e-05,,too_rare,,,
3241,0.0,,too_rare,,,
3242,5.601613264620211e-05,,too_rare,,,
3243,5.601613264620211e-05,,too_rare,,,
3244,8.402419896930316e-05,,too_rare,,,
3245,2.8008066323101054e-05,,too_rare,,,
3246,2.8008066323101054e-05,,too_rare,,,
3247,0.0,,too_rare,,,
3250,0.0,,too_rare,,,
3251,0.0,,too_rare,,,
3252,0.0,,too_rare,,,
3253,0.0,,too_rare,,,
3254,0.0012603629845395474,,too_rare,,,
3255,0.0,,too_rare,,,
3256,2.8008066323101054e-05,,too_rare,,,
3257,0.0,,too_rare,,,
3258,0.0,,too_rare,,,
3259,0.0,,too_rare,,,
3260,2.8008066323101054e-05,,too_rare,,,
3261,0.0,,too_rare,,,
3262,0.0,,too_rare,,,
3263,0.0,,too_rare,,,
3264,0.0,,too_rare,,,
3265,0.0,,too_rare,,,
3266,0.00022406453058480843,,too_rare,,,
3267,0.0,,too_rare,,,
3268,0.0,,too_rare,,,
3269,0.0,,too_rare,,,
3270,0.0,,too_rare,,,
3271,0.0,,too_rare,,,
3272,0.0,,too_rare,,,
3273,0.0,,too_rare,,,
3274,5.601613264620211e-05,,too_rare,,,
3275,0.0,,too_rare,,,
3276,2.8008066323101054e-05,,too_rare,,,
3277,0.0,,too_rare,,,
3278,0.0,,too_rare,,,
3279,2.8008066323101054e-05,,too_rare,,,
3280,0.0,,too_rare,,,
3281,0.0,,too_rare,,,
3282,2.8008066323101054e-05,,too_rare,,,
3283,0.0,,too_rare,,,
3284,0.0,,too_rare,,,
3285,0.0,,too_rare,,,
3286,0.0,,too_rare,,,
3288,0.0,,too_rare,,,
3289,0.0,,too_rare,,,
3290,0.0,,too_rare,,,
3291,0.00016804839793860632,,too_rare,,,
3292,0.0,,too_rare,,,
3293,0.0,,too_rare,,,
3294,0.0,,too_rare,,,
3295,2.8008066323101054e-05,,too_rare,,,
3296,2.8008066323101054e-05,,too_rare,,,
3297,0.00014004033161550526,,too_rare,,,
3298,0.0,,too_rare,,,
3299,0.003949137351557249,,too_rare,,,
3300,0.0,,too_rare,,,
3301,2.8008066323101054e-05,,too_rare,,,
3302,0.001008290387631638,,too_rare,,,
3303,0.0,,too_rare,,,
3304,0.003837105086264844,,too_rare,,,
3305,0.0,,too_rare,,,
3306,0.0,,too_rare,,,
3307,0.0,,too_rare,,,
3308,0.0,,too_rare,,,
3309,0.0,,too_rare,,,
3310,0.0,,too_rare,,,
3311,0.0,,too_rare,,,
3312,0.0004201209948465158,,too_rare,,,
3313,0.0,,too_rare,,,
3314,2.8008066323101054e-05,,too_rare,,,
3315,0.0,,too_rare,,,
3316,2.8008066323101054e-05,,too_rare,,,
3317,0.0,,too_rare,,,
3318,0.0,,too_rare,,,
3319,0.0,,too_rare,,,
3320,2.8008066323101054e-05,,too_rare,,,
3321,0.0,,too_rare,,,
3322,2.8008066323101054e-05,,too_rare,,,
3323,0.0,,too_rare,,,
3324,0.0,,too_rare,,,
3325,0.0,,too_rare,,,
3326,2.8008066323101054e-05,,too_rare,,,
3327,0.00014004033161550526,,too_rare,,,
3328,0.0,,too_rare,,,
3329,0.0,,too_rare,,,
3330,2.8008066323101054e-05,,too_rare,,,
3331,0.0,,too_rare,,,
3333,0.0,,too_rare,,,
3334,2.8008066323101054e-05,,too_rare,,,
3335,0.0,,too_rare,,,
3336,0.0,,too_rare,,,
3337,2.8008066323101054e-05,,too_rare,,,
3338,0.0,,too_rare,,,
3339,0.0,,too_rare,,,
3340,0.0,,too_rare,,,
3341,0.0,,too_rare,,,
3342,0.0,,too_rare,,,
3343,0.0,,too_rare,,,
3344,5.601613264620211e-05,,too_rare,,,
3345,0.0,,too_rare,,,
3346,0.0,,too_rare,,,
3347,0.0,,too_rare,,,
3348,0.0,,too_rare,,,
3349,0.0,,too_rare,,,
3351,0.0,,too_rare,,,
3352,0.0,,too_rare,,,
3353,0.0,,too_rare,,,
3354,2.8008066323101054e-05,,too_rare,,,
3355,0.0,,too_rare,,,
3356,2.8008066323101054e-05,,too_rare,,,
3357,0.0,,too_rare,,,
3358,0.0,,too_rare,,,
3359,0.0,,too_rare,,,
3360,0.0,,too_rare,,,
3361,0.0,,too_rare,,,
3362,2.8008066323101054e-05,,too_rare,,,
3363,0.0,,too_rare,,,
3364,0.0,,too_rare,,,
3365,0.0,,too_rare,,,
3367,0.0,,too_rare,,,
3369,0.0,,too_rare,,,
3370,0.0,,too_rare,,,
3372,0.0,,too_rare,,,
3373,0.0,,too_rare,,,
3374,0.0,,too_rare,,,
3375,2.8008066323101054e-05,,too_rare,,,
3376,0.0,,too_rare,,,
3377,0.0,,too_rare,,,
3378,2.8008066323101054e-05,,too_rare,,,
3379,0.0,,too_rare,,,
3380,0.0,,too_rare,,,
3381,0.0,,too_rare,,,
3382,0.0,,too_rare,,,
3383,0.003865113152587945,,too_rare,,,
3384,0.0,,too_rare,,,
3385,0.0,,too_rare,,,
3386,0.0,,too_rare,,,
3387,0.0,,too_rare,,,
3388,0.0,,too_rare,,,
3389,0.0,,too_rare,,,
3390,0.0,,too_rare,,,
3391,0.0,,too_rare,,,
3393,0.0,,too_rare,,,
3394,0.0,,too_rare,,,
3395,0.0,,too_rare,,,
3396,0.0,,too_rare,,,
3397,0.0,,too_rare,,,
3398,0.0,,too_rare,,,
3399,0.0,,too_rare,,,
3400,0.0,,too_rare,,,
3401,2.8008066323101054e-05,,too_rare,,,
3402,5.601613264620211e-05,,too_rare,,,
3403,0.0,,too_rare,,,
3404,0.0,,too_rare,,,
3405,0.0,,too_rare,,,
3406,0.0003080887295541116,,too_rare,,,
3407,0.0,,too_rare,,,
3408,0.0,,too_rare,,,
3409,0.0,,too_rare,,,
3410,2.8008066323101054e-05,,too_rare,,,
3411,0.0,,too_rare,,,
3413,0.0,,too_rare,,,
3414,0.0,,too_rare,,,
3415,0.0,,too_rare,,,
3416,2.8008066323101054e-05,,too_rare,,,
3417,0.0,,too_rare,,,
3418,0.0,,too_rare,,,
3419,0.0,,too_rare,,,
3420,0.0,,too_rare,,,
3421,0.0,,too_rare,,,
3422,0.0,,too_rare,,,
3423,0.0,,too_rare,,,
3424,0.0,,too_rare,,,
3426,0.0,,too_rare,,,
3427,0.0007282097244006273,,too_rare,,,
3428,2.8008066323101054e-05,,too_rare,,,
3429,0.0,,too_rare,,,
3431,0.0,,too_rare,,,
3432,0.0,,too_rare,,,
3433,0.0,,too_rare,,,
3434,5.601613264620211e-05,,too_rare,,,
3436,0.0,,too_rare,,,
3437,0.0,,too_rare,,,
3438,2.8008066323101054e-05,,too_rare,,,
3440,0.0,,too_rare,,,
3441,0.0,,too_rare,,,
3442,0.0,,too_rare,,,
3443,0.0,,too_rare,,,
3444,0.0011763387855702441,,too_rare,,,
3445,0.0,,too_rare,,,
3446,2.8008066323101054e-05,,too_rare,,,
3447,0.0,,too_rare,,,
3448,0.0,,too_rare,,,
3449,0.0,,too_rare,,,
3450,0.0,,too_rare,,,
3451,0.0,,too_rare,,,
3452,0.0,,too_rare,,,
3453,0.0,,too_rare,,,
3454,0.0,,too_rare,,,
3455,2.8008066323101054e-05,,too_rare,,,
3456,5.601613264620211e-05,,too_rare,,,
3457,0.0,,too_rare,,,
3458,0.0,,too_rare,,,
3459,0.0,,too_rare,,,
3460,0.0,,too_rare,,,
3461,2.8008066323101054e-05,,too_rare,,,
3462,2.8008066323101054e-05,,too_rare,,,
3463,0.0,,too_rare,,,
3464,0.0,,too_rare,,,
3465,0.0,,too_rare,,,
3466,0.0,,too_rare,,,
3467,2.8008066323101054e-05,,too_rare,,,
3468,0.0,,too_rare,,,
3469,2.8008066323101054e-05,,too_rare,,,
3470,0.003024871162894914,,too_rare,,,
3471,2.8008066323101054e-05,,too_rare,,,
3472,8.402419896930316e-05,,too_rare,,,
3473,0.0,,too_rare,,,
3474,0.0,,too_rare,,,
3475,0.0,,too_rare,,,
3476,0.0,,too_rare,,,
3477,0.0,,too_rare,,,
3478,0.0009522742549854358,,too_rare,,,
3479,0.0,,too_rare,,,
3480,0.0,,too_rare,,,
3481,0.0,,too_rare,,,
3482,0.0,,too_rare,,,
3483,0.0,,too_rare,,,
3484,0.0,,too_rare,,,
3485,2.8008066323101054e-05,,too_rare,,,
3486,0.000504145193815819,,too_rare,,,
3487,0.0,,too_rare,,,
3488,0.0,,too_rare,,,
3489,0.0,,too_rare,,,
3490,0.0002800806632310105,,too_rare,,,
3491,2.8008066323101054e-05,,too_rare,,,
3492,0.0,,too_rare,,,
3493,0.0,,too_rare,,,
3494,0.0,,too_rare,,,
3495,2.8008066323101054e-05,,too_rare,,,
3496,0.0,,too_rare,,,
3497,0.0,,too_rare,,,
3498,2.8008066323101054e-05,,too_rare,,,
3499,0.0,,too_rare,,,
3500,0.0,,too_rare,,,
3501,0.0,,too_rare,,,
3502,0.0,,too_rare,,,
3503,0.0,,too_rare,,,
3504,0.0,,too_rare,,,
3505,0.0,,too_rare,,,
3506,0.0,,too_rare,,,
3507,0.0,,too_rare,,,
3508,0.0,,too_rare,,,
3509,2.8008066323101054e-05,,too_rare,,,
3510,0.0,,too_rare,,,
3511,0.0,,too_rare,,,
3512,0.0,,too_rare,,,
3513,5.601613264620211e-05,,too_rare,,,
3514,0.0,,too_rare,,,
3515,0.0,,too_rare,,,
3516,0.0,,too_rare,,,
3517,0.0,,too_rare,,,
3518,0.00011203226529240422,,too_rare,,,
3519,0.0,,too_rare,,,
3520,0.0,,too_rare,,,
3521,0.0,,too_rare,,,
3522,0.0,,too_rare,,,
3523,0.0,,too_rare,,,
3524,0.0,,too_rare,,,
3525,0.0,,too_rare,,,
3526,2.8008066323101054e-05,,too_rare,,,
3527,0.0,,too_rare,,,
3528,0.0,,too_rare,,,
3529,0.0,,too_rare,,,
3530,0.0,,too_rare,,,
3531,0.0,,too_rare,,,
3532,0.0,,too_rare,,,
3533,0.0,,too_rare,,,
3534,0.0,,too_rare,,,
3535,0.0,,too_rare,,,
3536,0.0,,too_rare,,,
3537,0.00159645978041676,,too_rare,,,
3538,0.0,,too_rare,,,
3539,0.0005881693927851221,,too_rare,,,
3540,0.0,,too_rare,,,
3542,2.8008066323101054e-05,,too_rare,,,
3543,2.8008066323101054e-05,,too_rare,,,
3544,0.0,,too_rare,,,
3545,0.0,,too_rare,,,
3546,0.0,,too_rare,,,
3548,2.8008066323101054e-05,,too_rare,,,
3549,0.0,,too_rare,,,
3550,0.0,,too_rare,,,
3551,0.00011203226529240422,,too_rare,,,
3552,0.0,,too_rare,,,
3553,0.0,,too_rare,,,
3554,0.0,,too_rare,,,
3555,0.0,,too_rare,,,
3556,0.0,,too_rare,,,
3557,0.0,,too_rare,,,
3558,0.0,,too_rare,,,
3559,2.8008066323101054e-05,,too_rare,,,
3560,0.0,,too_rare,,,
3561,0.0,,too_rare,,,
3562,0.0,,too_rare,,,
3563,0.0,,too_rare,,,
3564,0.0,,too_rare,,,
3565,0.0,,too_rare,,,
3566,0.0,,too_rare,,,
3567,0.0,,too_rare,,,
3568,0.0,,too_rare,,,
3569,0.0,,too_rare,,,
3570,0.0,,too_rare,,,
3571,0.0,,too_rare,,,
3572,2.8008066323101054e-05,,too_rare,,,
3573,2.8008066323101054e-05,,too_rare,,,
3575,0.0,,too_rare,,,
3576,0.0,,too_rare,,,
3577,0.0,,too_rare,,,
3578,0.0,,too_rare,,,
3579,0.00039211292852341475,,too_rare,,,
3580,0.0002800806632310105,,too_rare,,,
3581,0.0,,too_rare,,,
3582,0.0,,too_rare,,,
3583,0.0,,too_rare,,,
3584,0.0,,too_rare,,,
3585,0.0,,too_rare,,,
3587,0.0,,too_rare,,,
3588,0.0,,too_rare,,,
3589,0.0,,too_rare,,,
3590,0.0,,too_rare,,,
3591,0.0,,too_rare,,,
3592,5.601613264620211e-05,,too_rare,,,
3593,0.0,,too_rare,,,
3594,0.0,,too_rare,,,
3595,2.8008066323101054e-05,,too_rare,,,
3596,0.0,,too_rare,,,
3597,0.0,,too_rare,,,
3598,0.0,,too_rare,,,
3599,5.601613264620211e-05,,too_rare,,,
3600,2.8008066323101054e-05,,too_rare,,,
3601,0.0,,too_rare,,,
3602,0.0,,too_rare,,,
3603,0.0,,too_rare,,,
3604,0.0,,too_rare,,,
3605,0.0007562177907237285,,too_rare,,,
3607,5.601613264620211e-05,,too_rare,,,
3608,2.8008066323101054e-05,,too_rare,,,
3609,0.0,,too_rare,,,
3610,0.0002520725969079095,,too_rare,,,
3611,0.0,,too_rare,,,
3612,0.0003080887295541116,,too_rare,,,
3613,0.0,,too_rare,,,
3614,0.0,,too_rare,,,
3615,0.0,,too_rare,,,
3616,2.8008066323101054e-05,,too_rare,,,
3617,0.0,,too_rare,,,
3618,0.00014004033161550526,,too_rare,,,
3619,2.8008066323101054e-05,,too_rare,,,
3620,0.0,,too_rare,,,
3622,0.0,,too_rare,,,
3623,0.0,,too_rare,,,
3624,0.0,,too_rare,,,
3625,0.0,,too_rare,,,
3626,0.0,,too_rare,,,
3627,0.0,,too_rare,,,
3628,0.0,,too_rare,,,
3629,0.0,,too_rare,,,
3630,0.0,,too_rare,,,
3631,0.0,,too_rare,,,
3632,0.0,,too_rare,,,
3633,0.0,,too_rare,,,
3634,0.0,,too_rare,,,
3635,0.0,,too_rare,,,
3636,2.8008066323101054e-05,,too_rare,,,
3637,0.0,,too_rare,,,
3638,0.00011203226529240422,,too_rare,,,
3639,0.00014004033161550526,,too_rare,,,
3640,0.0,,too_rare,,,
3641,0.0,,too_rare,,,
3642,2.8008066323101054e-05,,too_rare,,,
3643,2.8008066323101054e-05,,too_rare,,,
3644,2.8008066323101054e-05,,too_rare,,,
3645,0.00022406453058480843,,too_rare,,,
3647,0.0,,too_rare,,,
3648,0.0,,too_rare,,,
3649,5.601613264620211e-05,,too_rare,,,
3650,0.0,,too_rare,,,
3651,2.8008066323101054e-05,,too_rare,,,
3652,5.601613264620211e-05,,too_rare,,,
3653,5.601613264620211e-05,,too_rare,,,
3654,8.402419896930316e-05,,too_rare,,,
3655,0.0,,too_rare,,,
3656,0.0,,too_rare,,,
3657,0.0,,too_rare,,,
3658,2.8008066323101054e-05,,too_rare,,,
3659,0.0,,too_rare,,,
3660,0.0,,too_rare,,,
3661,2.8008066323101054e-05,,too_rare,,,
3662,0.0,,too_rare,,,
3663,0.0,,too_rare,,,
3664,0.0,,too_rare,,,
3665,0.0,,too_rare,,,
3666,2.8008066323101054e-05,,too_rare,,,
3667,5.601613264620211e-05,,too_rare,,,
3668,0.0,,too_rare,,,
3669,0.0,,too_rare,,,
3670,2.8008066323101054e-05,,too_rare,,,
3671,0.0,,too_rare,,,
3672,0.0,,too_rare,,,
3673,5.601613264620211e-05,,too_rare,,,
3674,0.0,,too_rare,,,
3675,0.0,,too_rare,,,
3676,0.0,,too_rare,,,
3677,0.0,,too_rare,,,
3678,0.0,,too_rare,,,
3679,2.8008066323101054e-05,,too_rare,,,
3680,0.0,,too_rare,,,
3682,0.0,,too_rare,,,
3683,2.8008066323101054e-05,,too_rare,,,
3684,2.8008066323101054e-05,,too_rare,,,
3685,0.0,,too_rare,,,
3686,2.8008066323101054e-05,,too_rare,,,
3687,0.0,,too_rare,,,
3688,0.0,,too_rare,,,
3689,0.00016804839793860632,,too_rare,,,
3690,0.00033609679587721263,,too_rare,,,
3691,0.0,,too_rare,,,
3692,0.0,,too_rare,,,
3693,0.0,,too_rare,,,
3694,0.0,,too_rare,,,
3695,8.402419896930316e-05,,too_rare,,,
3696,0.0,,too_rare,,,
3697,2.8008066323101054e-05,,too_rare,,,
3698,0.0,,too_rare,,,
3699,0.0,,too_rare,,,
3700,0.00014004033161550526,,too_rare,,,
3701,0.0,,too_rare,,,
3703,0.0,,too_rare,,,
3704,0.0,,too_rare,,,
3705,0.0,,too_rare,,,
3706,2.8008066323101054e-05,,too_rare,,,
3707,5.601613264620211e-05,,too_rare,,,
3708,0.0,,too_rare,,,
3709,0.0,,too_rare,,,
3710,2.8008066323101054e-05,,too_rare,,,
3711,0.0,,too_rare,,,
3712,2.8008066323101054e-05,,too_rare,,,
3713,2.8008066323101054e-05,,too_rare,,,
3714,0.0,,too_rare,,,
3715,0.0,,too_rare,,,
3716,0.0,,too_rare,,,
3718,8.402419896930316e-05,,too_rare,,,
3719,2.8008066323101054e-05,,too_rare,,,
3720,0.0,,too_rare,,,
3721,0.0,,too_rare,,,
3722,0.00014004033161550526,,too_rare,,,
3723,0.0,,too_rare,,,
3724,0.0,,too_rare,,,
3725,2.8008066323101054e-05,,too_rare,,,
3727,0.0,,too_rare,,,
3728,0.0,,too_rare,,,
3730,2.8008066323101054e-05,,too_rare,,,
3731,0.0,,too_rare,,,
3732,0.0,,too_rare,,,
3733,0.0,,too_rare,,,
3734,0.0,,too_rare,,,
3735,0.0,,too_rare,,,
3736,0.0,,too_rare,,,
3737,0.0,,too_rare,,,
3739,0.0,,too_rare,,,
3740,0.0,,too_rare,,,
3741,0.0,,too_rare,,,
3742,0.0,,too_rare,,,
3743,0.0,,too_rare,,,
3744,2.8008066323101054e-05,,too_rare,,,
3745,0.0,,too_rare,,,
3746,0.0,,too_rare,,,
3747,0.0,,too_rare,,,
3748,0.0,,too_rare,,,
3749,0.0,,too_rare,,,
3750,0.0,,too_rare,,,
3751,0.0,,too_rare,,,
3752,0.0,,too_rare,,,
3753,0.0,,too_rare,,,
3754,0.0,,too_rare,,,
3755,0.0,,too_rare,,,
3756,0.0,,too_rare,,,
3757,0.0,,too_rare,,,
3758,0.0,,too_rare,,,
3759,0.0,,too_rare,,,
3760,0.0,,too_rare,,,
3761,0.0,,too_rare,,,
3762,0.0,,too_rare,,,
3763,0.0,,too_rare,,,
3764,0.0,,too_rare,,,
3765,0.0,,too_rare,,,
3766,0.0,,too_rare,,,
3767,0.0,,too_rare,,,
3768,0.0,,too_rare,,,
3769,2.8008066323101054e-05,,too_rare,,,
3770,0.00036410486220031366,,too_rare,,,
3771,0.0,,too_rare,,,
3772,2.8008066323101054e-05,,too_rare,,,
3773,0.00011203226529240422,,too_rare,,,
3774,0.0,,too_rare,,,
3775,0.0,,too_rare,,,
3776,0.003108895361864217,,too_rare,,,
3777,0.0,,too_rare,,,
3778,0.0,,too_rare,,,
3779,0.0,,too_rare,,,
3780,2.8008066323101054e-05,,too_rare,,,
3781,0.0,,too_rare,,,
3783,0.0006441855254313242,,too_rare,,,
3784,0.0,,too_rare,,,
3785,0.0,,too_rare,,,
3786,0.0,,too_rare,,,
3787,2.8008066323101054e-05,,too_rare,,,
3788,0.0,,too_rare,,,
3789,0.0,,too_rare,,,
3790,0.0,,too_rare,,,
3791,0.0,,too_rare,,,
3792,0.0,,too_rare,,,
3793,8.402419896930316e-05,,too_rare,,,
3794,0.0,,too_rare,,,
3795,2.8008066323101054e-05,,too_rare,,,
3796,0.00016804839793860632,,too_rare,,,
3797,0.0,,too_rare,,,
3798,0.0,,too_rare,,,
3799,2.8008066323101054e-05,,too_rare,,,
3800,0.0,,too_rare,,,
3801,5.601613264620211e-05,,too_rare,,,
3802,0.0,,too_rare,,,
3803,2.8008066323101054e-05,,too_rare,,,
3804,0.0,,too_rare,,,
3805,2.8008066323101054e-05,,too_rare,,,
3806,0.0,,too_rare,,,
3807,0.0,,too_rare,,,
3808,0.0,,too_rare,,,
3809,0.0,,too_rare,,,
3810,0.0,,too_rare,,,
3811,0.0,,too_rare,,,
3812,0.0002520725969079095,,too_rare,,,
3813,0.0,,too_rare,,,
3814,0.0,,too_rare,,,
3816,0.0,,too_rare,,,
3817,0.0,,too_rare,,,
3818,5.601613264620211e-05,,too_rare,,,
3819,0.0,,too_rare,,,
3820,0.0,,too_rare,,,
3821,0.0,,too_rare,,,
3822,0.0,,too_rare,,,
3824,2.8008066323101054e-05,,too_rare,,,
3825,0.0,,too_rare,,,
3826,0.0,,too_rare,,,
3827,0.0,,too_rare,,,
3828,0.003080887295541116,,too_rare,,,
3829,0.0,,too_rare,,,
3830,0.0,,too_rare,,,
3831,0.0,,too_rare,,,
3832,0.0,,too_rare,,,
3833,0.0,,too_rare,,,
3834,0.0,,too_rare,,,
3835,0.0,,too_rare,,,
3836,0.0,,too_rare,,,
3837,0.0,,too_rare,,,
3838,0.0,,too_rare,,,
3839,0.0,,too_rare,,,
3840,0.0,,too_rare,,,
3841,0.0,,too_rare,,,
3842,0.0,,too_rare,,,
3843,0.0,,too_rare,,,
3844,0.0,,too_rare,,,
3845,0.0,,too_rare,,,
3846,0.0,,too_rare,,,
3848,0.0,,too_rare,,,
3849,0.0,,too_rare,,,
3850,0.0006161774591082232,,too_rare,,,
3851,0.0,,too_rare,,,
3852,0.0,,too_rare,,,
3853,0.0,,too_rare,,,
3854,0.0,,too_rare,,,
3855,0.0,,too_rare,,,
3856,5.601613264620211e-05,,too_rare,,,
3857,0.004201209948465158,,too_rare,,,
3858,0.0,,too_rare,,,
3859,0.0,,too_rare,,,
3860,0.0,,too_rare,,,
3861,0.0,,too_rare,,,
3862,0.0,,too_rare,,,
3863,0.0,,too_rare,,,
3864,0.0,,too_rare,,,
3865,0.0,,too_rare,,,
3866,0.0,,too_rare,,,
3867,0.0,,too_rare,,,
3868,0.0,,too_rare,,,
3869,0.0,,too_rare,,,
3870,0.0,,too_rare,,,
3871,2.8008066323101054e-05,,too_rare,,,
3872,0.0,,too_rare,,,
3873,0.0,,too_rare,,,
3874,0.0,,too_rare,,,
3875,0.0,,too_rare,,,
3876,0.0,,too_rare,,,
3877,0.0,,too_rare,,,
3878,8.402419896930316e-05,,too_rare,,,
3879,0.0,,too_rare,,,
3880,0.0,,too_rare,,,
3881,0.0,,too_rare,,,
3882,0.0,,too_rare,,,
3883,0.0,,too_rare,,,
3885,0.0,,too_rare,,,
3886,0.0,,too_rare,,,
3887,2.8008066323101054e-05,,too_rare,,,
3888,0.000504145193815819,,too_rare,,,
3889,0.001624467846739861,,too_rare,,,
3890,0.0,,too_rare,,,
3891,0.0,,too_rare,,,
3892,0.0,,too_rare,,,
3893,0.0,,too_rare,,,
3894,0.0,,too_rare,,,
3895,0.0,,too_rare,,,
3896,0.0,,too_rare,,,
3897,0.00019605646426170737,,too_rare,,,
3898,0.0,,too_rare,,,
3899,0.0,,too_rare,,,
3900,0.0,,too_rare,,,
3901,0.0,,too_rare,,,
3902,0.0,,too_rare,,,
3903,0.0,,too_rare,,,
3904,0.00036410486220031366,,too_rare,,,
3905,0.0,,too_rare,,,
3906,0.0,,too_rare,,,
3907,0.0,,too_rare,,,
3909,0.0,,too_rare,,,
3910,0.0,,too_rare,,,
3911,0.0,,too_rare,,,
3912,0.0,,too_rare,,,
3913,0.0,,too_rare,,,
3914,0.0,,too_rare,,,
3915,0.0,,too_rare,,,
3916,2.8008066323101054e-05,,too_rare,,,
3917,0.0,,too_rare,,,
3918,0.00011203226529240422,,too_rare,,,
3919,5.601613264620211e-05,,too_rare,,,
3920,0.0,,too_rare,,,
3921,0.0,,too_rare,,,
3922,0.0,,too_rare,,,
3923,0.0,,too_rare,,,
3924,0.0,,too_rare,,,
3925,0.0,,too_rare,,,
3926,0.0,,too_rare,,,
3927,5.601613264620211e-05,,too_rare,,,
3928,0.0,,too_rare,,,
3929,0.0,,too_rare,,,
3930,2.8008066323101054e-05,,too_rare,,,
3931,0.0,,too_rare,,,
3933,0.0,,too_rare,,,
3935,0.0,,too_rare,,,
3936,0.0,,too_rare,,,
3937,0.0,,too_rare,,,
3938,0.0,,too_rare,,,
3939,0.0,,too_rare,,,
3940,0.0,,too_rare,,,
3941,0.0,,too_rare,,,
3942,0.0,,too_rare,,,
3943,0.0,,too_rare,,,
3944,0.0,,too_rare,,,
3945,0.0,,too_rare,,,
3946,0.0,,too_rare,,,
3947,0.0,,too_rare,,,
3948,0.003248935693479722,,too_rare,,,
3949,0.002688774367017701,,too_rare,,,
3950,0.0,,too_rare,,,
3951,0.0,,too_rare,,,
3952,2.8008066323101054e-05,,too_rare,,,
3953,0.0,,too_rare,,,
3954,0.0,,too_rare,,,
3955,0.002548734035402196,,too_rare,,,
3956,0.0,,too_rare,,,
3957,0.0,,too_rare,,,
3958,0.0,,too_rare,,,
3959,0.0002520725969079095,,too_rare,,,
3961,0.0,,too_rare,,,
3962,0.0,,too_rare,,,
3963,0.0,,too_rare,,,
3964,0.0,,too_rare,,,
3965,0.0,,too_rare,,,
3966,0.0,,too_rare,,,
3967,0.0,,too_rare,,,
3968,0.0,,too_rare,,,
3969,0.0002520725969079095,,too_rare,,,
3970,0.0,,too_rare,,,
3971,0.0,,too_rare,,,
3972,2.8008066323101054e-05,,too_rare,,,
3973,0.0,,too_rare,,,
3974,0.0,,too_rare,,,
3975,2.8008066323101054e-05,,too_rare,,,
3977,0.0,,too_rare,,,
3978,0.0,,too_rare,,,
3979,0.0,,too_rare,,,
3980,2.8008066323101054e-05,,too_rare,,,
3981,2.8008066323101054e-05,,too_rare,,,
3983,0.007646202106206587,,too_rare,,,
3984,0.0,,too_rare,,,
3985,0.0,,too_rare,,,
3986,0.0,,too_rare,,,
3987,2.8008066323101054e-05,,too_rare,,,
3988,0.0007002016580775263,,too_rare,,,
3989,0.0,,too_rare,,,
3990,0.0,,too_rare,,,
3992,0.0,,too_rare,,,
3993,0.0,,too_rare,,,
3994,0.0,,too_rare,,,
3995,0.0,,too_rare,,,
3996,0.0,,too_rare,,,
3997,0.0,,too_rare,,,
3998,2.8008066323101054e-05,,too_rare,,,
3999,0.0,,too_rare,,,
4000,2.8008066323101054e-05,,too_rare,,,
4001,0.003837105086264844,,too_rare,,,
4002,0.0,,too_rare,,,
4003,0.0,,too_rare,,,
4004,2.8008066323101054e-05,,too_rare,,,
4005,2.8008066323101054e-05,,too_rare,,,
4006,0.0,,too_rare,,,
4007,0.0,,too_rare,,,
4009,0.0,,too_rare,,,
4010,0.00044812906116961686,,too_rare,,,
4011,0.0,,too_rare,,,
4013,0.0,,too_rare,,,
4014,0.0,,too_rare,,,
4015,0.0,,too_rare,,,
4016,0.00036410486220031366,,too_rare,,,
4017,0.0,,too_rare,,,
4018,0.0,,too_rare,,,
4019,0.0,,too_rare,,,
4020,0.0,,too_rare,,,
4021,0.0,,too_rare,,,
4022,0.00019605646426170737,,too_rare,,,
4023,0.0,,too_rare,,,
4024,0.0,,too_rare,,,
4025,0.00014004033161550526,,too_rare,,,
4026,0.006497871386959444,,too_rare,,,
4027,0.0,,too_rare,,,
4028,0.0,,too_rare,,,
4029,0.0,,too_rare,,,
4030,0.0,,too_rare,,,
4031,0.0,,too_rare,,,
4032,0.0,,too_rare,,,
4033,0.0,,too_rare,,,
4034,5.601613264620211e-05,,too_rare,,,
4035,0.0,,too_rare,,,
4036,0.0,,too_rare,,,
4037,0.0,,too_rare,,,
4038,0.0,,too_rare,,,
4039,0.0,,too_rare,,,
4040,0.0007002016580775263,,too_rare,,,
4041,0.0,,too_rare,,,
4042,0.0,,too_rare,,,
4043,0.0,,too_rare,,,
4044,0.0,,too_rare,,,
4045,5.601613264620211e-05,,too_rare,,,
4046,0.0,,too_rare,,,
4047,0.0,,too_rare,,,
4048,0.0,,too_rare,,,
4049,0.0,,too_rare,,,
4050,0.0,,too_rare,,,
4051,5.601613264620211e-05,,too_rare,,,
4052,0.0,,too_rare,,,
4053,0.0,,too_rare,,,
4054,0.0,,too_rare,,,
4055,0.0,,too_rare,,,
4056,0.00011203226529240422,,too_rare,,,
4057,0.0,,too_rare,,,
4058,0.0,,too_rare,,,
4059,0.0,,too_rare,,,
4060,5.601613264620211e-05,,too_rare,,,
4061,0.0,,too_rare,,,
4062,0.0,,too_rare,,,
4063,0.0,,too_rare,,,
4064,0.009438718350885054,,too_rare,,,
4065,0.0,,too_rare,,,
4066,0.0,,too_rare,,,
4067,0.0,,too_rare,,,
4068,0.00019605646426170737,,too_rare,,,
4069,0.0,,too_rare,,,
4070,0.009354694151915751,,too_rare,,,
4071,0.0,,too_rare,,,
4072,0.0,,too_rare,,,
4073,0.000504145193815819,,too_rare,,,
4074,0.0,,too_rare,,,
4075,0.0,,too_rare,,,
4076,0.0,,too_rare,,,
4077,0.0,,too_rare,,,
4078,0.0,,too_rare,,,
4079,0.0,,too_rare,,,
4081,5.601613264620211e-05,,too_rare,,,
4082,0.0,,too_rare,,,
4083,0.0,,too_rare,,,
4084,0.0,,too_rare,,,
4085,0.0,,too_rare,,,
4086,0.0,,too_rare,,,
4087,0.0,,too_rare,,,
4088,0.0,,too_rare,,,
4089,0.0,,too_rare,,,
4090,0.0,,too_rare,,,
4091,0.0,,too_rare,,,
4093,0.0,,too_rare,,,
4094,0.0,,too_rare,,,
4095,5.601613264620211e-05,,too_rare,,,
4096,0.0,,too_rare,,,
4097,0.0,,too_rare,,,
4098,0.00011203226529240422,,too_rare,,,
4099,0.0,,too_rare,,,
4100,2.8008066323101054e-05,,too_rare,,,
4101,0.0,,too_rare,,,
4102,0.0,,too_rare,,,
4103,0.0,,too_rare,,,
4104,0.0,,too_rare,,,
4105,5.601613264620211e-05,,too_rare,,,
4106,0.0,,too_rare,,,
4107,0.0,,too_rare,,,
4108,0.0,,too_rare,,,
4109,2.8008066323101054e-05,,too_rare,,,
4110,0.0,,too_rare,,,
4111,0.0,,too_rare,,,
4112,0.0,,too_rare,,,
4113,0.0,,too_rare,,,
4114,0.0,,too_rare,,,
4115,5.601613264620211e-05,,too_rare,,,
4116,2.8008066323101054e-05,,too_rare,,,
4117,0.0,,too_rare,,,
4118,0.0,,too_rare,,,
4119,0.0,,too_rare,,,
4120,0.0,,too_rare,,,
4121,0.0,,too_rare,,,
4122,2.8008066323101054e-05,,too_rare,,,
4123,0.0,,too_rare,,,
4124,0.0009522742549854358,,too_rare,,,
4125,0.0,,too_rare,,,
4126,0.0,,too_rare,,,
4127,0.0,,too_rare,,,
4128,0.0,,too_rare,,,
4129,0.0,,too_rare,,,
4130,2.8008066323101054e-05,,too_rare,,,
4131,0.0,,too_rare,,,
4132,0.0,,too_rare,,,
4133,0.0,,too_rare,,,
4134,0.0,,too_rare,,,
4135,0.0,,too_rare,,,
4136,0.0,,too_rare,,,
4137,0.0,,too_rare,,,
4138,5.601613264620211e-05,,too_rare,,,
4139,0.0,,too_rare,,,
4140,2.8008066323101054e-05,,too_rare,,,
4141,0.0,,too_rare,,,
4142,0.0,,too_rare,,,
4143,0.0,,too_rare,,,
4144,2.8008066323101054e-05,,too_rare,,,
4145,2.8008066323101054e-05,,too_rare,,,
4146,0.0,,too_rare,,,
4147,0.0,,too_rare,,,
4148,0.0,,too_rare,,,
4149,0.0,,too_rare,,,
4150,0.0,,too_rare,,,
4152,0.00011203226529240422,,too_rare,,,
4153,0.0,,too_rare,,,
4154,0.0,,too_rare,,,
4155,0.0,,too_rare,,,
4156,0.0,,too_rare,,,
4157,0.0,,too_rare,,,
4158,0.00014004033161550526,,too_rare,,,
4159,0.0,,too_rare,,,
4160,0.0,,too_rare,,,
4161,0.0,,too_rare,,,
4162,0.0,,too_rare,,,
4163,2.8008066323101054e-05,,too_rare,,,
4164,2.8008066323101054e-05,,too_rare,,,
4165,5.601613264620211e-05,,too_rare,,,
4166,0.0,,too_rare,,,
4167,0.0,,too_rare,,,
4168,0.0,,too_rare,,,
4169,0.0,,too_rare,,,
4170,5.601613264620211e-05,,too_rare,,,
4171,0.0,,too_rare,,,
4172,0.0,,too_rare,,,
4173,0.0,,too_rare,,,
4174,0.0,,too_rare,,,
4175,0.0,,too_rare,,,
4176,0.00011203226529240422,,too_rare,,,
4177,0.0,,too_rare,,,
4178,0.0,,too_rare,,,
4179,0.0,,too_rare,,,
4180,2.8008066323101054e-05,,too_rare,,,
4181,0.0,,too_rare,,,
4182,2.8008066323101054e-05,,too_rare,,,
4183,0.008206363432668609,,too_rare,,,
4184,0.0,,too_rare,,,
4185,2.8008066323101054e-05,,too_rare,,,
4186,0.0,,too_rare,,,
4187,8.402419896930316e-05,,too_rare,,,
4188,0.0,,too_rare,,,
4189,0.0,,too_rare,,,
4190,0.0,,too_rare,,,
4191,0.0,,too_rare,,,
4192,0.0,,too_rare,,,
4194,0.0,,too_rare,,,
4195,0.0,,too_rare,,,
4196,0.0,,too_rare,,,
4197,0.0,,too_rare,,,
4198,0.0,,too_rare,,,
4199,0.0,,too_rare,,,
4200,0.0,,too_rare,,,
4201,0.0,,too_rare,,,
4202,0.0,,too_rare,,,
4203,2.8008066323101054e-05,,too_rare,,,
4204,2.8008066323101054e-05,,too_rare,,,
4205,0.0,,too_rare,,,
4206,8.402419896930316e-05,,too_rare,,,
4208,0.0,,too_rare,,,
4209,0.0,,too_rare,,,
4210,0.0,,too_rare,,,
4211,8.402419896930316e-05,,too_rare,,,
4212,0.0,,too_rare,,,
4213,0.0,,too_rare,,,
4214,0.0,,too_rare,,,
4215,0.0,,too_rare,,,
4216,0.0,,too_rare,,,
4217,0.0,,too_rare,,,
4219,0.0,,too_rare,,,
4220,0.0,,too_rare,,,
4221,0.0,,too_rare,,,
4222,0.0,,too_rare,,,
4223,0.0,,too_rare,,,
4224,2.8008066323101054e-05,,too_rare,,,
4225,2.8008066323101054e-05,,too_rare,,,
4226,0.0,,too_rare,,,
4227,2.8008066323101054e-05,,too_rare,,,
4228,0.0,,too_rare,,,
4229,0.0,,too_rare,,,
4230,2.8008066323101054e-05,,too_rare,,,
4231,0.0,,too_rare,,,
4232,2.8008066323101054e-05,,too_rare,,,
4233,0.0,,too_rare,,,
4234,0.0,,too_rare,,,
4235,0.0,,too_rare,,,
4236,0.0,,too_rare,,,
4237,0.0,,too_rare,,,
4238,0.0,,too_rare,,,
4239,0.0,,too_rare,,,
4240,0.0,,too_rare,,,
4241,0.0,,too_rare,,,
4242,0.0,,too_rare,,,
4243,0.0,,too_rare,,,
4244,0.0,,too_rare,,,
4245,0.0,,too_rare,,,
4246,0.0,,too_rare,,,
4247,0.0,,too_rare,,,
4248,2.8008066323101054e-05,,too_rare,,,
4249,0.0,,too_rare,,,
4250,0.0,,too_rare,,,
4251,0.0,,too_rare,,,
4252,8.402419896930316e-05,,too_rare,,,
4253,0.0,,too_rare,,,
4255,0.0,,too_rare,,,
4256,0.0,,too_rare,,,
4257,0.0,,too_rare,,,
4258,2.8008066323101054e-05,,too_rare,,,
4259,0.00011203226529240422,,too_rare,,,
4260,0.0,,too_rare,,,
4261,0.0,,too_rare,,,
4262,0.0,,too_rare,,,
4263,0.0,,too_rare,,,
4264,0.0,,too_rare,,,
4265,0.0,,too_rare,,,
4266,0.0,,too_rare,,,
4267,2.8008066323101054e-05,,too_rare,,,
4268,2.8008066323101054e-05,,too_rare,,,
4269,0.0,,too_rare,,,
4270,0.0,,too_rare,,,
4271,0.0,,too_rare,,,
4272,2.8008066323101054e-05,,too_rare,,,
4273,5.601613264620211e-05,,too_rare,,,
4274,0.0,,too_rare,,,
4276,0.0,,too_rare,,,
4277,0.0,,too_rare,,,
4278,0.0009522742549854358,,too_rare,,,
4279,0.0,,too_rare,,,
4280,0.0,,too_rare,,,
4281,0.0,,too_rare,,,
4282,2.8008066323101054e-05,,too_rare,,,
4283,0.00016804839793860632,,too_rare,,,
4284,2.8008066323101054e-05,,too_rare,,,
4285,0.0,,too_rare,,,
4286,2.8008066323101054e-05,,too_rare,,,
4287,0.0,,too_rare,,,
4288,0.0,,too_rare,,,
4289,0.0004761371274927179,,too_rare,,,
4290,2.8008066323101054e-05,,too_rare,,,
4291,0.0,,too_rare,,,
4292,2.8008066323101054e-05,,too_rare,,,
4293,0.0,,too_rare,,,
4294,0.0,,too_rare,,,
4295,0.00019605646426170737,,too_rare,,,
4297,0.0,,too_rare,,,
4298,0.0,,too_rare,,,
4299,0.0,,too_rare,,,
4300,0.0002520725969079095,,too_rare,,,
4301,0.0034730002240645308,,too_rare,,,
4302,2.8008066323101054e-05,,too_rare,,,
4303,0.0,,too_rare,,,
4304,2.8008066323101054e-05,,too_rare,,,
4305,0.0,,too_rare,,,
4306,0.0,,too_rare,,,
4307,0.0,,too_rare,,,
4308,0.0,,too_rare,,,
4309,0.0,,too_rare,,,
4310,0.0,,too_rare,,,
4311,2.8008066323101054e-05,,too_rare,,,
4312,0.0,,too_rare,,,
4313,0.002296661438494286,,too_rare,,,
4314,0.0,,too_rare,,,
4315,2.8008066323101054e-05,,too_rare,,,
4316,0.0,,too_rare,,,
4317,0.0,,too_rare,,,
4318,0.0,,too_rare,,,
4319,0.0,,too_rare,,,
4320,2.8008066323101054e-05,,too_rare,,,
4321,0.0,,too_rare,,,
4322,0.0008122339233699305,,too_rare,,,
4323,0.0,,too_rare,,,
4324,0.0,,too_rare,,,
4325,5.601613264620211e-05,,too_rare,,,
4326,0.0,,too_rare,,,
4327,0.0,,too_rare,,,
4328,0.0,,too_rare,,,
4329,0.0,,too_rare,,,
4330,0.0,,too_rare,,,
4331,0.0,,too_rare,,,
4332,0.0,,too_rare,,,
4333,0.0,,too_rare,,,
4334,0.0,,too_rare,,,
4335,0.0,,too_rare,,,
4336,0.0,,too_rare,,,
4337,0.0,,too_rare,,,
4338,0.0,,too_rare,,,
4339,0.0,,too_rare,,,
4340,0.0,,too_rare,,,
4341,0.00019605646426170737,,too_rare,,,
4342,0.0,,too_rare,,,
4343,5.601613264620211e-05,,too_rare,,,
4344,0.0,,too_rare,,,
4345,0.0,,too_rare,,,
4346,0.0003080887295541116,,too_rare,,,
4347,0.0,,too_rare,,,
4348,0.0,,too_rare,,,
4349,0.0,,too_rare,,,
4350,0.0,,too_rare,,,
4353,0.0,,too_rare,,,
4354,0.0,,too_rare,,,
4355,2.8008066323101054e-05,,too_rare,,,
4357,0.0,,too_rare,,,
4358,0.0,,too_rare,,,
4359,5.601613264620211e-05,,too_rare,,,
4360,8.402419896930316e-05,,too_rare,,,
4361,2.8008066323101054e-05,,too_rare,,,
4362,0.0,,too_rare,,,
4363,2.8008066323101054e-05,,too_rare,,,
4364,2.8008066323101054e-05,,too_rare,,,
4365,0.0,,too_rare,,,
4366,0.0,,too_rare,,,
4367,0.0,,too_rare,,,
4368,0.0,,too_rare,,,
4369,0.0,,too_rare,,,
4370,0.0,,too_rare,,,
4371,2.8008066323101054e-05,,too_rare,,,
4372,2.8008066323101054e-05,,too_rare,,,
4373,0.0,,too_rare,,,
4374,5.601613264620211e-05,,too_rare,,,
4375,0.0,,too_rare,,,
4376,0.0,,too_rare,,,
4377,0.0,,too_rare,,,
4378,0.0,,too_rare,,,
4379,0.0,,too_rare,,,
4380,0.0,,too_rare,,,
4381,0.0,,too_rare,,,
4382,0.0,,too_rare,,,
4383,2.8008066323101054e-05,,too_rare,,,
4384,0.0,,too_rare,,,
4385,0.0,,too_rare,,,
4386,2.8008066323101054e-05,,too_rare,,,
4387,0.0,,too_rare,,,
4388,0.0,,too_rare,,,
4389,0.0,,too_rare,,,
4390,0.0,,too_rare,,,
4391,0.0,,too_rare,,,
4392,0.0,,too_rare,,,
4393,0.0,,too_rare,,,
4394,0.0017925162446784674,,too_rare,,,
4395,2.8008066323101054e-05,,too_rare,,,
4396,0.0,,too_rare,,,
4397,0.0,,too_rare,,,
4398,0.0,,too_rare,,,
4399,0.0,,too_rare,,,
4400,0.0,,too_rare,,,
4401,0.0,,too_rare,,,
4402,0.0,,too_rare,,,
4403,2.8008066323101054e-05,,too_rare,,,
4404,0.0,,too_rare,,,
4405,0.0,,too_rare,,,
4406,0.0,,too_rare,,,
4407,0.0,,too_rare,,,
4408,2.8008066323101054e-05,,too_rare,,,
4409,0.0,,too_rare,,,
4410,0.0,,too_rare,,,
4411,0.0,,too_rare,,,
4412,0.0,,too_rare,,,
4413,0.0,,too_rare,,,
4414,0.0,,too_rare,,,
4415,0.00014004033161550526,,too_rare,,,
4416,0.0,,too_rare,,,
4417,0.0,,too_rare,,,
4418,0.0,,too_rare,,,
4419,0.0,,too_rare,,,
4420,0.0,,too_rare,,,
4421,0.0,,too_rare,,,
4422,0.0,,too_rare,,,
4423,0.0,,too_rare,,,
4424,2.8008066323101054e-05,,too_rare,,,
4425,0.0,,too_rare,,,
4426,0.0,,too_rare,,,
4427,0.0,,too_rare,,,
4429,0.0,,too_rare,,,
4430,0.00016804839793860632,,too_rare,,,
4431,0.0,,too_rare,,,
4433,0.0,,too_rare,,,
4434,0.0,,too_rare,,,
4435,2.8008066323101054e-05,,too_rare,,,
4437,8.402419896930316e-05,,too_rare,,,
4438,0.0,,too_rare,,,
4440,0.0,,too_rare,,,
4441,0.0,,too_rare,,,
4442,0.0,,too_rare,,,
4443,5.601613264620211e-05,,too_rare,,,
4444,0.0,,too_rare,,,
4445,0.0,,too_rare,,,
4446,0.0,,too_rare,,,
4447,0.005125476137127493,,too_rare,,,
4448,0.0,,too_rare,,,
4449,0.0,,too_rare,,,
4450,0.0,,too_rare,,,
4451,5.601613264620211e-05,,too_rare,,,
4452,0.0,,too_rare,,,
4453,0.0,,too_rare,,,
4454,0.00011203226529240422,,too_rare,,,
4455,0.0,,too_rare,,,
4456,0.0,,too_rare,,,
4457,0.0,,too_rare,,,
4458,0.0,,too_rare,,,
4459,0.0,,too_rare,,,
4461,0.0,,too_rare,,,
4462,5.601613264620211e-05,,too_rare,,,
4463,2.8008066323101054e-05,,too_rare,,,
4464,0.0,,too_rare,,,
4465,0.0,,too_rare,,,
4466,0.0,,too_rare,,,
4467,2.8008066323101054e-05,,too_rare,,,
4468,2.8008066323101054e-05,,too_rare,,,
4469,8.402419896930316e-05,,too_rare,,,
4470,0.0,,too_rare,,,
4471,0.00019605646426170737,,too_rare,,,
4472,2.8008066323101054e-05,,too_rare,,,
4473,0.0,,too_rare,,,
4474,0.0,,too_rare,,,
4475,0.0,,too_rare,,,
4476,0.0,,too_rare,,,
4477,0.0,,too_rare,,,
4478,0.0,,too_rare,,,
4479,0.0,,too_rare,,,
4480,0.0,,too_rare,,,
4481,0.0,,too_rare,,,
4482,0.0,,too_rare,,,
4483,0.0,,too_rare,,,
4484,0.0,,too_rare,,,
4485,0.0002800806632310105,,too_rare,,,
4486,0.0,,too_rare,,,
4487,0.0,,too_rare,,,
4488,0.002100604974232579,,too_rare,,,
4489,0.0002520725969079095,,too_rare,,,
4490,0.0,,too_rare,,,
4491,5.601613264620211e-05,,too_rare,,,
4492,0.0,,too_rare,,,
4493,0.0,,too_rare,,,
4494,2.8008066323101054e-05,,too_rare,,,
4495,0.0,,too_rare,,,
4496,0.0,,too_rare,,,
4497,0.0,,too_rare,,,
4498,0.0,,too_rare,,,
4499,0.0,,too_rare,,,
4500,8.402419896930316e-05,,too_rare,,,
4501,5.601613264620211e-05,,too_rare,,,
4502,0.0,,too_rare,,,
4503,0.0,,too_rare,,,
4504,0.0005881693927851221,,too_rare,,,
4505,0.0,,too_rare,,,
4506,0.0,,too_rare,,,
4507,0.00022406453058480843,,too_rare,,,
4508,0.0,,too_rare,,,
4509,0.0,,too_rare,,,
4510,0.0,,too_rare,,,
4511,0.0,,too_rare,,,
4512,0.0,,too_rare,,,
4513,0.0,,too_rare,,,
4514,0.0,,too_rare,,,
4515,0.0,,too_rare,,,
4516,0.0,,too_rare,,,
4517,2.8008066323101054e-05,,too_rare,,,
4518,0.0,,too_rare,,,
4519,0.0,,too_rare,,,
4520,2.8008066323101054e-05,,too_rare,,,
4521,0.0,,too_rare,,,
4522,0.0,,too_rare,,,
4524,0.0,,too_rare,,,
4525,0.0,,too_rare,,,
4526,0.0,,too_rare,,,
4528,0.00016804839793860632,,too_rare,,,
4529,0.0,,too_rare,,,
4530,2.8008066323101054e-05,,too_rare,,,
4531,0.0,,too_rare,,,
4532,0.0,,too_rare,,,
4533,0.0,,too_rare,,,
4534,0.0,,too_rare,,,
4535,0.0,,too_rare,,,
4536,0.0,,too_rare,,,
4537,0.0,,too_rare,,,
4539,0.0,,too_rare,,,
4540,0.0,,too_rare,,,
4541,0.0,,too_rare,,,
4542,0.0,,too_rare,,,
4543,0.0,,too_rare,,,
4544,0.0,,too_rare,,,
4545,0.0,,too_rare,,,
4546,2.8008066323101054e-05,,too_rare,,,
4547,0.0,,too_rare,,,
4548,2.8008066323101054e-05,,too_rare,,,
4549,0.0,,too_rare,,,
4550,0.0,,too_rare,,,
4551,0.00014004033161550526,,too_rare,,,
4552,0.0,,too_rare,,,
4553,0.0,,too_rare,,,
4554,0.0,,too_rare,,,
4555,0.0,,too_rare,,,
4556,0.0,,too_rare,,,
4557,0.0,,too_rare,,,
4558,0.0,,too_rare,,,
4559,0.0,,too_rare,,,
4560,0.0,,too_rare,,,
4561,0.0,,too_rare,,,
4562,0.0,,too_rare,,,
4563,0.0,,too_rare,,,
4564,0.0,,too_rare,,,
4565,0.0,,too_rare,,,
4566,8.402419896930316e-05,,too_rare,,,
4567,0.0,,too_rare,,,
4568,0.0,,too_rare,,,
4569,2.8008066323101054e-05,,too_rare,,,
4570,0.0,,too_rare,,,
4571,0.0,,too_rare,,,
4572,0.0,,too_rare,,,
4574,0.0,,too_rare,,,
4575,0.000560161326462021,,too_rare,,,
4576,2.8008066323101054e-05,,too_rare,,,
4577,0.0,,too_rare,,,
4578,0.0,,too_rare,,,
4579,2.8008066323101054e-05,,too_rare,,,
4580,0.0,,too_rare,,,
4581,0.0,,too_rare,,,
4582,0.0,,too_rare,,,
4583,0.0,,too_rare,,,
4584,0.0,,too_rare,,,
4585,2.8008066323101054e-05,,too_rare,,,
4587,0.0,,too_rare,,,
4588,0.0,,too_rare,,,
4589,0.0,,too_rare,,,
4590,0.0,,too_rare,,,
4591,0.0,,too_rare,,,
4593,0.0,,too_rare,,,
4594,0.0,,too_rare,,,
4595,0.0,,too_rare,,,
4596,0.0,,too_rare,,,
4597,0.0,,too_rare,,,
4598,0.0,,too_rare,,,
4599,0.0,,too_rare,,,
4600,0.0,,too_rare,,,
4601,0.0,,too_rare,,,
4602,0.0,,too_rare,,,
4603,0.0,,too_rare,,,
4604,0.0,,too_rare,,,
4605,2.8008066323101054e-05,,too_rare,,,
4606,8.402419896930316e-05,,too_rare,,,
4607,0.0,,too_rare,,,
4608,0.0,,too_rare,,,
4609,0.00033609679587721263,,too_rare,,,
4610,0.0,,too_rare,,,
4611,2.8008066323101054e-05,,too_rare,,,
4612,0.0,,too_rare,,,
4613,0.0,,too_rare,,,
4614,0.0,,too_rare,,,
4615,0.0009242661886623348,,too_rare,,,
4617,0.0,,too_rare,,,
4618,0.0,,too_rare,,,
4619,0.0,,too_rare,,,
4620,2.8008066323101054e-05,,too_rare,,,
4621,5.601613264620211e-05,,too_rare,,,
4622,0.0,,too_rare,,,
4623,0.0,,too_rare,,,
4624,2.8008066323101054e-05,,too_rare,,,
4625,0.0,,too_rare,,,
4626,0.0,,too_rare,,,
4627,0.0,,too_rare,,,
4628,2.8008066323101054e-05,,too_rare,,,
4629,0.0,,too_rare,,,
4630,0.0,,too_rare,,,
4631,0.0,,too_rare,,,
4632,0.0,,too_rare,,,
4633,0.0,,too_rare,,,
4634,2.8008066323101054e-05,,too_rare,,,
4635,0.0,,too_rare,,,
4636,0.0004761371274927179,,too_rare,,,
4637,0.0,,too_rare,,,
4638,0.00019605646426170737,,too_rare,,,
4639,0.0,,too_rare,,,
4640,8.402419896930316e-05,,too_rare,,,
4641,0.00014004033161550526,,too_rare,,,
4642,0.0,,too_rare,,,
4643,0.0,,too_rare,,,
4644,0.0,,too_rare,,,
4645,0.0004201209948465158,,too_rare,,,
4646,0.0,,too_rare,,,
4647,2.8008066323101054e-05,,too_rare,,,
4648,0.0,,too_rare,,,
4649,0.0,,too_rare,,,
4650,2.8008066323101054e-05,,too_rare,,,
4651,5.601613264620211e-05,,too_rare,,,
4652,0.0,,too_rare,,,
4653,0.0013723952498319516,,too_rare,,,
4654,0.0,,too_rare,,,
4655,0.0,,too_rare,,,
4656,0.0,,too_rare,,,
4657,0.0,,too_rare,,,
4659,0.0,,too_rare,,,
4660,0.0,,too_rare,,,
4661,0.0,,too_rare,,,
4662,0.0,,too_rare,,,
4663,0.0,,too_rare,,,
4664,0.0,,too_rare,,,
4665,2.8008066323101054e-05,,too_rare,,,
4666,0.0,,too_rare,,,
4667,0.0,,too_rare,,,
4668,0.0,,too_rare,,,
4669,0.0,,too_rare,,,
4671,0.0,,too_rare,,,
4672,0.0,,too_rare,,,
4673,0.0,,too_rare,,,
4674,0.0,,too_rare,,,
4675,0.0,,too_rare,,,
4677,0.0,,too_rare,,,
4678,8.402419896930316e-05,,too_rare,,,
4679,0.0,,too_rare,,,
4680,2.8008066323101054e-05,,too_rare,,,
4681,0.0,,too_rare,,,
4682,0.0,,too_rare,,,
4683,0.0,,too_rare,,,
4684,0.0,,too_rare,,,
4685,0.0,,too_rare,,,
4686,0.0,,too_rare,,,
4687,0.0,,too_rare,,,
4688,0.0,,too_rare,,,
4689,0.0,,too_rare,,,
4690,0.0,,too_rare,,,
4691,0.0,,too_rare,,,
4692,0.0,,too_rare,,,
4693,5.601613264620211e-05,,too_rare,,,
4694,0.0,,too_rare,,,
4695,0.0,,too_rare,,,
4696,0.0,,too_rare,,,
4697,0.0,,too_rare,,,
4698,0.0,,too_rare,,,
4699,2.8008066323101054e-05,,too_rare,,,
4701,0.0,,too_rare,,,
4702,0.0,,too_rare,,,
4703,0.0,,too_rare,,,
4704,0.0,,too_rare,,,
4705,0.0,,too_rare,,,
4706,0.0,,too_rare,,,
4707,0.00011203226529240422,,too_rare,,,
4708,0.0,,too_rare,,,
4709,2.8008066323101054e-05,,too_rare,,,
4710,0.0,,too_rare,,,
4711,2.8008066323101054e-05,,too_rare,,,
4712,0.0,,too_rare,,,
4713,0.000980282321308537,,too_rare,,,
4714,0.0,,too_rare,,,
4716,0.0,,too_rare,,,
4717,0.0,,too_rare,,,
4718,0.0,,too_rare,,,
4719,0.0,,too_rare,,,
4720,0.0,,too_rare,,,
4721,8.402419896930316e-05,,too_rare,,,
4722,5.601613264620211e-05,,too_rare,,,
4723,0.0,,too_rare,,,
4724,0.00053215326013892,,too_rare,,,
4725,0.0,,too_rare,,,
4726,2.8008066323101054e-05,,too_rare,,,
4727,0.0,,too_rare,,,
4728,0.0,,too_rare,,,
4729,0.0,,too_rare,,,
4730,0.0,,too_rare,,,
4731,0.0,,too_rare,,,
4733,0.0,,too_rare,,,
4734,0.00016804839793860632,,too_rare,,,
4735,0.0,,too_rare,,,
4736,5.601613264620211e-05,,too_rare,,,
4737,0.000560161326462021,,too_rare,,,
4738,0.0,,too_rare,,,
4739,0.0,,too_rare,,,
4740,0.0,,too_rare,,,
4741,2.8008066323101054e-05,,too_rare,,,
4742,0.0,,too_rare,,,
4743,0.0,,too_rare,,,
4744,0.0,,too_rare,,,
4745,0.0,,too_rare,,,
4746,0.0007562177907237285,,too_rare,,,
4747,2.8008066323101054e-05,,too_rare,,,
4748,0.0,,too_rare,,,
4749,0.0,,too_rare,,,
4750,2.8008066323101054e-05,,too_rare,,,
4751,2.8008066323101054e-05,,too_rare,,,
4752,0.0,,too_rare,,,
4753,0.0,,too_rare,,,
4754,0.0,,too_rare,,,
4755,0.0,,too_rare,,,
4756,0.0,,too_rare,,,
4757,0.0,,too_rare,,,
4758,2.8008066323101054e-05,,too_rare,,,
4759,0.0,,too_rare,,,
4760,2.8008066323101054e-05,,too_rare,,,
4761,0.0,,too_rare,,,
4762,0.0,,too_rare,,,
4763,0.0,,too_rare,,,
4764,0.0,,too_rare,,,
4765,0.0,,too_rare,,,
4766,0.0,,too_rare,,,
4767,0.0,,too_rare,,,
4768,0.0,,too_rare,,,
4769,0.0,,too_rare,,,
4770,0.0,,too_rare,,,
4771,0.0,,too_rare,,,
4773,8.402419896930316e-05,,too_rare,,,
4774,0.0,,too_rare,,,
4775,0.0,,too_rare,,,
4776,0.0,,too_rare,,,
4777,0.0,,too_rare,,,
4778,0.0,,too_rare,,,
4779,0.0,,too_rare,,,
4780,0.0,,too_rare,,,
4781,0.0,,too_rare,,,
4782,0.0,,too_rare,,,
4783,0.0,,too_rare,,,
4784,0.0,,too_rare,,,
4785,0.0,,too_rare,,,
4786,0.0,,too_rare,,,
4787,0.0,,too_rare,,,
4788,0.0,,too_rare,,,
4789,0.0,,too_rare,,,
4790,0.0,,too_rare,,,
4791,0.0006721935917544253,,too_rare,,,
4792,2.8008066323101054e-05,,too_rare,,,
4793,0.0,,too_rare,,,
4794,0.0,,too_rare,,,
4795,0.0,,too_rare,,,
4796,0.0,,too_rare,,,
4797,0.0,,too_rare,,,
4798,0.0,,too_rare,,,
4799,2.8008066323101054e-05,,too_rare,,,
4800,0.0,,too_rare,,,
4801,0.0,,too_rare,,,
4802,0.0,,too_rare,,,
4803,0.0,,too_rare,,,
4804,0.0,,too_rare,,,
4805,0.0,,too_rare,,,
4806,0.0,,too_rare,,,
4807,0.0,,too_rare,,,
4808,0.004229218014788259,,too_rare,,,
4809,0.0,,too_rare,,,
4810,0.0,,too_rare,,,
4811,0.0,,too_rare,,,
4812,0.0,,too_rare,,,
4813,2.8008066323101054e-05,,too_rare,,,
4814,0.0,,too_rare,,,
4815,0.0,,too_rare,,,
4816,0.0,,too_rare,,,
4817,0.0,,too_rare,,,
4818,0.0,,too_rare,,,
4819,2.8008066323101054e-05,,too_rare,,,
4820,0.0,,too_rare,,,
4821,0.0018765404436477705,,too_rare,,,
4822,2.8008066323101054e-05,,too_rare,,,
4823,0.0,,too_rare,,,
4824,5.601613264620211e-05,,too_rare,,,
4825,8.402419896930316e-05,,too_rare,,,
4826,0.0,,too_rare,,,
4827,0.0002520725969079095,,too_rare,,,
4828,0.00022406453058480843,,too_rare,,,
4829,0.0,,too_rare,,,
4830,0.0,,too_rare,,,
4831,0.0007282097244006273,,too_rare,,,
4832,0.0,,too_rare,,,
4833,0.00014004033161550526,,too_rare,,,
4834,0.0,,too_rare,,,
4835,0.0,,too_rare,,,
4836,2.8008066323101054e-05,,too_rare,,,
4837,0.0,,too_rare,,,
4838,0.0,,too_rare,,,
4839,0.0007002016580775263,,too_rare,,,
4840,0.0,,too_rare,,,
4841,0.0,,too_rare,,,
4842,0.0,,too_rare,,,
4843,0.0,,too_rare,,,
4844,0.0,,too_rare,,,
4845,0.0,,too_rare,,,
4846,0.0,,too_rare,,,
4847,0.0,,too_rare,,,
4848,0.0,,too_rare,,,
4849,0.0,,too_rare,,,
4850,0.0,,too_rare,,,
4851,2.8008066323101054e-05,,too_rare,,,
4852,0.0,,too_rare,,,
4853,0.0,,too_rare,,,
4854,0.0,,too_rare,,,
4855,2.8008066323101054e-05,,too_rare,,,
4856,5.601613264620211e-05,,too_rare,,,
4857,0.00106430652027784,,too_rare,,,
4858,0.0,,too_rare,,,
4859,0.0,,too_rare,,,
4860,0.0,,too_rare,,,
4861,0.0,,too_rare,,,
4862,0.0,,too_rare,,,
4863,0.00016804839793860632,,too_rare,,,
4864,0.0,,too_rare,,,
4865,0.0,,too_rare,,,
4866,0.0,,too_rare,,,
4867,0.0,,too_rare,,,
4868,0.0,,too_rare,,,
4869,2.8008066323101054e-05,,too_rare,,,
4870,0.0,,too_rare,,,
4871,0.0,,too_rare,,,
4872,0.00011203226529240422,,too_rare,,,
4873,5.601613264620211e-05,,too_rare,,,
4874,0.0,,too_rare,,,
4875,0.0,,too_rare,,,
4876,0.0,,too_rare,,,
4877,5.601613264620211e-05,,too_rare,,,
4878,0.0,,too_rare,,,
4879,0.0,,too_rare,,,
4880,0.0,,too_rare,,,
4881,0.00011203226529240422,,too_rare,,,
4882,0.0,,too_rare,,,
4883,0.0,,too_rare,,,
4884,2.8008066323101054e-05,,too_rare,,,
4885,0.0,,too_rare,,,
4886,0.0,,too_rare,,,
4887,0.0,,too_rare,,,
4888,0.0,,too_rare,,,
4889,0.0,,too_rare,,,
4890,0.0,,too_rare,,,
4891,5.601613264620211e-05,,too_rare,,,
4892,0.0,,too_rare,,,
4893,0.0,,too_rare,,,
4894,0.0,,too_rare,,,
4895,0.0,,too_rare,,,
4896,0.0,,too_rare,,,
4897,0.0,,too_rare,,,
4898,2.8008066323101054e-05,,too_rare,,,
4899,5.601613264620211e-05,,too_rare,,,
4900,0.0,,too_rare,,,
4901,0.0,,too_rare,,,
4902,0.00014004033161550526,,too_rare,,,
4903,0.0,,too_rare,,,
4904,0.0,,too_rare,,,
4905,0.0,,too_rare,,,
4906,0.0,,too_rare,,,
4907,0.0,,too_rare,,,
4908,0.0,,too_rare,,,
4909,0.0,,too_rare,,,
4910,0.0,,too_rare,,,
4911,0.00011203226529240422,,too_rare,,,
4912,0.0,,too_rare,,,
4913,0.0,,too_rare,,,
4914,0.00011203226529240422,,too_rare,,,
4915,0.0,,too_rare,,,
4916,0.0,,too_rare,,,
4917,5.601613264620211e-05,,too_rare,,,
4918,0.0,,too_rare,,,
4919,0.0,,too_rare,,,
4920,0.0,,too_rare,,,
4921,0.0,,too_rare,,,
4922,0.0,,too_rare,,,
4923,2.8008066323101054e-05,,too_rare,,,
4924,0.0,,too_rare,,,
4925,0.0,,too_rare,,,
4926,0.0,,too_rare,,,
4927,5.601613264620211e-05,,too_rare,,,
4928,0.0,,too_rare,,,
4929,0.0,,too_rare,,,
4930,0.0,,too_rare,,,
4931,0.0,,too_rare,,,
4932,0.0,,too_rare,,,
4933,8.402419896930316e-05,,too_rare,,,
4934,2.8008066323101054e-05,,too_rare,,,
4935,0.0,,too_rare,,,
4936,0.0,,too_rare,,,
4937,0.0,,too_rare,,,
4938,0.0,,too_rare,,,
4939,0.0,,too_rare,,,
4940,0.0,,too_rare,,,
4941,0.0003080887295541116,,too_rare,,,
4942,0.0,,too_rare,,,
4943,0.0,,too_rare,,,
4944,0.0,,too_rare,,,
4945,0.0,,too_rare,,,
4946,2.8008066323101054e-05,,too_rare,,,
4947,0.0,,too_rare,,,
4948,2.8008066323101054e-05,,too_rare,,,
4949,0.0,,too_rare,,,
4950,0.0,,too_rare,,,
4951,0.0,,too_rare,,,
4952,0.0,,too_rare,,,
4953,2.8008066323101054e-05,,too_rare,,,
4954,2.8008066323101054e-05,,too_rare,,,
4955,0.0,,too_rare,,,
4956,0.0,,too_rare,,,
4957,8.402419896930316e-05,,too_rare,,,
4958,0.0,,too_rare,,,
4959,5.601613264620211e-05,,too_rare,,,
4960,0.0,,too_rare,,,
4961,0.0,,too_rare,,,
4962,0.0,,too_rare,,,
4963,8.402419896930316e-05,,too_rare,,,
4964,0.0,,too_rare,,,
4965,0.0,,too_rare,,,
4966,2.8008066323101054e-05,,too_rare,,,
4967,0.0,,too_rare,,,
4968,0.0,,too_rare,,,
4969,0.0,,too_rare,,,
4970,0.0,,too_rare,,,
4971,0.0,,too_rare,,,
4972,2.8008066323101054e-05,,too_rare,,,
4974,0.0,,too_rare,,,
4975,0.0,,too_rare,,,
4976,2.8008066323101054e-05,,too_rare,,,
4977,0.0,,too_rare,,,
4978,0.0,,too_rare,,,
4979,0.0,,too_rare,,,
4980,0.0,,too_rare,,,
4981,0.0,,too_rare,,,
4982,0.0,,too_rare,,,
4983,2.8008066323101054e-05,,too_rare,,,
4984,0.0,,too_rare,,,
4985,0.0,,too_rare,,,
4986,0.0,,too_rare,,,
4987,0.0,,too_rare,,,
4988,0.0,,too_rare,,,
4989,0.0,,too_rare,,,
4990,0.0,,too_rare,,,
4991,0.0,,too_rare,,,
4992,0.0,,too_rare,,,
4994,0.0,,too_rare,,,
4995,0.0,,too_rare,,,
4996,0.0,,too_rare,,,
4997,0.0024086937037866908,,too_rare,,,
4998,0.0,,too_rare,,,
4999,2.8008066323101054e-05,,too_rare,,,
5000,0.0,,too_rare,,,
5001,0.0,,too_rare,,,
5002,0.0,,too_rare,,,
5003,0.0,,too_rare,,,
5004,0.0,,too_rare,,,
5005,0.0,,too_rare,,,
5006,0.0,,too_rare,,,
5007,5.601613264620211e-05,,too_rare,,,
5008,0.0,,too_rare,,,
5009,0.0,,too_rare,,,
5010,0.0,,too_rare,,,
5011,0.0,,too_rare,,,
5012,0.0,,too_rare,,,
5013,0.0,,too_rare,,,
5014,0.0002520725969079095,,too_rare,,,
5015,0.0,,too_rare,,,
5016,0.0,,too_rare,,,
5017,5.601613264620211e-05,,too_rare,,,
5018,0.0,,too_rare,,,
5019,0.0,,too_rare,,,
5020,0.0,,too_rare,,,
5021,0.0007562177907237285,,too_rare,,,
5022,5.601613264620211e-05,,too_rare,,,
5023,0.0,,too_rare,,,
5024,0.006049742325789828,,too_rare,,,
5025,2.8008066323101054e-05,,too_rare,,,
5026,0.0,,too_rare,,,
5027,0.0,,too_rare,,,
5028,0.0,,too_rare,,,
5029,0.0,,too_rare,,,
5030,0.0,,too_rare,,,
5031,2.8008066323101054e-05,,too_rare,,,
5032,0.0,,too_rare,,,
5035,0.0,,too_rare,,,
5037,0.0,,too_rare,,,
5038,0.0,,too_rare,,,
5039,0.0,,too_rare,,,
5040,0.0,,too_rare,,,
5041,0.0,,too_rare,,,
5042,0.0,,too_rare,,,
5043,0.0,,too_rare,,,
5044,2.8008066323101054e-05,,too_rare,,,
5045,0.0,,too_rare,,,
5046,0.0,,too_rare,,,
5047,0.0,,too_rare,,,
5049,0.0,,too_rare,,,
5050,0.0,,too_rare,,,
5051,5.601613264620211e-05,,too_rare,,,
5052,0.0,,too_rare,,,
5053,0.0,,too_rare,,,
5054,0.0,,too_rare,,,
5055,0.0,,too_rare,,,
5056,8.402419896930316e-05,,too_rare,,,
5057,0.0,,too_rare,,,
5058,0.0,,too_rare,,,
5059,0.0,,too_rare,,,
5060,2.8008066323101054e-05,,too_rare,,,
5061,0.0,,too_rare,,,
5062,0.0,,too_rare,,,
5063,2.8008066323101054e-05,,too_rare,,,
5064,5.601613264620211e-05,,too_rare,,,
5065,0.0,,too_rare,,,
5067,0.0,,too_rare,,,
5068,2.8008066323101054e-05,,too_rare,,,
5069,0.0,,too_rare,,,
5070,0.0,,too_rare,,,
5072,0.0,,too_rare,,,
5073,0.0,,too_rare,,,
5074,0.0,,too_rare,,,
5075,2.8008066323101054e-05,,too_rare,,,
5076,0.0,,too_rare,,,
5077,5.601613264620211e-05,,too_rare,,,
5078,0.0,,too_rare,,,
5079,0.0,,too_rare,,,
5080,2.8008066323101054e-05,,too_rare,,,
5081,0.0,,too_rare,,,
5082,0.0,,too_rare,,,
5083,2.8008066323101054e-05,,too_rare,,,
5084,2.8008066323101054e-05,,too_rare,,,
5085,0.0,,too_rare,,,
5086,0.0,,too_rare,,,
5087,0.0,,too_rare,,,
5088,0.0,,too_rare,,,
5089,0.0,,too_rare,,,
5091,0.0,,too_rare,,,
5092,2.8008066323101054e-05,,too_rare,,,
5093,0.0,,too_rare,,,
5094,0.0,,too_rare,,,
5095,0.0,,too_rare,,,
5096,0.0,,too_rare,,,
5097,0.0,,too_rare,,,
5098,0.0,,too_rare,,,
5099,0.0,,too_rare,,,
5100,2.8008066323101054e-05,,too_rare,,,
5101,0.0,,too_rare,,,
5102,0.0,,too_rare,,,
5103,0.0,,too_rare,,,
5104,0.0,,too_rare,,,
5105,0.00036410486220031366,,too_rare,,,
5106,0.0,,too_rare,,,
5108,0.0,,too_rare,,,
5109,0.0,,too_rare,,,
5110,0.0,,too_rare,,,
5111,0.0,,too_rare,,,
5112,0.0,,too_rare,,,
5113,0.0,,too_rare,,,
5114,0.0,,too_rare,,,
5115,0.0,,too_rare,,,
5116,0.0,,too_rare,,,
5117,0.001148330719247143,,too_rare,,,
5118,0.0,,too_rare,,,
5119,0.0,,too_rare,,,
5120,0.0,,too_rare,,,
5121,0.0,,too_rare,,,
5122,2.8008066323101054e-05,,too_rare,,,
5123,0.0008682500560161327,,too_rare,,,
5124,0.0,,too_rare,,,
5125,0.0,,too_rare,,,
5126,0.0,,too_rare,,,
5127,2.8008066323101054e-05,,too_rare,,,
5128,0.0,,too_rare,,,
5129,0.0,,too_rare,,,
5130,2.8008066323101054e-05,,too_rare,,,
5131,2.8008066323101054e-05,,too_rare,,,
5132,0.0,,too_rare,,,
5133,0.0,,too_rare,,,
5134,0.0,,too_rare,,,
5135,0.0,,too_rare,,,
5136,0.0,,too_rare,,,
5137,0.0,,too_rare,,,
5138,2.8008066323101054e-05,,too_rare,,,
5140,0.0,,too_rare,,,
5141,2.8008066323101054e-05,,too_rare,,,
5142,0.0,,too_rare,,,
5143,0.0,,too_rare,,,
5144,0.0,,too_rare,,,
5145,0.0,,too_rare,,,
5146,0.0,,too_rare,,,
5147,2.8008066323101054e-05,,too_rare,,,
5148,0.0,,too_rare,,,
5149,0.0,,too_rare,,,
5151,2.8008066323101054e-05,,too_rare,,,
5152,0.0,,too_rare,,,
5153,0.0,,too_rare,,,
5154,0.0,,too_rare,,,
5155,0.0,,too_rare,,,
5156,0.0,,too_rare,,,
5157,0.0,,too_rare,,,
5158,0.0007002016580775263,,too_rare,,,
5159,2.8008066323101054e-05,,too_rare,,,
5160,2.8008066323101054e-05,,too_rare,,,
5161,0.0,,too_rare,,,
5162,0.0,,too_rare,,,
5163,0.0,,too_rare,,,
5164,8.402419896930316e-05,,too_rare,,,
5165,0.00033609679587721263,,too_rare,,,
5166,0.0,,too_rare,,,
5167,2.8008066323101054e-05,,too_rare,,,
5168,0.0,,too_rare,,,
5169,0.0,,too_rare,,,
5170,0.0,,too_rare,,,
5171,0.0,,too_rare,,,
5172,0.0,,too_rare,,,
5173,0.0,,too_rare,,,
5174,0.0002800806632310105,,too_rare,,,
5175,0.0,,too_rare,,,
5176,0.0012603629845395474,,too_rare,,,
5177,2.8008066323101054e-05,,too_rare,,,
5178,0.0,,too_rare,,,
5179,0.0,,too_rare,,,
5180,0.0,,too_rare,,,
5181,0.0,,too_rare,,,
5182,0.0,,too_rare,,,
5183,0.0,,too_rare,,,
5184,0.0,,too_rare,,,
5185,0.0,,too_rare,,,
5186,0.0,,too_rare,,,
5187,0.0,,too_rare,,,
5188,0.0,,too_rare,,,
5189,2.8008066323101054e-05,,too_rare,,,
5190,5.601613264620211e-05,,too_rare,,,
5191,0.0,,too_rare,,,
5192,0.0,,too_rare,,,
5194,0.0,,too_rare,,,
5195,0.0,,too_rare,,,
5196,0.0,,too_rare,,,
5197,0.0,,too_rare,,,
5198,0.0,,too_rare,,,
5199,5.601613264620211e-05,,too_rare,,,
5200,0.0,,too_rare,,,
5202,0.0,,too_rare,,,
5203,2.8008066323101054e-05,,too_rare,,,
5204,0.0,,too_rare,,,
5205,0.0,,too_rare,,,
5206,0.0,,too_rare,,,
5207,0.0,,too_rare,,,
5208,0.0,,too_rare,,,
5209,0.0,,too_rare,,,
5210,0.0,,too_rare,,,
5212,0.0,,too_rare,,,
5213,0.0,,too_rare,,,
5214,0.0,,too_rare,,,
5215,0.0,,too_rare,,,
5216,0.0,,too_rare,,,
5217,0.0,,too_rare,,,
5218,0.0,,too_rare,,,
5219,0.0,,too_rare,,,
5220,0.0,,too_rare,,,
5221,0.0,,too_rare,,,
5223,0.0,,too_rare,,,
5224,2.8008066323101054e-05,,too_rare,,,
5225,0.0,,too_rare,,,
5226,2.8008066323101054e-05,,too_rare,,,
5227,0.0,,too_rare,,,
5228,0.0,,too_rare,,,
5229,2.8008066323101054e-05,,too_rare,,,
5230,0.0,,too_rare,,,
5231,0.0,,too_rare,,,
5232,2.8008066323101054e-05,,too_rare,,,
5233,0.0,,too_rare,,,
5234,0.0,,too_rare,,,
5235,0.0,,too_rare,,,
5236,0.0,,too_rare,,,
5237,0.0,,too_rare,,,
5238,0.0,,too_rare,,,
5239,0.0,,too_rare,,,
5240,0.0,,too_rare,,,
5241,0.0,,too_rare,,,
5242,0.0,,too_rare,,,
5244,2.8008066323101054e-05,,too_rare,,,
5245,0.0,,too_rare,,,
5246,0.0,,too_rare,,,
5247,0.0,,too_rare,,,
5248,0.00022406453058480843,,too_rare,,,
5249,0.0,,too_rare,,,
5250,0.0,,too_rare,,,
5251,0.0,,too_rare,,,
5252,0.0,,too_rare,,,
5253,2.8008066323101054e-05,,too_rare,,,
5254,8.402419896930316e-05,,too_rare,,,
5255,0.0,,too_rare,,,
5256,2.8008066323101054e-05,,too_rare,,,
5257,0.00019605646426170737,,too_rare,,,
5258,0.0,,too_rare,,,
5259,0.0,,too_rare,,,
5260,0.0004201209948465158,,too_rare,,,
5261,2.8008066323101054e-05,,too_rare,,,
5262,0.0,,too_rare,,,
5263,0.0,,too_rare,,,
5264,0.0,,too_rare,,,
5265,0.0,,too_rare,,,
5266,0.0,,too_rare,,,
5267,0.0,,too_rare,,,
5268,0.00011203226529240422,,too_rare,,,
5269,0.0,,too_rare,,,
5270,0.0,,too_rare,,,
5271,0.0,,too_rare,,,
5272,2.8008066323101054e-05,,too_rare,,,
5273,2.8008066323101054e-05,,too_rare,,,
5274,0.0,,too_rare,,,
5275,0.0,,too_rare,,,
5276,0.0,,too_rare,,,
5277,5.601613264620211e-05,,too_rare,,,
5278,0.0,,too_rare,,,
5279,0.0,,too_rare,,,
5280,0.0,,too_rare,,,
5281,2.8008066323101054e-05,,too_rare,,,
5282,0.0,,too_rare,,,
5283,0.0,,too_rare,,,
5284,0.0,,too_rare,,,
5285,0.0,,too_rare,,,
5286,0.0,,too_rare,,,
5287,0.0,,too_rare,,,
5288,0.0,,too_rare,,,
5289,5.601613264620211e-05,,too_rare,,,
5290,0.0,,too_rare,,,
5291,0.0,,too_rare,,,
5292,0.0,,too_rare,,,
5293,0.0,,too_rare,,,
5294,0.0,,too_rare,,,
5295,0.0,,too_rare,,,
5296,0.0,,too_rare,,,
5297,2.8008066323101054e-05,,too_rare,,,
5298,0.0,,too_rare,,,
5299,2.8008066323101054e-05,,too_rare,,,
5300,0.0,,too_rare,,,
5301,0.0,,too_rare,,,
5302,0.0,,too_rare,,,
5303,0.00014004033161550526,,too_rare,,,
5304,0.0,,too_rare,,,
5305,2.8008066323101054e-05,,too_rare,,,
5306,5.601613264620211e-05,,too_rare,,,
5307,0.0,,too_rare,,,
5308,0.0,,too_rare,,,
5310,0.0,,too_rare,,,
5311,0.00033609679587721263,,too_rare,,,
5312,0.0,,too_rare,,,
5313,0.0,,too_rare,,,
5314,0.0,,too_rare,,,
5315,0.0,,too_rare,,,
5316,0.0,,too_rare,,,
5317,0.0,,too_rare,,,
5318,0.0,,too_rare,,,
5319,0.0,,too_rare,,,
5320,0.0,,too_rare,,,
5321,0.0,,too_rare,,,
5322,0.0,,too_rare,,,
5323,0.0,,too_rare,,,
5324,0.0,,too_rare,,,
5325,0.0,,too_rare,,,
5326,0.0,,too_rare,,,
5327,0.0,,too_rare,,,
5328,0.0,,too_rare,,,
5329,0.0,,too_rare,,,
5330,0.001568451714093659,,too_rare,,,
5331,0.0,,too_rare,,,
5332,0.0,,too_rare,,,
5333,8.402419896930316e-05,,too_rare,,,
5334,0.0,,too_rare,,,
5335,0.0,,too_rare,,,
5336,0.0,,too_rare,,,
5337,0.0,,too_rare,,,
5338,5.601613264620211e-05,,too_rare,,,
5339,0.0,,too_rare,,,
5340,5.601613264620211e-05,,too_rare,,,
5341,0.0,,too_rare,,,
5342,5.601613264620211e-05,,too_rare,,,
5343,0.0,,too_rare,,,
5344,0.0,,too_rare,,,
5345,8.402419896930316e-05,,too_rare,,,
5346,2.8008066323101054e-05,,too_rare,,,
5347,2.8008066323101054e-05,,too_rare,,,
5348,0.0,,too_rare,,,
5349,0.0,,too_rare,,,
5350,0.0,,too_rare,,,
5351,2.8008066323101054e-05,,too_rare,,,
5352,0.0,,too_rare,,,
5353,0.0,,too_rare,,,
5354,0.0,,too_rare,,,
5355,0.0,,too_rare,,,
5356,0.0,,too_rare,,,
5357,0.0,,too_rare,,,
5358,5.601613264620211e-05,,too_rare,,,
5359,0.0,,too_rare,,,
5360,0.0,,too_rare,,,
5361,0.0,,too_rare,,,
5362,0.0,,too_rare,,,
5363,0.0,,too_rare,,,
5364,0.0,,too_rare,,,
5365,0.0,,too_rare,,,
5366,0.00022406453058480843,,too_rare,,,
5367,0.0,,too_rare,,,
5368,0.0,,too_rare,,,
5369,0.0,,too_rare,,,
5370,0.0,,too_rare,,,
5372,0.00011203226529240422,,too_rare,,,
5373,0.0,,too_rare,,,
5374,0.0,,too_rare,,,
5375,0.0,,too_rare,,,
5376,0.0,,too_rare,,,
5377,0.00011203226529240422,,too_rare,,,
5378,0.0,,too_rare,,,
5379,0.0,,too_rare,,,
5380,0.0,,too_rare,,,
5381,2.8008066323101054e-05,,too_rare,,,
5382,8.402419896930316e-05,,too_rare,,,
5383,0.0006441855254313242,,too_rare,,,
5384,2.8008066323101054e-05,,too_rare,,,
5385,0.0,,too_rare,,,
5386,2.8008066323101054e-05,,too_rare,,,
5387,0.0,,too_rare,,,
5388,5.601613264620211e-05,,too_rare,,,
5389,0.0,,too_rare,,,
5390,0.0,,too_rare,,,
5391,0.0,,too_rare,,,
5392,0.0,,too_rare,,,
5393,0.0,,too_rare,,,
5394,0.0,,too_rare,,,
5395,0.0,,too_rare,,,
5396,0.0,,too_rare,,,
5397,0.0,,too_rare,,,
5399,2.8008066323101054e-05,,too_rare,,,
5400,0.00016804839793860632,,too_rare,,,
5401,0.0,,too_rare,,,
5403,0.0,,too_rare,,,
5404,0.0,,too_rare,,,
5405,0.0,,too_rare,,,
5406,0.0,,too_rare,,,
5407,0.0,,too_rare,,,
5408,0.0,,too_rare,,,
5409,0.0,,too_rare,,,
5410,0.0,,too_rare,,,
5411,0.0,,too_rare,,,
5412,0.0,,too_rare,,,
5413,0.0,,too_rare,,,
5414,0.0,,too_rare,,,
5415,2.8008066323101054e-05,,too_rare,,,
5416,5.601613264620211e-05,,too_rare,,,
5417,2.8008066323101054e-05,,too_rare,,,
5418,8.402419896930316e-05,,too_rare,,,
5419,0.0,,too_rare,,,
5420,0.0,,too_rare,,,
5421,0.0,,too_rare,,,
5422,0.0,,too_rare,,,
5423,0.0,,too_rare,,,
5424,0.0,,too_rare,,,
5425,2.8008066323101054e-05,,too_rare,,,
5426,0.0,,too_rare,,,
5427,2.8008066323101054e-05,,too_rare,,,
5428,2.8008066323101054e-05,,too_rare,,,
5429,0.0005881693927851221,,too_rare,,,
5430,0.0,,too_rare,,,
5431,0.0,,too_rare,,,
5432,0.0,,too_rare,,,
5433,2.8008066323101054e-05,,too_rare,,,
5434,0.0,,too_rare,,,
5435,0.0,,too_rare,,,
5436,2.8008066323101054e-05,,too_rare,,,
5438,0.0,,too_rare,,,
5439,0.0,,too_rare,,,
5440,0.005349540667712301,,too_rare,,,
5441,0.0,,too_rare,,,
5443,0.0,,too_rare,,,
5444,2.8008066323101054e-05,,too_rare,,,
5445,0.0,,too_rare,,,
5446,0.008486444095899619,,too_rare,,,
5448,0.0,,too_rare,,,
5449,2.8008066323101054e-05,,too_rare,,,
5450,0.0,,too_rare,,,
5451,0.0,,too_rare,,,
5452,0.0,,too_rare,,,
5453,0.0,,too_rare,,,
5454,0.0,,too_rare,,,
5455,0.0,,too_rare,,,
5456,0.0,,too_rare,,,
5457,0.0,,too_rare,,,
5458,0.0,,too_rare,,,
5459,0.0,,too_rare,,,
5460,0.0,,too_rare,,,
5461,0.0,,too_rare,,,
5462,0.0,,too_rare,,,
5463,2.8008066323101054e-05,,too_rare,,,
5464,0.0,,too_rare,,,
5465,0.0,,too_rare,,,
5466,0.0,,too_rare,,,
5467,0.0,,too_rare,,,
5468,0.0,,too_rare,,,
5469,0.0,,too_rare,,,
5470,0.0,,too_rare,,,
5471,2.8008066323101054e-05,,too_rare,,,
5472,2.8008066323101054e-05,,too_rare,,,
5473,0.0,,too_rare,,,
5475,2.8008066323101054e-05,,too_rare,,,
5476,0.0,,too_rare,,,
5477,0.0,,too_rare,,,
5478,0.0,,too_rare,,,
5479,0.0,,too_rare,,,
5480,0.0,,too_rare,,,
5481,5.601613264620211e-05,,too_rare,,,
5482,0.0,,too_rare,,,
5483,0.0,,too_rare,,,
5485,0.0,,too_rare,,,
5486,0.0,,too_rare,,,
5487,0.0,,too_rare,,,
5488,0.0,,too_rare,,,
5489,0.0,,too_rare,,,
5490,0.0,,too_rare,,,
5491,0.0,,too_rare,,,
5492,0.0,,too_rare,,,
5493,0.0,,too_rare,,,
5494,0.0,,too_rare,,,
5495,0.0,,too_rare,,,
5496,0.0,,too_rare,,,
5497,0.0,,too_rare,,,
5498,0.0,,too_rare,,,
5499,0.0,,too_rare,,,
5500,0.0,,too_rare,,,
5501,0.0,,too_rare,,,
5502,0.0,,too_rare,,,
5503,0.0,,too_rare,,,
5504,0.0,,too_rare,,,
5505,0.0,,too_rare,,,
5506,0.0,,too_rare,,,
5507,0.0,,too_rare,,,
5508,0.0,,too_rare,,,
5509,0.0,,too_rare,,,
5510,0.00022406453058480843,,too_rare,,,
5511,2.8008066323101054e-05,,too_rare,,,
5512,0.0,,too_rare,,,
5513,0.0,,too_rare,,,
5514,0.0,,too_rare,,,
5515,0.0,,too_rare,,,
5516,0.0,,too_rare,,,
5517,0.0,,too_rare,,,
5518,0.0,,too_rare,,,
5519,0.0,,too_rare,,,
5520,0.0,,too_rare,,,
5523,0.0,,too_rare,,,
5524,0.0,,too_rare,,,
5525,0.0,,too_rare,,,
5526,0.0,,too_rare,,,
5527,0.0,,too_rare,,,
5528,0.0,,too_rare,,,
5529,0.0,,too_rare,,,
5530,0.0,,too_rare,,,
5531,2.8008066323101054e-05,,too_rare,,,
5532,2.8008066323101054e-05,,too_rare,,,
5533,0.0,,too_rare,,,
5534,5.601613264620211e-05,,too_rare,,,
5535,0.0,,too_rare,,,
5536,0.0,,too_rare,,,
5537,0.00011203226529240422,,too_rare,,,
5538,0.0,,too_rare,,,
5540,0.0,,too_rare,,,
5541,0.0,,too_rare,,,
5542,2.8008066323101054e-05,,too_rare,,,
5543,2.8008066323101054e-05,,too_rare,,,
5544,0.0,,too_rare,,,
5545,5.601613264620211e-05,,too_rare,,,
5546,0.0,,too_rare,,,
5547,0.0,,too_rare,,,
5548,0.0,,too_rare,,,
5551,0.0,,too_rare,,,
5552,0.0,,too_rare,,,
5554,2.8008066323101054e-05,,too_rare,,,
5555,0.0,,too_rare,,,
5556,0.0,,too_rare,,,
5558,0.0,,too_rare,,,
5559,0.0,,too_rare,,,
5560,0.0,,too_rare,,,
5561,5.601613264620211e-05,,too_rare,,,
5562,0.0,,too_rare,,,
5563,0.0,,too_rare,,,
5564,0.0,,too_rare,,,
5565,0.0,,too_rare,,,
5566,0.0,,too_rare,,,
5567,0.0,,too_rare,,,
5568,0.0,,too_rare,,,
5569,2.8008066323101054e-05,,too_rare,,,
5570,0.0,,too_rare,,,
5571,0.0,,too_rare,,,
5572,0.0,,too_rare,,,
5573,0.00011203226529240422,,too_rare,,,
5574,0.0,,too_rare,,,
5575,0.0,,too_rare,,,
5576,0.0,,too_rare,,,
5577,0.0,,too_rare,,,
5578,0.0,,too_rare,,,
5579,0.0,,too_rare,,,
5580,5.601613264620211e-05,,too_rare,,,
5581,0.0,,too_rare,,,
5582,0.0,,too_rare,,,
5583,0.0,,too_rare,,,
5584,2.8008066323101054e-05,,too_rare,,,
5585,2.8008066323101054e-05,,too_rare,,,
5586,0.0,,too_rare,,,
5587,0.0,,too_rare,,,
5588,0.0,,too_rare,,,
5589,0.0,,too_rare,,,
5590,2.8008066323101054e-05,,too_rare,,,
5591,2.8008066323101054e-05,,too_rare,,,
5593,2.8008066323101054e-05,,too_rare,,,
5594,0.0,,too_rare,,,
5595,0.0,,too_rare,,,
5596,0.0,,too_rare,,,
5597,2.8008066323101054e-05,,too_rare,,,
5598,2.8008066323101054e-05,,too_rare,,,
5599,0.0,,too_rare,,,
5600,0.0,,too_rare,,,
5601,0.0,,too_rare,,,
5602,0.001036298453954739,,too_rare,,,
5603,0.00019605646426170737,,too_rare,,,
5604,0.0,,too_rare,,,
5605,0.0,,too_rare,,,
5606,0.0,,too_rare,,,
5607,0.0,,too_rare,,,
5608,5.601613264620211e-05,,too_rare,,,
5609,0.0,,too_rare,,,
5610,0.00014004033161550526,,too_rare,,,
5611,0.0,,too_rare,,,
5612,0.0,,too_rare,,,
5613,0.0,,too_rare,,,
5614,0.0,,too_rare,,,
5615,0.0,,too_rare,,,
5616,0.0,,too_rare,,,
5617,0.0,,too_rare,,,
5618,0.0,,too_rare,,,
5619,2.8008066323101054e-05,,too_rare,,,
5620,0.00022406453058480843,,too_rare,,,
5621,0.0002520725969079095,,too_rare,,,
5622,0.0,,too_rare,,,
5623,0.0,,too_rare,,,
5624,0.0,,too_rare,,,
5625,0.00019605646426170737,,too_rare,,,
5626,0.0,,too_rare,,,
5627,0.0,,too_rare,,,
5628,0.0,,too_rare,,,
5629,0.0,,too_rare,,,
5630,0.0,,too_rare,,,
5631,0.0,,too_rare,,,
5632,0.0,,too_rare,,,
5633,2.8008066323101054e-05,,too_rare,,,
5634,0.0,,too_rare,,,
5635,2.8008066323101054e-05,,too_rare,,,
5636,0.0,,too_rare,,,
5637,0.00011203226529240422,,too_rare,,,
5638,0.00019605646426170737,,too_rare,,,
5639,0.0,,too_rare,,,
5640,0.0,,too_rare,,,
5641,0.0,,too_rare,,,
5642,5.601613264620211e-05,,too_rare,,,
5643,0.0,,too_rare,,,
5644,0.0,,too_rare,,,
5645,0.0,,too_rare,,,
5646,0.0,,too_rare,,,
5647,0.0,,too_rare,,,
5648,0.0,,too_rare,,,
5649,0.0,,too_rare,,,
5650,2.8008066323101054e-05,,too_rare,,,
5651,0.0,,too_rare,,,
5652,0.0,,too_rare,,,
5653,0.0,,too_rare,,,
5654,0.0,,too_rare,,,
5655,0.00036410486220031366,,too_rare,,,
5656,2.8008066323101054e-05,,too_rare,,,
5657,2.8008066323101054e-05,,too_rare,,,
5658,0.0,,too_rare,,,
5659,0.0,,too_rare,,,
5660,0.0,,too_rare,,,
5661,0.0,,too_rare,,,
5662,0.0,,too_rare,,,
5663,0.0,,too_rare,,,
5664,0.0,,too_rare,,,
5665,0.0,,too_rare,,,
5666,0.0,,too_rare,,,
5667,0.0,,too_rare,,,
5668,2.8008066323101054e-05,,too_rare,,,
5669,0.0,,too_rare,,,
5670,0.0,,too_rare,,,
5671,0.0,,too_rare,,,
5672,0.0,,too_rare,,,
5673,0.0,,too_rare,,,
5674,0.0,,too_rare,,,
5675,0.0,,too_rare,,,
5676,0.0,,too_rare,,,
5678,0.0,,too_rare,,,
5679,0.0,,too_rare,,,
5680,0.0,,too_rare,,,
5681,0.00033609679587721263,,too_rare,,,
5682,0.0,,too_rare,,,
5683,0.0,,too_rare,,,
5684,2.8008066323101054e-05,,too_rare,,,
5685,0.0,,too_rare,,,
5686,0.0,,too_rare,,,
5687,0.0,,too_rare,,,
5688,2.8008066323101054e-05,,too_rare,,,
5689,0.0,,too_rare,,,
5690,0.0,,too_rare,,,
5691,0.0,,too_rare,,,
5692,0.0,,too_rare,,,
5693,0.0,,too_rare,,,
5694,0.0,,too_rare,,,
5695,0.0,,too_rare,,,
5696,0.0,,too_rare,,,
5697,0.0,,too_rare,,,
5698,0.0,,too_rare,,,
5699,2.8008066323101054e-05,,too_rare,,,
5700,0.0,,too_rare,,,
5701,0.0,,too_rare,,,
5702,0.0,,too_rare,,,
5703,5.601613264620211e-05,,too_rare,,,
5704,0.0,,too_rare,,,
5705,2.8008066323101054e-05,,too_rare,,,
5706,0.0,,too_rare,,,
5707,0.0,,too_rare,,,
5708,0.0,,too_rare,,,
5709,0.0,,too_rare,,,
5710,0.0,,too_rare,,,
5711,0.0,,too_rare,,,
5712,0.0,,too_rare,,,
5713,0.0,,too_rare,,,
5714,0.0,,too_rare,,,
5715,2.8008066323101054e-05,,too_rare,,,
5716,0.0,,too_rare,,,
5717,0.0,,too_rare,,,
5719,0.0,,too_rare,,,
5720,0.0,,too_rare,,,
5721,0.0,,too_rare,,,
5722,0.0,,too_rare,,,
5723,0.0,,too_rare,,,
5724,0.0,,too_rare,,,
5725,0.0,,too_rare,,,
5726,0.0,,too_rare,,,
5727,0.0,,too_rare,,,
5728,0.0,,too_rare,,,
5729,0.0,,too_rare,,,
5730,2.8008066323101054e-05,,too_rare,,,
5731,2.8008066323101054e-05,,too_rare,,,
5732,0.0,,too_rare,,,
5733,0.003052879229218015,,too_rare,,,
5734,0.0,,too_rare,,,
5735,0.005349540667712301,,too_rare,,,
5736,0.0005881693927851221,,too_rare,,,
5737,0.0,,too_rare,,,
5738,0.0,,too_rare,,,
5739,0.0,,too_rare,,,
5740,0.0,,too_rare,,,
5741,0.0,,too_rare,,,
5742,0.0,,too_rare,,,
5743,5.601613264620211e-05,,too_rare,,,
5744,0.0,,too_rare,,,
5745,0.0,,too_rare,,,
5746,0.0,,too_rare,,,
5747,0.00039211292852341475,,too_rare,,,
5748,0.0,,too_rare,,,
5749,2.8008066323101054e-05,,too_rare,,,
5750,0.0,,too_rare,,,
5751,0.0,,too_rare,,,
5752,0.0,,too_rare,,,
5753,0.0,,too_rare,,,
5754,0.0,,too_rare,,,
5756,0.0,,too_rare,,,
5757,0.0,,too_rare,,,
5758,0.00016804839793860632,,too_rare,,,
5759,0.0,,too_rare,,,
5760,0.0,,too_rare,,,
5761,0.0,,too_rare,,,
5762,0.0,,too_rare,,,
5763,8.402419896930316e-05,,too_rare,,,
5764,0.0,,too_rare,,,
5765,0.0,,too_rare,,,
5766,0.0,,too_rare,,,
5767,0.0,,too_rare,,,
5768,0.0,,too_rare,,,
5769,0.0,,too_rare,,,
5770,0.0,,too_rare,,,
5771,0.0,,too_rare,,,
5772,0.0,,too_rare,,,
5773,0.0,,too_rare,,,
5774,0.0,,too_rare,,,
5775,0.0,,too_rare,,,
5776,0.0,,too_rare,,,
5777,0.0,,too_rare,,,
5778,0.0,,too_rare,,,
5779,2.8008066323101054e-05,,too_rare,,,
5780,0.0,,too_rare,,,
5781,0.0,,too_rare,,,
5782,0.0,,too_rare,,,
5783,0.0,,too_rare,,,
5784,0.0,,too_rare,,,
5785,0.0,,too_rare,,,
5786,0.0,,too_rare,,,
5787,0.0,,too_rare,,,
5788,2.8008066323101054e-05,,too_rare,,,
5789,0.0,,too_rare,,,
5790,2.8008066323101054e-05,,too_rare,,,
5791,0.0,,too_rare,,,
5792,0.0,,too_rare,,,
5793,0.0,,too_rare,,,
5794,2.8008066323101054e-05,,too_rare,,,
5795,5.601613264620211e-05,,too_rare,,,
5796,2.8008066323101054e-05,,too_rare,,,
5797,5.601613264620211e-05,,too_rare,,,
5798,0.0,,too_rare,,,
5799,0.0,,too_rare,,,
5800,0.0,,too_rare,,,
5801,0.0,,too_rare,,,
5802,0.0,,too_rare,,,
5803,0.0,,too_rare,,,
5804,0.00011203226529240422,,too_rare,,,
5805,0.0,,too_rare,,,
5806,0.0,,too_rare,,,
5807,0.0,,too_rare,,,
5808,0.0,,too_rare,,,
5809,2.8008066323101054e-05,,too_rare,,,
5810,0.0,,too_rare,,,
5811,0.0,,too_rare,,,
5812,0.0,,too_rare,,,
5813,0.0,,too_rare,,,
5814,0.0,,too_rare,,,
5815,0.003164911494510419,,too_rare,,,
5816,2.8008066323101054e-05,,too_rare,,,
5817,0.0,,too_rare,,,
5818,0.0,,too_rare,,,
5819,0.008934573157069236,,too_rare,,,
5820,0.0,,too_rare,,,
5821,0.0,,too_rare,,,
5822,0.0,,too_rare,,,
5823,0.00016804839793860632,,too_rare,,,
5824,0.0,,too_rare,,,
5825,8.402419896930316e-05,,too_rare,,,
5826,0.00033609679587721263,,too_rare,,,
5827,0.0,,too_rare,,,
5828,0.0,,too_rare,,,
5829,0.0,,too_rare,,,
5830,0.0,,too_rare,,,
5831,0.00011203226529240422,,too_rare,,,
5832,2.8008066323101054e-05,,too_rare,,,
5833,2.8008066323101054e-05,,too_rare,,,
5834,0.0,,too_rare,,,
5835,0.0,,too_rare,,,
5836,0.0,,too_rare,,,
5837,0.0002520725969079095,,too_rare,,,
5838,0.0,,too_rare,,,
5839,0.0,,too_rare,,,
5840,0.0,,too_rare,,,
5841,0.0,,too_rare,,,
5842,2.8008066323101054e-05,,too_rare,,,
5843,0.0,,too_rare,,,
5844,0.0,,too_rare,,,
5845,0.0,,too_rare,,,
5846,5.601613264620211e-05,,too_rare,,,
5847,0.0,,too_rare,,,
5848,0.0,,too_rare,,,
5850,0.0,,too_rare,,,
5851,0.0,,too_rare,,,
5852,0.0,,too_rare,,,
5854,0.0,,too_rare,,,
5855,0.0,,too_rare,,,
5858,0.0,,too_rare,,,
5859,0.0,,too_rare,,,
5860,2.8008066323101054e-05,,too_rare,,,
5861,0.0,,too_rare,,,
5863,0.0,,too_rare,,,
5864,0.0,,too_rare,,,
5866,0.0,,too_rare,,,
5867,0.0,,too_rare,,,
5868,0.0,,too_rare,,,
5869,0.0,,too_rare,,,
5870,2.8008066323101054e-05,,too_rare,,,
5871,2.8008066323101054e-05,,too_rare,,,
5872,0.0,,too_rare,,,
5874,0.0,,too_rare,,,
5875,0.0,,too_rare,,,
5876,0.0,,too_rare,,,
5877,0.0,,too_rare,,,
5878,0.0,,too_rare,,,
5880,2.8008066323101054e-05,,too_rare,,,
5881,0.00016804839793860632,,too_rare,,,
5882,0.0,,too_rare,,,
5883,0.0,,too_rare,,,
5884,5.601613264620211e-05,,too_rare,,,
5885,0.0,,too_rare,,,
5886,0.0,,too_rare,,,
5887,2.8008066323101054e-05,,too_rare,,,
5888,0.0,,too_rare,,,
5889,0.0,,too_rare,,,
5890,0.0007842258570468295,,too_rare,,,
5891,0.0,,too_rare,,,
5892,0.0,,too_rare,,,
5893,0.0,,too_rare,,,
5894,0.0,,too_rare,,,
5895,2.8008066323101054e-05,,too_rare,,,
5896,5.601613264620211e-05,,too_rare,,,
5897,0.0,,too_rare,,,
5898,0.0,,too_rare,,,
5899,0.0,,too_rare,,,
5900,0.0,,too_rare,,,
5901,0.0,,too_rare,,,
5902,2.8008066323101054e-05,,too_rare,,,
5903,0.0,,too_rare,,,
5904,0.0,,too_rare,,,
5905,5.601613264620211e-05,,too_rare,,,
5906,0.0,,too_rare,,,
5907,0.0,,too_rare,,,
5908,0.0,,too_rare,,,
5909,0.0,,too_rare,,,
5910,0.0,,too_rare,,,
5911,0.0,,too_rare,,,
5912,0.0008402419896930316,,too_rare,,,
5913,0.0,,too_rare,,,
5914,2.8008066323101054e-05,,too_rare,,,
5915,0.0,,too_rare,,,
5916,0.0012323549182164464,,too_rare,,,
5917,0.0,,too_rare,,,
5918,2.8008066323101054e-05,,too_rare,,,
5919,0.0,,too_rare,,,
5920,0.00011203226529240422,,too_rare,,,
5921,0.0,,too_rare,,,
5922,0.0,,too_rare,,,
5923,0.0,,too_rare,,,
5924,2.8008066323101054e-05,,too_rare,,,
5925,0.00044812906116961686,,too_rare,,,
5926,0.0,,too_rare,,,
5927,0.0,,too_rare,,,
5928,0.0,,too_rare,,,
5929,0.0,,too_rare,,,
5930,0.0,,too_rare,,,
5931,0.00053215326013892,,too_rare,,,
5932,0.0,,too_rare,,,
5933,0.0,,too_rare,,,
5934,2.8008066323101054e-05,,too_rare,,,
5935,0.0,,too_rare,,,
5936,0.0,,too_rare,,,
5937,0.0,,too_rare,,,
5938,0.0,,too_rare,,,
5939,0.0,,too_rare,,,
5940,0.0,,too_rare,,,
5941,0.0,,too_rare,,,
5942,0.0,,too_rare,,,
5943,2.8008066323101054e-05,,too_rare,,,
5944,2.8008066323101054e-05,,too_rare,,,
5945,0.0,,too_rare,,,
5946,2.8008066323101054e-05,,too_rare,,,
5947,0.0,,too_rare,,,
5948,0.0,,too_rare,,,
5949,0.0,,too_rare,,,
5950,0.0,,too_rare,,,
5951,0.0,,too_rare,,,
5952,0.00019605646426170737,,too_rare,,,
5953,0.0,,too_rare,,,
5954,0.0,,too_rare,,,
5955,0.0,,too_rare,,,
5956,0.0,,too_rare,,,
5957,5.601613264620211e-05,,too_rare,,,
5958,0.0,,too_rare,,,
5959,0.0,,too_rare,,,
5960,0.0,,too_rare,,,
5961,0.0,,too_rare,,,
5962,2.8008066323101054e-05,,too_rare,,,
5963,0.0,,too_rare,,,
5965,0.0,,too_rare,,,
5966,0.0,,too_rare,,,
5967,0.0,,too_rare,,,
5968,0.0,,too_rare,,,
5969,0.0,,too_rare,,,
5970,0.0,,too_rare,,,
5971,5.601613264620211e-05,,too_rare,,,
5972,0.0,,too_rare,,,
5973,0.0,,too_rare,,,
5974,0.0,,too_rare,,,
5975,0.0017645081783553664,,too_rare,,,
5976,0.0,,too_rare,,,
5977,0.0,,too_rare,,,
5978,0.0,,too_rare,,,
5979,0.0,,too_rare,,,
5980,0.0,,too_rare,,,
5981,0.0,,too_rare,,,
5982,0.0,,too_rare,,,
5983,0.0,,too_rare,,,
5984,0.0,,too_rare,,,
5985,0.0,,too_rare,,,
5986,0.0,,too_rare,,,
5987,2.8008066323101054e-05,,too_rare,,,
5988,0.0,,too_rare,,,
5989,0.0046213309433116734,,too_rare,,,
5990,2.8008066323101054e-05,,too_rare,,,
5991,0.001036298453954739,,too_rare,,,
5992,0.0,,too_rare,,,
5993,0.0,,too_rare,,,
5994,2.8008066323101054e-05,,too_rare,,,
5995,0.0,,too_rare,,,
5996,0.0,,too_rare,,,
5997,0.0,,too_rare,,,
5998,0.0,,too_rare,,,
5999,0.0,,too_rare,,,
6000,0.0,,too_rare,,,
6001,5.601613264620211e-05,,too_rare,,,
6002,0.0,,too_rare,,,
6003,0.0,,too_rare,,,
6004,2.8008066323101054e-05,,too_rare,,,
6005,0.0,,too_rare,,,
6006,0.0,,too_rare,,,
6007,0.0,,too_rare,,,
6008,0.0,,too_rare,,,
6009,0.0,,too_rare,,,
6011,0.0,,too_rare,,,
6012,0.0,,too_rare,,,
6013,0.0,,too_rare,,,
6014,0.0,,too_rare,,,
6015,0.0,,too_rare,,,
6016,0.0,,too_rare,,,
6017,0.0,,too_rare,,,
6019,0.0,,too_rare,,,
6020,0.0,,too_rare,,,
6021,0.0,,too_rare,,,
6022,2.8008066323101054e-05,,too_rare,,,
6023,0.0,,too_rare,,,
6024,2.8008066323101054e-05,,too_rare,,,
6025,0.0,,too_rare,,,
6027,0.00016804839793860632,,too_rare,,,
6029,0.0,,too_rare,,,
6030,0.0,,too_rare,,,
6031,0.0,,too_rare,,,
6032,0.0,,too_rare,,,
6033,0.0,,too_rare,,,
6034,5.601613264620211e-05,,too_rare,,,
6035,0.0,,too_rare,,,
6036,2.8008066323101054e-05,,too_rare,,,
6037,0.0,,too_rare,,,
6038,2.8008066323101054e-05,,too_rare,,,
6039,0.0,,too_rare,,,
6040,0.00053215326013892,,too_rare,,,
6041,0.0,,too_rare,,,
6042,0.00014004033161550526,,too_rare,,,
6043,0.0,,too_rare,,,
6044,2.8008066323101054e-05,,too_rare,,,
6045,0.0,,too_rare,,,
6046,0.0,,too_rare,,,
6047,0.0,,too_rare,,,
6048,2.8008066323101054e-05,,too_rare,,,
6049,5.601613264620211e-05,,too_rare,,,
6050,0.0,,too_rare,,,
6051,0.0,,too_rare,,,
6052,0.0,,too_rare,,,
6053,0.0,,too_rare,,,
6054,0.0,,too_rare,,,
6055,0.0,,too_rare,,,
6056,0.0,,too_rare,,,
6057,2.8008066323101054e-05,,too_rare,,,
6058,2.8008066323101054e-05,,too_rare,,,
6059,0.0,,too_rare,,,
6060,0.0,,too_rare,,,
6061,0.0,,too_rare,,,
6062,2.8008066323101054e-05,,too_rare,,,
6063,8.402419896930316e-05,,too_rare,,,
6064,0.0,,too_rare,,,
6065,0.0,,too_rare,,,
6066,0.0,,too_rare,,,
6067,2.8008066323101054e-05,,too_rare,,,
6068,0.0,,too_rare,,,
6069,0.0,,too_rare,,,
6070,2.8008066323101054e-05,,too_rare,,,
6071,0.0,,too_rare,,,
6072,0.0,,too_rare,,,
6073,0.0,,too_rare,,,
6074,0.0,,too_rare,,,
6075,0.0,,too_rare,,,
6076,2.8008066323101054e-05,,too_rare,,,
6078,0.00014004033161550526,,too_rare,,,
6079,0.0,,too_rare,,,
6080,0.0,,too_rare,,,
6081,0.0,,too_rare,,,
6082,0.0,,too_rare,,,
6083,0.0,,too_rare,,,
6084,0.0,,too_rare,,,
6085,0.002184629173201882,,too_rare,,,
6086,0.0,,too_rare,,,
6087,0.0,,too_rare,,,
6088,0.0,,too_rare,,,
6089,0.0,,too_rare,,,
6090,8.402419896930316e-05,,too_rare,,,
6091,0.0,,too_rare,,,
6092,0.0002800806632310105,,too_rare,,,
6093,0.0,,too_rare,,,
6094,8.402419896930316e-05,,too_rare,,,
6095,0.0,,too_rare,,,
6096,0.0,,too_rare,,,
6097,2.8008066323101054e-05,,too_rare,,,
6098,0.0,,too_rare,,,
6099,5.601613264620211e-05,,too_rare,,,
6101,0.0,,too_rare,,,
6102,0.0,,too_rare,,,
6103,0.0,,too_rare,,,
6104,0.0,,too_rare,,,
6105,0.0,,too_rare,,,
6106,0.0,,too_rare,,,
6107,0.0,,too_rare,,,
6108,0.0,,too_rare,,,
6109,0.0,,too_rare,,,
6110,0.0,,too_rare,,,
6111,0.0,,too_rare,,,
6112,0.0,,too_rare,,,
6113,0.0,,too_rare,,,
6114,0.0,,too_rare,,,
6115,0.0,,too_rare,,,
6116,0.0,,too_rare,,,
6117,0.0,,too_rare,,,
6118,0.0,,too_rare,,,
6119,0.0,,too_rare,,,
6120,0.0,,too_rare,,,
6121,0.0,,too_rare,,,
6122,0.0,,too_rare,,,
6123,0.0,,too_rare,,,
6124,0.0,,too_rare,,,
6125,0.0,,too_rare,,,
6126,0.0,,too_rare,,,
6127,0.0,,too_rare,,,
6128,0.0,,too_rare,,,
6129,2.8008066323101054e-05,,too_rare,,,
6130,0.0,,too_rare,,,
6131,0.0,,too_rare,,,
6132,8.402419896930316e-05,,too_rare,,,
6133,0.0,,too_rare,,,
6134,0.0,,too_rare,,,
6135,0.0,,too_rare,,,
6136,0.0,,too_rare,,,
6137,0.0,,too_rare,,,
6138,2.8008066323101054e-05,,too_rare,,,
6139,2.8008066323101054e-05,,too_rare,,,
6140,0.0,,too_rare,,,
6141,5.601613264620211e-05,,too_rare,,,
6142,0.0,,too_rare,,,
6143,0.0,,too_rare,,,
6144,2.8008066323101054e-05,,too_rare,,,
6145,0.0,,too_rare,,,
6146,8.402419896930316e-05,,too_rare,,,
6147,0.0,,too_rare,,,
6148,5.601613264620211e-05,,too_rare,,,
6149,0.0,,too_rare,,,
6150,2.8008066323101054e-05,,too_rare,,,
6151,2.8008066323101054e-05,,too_rare,,,
6152,0.0,,too_rare,,,
6154,0.0,,too_rare,,,
6155,0.0,,too_rare,,,
6156,0.0,,too_rare,,,
6157,0.0,,too_rare,,,
6158,0.0,,too_rare,,,
6159,0.0,,too_rare,,,
6160,0.0,,too_rare,,,
6161,0.0,,too_rare,,,
6162,8.402419896930316e-05,,too_rare,,,
6163,0.0,,too_rare,,,
6164,0.0,,too_rare,,,
6165,2.8008066323101054e-05,,too_rare,,,
6167,0.0,,too_rare,,,
6168,0.0,,too_rare,,,
6169,0.0,,too_rare,,,
6170,0.0,,too_rare,,,
6171,0.0,,too_rare,,,
6172,0.0,,too_rare,,,
6173,0.0,,too_rare,,,
6174,0.0,,too_rare,,,
6175,0.0,,too_rare,,,
6176,0.0,,too_rare,,,
6177,2.8008066323101054e-05,,too_rare,,,
6178,0.0,,too_rare,,,
6179,0.0,,too_rare,,,
6180,0.0,,too_rare,,,
6181,0.0,,too_rare,,,
6182,0.0,,too_rare,,,
6183,0.0,,too_rare,,,
6184,0.0,,too_rare,,,
6185,0.0,,too_rare,,,
6186,0.0,,too_rare,,,
6187,0.0,,too_rare,,,
6188,2.8008066323101054e-05,,too_rare,,,
6189,0.0,,too_rare,,,
6190,0.0,,too_rare,,,
6191,0.0,,too_rare,,,
6192,0.0,,too_rare,,,
6193,0.0,,too_rare,,,
6194,0.0,,too_rare,,,
6195,0.0,,too_rare,,,
6196,0.0,,too_rare,,,
6197,0.001092314586600941,,too_rare,,,
6198,0.0,,too_rare,,,
6199,0.0,,too_rare,,,
6200,2.8008066323101054e-05,,too_rare,,,
6201,5.601613264620211e-05,,too_rare,,,
6202,0.0,,too_rare,,,
6203,0.0,,too_rare,,,
6204,0.0,,too_rare,,,
6205,0.0,,too_rare,,,
6206,0.0,,too_rare,,,
6207,0.0,,too_rare,,,
6208,0.0,,too_rare,,,
6209,0.0,,too_rare,,,
6210,0.0,,too_rare,,,
6211,0.0,,too_rare,,,
6212,0.0,,too_rare,,,
6213,0.0,,too_rare,,,
6214,0.0,,too_rare,,,
6215,0.0,,too_rare,,,
6216,0.003613040555680036,,too_rare,,,
6217,0.0,,too_rare,,,
6218,0.0,,too_rare,,,
6219,0.0,,too_rare,,,
6220,2.8008066323101054e-05,,too_rare,,,
6221,0.0,,too_rare,,,
6222,0.0,,too_rare,,,
6223,0.0,,too_rare,,,
6224,0.0,,too_rare,,,
6225,0.0,,too_rare,,,
6226,0.0,,too_rare,,,
6227,0.0,,too_rare,,,
6228,2.8008066323101054e-05,,too_rare,,,
6229,0.0,,too_rare,,,
6230,0.0002800806632310105,,too_rare,,,
6231,0.0,,too_rare,,,
6232,0.0,,too_rare,,,
6233,0.0,,too_rare,,,
6234,0.0,,too_rare,,,
6235,0.0,,too_rare,,,
6236,0.0,,too_rare,,,
6237,0.0,,too_rare,,,
6238,0.0,,too_rare,,,
6239,0.0,,too_rare,,,
6240,0.0,,too_rare,,,
6241,0.0,,too_rare,,,
6242,0.0,,too_rare,,,
6243,0.0,,too_rare,,,
6244,0.0,,too_rare,,,
6245,0.0,,too_rare,,,
6247,0.0,,too_rare,,,
6248,0.0,,too_rare,,,
6249,0.0,,too_rare,,,
6250,0.0,,too_rare,,,
6251,2.8008066323101054e-05,,too_rare,,,
6252,0.0,,too_rare,,,
6253,0.0,,too_rare,,,
6254,0.0,,too_rare,,,
6255,0.0,,too_rare,,,
6256,0.0,,too_rare,,,
6257,0.0,,too_rare,,,
6258,2.8008066323101054e-05,,too_rare,,,
6259,0.0,,too_rare,,,
6261,0.00036410486220031366,,too_rare,,,
6262,0.0,,too_rare,,,
6263,0.002576742101725297,,too_rare,,,
6264,0.0,,too_rare,,,
6265,0.0,,too_rare,,,
6266,8.402419896930316e-05,,too_rare,,,
6267,0.0,,too_rare,,,
6268,2.8008066323101054e-05,,too_rare,,,
6269,0.0,,too_rare,,,
6270,0.0,,too_rare,,,
6271,0.0,,too_rare,,,
6272,0.0,,too_rare,,,
6273,0.0,,too_rare,,,
6274,8.402419896930316e-05,,too_rare,,,
6275,2.8008066323101054e-05,,too_rare,,,
6276,0.0,,too_rare,,,
6277,0.0,,too_rare,,,
6278,0.0,,too_rare,,,
6279,0.0,,too_rare,,,
6280,2.8008066323101054e-05,,too_rare,,,
6281,0.0,,too_rare,,,
6282,0.0,,too_rare,,,
6283,0.0,,too_rare,,,
6284,0.0,,too_rare,,,
6285,0.0,,too_rare,,,
6286,0.0,,too_rare,,,
6287,0.0,,too_rare,,,
6288,0.0069179923818059605,,too_rare,,,
6289,0.0,,too_rare,,,
6290,0.0,,too_rare,,,
6291,0.0,,too_rare,,,
6292,2.8008066323101054e-05,,too_rare,,,
6293,0.0,,too_rare,,,
6294,0.0,,too_rare,,,
6295,5.601613264620211e-05,,too_rare,,,
6296,0.0,,too_rare,,,
6297,0.0,,too_rare,,,
6298,0.0,,too_rare,,,
6299,0.001148330719247143,,too_rare,,,
6300,0.0,,too_rare,,,
6301,0.0,,too_rare,,,
6302,0.0,,too_rare,,,
6303,0.0,,too_rare,,,
6304,0.0,,too_rare,,,
6305,2.8008066323101054e-05,,too_rare,,,
6306,0.0,,too_rare,,,
6307,0.0,,too_rare,,,
6308,0.0,,too_rare,,,
6310,0.0,,too_rare,,,
6311,2.8008066323101054e-05,,too_rare,,,
6312,0.0,,too_rare,,,
6313,0.0,,too_rare,,,
6314,0.0,,too_rare,,,
6315,0.0034449921577414297,,too_rare,,,
6316,0.0,,too_rare,,,
6317,0.0,,too_rare,,,
6319,0.0,,too_rare,,,
6320,2.8008066323101054e-05,,too_rare,,,
6321,0.0,,too_rare,,,
6322,0.0,,too_rare,,,
6323,0.0,,too_rare,,,
6324,0.0,,too_rare,,,
6325,0.0,,too_rare,,,
6327,0.0,,too_rare,,,
6328,2.8008066323101054e-05,,too_rare,,,
6329,0.0,,too_rare,,,
6330,0.0,,too_rare,,,
6331,0.00039211292852341475,,too_rare,,,
6332,0.0,,too_rare,,,
6333,0.0,,too_rare,,,
6334,0.0,,too_rare,,,
6335,0.0,,too_rare,,,
6336,0.0,,too_rare,,,
6337,0.0,,too_rare,,,
6338,0.0,,too_rare,,,
6339,2.8008066323101054e-05,,too_rare,,,
6340,0.0,,too_rare,,,
6341,0.0,,too_rare,,,
6342,0.0,,too_rare,,,
6343,0.0,,too_rare,,,
6344,0.0,,too_rare,,,
6345,0.0,,too_rare,,,
6346,0.0,,too_rare,,,
6347,0.0,,too_rare,,,
6348,0.0,,too_rare,,,
6349,2.8008066323101054e-05,,too_rare,,,
6350,0.0,,too_rare,,,
6351,0.0,,too_rare,,,
6352,0.0,,too_rare,,,
6353,5.601613264620211e-05,,too_rare,,,
6354,0.0,,too_rare,,,
6355,0.0,,too_rare,,,
6356,0.0,,too_rare,,,
6357,0.0,,too_rare,,,
6358,2.8008066323101054e-05,,too_rare,,,
6359,0.0,,too_rare,,,
6360,0.0,,too_rare,,,
6361,0.0,,too_rare,,,
6362,0.0,,too_rare,,,
6363,2.8008066323101054e-05,,too_rare,,,
6364,5.601613264620211e-05,,too_rare,,,
6365,0.0,,too_rare,,,
6366,0.0,,too_rare,,,
6367,2.8008066323101054e-05,,too_rare,,,
6368,0.0,,too_rare,,,
6369,0.0,,too_rare,,,
6370,0.0,,too_rare,,,
6371,0.0,,too_rare,,,
6372,0.0,,too_rare,,,
6373,0.0,,too_rare,,,
6375,0.0,,too_rare,,,
6376,0.0,,too_rare,,,
6377,0.0,,too_rare,,,
6378,0.0,,too_rare,,,
6379,0.0,,too_rare,,,
6380,0.0,,too_rare,,,
6381,0.0,,too_rare,,,
6382,0.0,,too_rare,,,
6383,0.0,,too_rare,,,
6384,0.0,,too_rare,,,
6385,0.0,,too_rare,,,
6386,0.0,,too_rare,,,
6387,2.8008066323101054e-05,,too_rare,,,
6388,0.0,,too_rare,,,
6389,0.0,,too_rare,,,
6390,0.00014004033161550526,,too_rare,,,
6391,0.0,,too_rare,,,
6392,0.0,,too_rare,,,
6393,0.0006441855254313242,,too_rare,,,
6394,0.0,,too_rare,,,
6395,2.8008066323101054e-05,,too_rare,,,
6396,0.0,,too_rare,,,
6397,0.0,,too_rare,,,
6398,0.0,,too_rare,,,
6399,2.8008066323101054e-05,,too_rare,,,
6401,0.0,,too_rare,,,
6402,0.0,,too_rare,,,
6403,0.0,,too_rare,,,
6404,0.0,,too_rare,,,
6405,0.0,,too_rare,,,
6406,0.0,,too_rare,,,
6407,0.0,,too_rare,,,
6408,0.0,,too_rare,,,
6409,0.0,,too_rare,,,
6410,0.0,,too_rare,,,
6411,0.0011763387855702441,,too_rare,,,
6412,0.008962581223392337,,too_rare,,,
6413,2.8008066323101054e-05,,too_rare,,,
6414,0.0002520725969079095,,too_rare,,,
6415,0.0,,too_rare,,,
6416,0.0,,too_rare,,,
6417,0.0,,too_rare,,,
6418,0.0,,too_rare,,,
6419,0.0,,too_rare,,,
6420,0.0,,too_rare,,,
6421,0.0,,too_rare,,,
6422,8.402419896930316e-05,,too_rare,,,
6423,0.0,,too_rare,,,
6424,0.0,,too_rare,,,
6425,0.0,,too_rare,,,
6426,0.0,,too_rare,,,
6427,0.0,,too_rare,,,
6428,0.0,,too_rare,,,
6429,2.8008066323101054e-05,,too_rare,,,
6431,0.0,,too_rare,,,
6432,0.0,,too_rare,,,
6433,0.0,,too_rare,,,
6434,0.0,,too_rare,,,
6435,0.0,,too_rare,,,
6436,0.0,,too_rare,,,
6437,8.402419896930316e-05,,too_rare,,,
6438,2.8008066323101054e-05,,too_rare,,,
6439,0.0,,too_rare,,,
6440,0.0,,too_rare,,,
6441,0.0004201209948465158,,too_rare,,,
6442,0.00011203226529240422,,too_rare,,,
6443,0.0,,too_rare,,,
6444,0.0,,too_rare,,,
6445,0.0,,too_rare,,,
6446,0.0,,too_rare,,,
6447,0.0,,too_rare,,,
6448,0.0,,too_rare,,,
6449,0.0,,too_rare,,,
6450,0.0,,too_rare,,,
6451,2.8008066323101054e-05,,too_rare,,,
6452,0.0,,too_rare,,,
6453,0.0,,too_rare,,,
6454,0.0,,too_rare,,,
6455,0.0,,too_rare,,,
6456,0.0,,too_rare,,,
6457,0.0,,too_rare,,,
6458,0.0,,too_rare,,,
6459,0.0,,too_rare,,,
6460,0.0,,too_rare,,,
6461,0.0,,too_rare,,,
6462,0.0008682500560161327,,too_rare,,,
6463,0.0,,too_rare,,,
6464,0.0,,too_rare,,,
6465,0.0,,too_rare,,,
6466,2.8008066323101054e-05,,too_rare,,,
6467,0.0,,too_rare,,,
6468,0.0,,too_rare,,,
6469,8.402419896930316e-05,,too_rare,,,
6470,2.8008066323101054e-05,,too_rare,,,
6471,0.0,,too_rare,,,
6472,0.0,,too_rare,,,
6473,0.0,,too_rare,,,
6474,0.0,,too_rare,,,
6475,0.0,,too_rare,,,
6476,5.601613264620211e-05,,too_rare,,,
6477,8.402419896930316e-05,,too_rare,,,
6478,0.0,,too_rare,,,
6479,0.0,,too_rare,,,
6480,0.0,,too_rare,,,
6481,2.8008066323101054e-05,,too_rare,,,
6482,0.0,,too_rare,,,
6483,0.0,,too_rare,,,
6484,0.0,,too_rare,,,
6485,0.0,,too_rare,,,
6486,0.00011203226529240422,,too_rare,,,
6487,0.0,,too_rare,,,
6488,0.0,,too_rare,,,
6489,0.0,,too_rare,,,
6490,0.0,,too_rare,,,
6491,0.0,,too_rare,,,
6492,0.0,,too_rare,,,
6494,0.0,,too_rare,,,
6495,0.0,,too_rare,,,
6496,0.0,,too_rare,,,
6497,0.0,,too_rare,,,
6498,0.0,,too_rare,,,
6499,2.8008066323101054e-05,,too_rare,,,
6500,0.0,,too_rare,,,
6502,0.0,,too_rare,,,
6503,0.0,,too_rare,,,
6504,2.8008066323101054e-05,,too_rare,,,
6505,0.0,,too_rare,,,
6506,0.0,,too_rare,,,
6507,0.0008402419896930316,,too_rare,,,
6508,0.0,,too_rare,,,
6509,0.0,,too_rare,,,
6510,0.0,,too_rare,,,
6511,0.0,,too_rare,,,
6512,0.0,,too_rare,,,
6513,0.0,,too_rare,,,
6515,0.0,,too_rare,,,
6516,0.0014284113824781536,,too_rare,,,
6517,0.0,,too_rare,,,
6518,0.0,,too_rare,,,
6519,0.0,,too_rare,,,
6520,0.007114048846067668,,too_rare,,,
6521,0.0,,too_rare,,,
6523,0.0004761371274927179,,too_rare,,,
6524,0.0,,too_rare,,,
6525,2.8008066323101054e-05,,too_rare,,,
6526,0.0,,too_rare,,,
6527,0.0,,too_rare,,,
6528,2.8008066323101054e-05,,too_rare,,,
6529,2.8008066323101054e-05,,too_rare,,,
6530,0.0,,too_rare,,,
6531,0.0,,too_rare,,,
6532,0.0,,too_rare,,,
6533,0.0,,too_rare,,,
6534,0.0,,too_rare,,,
6535,0.0,,too_rare,,,
6536,0.0,,too_rare,,,
6537,2.8008066323101054e-05,,too_rare,,,
6538,0.0,,too_rare,,,
6539,5.601613264620211e-05,,too_rare,,,
6540,0.0,,too_rare,,,
6541,0.0,,too_rare,,,
6542,0.0,,too_rare,,,
6543,0.0,,too_rare,,,
6544,0.0,,too_rare,,,
6545,0.0,,too_rare,,,
6546,0.0,,too_rare,,,
6547,0.0,,too_rare,,,
6548,0.0,,too_rare,,,
6549,5.601613264620211e-05,,too_rare,,,
6550,0.00016804839793860632,,too_rare,,,
6551,0.0,,too_rare,,,
6552,0.0,,too_rare,,,
6553,0.0,,too_rare,,,
6554,0.0,,too_rare,,,
6555,0.0,,too_rare,,,
6556,2.8008066323101054e-05,,too_rare,,,
6557,0.0,,too_rare,,,
6558,0.0,,too_rare,,,
6559,0.0,,too_rare,,,
6560,0.0,,too_rare,,,
6561,0.0,,too_rare,,,
6562,0.0,,too_rare,,,
6563,0.0,,too_rare,,,
6564,0.0,,too_rare,,,
6565,0.0,,too_rare,,,
6566,0.0,,too_rare,,,
6567,2.8008066323101054e-05,,too_rare,,,
6568,8.402419896930316e-05,,too_rare,,,
6569,2.8008066323101054e-05,,too_rare,,,
6570,2.8008066323101054e-05,,too_rare,,,
6571,0.0,,too_rare,,,
6572,0.0,,too_rare,,,
6573,0.0,,too_rare,,,
6574,2.8008066323101054e-05,,too_rare,,,
6575,0.0,,too_rare,,,
6576,0.0,,too_rare,,,
6577,2.8008066323101054e-05,,too_rare,,,
6578,0.0,,too_rare,,,
6579,0.0,,too_rare,,,
6580,0.0,,too_rare,,,
6581,0.0,,too_rare,,,
6582,0.0,,too_rare,,,
6583,0.0,,too_rare,,,
6584,0.0,,too_rare,,,
6585,2.8008066323101054e-05,,too_rare,,,
6586,2.8008066323101054e-05,,too_rare,,,
6587,0.0,,too_rare,,,
6588,5.601613264620211e-05,,too_rare,,,
6589,0.0,,too_rare,,,
6590,0.0,,too_rare,,,
6591,0.0,,too_rare,,,
6592,0.0,,too_rare,,,
6593,0.0,,too_rare,,,
6594,0.0,,too_rare,,,
6595,0.0,,too_rare,,,
6596,0.0,,too_rare,,,
6597,0.0,,too_rare,,,
6598,0.0,,too_rare,,,
6599,0.0,,too_rare,,,
6600,5.601613264620211e-05,,too_rare,,,
6601,5.601613264620211e-05,,too_rare,,,
6602,0.0,,too_rare,,,
6603,0.0,,too_rare,,,
6604,0.0,,too_rare,,,
6605,2.8008066323101054e-05,,too_rare,,,
6606,0.0,,too_rare,,,
6607,0.0,,too_rare,,,
6608,0.0,,too_rare,,,
6609,2.8008066323101054e-05,,too_rare,,,
6610,0.0,,too_rare,,,
6611,5.601613264620211e-05,,too_rare,,,
6613,0.0,,too_rare,,,
6614,0.0,,too_rare,,,
6615,0.0,,too_rare,,,
6617,0.0,,too_rare,,,
6618,0.0002520725969079095,,too_rare,,,
6619,0.0005881693927851221,,too_rare,,,
6620,0.0,,too_rare,,,
6621,8.402419896930316e-05,,too_rare,,,
6622,0.0,,too_rare,,,
6623,0.0,,too_rare,,,
6624,0.0,,too_rare,,,
6625,0.0,,too_rare,,,
6626,0.0,,too_rare,,,
6627,5.601613264620211e-05,,too_rare,,,
6628,0.0,,too_rare,,,
6629,0.0,,too_rare,,,
6630,0.0,,too_rare,,,
6631,0.0,,too_rare,,,
6632,2.8008066323101054e-05,,too_rare,,,
6633,0.0,,too_rare,,,
6634,0.0,,too_rare,,,
6635,8.402419896930316e-05,,too_rare,,,
6636,5.601613264620211e-05,,too_rare,,,
6637,0.0,,too_rare,,,
6638,0.0,,too_rare,,,
6639,0.0,,too_rare,,,
6640,0.0,,too_rare,,,
6642,0.0,,too_rare,,,
6643,0.0,,too_rare,,,
6644,0.0,,too_rare,,,
6645,0.0,,too_rare,,,
6646,0.0,,too_rare,,,
6647,8.402419896930316e-05,,too_rare,,,
6648,0.0,,too_rare,,,
6649,0.0,,too_rare,,,
6650,0.0,,too_rare,,,
6651,2.8008066323101054e-05,,too_rare,,,
6653,0.0,,too_rare,,,
6654,0.0,,too_rare,,,
6655,0.0,,too_rare,,,
6656,0.0,,too_rare,,,
6657,2.8008066323101054e-05,,too_rare,,,
6659,2.8008066323101054e-05,,too_rare,,,
6660,0.0,,too_rare,,,
6661,0.0,,too_rare,,,
6662,0.0,,too_rare,,,
6663,0.0,,too_rare,,,
6664,0.0,,too_rare,,,
6665,0.0,,too_rare,,,
6666,2.8008066323101054e-05,,too_rare,,,
6667,5.601613264620211e-05,,too_rare,,,
6668,0.0,,too_rare,,,
6669,0.0,,too_rare,,,
6670,0.0,,too_rare,,,
6671,2.8008066323101054e-05,,too_rare,,,
6672,0.0,,too_rare,,,
6674,0.0,,too_rare,,,
6675,0.0,,too_rare,,,
6676,0.00014004033161550526,,too_rare,,,
6677,0.0,,too_rare,,,
6678,0.0,,too_rare,,,
6679,0.0,,too_rare,,,
6680,0.0,,too_rare,,,
6681,0.0,,too_rare,,,
6682,0.0,,too_rare,,,
6684,0.0,,too_rare,,,
6685,0.0,,too_rare,,,
6686,0.0,,too_rare,,,
6687,2.8008066323101054e-05,,too_rare,,,
6688,8.402419896930316e-05,,too_rare,,,
6689,0.0,,too_rare,,,
6690,0.0,,too_rare,,,
6691,0.0,,too_rare,,,
6692,2.8008066323101054e-05,,too_rare,,,
6693,0.0,,too_rare,,,
6694,0.0,,too_rare,,,
6695,0.0,,too_rare,,,
6696,0.0,,too_rare,,,
6697,0.00014004033161550526,,too_rare,,,
6698,2.8008066323101054e-05,,too_rare,,,
6699,0.0,,too_rare,,,
6700,0.0,,too_rare,,,
6701,0.0,,too_rare,,,
6702,0.0,,too_rare,,,
6703,0.0,,too_rare,,,
6704,2.8008066323101054e-05,,too_rare,,,
6705,0.0,,too_rare,,,
6706,0.0,,too_rare,,,
6707,0.0,,too_rare,,,
6708,0.0,,too_rare,,,
6710,0.0,,too_rare,,,
6711,0.0,,too_rare,,,
6712,5.601613264620211e-05,,too_rare,,,
6713,5.601613264620211e-05,,too_rare,,,
6714,0.0,,too_rare,,,
6715,0.0,,too_rare,,,
6716,8.402419896930316e-05,,too_rare,,,
6717,0.0,,too_rare,,,
6718,0.0,,too_rare,,,
6719,0.0,,too_rare,,,
6720,0.0,,too_rare,,,
6721,0.0,,too_rare,,,
6722,0.0,,too_rare,,,
6723,0.002716782433340802,,too_rare,,,
6724,0.0,,too_rare,,,
6725,2.8008066323101054e-05,,too_rare,,,
6726,0.0,,too_rare,,,
6727,0.0,,too_rare,,,
6728,0.0,,too_rare,,,
6729,0.0,,too_rare,,,
6730,2.8008066323101054e-05,,too_rare,,,
6731,0.0,,too_rare,,,
6732,0.0,,too_rare,,,
6733,0.0,,too_rare,,,
6734,0.0,,too_rare,,,
6735,0.0,,too_rare,,,
6736,0.0,,too_rare,,,
6737,2.8008066323101054e-05,,too_rare,,,
6738,8.402419896930316e-05,,too_rare,,,
6739,5.601613264620211e-05,,too_rare,,,
6740,0.004033161550526552,,too_rare,,,
6741,0.0,,too_rare,,,
6742,8.402419896930316e-05,,too_rare,,,
6743,0.0,,too_rare,,,
6744,0.0,,too_rare,,,
6745,0.0,,too_rare,,,
6746,0.0,,too_rare,,,
6747,5.601613264620211e-05,,too_rare,,,
6748,0.0,,too_rare,,,
6749,0.0,,too_rare,,,
6750,0.0,,too_rare,,,
6751,0.0,,too_rare,,,
6752,0.0,,too_rare,,,
6753,2.8008066323101054e-05,,too_rare,,,
6754,0.0,,too_rare,,,
6755,0.0,,too_rare,,,
6756,0.0,,too_rare,,,
6757,2.8008066323101054e-05,,too_rare,,,
6758,0.0,,too_rare,,,
6759,0.0,,too_rare,,,
6760,0.0,,too_rare,,,
6761,0.0,,too_rare,,,
6762,0.0,,too_rare,,,
6763,2.8008066323101054e-05,,too_rare,,,
6764,0.0,,too_rare,,,
6765,0.0,,too_rare,,,
6766,0.0012323549182164464,,too_rare,,,
6767,0.0,,too_rare,,,
6768,0.0003080887295541116,,too_rare,,,
6769,0.0,,too_rare,,,
6770,0.0,,too_rare,,,
6771,2.8008066323101054e-05,,too_rare,,,
6772,0.0,,too_rare,,,
6773,0.00014004033161550526,,too_rare,,,
6774,0.0,,too_rare,,,
6775,0.0,,too_rare,,,
6776,0.0,,too_rare,,,
6777,0.0,,too_rare,,,
6778,0.0,,too_rare,,,
6779,0.0,,too_rare,,,
6780,0.0,,too_rare,,,
6781,0.0,,too_rare,,,
6782,0.000980282321308537,,too_rare,,,
6783,0.0,,too_rare,,,
6784,0.00011203226529240422,,too_rare,,,
6785,0.0,,too_rare,,,
6786,0.0,,too_rare,,,
6787,2.8008066323101054e-05,,too_rare,,,
6788,0.0,,too_rare,,,
6789,0.0,,too_rare,,,
6790,0.0,,too_rare,,,
6791,0.0,,too_rare,,,
6792,0.0,,too_rare,,,
6793,0.0,,too_rare,,,
6794,0.0,,too_rare,,,
6795,0.0,,too_rare,,,
6796,0.0,,too_rare,,,
6797,2.8008066323101054e-05,,too_rare,,,
6798,0.0,,too_rare,,,
6799,0.0,,too_rare,,,
6800,0.0,,too_rare,,,
6801,0.0,,too_rare,,,
6802,5.601613264620211e-05,,too_rare,,,
6803,0.0,,too_rare,,,
6804,2.8008066323101054e-05,,too_rare,,,
6805,0.0,,too_rare,,,
6806,0.0,,too_rare,,,
6807,0.0,,too_rare,,,
6808,0.0,,too_rare,,,
6809,2.8008066323101054e-05,,too_rare,,,
6810,0.0,,too_rare,,,
6811,2.8008066323101054e-05,,too_rare,,,
6812,0.0,,too_rare,,,
6813,0.0,,too_rare,,,
6814,0.0,,too_rare,,,
6815,0.0,,too_rare,,,
6816,0.0,,too_rare,,,
6817,0.0,,too_rare,,,
6818,0.0,,too_rare,,,
6819,0.0,,too_rare,,,
6820,0.0008402419896930316,,too_rare,,,
6821,0.0,,too_rare,,,
6822,0.0,,too_rare,,,
6823,2.8008066323101054e-05,,too_rare,,,
6824,0.0,,too_rare,,,
6825,0.0,,too_rare,,,
6826,0.0,,too_rare,,,
6827,2.8008066323101054e-05,,too_rare,,,
6828,0.0,,too_rare,,,
6829,2.8008066323101054e-05,,too_rare,,,
6830,0.0,,too_rare,,,
6831,0.0,,too_rare,,,
6832,0.0,,too_rare,,,
6833,0.0,,too_rare,,,
6834,0.0,,too_rare,,,
6835,0.0,,too_rare,,,
6837,0.0,,too_rare,,,
6839,0.0002520725969079095,,too_rare,,,
6840,0.0,,too_rare,,,
6841,0.0,,too_rare,,,
6842,0.0006441855254313242,,too_rare,,,
6843,0.0,,too_rare,,,
6844,0.00011203226529240422,,too_rare,,,
6845,2.8008066323101054e-05,,too_rare,,,
6846,0.0,,too_rare,,,
6847,0.0,,too_rare,,,
6848,0.0,,too_rare,,,
6849,0.0,,too_rare,,,
6850,0.0,,too_rare,,,
6851,2.8008066323101054e-05,,too_rare,,,
6852,0.0,,too_rare,,,
6853,0.0,,too_rare,,,
6854,0.0,,too_rare,,,
6855,0.0,,too_rare,,,
6856,8.402419896930316e-05,,too_rare,,,
6857,2.8008066323101054e-05,,too_rare,,,
6858,0.0002800806632310105,,too_rare,,,
6859,5.601613264620211e-05,,too_rare,,,
6860,0.0,,too_rare,,,
6861,0.0,,too_rare,,,
6862,2.8008066323101054e-05,,too_rare,,,
6863,0.0,,too_rare,,,
6864,0.0,,too_rare,,,
6865,0.0,,too_rare,,,
6866,0.0,,too_rare,,,
6867,0.0,,too_rare,,,
6868,0.0,,too_rare,,,
6869,0.0,,too_rare,,,
6870,0.0,,too_rare,,,
6871,0.0,,too_rare,,,
6872,0.0,,too_rare,,,
6873,5.601613264620211e-05,,too_rare,,,
6874,0.0,,too_rare,,,
6875,0.0002800806632310105,,too_rare,,,
6876,0.0,,too_rare,,,
6877,0.0,,too_rare,,,
6878,0.0,,too_rare,,,
6879,0.0,,too_rare,,,
6880,0.00022406453058480843,,too_rare,,,
6881,0.0,,too_rare,,,
6882,0.0,,too_rare,,,
6883,5.601613264620211e-05,,too_rare,,,
6884,0.0,,too_rare,,,
6885,0.0,,too_rare,,,
6886,2.8008066323101054e-05,,too_rare,,,
6887,0.0,,too_rare,,,
6888,0.0,,too_rare,,,
6889,0.0,,too_rare,,,
6890,0.0,,too_rare,,,
6891,0.0,,too_rare,,,
6893,0.0,,too_rare,,,
6894,2.8008066323101054e-05,,too_rare,,,
6895,0.0,,too_rare,,,
6896,0.0,,too_rare,,,
6897,0.0,,too_rare,,,
6898,2.8008066323101054e-05,,too_rare,,,
6899,0.0,,too_rare,,,
6900,0.0,,too_rare,,,
6901,0.0,,too_rare,,,
6902,0.0,,too_rare,,,
6903,0.0,,too_rare,,,
6904,0.0004201209948465158,,too_rare,,,
6905,0.001568451714093659,,too_rare,,,
6906,0.0,,too_rare,,,
6907,0.0,,too_rare,,,
6908,0.0,,too_rare,,,
6909,0.0,,too_rare,,,
6910,0.0,,too_rare,,,
6911,0.0,,too_rare,,,
6912,0.0,,too_rare,,,
6913,0.0,,too_rare,,,
6914,0.0,,too_rare,,,
6915,0.0,,too_rare,,,
6916,5.601613264620211e-05,,too_rare,,,
6917,0.0,,too_rare,,,
6918,0.0,,too_rare,,,
6919,0.0,,too_rare,,,
6920,0.0,,too_rare,,,
6922,0.0,,too_rare,,,
6923,0.0,,too_rare,,,
6924,0.0,,too_rare,,,
6925,0.0,,too_rare,,,
6926,0.0,,too_rare,,,
6927,0.0,,too_rare,,,
6928,0.0,,too_rare,,,
6929,0.0,,too_rare,,,
6930,0.0,,too_rare,,,
6931,0.0,,too_rare,,,
6932,0.0,,too_rare,,,
6933,0.0,,too_rare,,,
6934,0.0,,too_rare,,,
6935,0.0,,too_rare,,,
6936,0.0,,too_rare,,,
6937,0.0,,too_rare,,,
6938,0.0,,too_rare,,,
6939,0.0,,too_rare,,,
6940,0.0,,too_rare,,,
6941,0.0,,too_rare,,,
6942,0.0,,too_rare,,,
6944,0.0,,too_rare,,,
6945,0.0,,too_rare,,,
6946,0.0,,too_rare,,,
6947,0.0,,too_rare,,,
6948,0.0,,too_rare,,,
6949,0.0,,too_rare,,,
6950,0.0,,too_rare,,,
6951,0.0,,too_rare,,,
6952,0.0,,too_rare,,,
6953,0.0014004033161550526,,too_rare,,,
6955,0.0,,too_rare,,,
6956,0.0,,too_rare,,,
6957,0.0,,too_rare,,,
6958,0.0,,too_rare,,,
6959,0.0,,too_rare,,,
6960,2.8008066323101054e-05,,too_rare,,,
6961,0.0,,too_rare,,,
6962,0.0,,too_rare,,,
6963,2.8008066323101054e-05,,too_rare,,,
6964,0.0,,too_rare,,,
6965,0.0,,too_rare,,,
6966,2.8008066323101054e-05,,too_rare,,,
6967,0.0,,too_rare,,,
6968,0.0,,too_rare,,,
6969,0.0,,too_rare,,,
6970,0.0,,too_rare,,,
6971,0.0,,too_rare,,,
6972,0.0,,too_rare,,,
6973,0.0,,too_rare,,,
6974,0.0,,too_rare,,,
6975,0.0,,too_rare,,,
6976,0.0,,too_rare,,,
6977,0.0,,too_rare,,,
6978,2.8008066323101054e-05,,too_rare,,,
6979,0.0,,too_rare,,,
6981,0.0,,too_rare,,,
6982,2.8008066323101054e-05,,too_rare,,,
6983,0.0,,too_rare,,,
6984,0.0,,too_rare,,,
6985,0.0,,too_rare,,,
6986,0.0,,too_rare,,,
6987,0.0,,too_rare,,,
6988,0.0,,too_rare,,,
6989,0.0,,too_rare,,,
6990,0.0,,too_rare,,,
6991,0.0,,too_rare,,,
6992,0.0007282097244006273,,too_rare,,,
6993,0.0,,too_rare,,,
6994,0.0,,too_rare,,,
6996,0.0,,too_rare,,,
6997,2.8008066323101054e-05,,too_rare,,,
6998,0.0,,too_rare,,,
6999,0.0,,too_rare,,,
7000,0.0,,too_rare,,,
7001,0.0,,too_rare,,,
7002,0.0,,too_rare,,,
7003,0.0,,too_rare,,,
7004,0.0,,too_rare,,,
7005,0.0,,too_rare,,,
7006,0.0,,too_rare,,,
7007,2.8008066323101054e-05,,too_rare,,,
7008,2.8008066323101054e-05,,too_rare,,,
7009,0.0,,too_rare,,,
7010,0.0,,too_rare,,,
7011,0.0,,too_rare,,,
7012,0.0,,too_rare,,,
7013,0.0,,too_rare,,,
7014,2.8008066323101054e-05,,too_rare,,,
7015,0.0,,too_rare,,,
7017,0.0,,too_rare,,,
7018,2.8008066323101054e-05,,too_rare,,,
7019,0.0,,too_rare,,,
7021,0.0,,too_rare,,,
7022,0.0,,too_rare,,,
7023,0.0,,too_rare,,,
7024,0.0,,too_rare,,,
7025,0.0,,too_rare,,,
7026,0.0,,too_rare,,,
7027,0.0,,too_rare,,,
7028,0.0,,too_rare,,,
7029,0.0,,too_rare,,,
7030,0.0,,too_rare,,,
7031,0.0,,too_rare,,,
7032,0.0,,too_rare,,,
7033,0.00033609679587721263,,too_rare,,,
7034,0.0,,too_rare,,,
7035,2.8008066323101054e-05,,too_rare,,,
7036,0.0,,too_rare,,,
7037,0.0,,too_rare,,,
7038,5.601613264620211e-05,,too_rare,,,
7039,0.0,,too_rare,,,
7040,0.0,,too_rare,,,
7041,0.0,,too_rare,,,
7042,5.601613264620211e-05,,too_rare,,,
7043,0.0,,too_rare,,,
7044,0.0,,too_rare,,,
7045,0.0,,too_rare,,,
7046,2.8008066323101054e-05,,too_rare,,,
7047,0.004369258346403764,,too_rare,,,
7048,0.0,,too_rare,,,
7049,0.0,,too_rare,,,
7050,0.0,,too_rare,,,
7051,0.0,,too_rare,,,
7052,2.8008066323101054e-05,,too_rare,,,
7053,0.0,,too_rare,,,
7054,0.0,,too_rare,,,
7055,2.8008066323101054e-05,,too_rare,,,
7056,0.0,,too_rare,,,
7057,0.0,,too_rare,,,
7058,0.0,,too_rare,,,
7059,0.0,,too_rare,,,
7060,0.0,,too_rare,,,
7061,8.402419896930316e-05,,too_rare,,,
7062,0.0,,too_rare,,,
7063,0.0002800806632310105,,too_rare,,,
7064,0.0,,too_rare,,,
7065,2.8008066323101054e-05,,too_rare,,,
7066,5.601613264620211e-05,,too_rare,,,
7067,0.0,,too_rare,,,
7068,0.0,,too_rare,,,
7069,0.0,,too_rare,,,
7070,0.0,,too_rare,,,
7071,0.0,,too_rare,,,
7072,0.0,,too_rare,,,
7073,0.0,,too_rare,,,
7074,8.402419896930316e-05,,too_rare,,,
7075,0.0,,too_rare,,,
7076,2.8008066323101054e-05,,too_rare,,,
7077,0.0,,too_rare,,,
7078,0.0,,too_rare,,,
7079,0.0,,too_rare,,,
7080,0.0,,too_rare,,,
7082,0.0019325565762939726,,too_rare,,,
7083,0.0,,too_rare,,,
7084,0.0,,too_rare,,,
7085,0.0,,too_rare,,,
7086,0.0046493390096347745,,too_rare,,,
7087,0.0,,too_rare,,,
7088,0.0,,too_rare,,,
7089,8.402419896930316e-05,,too_rare,,,
7090,5.601613264620211e-05,,too_rare,,,
7091,0.0,,too_rare,,,
7092,8.402419896930316e-05,,too_rare,,,
7093,0.0,,too_rare,,,
7094,0.0,,too_rare,,,
7095,0.0,,too_rare,,,
7096,0.0,,too_rare,,,
7097,0.0,,too_rare,,,
7098,0.0,,too_rare,,,
7099,8.402419896930316e-05,,too_rare,,,
7100,0.0,,too_rare,,,
7101,0.0,,too_rare,,,
7102,0.0,,too_rare,,,
7103,5.601613264620211e-05,,too_rare,,,
7104,0.0,,too_rare,,,
7105,0.0,,too_rare,,,
7106,0.0,,too_rare,,,
7107,0.0,,too_rare,,,
7108,0.0,,too_rare,,,
7109,0.0,,too_rare,,,
7110,0.0,,too_rare,,,
7111,0.0,,too_rare,,,
7112,0.006469863320636343,,too_rare,,,
7113,0.0,,too_rare,,,
7114,0.0,,too_rare,,,
7115,0.0002800806632310105,,too_rare,,,
7116,0.0,,too_rare,,,
7117,0.003557024423033834,,too_rare,,,
7118,0.002632758234371499,,too_rare,,,
7119,0.0,,too_rare,,,
7120,0.0,,too_rare,,,
7121,2.8008066323101054e-05,,too_rare,,,
7123,2.8008066323101054e-05,,too_rare,,,
7124,0.0,,too_rare,,,
7125,0.0,,too_rare,,,
7126,0.0,,too_rare,,,
7127,0.0,,too_rare,,,
7128,0.0,,too_rare,,,
7129,0.0,,too_rare,,,
7130,0.0,,too_rare,,,
7131,0.0,,too_rare,,,
7132,0.00014004033161550526,,too_rare,,,
7133,0.0,,too_rare,,,
7134,2.8008066323101054e-05,,too_rare,,,
7135,0.0,,too_rare,,,
7136,0.0,,too_rare,,,
7137,0.0,,too_rare,,,
7138,0.0,,too_rare,,,
7139,0.0,,too_rare,,,
7140,2.8008066323101054e-05,,too_rare,,,
7141,2.8008066323101054e-05,,too_rare,,,
7142,0.0,,too_rare,,,
7143,2.8008066323101054e-05,,too_rare,,,
7144,0.0,,too_rare,,,
7145,0.0,,too_rare,,,
7146,5.601613264620211e-05,,too_rare,,,
7147,0.0,,too_rare,,,
7148,0.0,,too_rare,,,
7149,0.0,,too_rare,,,
7150,0.0,,too_rare,,,
7151,8.402419896930316e-05,,too_rare,,,
7152,8.402419896930316e-05,,too_rare,,,
7153,0.0,,too_rare,,,
7154,0.0,,too_rare,,,
7156,5.601613264620211e-05,,too_rare,,,
7157,2.8008066323101054e-05,,too_rare,,,
7158,0.0,,too_rare,,,
7159,0.0,,too_rare,,,
7160,0.0,,too_rare,,,
7161,2.8008066323101054e-05,,too_rare,,,
7162,5.601613264620211e-05,,too_rare,,,
7163,0.00014004033161550526,,too_rare,,,
7164,0.0,,too_rare,,,
7165,0.0,,too_rare,,,
7166,5.601613264620211e-05,,too_rare,,,
7167,0.0,,too_rare,,,
7168,0.0,,too_rare,,,
7169,0.0,,too_rare,,,
7170,2.8008066323101054e-05,,too_rare,,,
7171,0.0,,too_rare,,,
7172,0.0,,too_rare,,,
7173,0.0,,too_rare,,,
7174,0.0,,too_rare,,,
7175,0.0,,too_rare,,,
7176,0.0,,too_rare,,,
7177,0.0002520725969079095,,too_rare,,,
7178,0.0,,too_rare,,,
7179,0.0,,too_rare,,,
7180,0.0,,too_rare,,,
7181,2.8008066323101054e-05,,too_rare,,,
7182,0.0,,too_rare,,,
7183,0.0,,too_rare,,,
7184,0.0,,too_rare,,,
7185,0.0018205243110015685,,too_rare,,,
7186,0.0,,too_rare,,,
7187,2.8008066323101054e-05,,too_rare,,,
7188,0.0,,too_rare,,,
7189,0.0,,too_rare,,,
7190,0.0,,too_rare,,,
7191,0.0,,too_rare,,,
7192,0.00019605646426170737,,too_rare,,,
7193,0.000980282321308537,,too_rare,,,
7194,0.0,,too_rare,,,
7195,0.0,,too_rare,,,
7196,0.0,,too_rare,,,
7197,0.0,,too_rare,,,
7198,0.0,,too_rare,,,
7199,0.0,,too_rare,,,
7200,0.0,,too_rare,,,
7201,0.0,,too_rare,,,
7202,0.0,,too_rare,,,
7203,0.0,,too_rare,,,
7204,0.0,,too_rare,,,
7205,0.0,,too_rare,,,
7207,2.8008066323101054e-05,,too_rare,,,
7208,0.0,,too_rare,,,
7209,0.0,,too_rare,,,
7211,0.0,,too_rare,,,
7212,2.8008066323101054e-05,,too_rare,,,
7213,2.8008066323101054e-05,,too_rare,,,
7214,5.601613264620211e-05,,too_rare,,,
7215,0.0,,too_rare,,,
7216,0.0,,too_rare,,,
7217,0.0,,too_rare,,,
7218,8.402419896930316e-05,,too_rare,,,
7219,0.0,,too_rare,,,
7220,0.0,,too_rare,,,
7221,0.00036410486220031366,,too_rare,,,
7222,0.0,,too_rare,,,
7223,0.0,,too_rare,,,
7224,0.0,,too_rare,,,
7225,0.0,,too_rare,,,
7226,2.8008066323101054e-05,,too_rare,,,
7227,0.0,,too_rare,,,
7228,0.0,,too_rare,,,
7229,0.0,,too_rare,,,
7230,0.0,,too_rare,,,
7231,0.0,,too_rare,,,
7232,0.0,,too_rare,,,
7233,0.0,,too_rare,,,
7234,0.0,,too_rare,,,
7235,0.0,,too_rare,,,
7236,5.601613264620211e-05,,too_rare,,,
7237,0.0,,too_rare,,,
7238,0.0,,too_rare,,,
7239,0.0,,too_rare,,,
7240,0.0,,too_rare,,,
7241,0.0,,too_rare,,,
7242,0.0,,too_rare,,,
7243,0.0,,too_rare,,,
7244,0.0,,too_rare,,,
7245,0.0,,too_rare,,,
7246,0.0,,too_rare,,,
7247,0.0,,too_rare,,,
7248,0.0,,too_rare,,,
7249,8.402419896930316e-05,,too_rare,,,
7250,2.8008066323101054e-05,,too_rare,,,
7251,0.0,,too_rare,,,
7252,0.0,,too_rare,,,
7253,2.8008066323101054e-05,,too_rare,,,
7254,0.0,,too_rare,,,
7255,0.0,,too_rare,,,
7256,0.0,,too_rare,,,
7257,0.000504145193815819,,too_rare,,,
7258,0.0,,too_rare,,,
7259,0.0,,too_rare,,,
7260,0.0,,too_rare,,,
7261,5.601613264620211e-05,,too_rare,,,
7262,0.00044812906116961686,,too_rare,,,
7264,2.8008066323101054e-05,,too_rare,,,
7265,0.00053215326013892,,too_rare,,,
7266,2.8008066323101054e-05,,too_rare,,,
7267,0.0,,too_rare,,,
7268,0.0,,too_rare,,,
7269,0.003108895361864217,,too_rare,,,
7270,0.0,,too_rare,,,
7271,5.601613264620211e-05,,too_rare,,,
7272,0.0,,too_rare,,,
7273,0.0,,too_rare,,,
7274,0.0,,too_rare,,,
7275,0.0,,too_rare,,,
7276,0.0,,too_rare,,,
7277,0.0,,too_rare,,,
7278,0.0,,too_rare,,,
7279,2.8008066323101054e-05,,too_rare,,,
7280,0.0,,too_rare,,,
7283,0.0,,too_rare,,,
7284,0.0,,too_rare,,,
7285,0.0,,too_rare,,,
7286,0.0,,too_rare,,,
7288,0.0,,too_rare,,,
7289,0.0,,too_rare,,,
7290,2.8008066323101054e-05,,too_rare,,,
7291,0.0,,too_rare,,,
7292,0.0,,too_rare,,,
7293,0.0,,too_rare,,,
7294,0.0,,too_rare,,,
7295,0.0,,too_rare,,,
7296,2.8008066323101054e-05,,too_rare,,,
7297,0.0,,too_rare,,,
7298,0.0,,too_rare,,,
7299,2.8008066323101054e-05,,too_rare,,,
7300,0.0057416535962357155,,too_rare,,,
7301,0.0,,too_rare,,,
7302,0.0,,too_rare,,,
7303,0.0,,too_rare,,,
7304,0.0,,too_rare,,,
7305,0.0,,too_rare,,,
7306,0.0,,too_rare,,,
7307,0.0,,too_rare,,,
7308,0.0,,too_rare,,,
7309,0.0,,too_rare,,,
7310,0.0,,too_rare,,,
7311,0.0,,too_rare,,,
7312,0.0013163791171857495,,too_rare,,,
7313,0.0,,too_rare,,,
7314,0.0,,too_rare,,,
7315,0.0,,too_rare,,,
7316,0.0,,too_rare,,,
7317,0.002492717902755994,,too_rare,,,
7318,0.0,,too_rare,,,
7319,0.0,,too_rare,,,
7320,0.0,,too_rare,,,
7321,2.8008066323101054e-05,,too_rare,,,
7322,0.0,,too_rare,,,
7323,0.0,,too_rare,,,
7324,0.0,,too_rare,,,
7325,5.601613264620211e-05,,too_rare,,,
7326,0.0,,too_rare,,,
7327,0.0,,too_rare,,,
7328,0.0,,too_rare,,,
7329,0.0,,too_rare,,,
7330,0.0,,too_rare,,,
7331,0.0,,too_rare,,,
7332,0.0,,too_rare,,,
7333,0.0,,too_rare,,,
7334,0.0,,too_rare,,,
7335,0.0,,too_rare,,,
7336,0.0,,too_rare,,,
7337,0.0,,too_rare,,,
7338,0.0,,too_rare,,,
7339,2.8008066323101054e-05,,too_rare,,,
7340,5.601613264620211e-05,,too_rare,,,
7341,0.0,,too_rare,,,
7342,0.0,,too_rare,,,
7343,0.0,,too_rare,,,
7344,2.8008066323101054e-05,,too_rare,,,
7345,8.402419896930316e-05,,too_rare,,,
7346,0.0,,too_rare,,,
7347,0.0,,too_rare,,,
7348,0.0,,too_rare,,,
7349,8.402419896930316e-05,,too_rare,,,
7350,2.8008066323101054e-05,,too_rare,,,
7351,0.0,,too_rare,,,
7352,0.0,,too_rare,,,
7353,2.8008066323101054e-05,,too_rare,,,
7354,0.0,,too_rare,,,
7355,0.0,,too_rare,,,
7356,2.8008066323101054e-05,,too_rare,,,
7357,0.0,,too_rare,,,
7358,0.0,,too_rare,,,
7359,0.0,,too_rare,,,
7360,2.8008066323101054e-05,,too_rare,,,
7361,0.0002800806632310105,,too_rare,,,
7362,0.0,,too_rare,,,
7363,0.0,,too_rare,,,
7364,5.601613264620211e-05,,too_rare,,,
7365,0.0,,too_rare,,,
7366,0.0,,too_rare,,,
7367,0.00039211292852341475,,too_rare,,,
7368,0.0,,too_rare,,,
7369,0.0,,too_rare,,,
7370,0.0,,too_rare,,,
7371,0.0,,too_rare,,,
7372,0.0,,too_rare,,,
7373,0.0,,too_rare,,,
7374,0.0,,too_rare,,,
7375,0.0013163791171857495,,too_rare,,,
7376,0.0,,too_rare,,,
7377,0.0,,too_rare,,,
7378,0.0,,too_rare,,,
7379,0.0,,too_rare,,,
7380,0.0,,too_rare,,,
7381,0.0,,too_rare,,,
7382,2.8008066323101054e-05,,too_rare,,,
7383,0.0,,too_rare,,,
7384,0.0,,too_rare,,,
7385,0.0,,too_rare,,,
7386,0.0,,too_rare,,,
7387,0.0,,too_rare,,,
7388,0.0,,too_rare,,,
7389,0.0,,too_rare,,,
7390,0.0,,too_rare,,,
7391,0.0,,too_rare,,,
7392,0.0,,too_rare,,,
7393,0.0,,too_rare,,,
7394,0.0,,too_rare,,,
7395,2.8008066323101054e-05,,too_rare,,,
7396,0.0,,too_rare,,,
7397,0.0,,too_rare,,,
7398,2.8008066323101054e-05,,too_rare,,,
7399,0.0,,too_rare,,,
7400,0.0,,too_rare,,,
7401,0.0,,too_rare,,,
7402,0.0,,too_rare,,,
7403,0.0,,too_rare,,,
7404,0.0,,too_rare,,,
7405,0.0,,too_rare,,,
7406,0.0,,too_rare,,,
7407,0.0,,too_rare,,,
7408,0.0,,too_rare,,,
7409,0.0,,too_rare,,,
7410,0.0,,too_rare,,,
7411,0.0,,too_rare,,,
7413,0.0,,too_rare,,,
7414,0.0,,too_rare,,,
7415,2.8008066323101054e-05,,too_rare,,,
7416,0.0,,too_rare,,,
7417,0.0,,too_rare,,,
7418,2.8008066323101054e-05,,too_rare,,,
7420,0.0,,too_rare,,,
7421,0.0,,too_rare,,,
7422,2.8008066323101054e-05,,too_rare,,,
7423,2.8008066323101054e-05,,too_rare,,,
7424,0.0,,too_rare,,,
7425,0.0,,too_rare,,,
7426,0.0,,too_rare,,,
7427,0.0,,too_rare,,,
7428,0.0,,too_rare,,,
7429,2.8008066323101054e-05,,too_rare,,,
7430,0.0,,too_rare,,,
7431,0.0,,too_rare,,,
7432,0.0,,too_rare,,,
7433,0.0,,too_rare,,,
7434,0.0,,too_rare,,,
7435,0.0,,too_rare,,,
7436,0.0,,too_rare,,,
7437,0.0,,too_rare,,,
7438,0.0,,too_rare,,,
7439,2.8008066323101054e-05,,too_rare,,,
7440,0.0,,too_rare,,,
7441,0.0,,too_rare,,,
7442,0.0,,too_rare,,,
7443,0.0,,too_rare,,,
7444,0.0,,too_rare,,,
7445,2.8008066323101054e-05,,too_rare,,,
7446,0.0,,too_rare,,,
7447,0.0,,too_rare,,,
7448,0.0,,too_rare,,,
7449,0.0,,too_rare,,,
7450,0.0,,too_rare,,,
7451,0.0,,too_rare,,,
7452,0.0,,too_rare,,,
7453,0.0,,too_rare,,,
7454,0.0,,too_rare,,,
7456,0.0,,too_rare,,,
7457,2.8008066323101054e-05,,too_rare,,,
7458,2.8008066323101054e-05,,too_rare,,,
7459,0.0,,too_rare,,,
7460,0.0,,too_rare,,,
7461,5.601613264620211e-05,,too_rare,,,
7462,0.0,,too_rare,,,
7464,0.0,,too_rare,,,
7465,0.0,,too_rare,,,
7466,0.006693927851221151,,too_rare,,,
7467,0.0,,too_rare,,,
7468,0.00036410486220031366,,too_rare,,,
7469,0.0,,too_rare,,,
7471,8.402419896930316e-05,,too_rare,,,
7472,0.0,,too_rare,,,
7473,0.0,,too_rare,,,
7474,0.0,,too_rare,,,
7477,0.0,,too_rare,,,
7478,0.0,,too_rare,,,
7479,2.8008066323101054e-05,,too_rare,,,
7480,0.0,,too_rare,,,
7481,0.0,,too_rare,,,
7482,0.0,,too_rare,,,
7483,0.0,,too_rare,,,
7484,0.0,,too_rare,,,
7485,0.0,,too_rare,,,
7486,0.0,,too_rare,,,
7487,8.402419896930316e-05,,too_rare,,,
7488,0.0,,too_rare,,,
7489,0.0,,too_rare,,,
7490,0.0,,too_rare,,,
7491,0.0,,too_rare,,,
7492,0.0,,too_rare,,,
7493,2.8008066323101054e-05,,too_rare,,,
7494,2.8008066323101054e-05,,too_rare,,,
7495,0.0,,too_rare,,,
7496,0.0,,too_rare,,,
7497,0.0,,too_rare,,,
7498,0.0,,too_rare,,,
7499,2.8008066323101054e-05,,too_rare,,,
7500,0.0,,too_rare,,,
7501,0.0,,too_rare,,,
7502,5.601613264620211e-05,,too_rare,,,
7503,0.0,,too_rare,,,
7504,0.0,,too_rare,,,
7505,0.0,,too_rare,,,
7506,0.0,,too_rare,,,
7507,0.0,,too_rare,,,
7508,0.0,,too_rare,,,
7509,8.402419896930316e-05,,too_rare,,,
7510,0.0,,too_rare,,,
7511,0.0,,too_rare,,,
7512,0.0,,too_rare,,,
7513,0.0,,too_rare,,,
7514,0.0,,too_rare,,,
7515,0.0,,too_rare,,,
7516,0.0,,too_rare,,,
7517,5.601613264620211e-05,,too_rare,,,
7518,0.0,,too_rare,,,
7519,0.009606766748823662,,too_rare,,,
7520,0.0,,too_rare,,,
7521,0.00011203226529240422,,too_rare,,,
7522,2.8008066323101054e-05,,too_rare,,,
7523,0.0,,too_rare,,,
7524,0.0,,too_rare,,,
7525,2.8008066323101054e-05,,too_rare,,,
7526,0.0,,too_rare,,,
7527,0.0,,too_rare,,,
7528,0.002240645305848084,,too_rare,,,
7529,0.0,,too_rare,,,
7530,0.0,,too_rare,,,
7531,0.0,,too_rare,,,
7532,0.0,,too_rare,,,
7533,0.0,,too_rare,,,
7535,0.0,,too_rare,,,
7536,2.8008066323101054e-05,,too_rare,,,
7537,0.0,,too_rare,,,
7538,0.0,,too_rare,,,
7539,0.0,,too_rare,,,
7540,0.0,,too_rare,,,
7541,0.000504145193815819,,too_rare,,,
7542,5.601613264620211e-05,,too_rare,,,
7543,0.0,,too_rare,,,
7544,0.0,,too_rare,,,
7545,0.0,,too_rare,,,
7546,0.00033609679587721263,,too_rare,,,
7547,0.0,,too_rare,,,
7548,2.8008066323101054e-05,,too_rare,,,
7549,0.0,,too_rare,,,
7550,0.0,,too_rare,,,
7551,0.0,,too_rare,,,
7552,0.0,,too_rare,,,
7554,0.0,,too_rare,,,
7555,0.0,,too_rare,,,
7556,0.005545597131974008,,too_rare,,,
7557,0.0,,too_rare,,,
7558,0.0,,too_rare,,,
7559,0.0,,too_rare,,,
7561,0.0,,too_rare,,,
7562,2.8008066323101054e-05,,too_rare,,,
7563,0.0,,too_rare,,,
7564,0.0,,too_rare,,,
7565,0.0,,too_rare,,,
7566,0.0,,too_rare,,,
7567,0.0012883710508626485,,too_rare,,,
7568,0.0,,too_rare,,,
7569,0.0,,too_rare,,,
7570,0.0,,too_rare,,,
7571,0.0,,too_rare,,,
7572,0.0,,too_rare,,,
7573,0.0,,too_rare,,,
7574,0.0,,too_rare,,,
7575,0.0,,too_rare,,,
7576,2.8008066323101054e-05,,too_rare,,,
7577,0.0,,too_rare,,,
7578,0.0,,too_rare,,,
7580,0.0,,too_rare,,,
7581,2.8008066323101054e-05,,too_rare,,,
7582,0.0,,too_rare,,,
7583,0.0,,too_rare,,,
7584,2.8008066323101054e-05,,too_rare,,,
7585,0.0,,too_rare,,,
7586,2.8008066323101054e-05,,too_rare,,,
7587,2.8008066323101054e-05,,too_rare,,,
7588,5.601613264620211e-05,,too_rare,,,
7589,0.0,,too_rare,,,
7591,0.0,,too_rare,,,
7592,0.0,,too_rare,,,
7593,0.00011203226529240422,,too_rare,,,
7594,0.0,,too_rare,,,
7595,0.0,,too_rare,,,
7596,0.0,,too_rare,,,
7597,0.0,,too_rare,,,
7599,0.0,,too_rare,,,
7600,0.0,,too_rare,,,
7601,0.0,,too_rare,,,
7602,0.0,,too_rare,,,
7603,0.0,,too_rare,,,
7604,0.0,,too_rare,,,
7605,0.0,,too_rare,,,
7606,0.0,,too_rare,,,
7607,0.0,,too_rare,,,
7608,0.0,,too_rare,,,
7609,0.0,,too_rare,,,
7610,0.0,,too_rare,,,
7611,0.0,,too_rare,,,
7613,0.0,,too_rare,,,
7614,0.0,,too_rare,,,
7615,0.0,,too_rare,,,
7616,2.8008066323101054e-05,,too_rare,,,
7617,0.0,,too_rare,,,
7618,0.0,,too_rare,,,
7619,0.0,,too_rare,,,
7620,0.0,,too_rare,,,
7621,0.0,,too_rare,,,
7622,2.8008066323101054e-05,,too_rare,,,
7623,0.0,,too_rare,,,
7624,0.0,,too_rare,,,
7625,0.0,,too_rare,,,
7626,5.601613264620211e-05,,too_rare,,,
7627,0.0,,too_rare,,,
7628,0.0,,too_rare,,,
7629,0.0,,too_rare,,,
7631,0.0,,too_rare,,,
7632,0.0,,too_rare,,,
7633,0.0,,too_rare,,,
7634,0.0,,too_rare,,,
7635,0.0,,too_rare,,,
7636,0.0,,too_rare,,,
7639,0.0,,too_rare,,,
7640,0.0,,too_rare,,,
7641,2.8008066323101054e-05,,too_rare,,,
7642,0.0,,too_rare,,,
7643,5.601613264620211e-05,,too_rare,,,
7644,0.001568451714093659,,too_rare,,,
7645,0.0,,too_rare,,,
7646,0.0,,too_rare,,,
7647,0.0,,too_rare,,,
7648,0.0,,too_rare,,,
7649,0.0,,too_rare,,,
7651,0.0003080887295541116,,too_rare,,,
7652,0.0005881693927851221,,too_rare,,,
7654,8.402419896930316e-05,,too_rare,,,
7655,2.8008066323101054e-05,,too_rare,,,
7657,0.0,,too_rare,,,
7659,0.0,,too_rare,,,
7660,0.0,,too_rare,,,
7661,2.8008066323101054e-05,,too_rare,,,
7662,0.0,,too_rare,,,
7663,0.0,,too_rare,,,
7664,2.8008066323101054e-05,,too_rare,,,
7665,0.0,,too_rare,,,
7666,0.0,,too_rare,,,
7667,0.0,,too_rare,,,
7668,0.0,,too_rare,,,
7669,0.0,,too_rare,,,
7670,5.601613264620211e-05,,too_rare,,,
7671,5.601613264620211e-05,,too_rare,,,
7672,0.0,,too_rare,,,
7673,0.0,,too_rare,,,
7674,2.8008066323101054e-05,,too_rare,,,
7675,0.0,,too_rare,,,
7676,0.0,,too_rare,,,
7677,0.0,,too_rare,,,
7678,0.0,,too_rare,,,
7679,0.0,,too_rare,,,
7680,0.0,,too_rare,,,
7681,0.0,,too_rare,,,
7682,0.0,,too_rare,,,
7683,0.0,,too_rare,,,
7684,8.402419896930316e-05,,too_rare,,,
7685,0.0,,too_rare,,,
7686,0.00851445216222272,,too_rare,,,
7687,5.601613264620211e-05,,too_rare,,,
7688,0.0002520725969079095,,too_rare,,,
7689,0.0,,too_rare,,,
7690,8.402419896930316e-05,,too_rare,,,
7691,0.0,,too_rare,,,
7692,0.0,,too_rare,,,
7693,0.0,,too_rare,,,
7694,0.0,,too_rare,,,
7695,0.00022406453058480843,,too_rare,,,
7696,0.0,,too_rare,,,
7697,0.0,,too_rare,,,
7698,0.0,,too_rare,,,
7699,0.0,,too_rare,,,
7700,0.0,,too_rare,,,
7701,0.0,,too_rare,,,
7702,0.0,,too_rare,,,
7703,2.8008066323101054e-05,,too_rare,,,
7704,0.0,,too_rare,,,
7705,2.8008066323101054e-05,,too_rare,,,
7706,0.0,,too_rare,,,
7707,0.0,,too_rare,,,
7708,0.0,,too_rare,,,
7709,0.0,,too_rare,,,
7710,0.0,,too_rare,,,
7711,0.0007842258570468295,,too_rare,,,
7712,0.0,,too_rare,,,
7713,8.402419896930316e-05,,too_rare,,,
7714,0.0,,too_rare,,,
7715,0.0,,too_rare,,,
7716,0.0,,too_rare,,,
7717,0.0,,too_rare,,,
7718,0.0012883710508626485,,too_rare,,,
7719,0.0,,too_rare,,,
7720,0.0,,too_rare,,,
7721,2.8008066323101054e-05,,too_rare,,,
7722,0.0,,too_rare,,,
7723,0.0,,too_rare,,,
7724,0.0,,too_rare,,,
7725,0.0,,too_rare,,,
7726,0.0,,too_rare,,,
7727,0.0,,too_rare,,,
7728,0.0,,too_rare,,,
7729,0.0,,too_rare,,,
7730,0.0,,too_rare,,,
7731,0.0,,too_rare,,,
7732,0.006161774591082232,,too_rare,,,
7733,2.8008066323101054e-05,,too_rare,,,
7735,0.0,,too_rare,,,
7736,2.8008066323101054e-05,,too_rare,,,
7737,0.0,,too_rare,,,
7738,0.0,,too_rare,,,
7739,0.0,,too_rare,,,
7740,0.0,,too_rare,,,
7741,0.0,,too_rare,,,
7742,0.0,,too_rare,,,
7743,2.8008066323101054e-05,,too_rare,,,
7744,0.0,,too_rare,,,
7745,0.0,,too_rare,,,
7746,2.8008066323101054e-05,,too_rare,,,
7747,0.0,,too_rare,,,
7748,0.0,,too_rare,,,
7749,0.002604750168048398,,too_rare,,,
7750,0.0,,too_rare,,,
7751,5.601613264620211e-05,,too_rare,,,
7752,0.0,,too_rare,,,
7753,0.00019605646426170737,,too_rare,,,
7754,0.0,,too_rare,,,
7755,0.00011203226529240422,,too_rare,,,
7756,0.00014004033161550526,,too_rare,,,
7757,0.0,,too_rare,,,
7758,0.0,,too_rare,,,
7759,0.0,,too_rare,,,
7760,0.0,,too_rare,,,
7761,0.0,,too_rare,,,
7762,0.0,,too_rare,,,
7763,0.0,,too_rare,,,
7764,0.0,,too_rare,,,
7765,0.0,,too_rare,,,
7766,0.0,,too_rare,,,
7767,0.0,,too_rare,,,
7768,0.0,,too_rare,,,
7769,0.0,,too_rare,,,
7770,0.0,,too_rare,,,
7771,0.002100604974232579,,too_rare,,,
7772,0.0,,too_rare,,,
7773,0.0,,too_rare,,,
7774,0.0,,too_rare,,,
7775,0.0,,too_rare,,,
7776,0.0,,too_rare,,,
7777,0.0,,too_rare,,,
7778,0.0019325565762939726,,too_rare,,,
7779,2.8008066323101054e-05,,too_rare,,,
7780,0.0,,too_rare,,,
7781,0.0,,too_rare,,,
7782,0.0,,too_rare,,,
7783,0.0,,too_rare,,,
7784,0.0,,too_rare,,,
7785,0.0,,too_rare,,,
7786,0.0,,too_rare,,,
7787,0.0,,too_rare,,,
7788,2.8008066323101054e-05,,too_rare,,,
7789,0.0,,too_rare,,,
7790,0.00014004033161550526,,too_rare,,,
7791,0.0,,too_rare,,,
7792,0.0,,too_rare,,,
7793,0.0,,too_rare,,,
7794,0.0,,too_rare,,,
7796,2.8008066323101054e-05,,too_rare,,,
7797,0.0,,too_rare,,,
7798,0.0,,too_rare,,,
7799,2.8008066323101054e-05,,too_rare,,,
7800,0.0,,too_rare,,,
7801,0.0,,too_rare,,,
7802,0.0,,too_rare,,,
7803,0.0,,too_rare,,,
7804,0.0,,too_rare,,,
7805,5.601613264620211e-05,,too_rare,,,
7806,0.0,,too_rare,,,
7807,0.0,,too_rare,,,
7808,0.0,,too_rare,,,
7809,0.0,,too_rare,,,
7810,0.0,,too_rare,,,
7812,0.0,,too_rare,,,
7813,0.0,,too_rare,,,
7814,2.8008066323101054e-05,,too_rare,,,
7815,0.0,,too_rare,,,
7816,0.00014004033161550526,,too_rare,,,
7817,0.0,,too_rare,,,
7818,0.0,,too_rare,,,
7819,0.0,,too_rare,,,
7820,2.8008066323101054e-05,,too_rare,,,
7821,0.0,,too_rare,,,
7822,0.0,,too_rare,,,
7823,5.601613264620211e-05,,too_rare,,,
7824,0.0,,too_rare,,,
7825,0.0,,too_rare,,,
7826,0.0,,too_rare,,,
7827,0.0,,too_rare,,,
7828,0.0,,too_rare,,,
7829,2.8008066323101054e-05,,too_rare,,,
7830,0.0,,too_rare,,,
7831,0.0,,too_rare,,,
7832,0.0,,too_rare,,,
7833,0.0,,too_rare,,,
7834,0.0,,too_rare,,,
7835,0.0,,too_rare,,,
7836,0.0,,too_rare,,,
7837,0.0,,too_rare,,,
7838,0.0,,too_rare,,,
7839,0.0,,too_rare,,,
7840,0.0,,too_rare,,,
7841,0.0,,too_rare,,,
7842,0.0,,too_rare,,,
7843,2.8008066323101054e-05,,too_rare,,,
7844,2.8008066323101054e-05,,too_rare,,,
7845,0.0,,too_rare,,,
7846,0.0,,too_rare,,,
7847,0.0,,too_rare,,,
7848,0.0,,too_rare,,,
7849,0.0,,too_rare,,,
7850,0.0,,too_rare,,,
7851,0.0,,too_rare,,,
7852,0.0,,too_rare,,,
7853,2.8008066323101054e-05,,too_rare,,,
7854,0.0,,too_rare,,,
7855,0.0,,too_rare,,,
7856,0.0,,too_rare,,,
7857,0.0005881693927851221,,too_rare,,,
7858,0.0,,too_rare,,,
7859,0.0,,too_rare,,,
7860,0.0,,too_rare,,,
7861,0.0,,too_rare,,,
7862,0.0,,too_rare,,,
7863,0.0,,too_rare,,,
7865,2.8008066323101054e-05,,too_rare,,,
7866,0.0,,too_rare,,,
7868,0.0,,too_rare,,,
7869,0.0,,too_rare,,,
7870,2.8008066323101054e-05,,too_rare,,,
7872,2.8008066323101054e-05,,too_rare,,,
7873,0.0,,too_rare,,,
7874,0.0,,too_rare,,,
7875,0.0,,too_rare,,,
7876,0.0,,too_rare,,,
7877,0.0,,too_rare,,,
7878,0.0,,too_rare,,,
7879,0.0,,too_rare,,,
7880,0.0,,too_rare,,,
7881,0.0,,too_rare,,,
7882,0.0013443871835088505,,too_rare,,,
7883,0.0,,too_rare,,,
7884,0.0,,too_rare,,,
7885,0.0,,too_rare,,,
7886,0.0,,too_rare,,,
7887,0.0,,too_rare,,,
7888,0.0,,too_rare,,,
7889,0.0,,too_rare,,,
7890,0.0,,too_rare,,,
7891,0.0,,too_rare,,,
7892,0.0,,too_rare,,,
7893,0.0,,too_rare,,,
7894,2.8008066323101054e-05,,too_rare,,,
7895,0.0,,too_rare,,,
7896,0.0,,too_rare,,,
7897,0.0,,too_rare,,,
7898,5.601613264620211e-05,,too_rare,,,
7899,0.0,,too_rare,,,
7900,2.8008066323101054e-05,,too_rare,,,
7901,0.0,,too_rare,,,
7902,0.0,,too_rare,,,
7903,0.0,,too_rare,,,
7904,0.0,,too_rare,,,
7905,0.0,,too_rare,,,
7906,0.0,,too_rare,,,
7907,0.0,,too_rare,,,
7908,0.0,,too_rare,,,
7909,2.8008066323101054e-05,,too_rare,,,
7910,0.0,,too_rare,,,
7911,0.0,,too_rare,,,
7912,0.0,,too_rare,,,
7913,0.0,,too_rare,,,
7915,0.0,,too_rare,,,
7916,0.00019605646426170737,,too_rare,,,
7917,0.0,,too_rare,,,
7918,2.8008066323101054e-05,,too_rare,,,
7919,2.8008066323101054e-05,,too_rare,,,
7920,0.000560161326462021,,too_rare,,,
7921,0.0,,too_rare,,,
7922,8.402419896930316e-05,,too_rare,,,
7923,0.0,,too_rare,,,
7924,0.0,,too_rare,,,
7925,2.8008066323101054e-05,,too_rare,,,
7926,0.0,,too_rare,,,
7927,0.0,,too_rare,,,
7928,0.0,,too_rare,,,
7929,0.0,,too_rare,,,
7930,0.0,,too_rare,,,
7931,0.0,,too_rare,,,
7932,2.8008066323101054e-05,,too_rare,,,
7933,0.0,,too_rare,,,
7934,0.0,,too_rare,,,
7935,0.0,,too_rare,,,
7936,0.0,,too_rare,,,
7937,0.0,,too_rare,,,
7938,0.0,,too_rare,,,
7939,0.0,,too_rare,,,
7940,0.00036410486220031366,,too_rare,,,
7941,0.0,,too_rare,,,
7942,0.0,,too_rare,,,
7943,2.8008066323101054e-05,,too_rare,,,
7944,0.0,,too_rare,,,
7945,2.8008066323101054e-05,,too_rare,,,
7947,0.0,,too_rare,,,
7948,0.0,,too_rare,,,
7949,0.0,,too_rare,,,
7950,0.0,,too_rare,,,
7951,2.8008066323101054e-05,,too_rare,,,
7952,5.601613264620211e-05,,too_rare,,,
7953,0.0,,too_rare,,,
7954,0.0,,too_rare,,,
7955,0.0,,too_rare,,,
7956,0.0,,too_rare,,,
7957,0.0,,too_rare,,,
7958,0.0008122339233699305,,too_rare,,,
7959,0.0,,too_rare,,,
7960,0.0,,too_rare,,,
7961,0.0,,too_rare,,,
7962,0.0,,too_rare,,,
7963,0.0,,too_rare,,,
7964,0.0,,too_rare,,,
7965,0.0,,too_rare,,,
7966,0.0,,too_rare,,,
7967,0.0,,too_rare,,,
7968,0.0,,too_rare,,,
7969,0.0,,too_rare,,,
7970,2.8008066323101054e-05,,too_rare,,,
7971,2.8008066323101054e-05,,too_rare,,,
7972,0.0,,too_rare,,,
7973,5.601613264620211e-05,,too_rare,,,
7974,2.8008066323101054e-05,,too_rare,,,
7975,0.0,,too_rare,,,
7976,0.0,,too_rare,,,
7977,0.0,,too_rare,,,
7978,2.8008066323101054e-05,,too_rare,,,
7979,0.0,,too_rare,,,
7980,2.8008066323101054e-05,,too_rare,,,
7981,0.0,,too_rare,,,
7982,0.0,,too_rare,,,
7983,0.0,,too_rare,,,
7984,0.0,,too_rare,,,
7985,0.0,,too_rare,,,
7986,0.0,,too_rare,,,
7987,5.601613264620211e-05,,too_rare,,,
7988,0.00980282321308537,,too_rare,,,
7989,0.0,,too_rare,,,
7990,0.0,,too_rare,,,
7991,0.0,,too_rare,,,
7992,0.0,,too_rare,,,
7993,0.0,,too_rare,,,
7994,0.0,,too_rare,,,
7995,5.601613264620211e-05,,too_rare,,,
7996,2.8008066323101054e-05,,too_rare,,,
7997,0.0,,too_rare,,,
7998,0.000980282321308537,,too_rare,,,
7999,2.8008066323101054e-05,,too_rare,,,
8000,0.0,,too_rare,,,
8001,0.0,,too_rare,,,
8002,0.0002520725969079095,,too_rare,,,
8004,0.0,,too_rare,,,
8005,0.0,,too_rare,,,
8006,0.0,,too_rare,,,
8007,0.0,,too_rare,,,
8009,0.0,,too_rare,,,
8010,0.0,,too_rare,,,
8011,0.0,,too_rare,,,
8012,0.0,,too_rare,,,
8013,0.0,,too_rare,,,
8015,0.0,,too_rare,,,
8017,2.8008066323101054e-05,,too_rare,,,
8018,2.8008066323101054e-05,,too_rare,,,
8019,0.0,,too_rare,,,
8020,0.0,,too_rare,,,
8021,2.8008066323101054e-05,,too_rare,,,
8022,0.0,,too_rare,,,
8023,0.0,,too_rare,,,
8024,0.0,,too_rare,,,
8025,2.8008066323101054e-05,,too_rare,,,
8026,0.0,,too_rare,,,
8027,0.0,,too_rare,,,
8028,0.0,,too_rare,,,
8029,0.0,,too_rare,,,
8030,0.0,,too_rare,,,
8031,0.0,,too_rare,,,
8032,0.0,,too_rare,,,
8033,0.0,,too_rare,,,
8034,2.8008066323101054e-05,,too_rare,,,
8035,0.0,,too_rare,,,
8036,0.0,,too_rare,,,
8037,0.0,,too_rare,,,
8038,0.0,,too_rare,,,
8039,0.0,,too_rare,,,
8040,0.0,,too_rare,,,
8042,0.0,,too_rare,,,
8043,0.0,,too_rare,,,
8045,2.8008066323101054e-05,,too_rare,,,
8046,0.0,,too_rare,,,
8047,0.0,,too_rare,,,
8048,0.0,,too_rare,,,
8049,0.0,,too_rare,,,
8051,0.0,,too_rare,,,
8052,0.0,,too_rare,,,
8053,0.0,,too_rare,,,
8054,0.0007842258570468295,,too_rare,,,
8055,0.0,,too_rare,,,
8056,0.0,,too_rare,,,
8057,0.0,,too_rare,,,
8058,0.0,,too_rare,,,
8059,0.0,,too_rare,,,
8060,0.0,,too_rare,,,
8061,0.0,,too_rare,,,
8062,2.8008066323101054e-05,,too_rare,,,
8063,0.0,,too_rare,,,
8064,2.8008066323101054e-05,,too_rare,,,
8065,0.0,,too_rare,,,
8066,0.0,,too_rare,,,
8067,0.0,,too_rare,,,
8068,0.0,,too_rare,,,
8069,0.0,,too_rare,,,
8070,0.0,,too_rare,,,
8071,0.0,,too_rare,,,
8072,0.0,,too_rare,,,
8073,0.0,,too_rare,,,
8074,0.0014564194488012547,,too_rare,,,
8075,0.0,,too_rare,,,
8076,0.0,,too_rare,,,
8077,0.0,,too_rare,,,
8078,0.00014004033161550526,,too_rare,,,
8079,0.0,,too_rare,,,
8080,0.0,,too_rare,,,
8081,0.0,,too_rare,,,
8082,0.0,,too_rare,,,
8083,0.0,,too_rare,,,
8084,0.0,,too_rare,,,
8085,2.8008066323101054e-05,,too_rare,,,
8086,0.0,,too_rare,,,
8087,0.0,,too_rare,,,
8088,0.0,,too_rare,,,
8089,0.0,,too_rare,,,
8091,0.0,,too_rare,,,
8092,0.0,,too_rare,,,
8093,0.0,,too_rare,,,
8094,0.0,,too_rare,,,
8095,0.0,,too_rare,,,
8096,0.0,,too_rare,,,
8097,0.0,,too_rare,,,
8098,0.0,,too_rare,,,
8099,2.8008066323101054e-05,,too_rare,,,
8100,0.0,,too_rare,,,
8101,0.0,,too_rare,,,
8102,0.0,,too_rare,,,
8103,0.0,,too_rare,,,
8104,0.0,,too_rare,,,
8105,0.0,,too_rare,,,
8106,0.0,,too_rare,,,
8107,0.0,,too_rare,,,
8108,0.0,,too_rare,,,
8109,0.0,,too_rare,,,
8110,0.0,,too_rare,,,
8111,0.0,,too_rare,,,
8112,0.0,,too_rare,,,
8113,0.0,,too_rare,,,
8114,0.0,,too_rare,,,
8115,2.8008066323101054e-05,,too_rare,,,
8116,0.0,,too_rare,,,
8117,0.0,,too_rare,,,
8118,0.0,,too_rare,,,
8119,0.0,,too_rare,,,
8122,0.0,,too_rare,,,
8123,2.8008066323101054e-05,,too_rare,,,
8124,0.0,,too_rare,,,
8125,0.0,,too_rare,,,
8126,0.0,,too_rare,,,
8127,0.0,,too_rare,,,
8128,2.8008066323101054e-05,,too_rare,,,
8129,0.0,,too_rare,,,
8130,0.0,,too_rare,,,
8131,5.601613264620211e-05,,too_rare,,,
8132,2.8008066323101054e-05,,too_rare,,,
8133,0.0,,too_rare,,,
8134,0.0,,too_rare,,,
8135,0.00011203226529240422,,too_rare,,,
8136,0.0004201209948465158,,too_rare,,,
8137,0.0,,too_rare,,,
8138,0.0,,too_rare,,,
8139,0.00014004033161550526,,too_rare,,,
8140,0.0,,too_rare,,,
8141,0.0,,too_rare,,,
8142,0.0,,too_rare,,,
8143,2.8008066323101054e-05,,too_rare,,,
8144,2.8008066323101054e-05,,too_rare,,,
8145,0.0,,too_rare,,,
8146,0.0,,too_rare,,,
8147,0.0,,too_rare,,,
8148,0.0,,too_rare,,,
8149,5.601613264620211e-05,,too_rare,,,
8152,0.0,,too_rare,,,
8153,0.0,,too_rare,,,
8154,0.0,,too_rare,,,
8155,2.8008066323101054e-05,,too_rare,,,
8156,0.0,,too_rare,,,
8157,0.0,,too_rare,,,
8158,0.0,,too_rare,,,
8159,0.0,,too_rare,,,
8160,0.0,,too_rare,,,
8161,0.0,,too_rare,,,
8162,0.0,,too_rare,,,
8163,0.0,,too_rare,,,
8164,0.0,,too_rare,,,
8165,0.0,,too_rare,,,
8166,5.601613264620211e-05,,too_rare,,,
8167,0.0,,too_rare,,,
8168,0.0,,too_rare,,,
8169,0.0,,too_rare,,,
8170,0.00011203226529240422,,too_rare,,,
8171,0.0,,too_rare,,,
8172,2.8008066323101054e-05,,too_rare,,,
8173,0.0,,too_rare,,,
8174,0.0,,too_rare,,,
8175,0.0,,too_rare,,,
8176,0.0,,too_rare,,,
8177,0.0,,too_rare,,,
8178,0.00014004033161550526,,too_rare,,,
8180,0.0,,too_rare,,,
8181,0.0,,too_rare,,,
8182,0.0,,too_rare,,,
8183,0.0,,too_rare,,,
8184,0.0,,too_rare,,,
8185,0.0,,too_rare,,,
8186,0.0,,too_rare,,,
8187,2.8008066323101054e-05,,too_rare,,,
8188,0.0,,too_rare,,,
8189,0.0,,too_rare,,,
8190,0.0,,too_rare,,,
8191,2.8008066323101054e-05,,too_rare,,,
8192,2.8008066323101054e-05,,too_rare,,,
8193,0.0,,too_rare,,,
8194,8.402419896930316e-05,,too_rare,,,
8195,0.0,,too_rare,,,
8196,0.0,,too_rare,,,
8197,0.0,,too_rare,,,
8198,0.0,,too_rare,,,
8199,5.601613264620211e-05,,too_rare,,,
8200,0.0,,too_rare,,,
8201,0.0,,too_rare,,,
8202,5.601613264620211e-05,,too_rare,,,
8204,0.0,,too_rare,,,
8205,0.0,,too_rare,,,
8206,0.0,,too_rare,,,
8207,0.0,,too_rare,,,
8208,0.0,,too_rare,,,
8209,0.0,,too_rare,,,
8210,0.0,,too_rare,,,
8211,0.0,,too_rare,,,
8212,0.0,,too_rare,,,
8213,5.601613264620211e-05,,too_rare,,,
8214,0.0,,too_rare,,,
8215,0.00014004033161550526,,too_rare,,,
8216,2.8008066323101054e-05,,too_rare,,,
8217,0.0,,too_rare,,,
8218,0.0,,too_rare,,,
8219,0.0,,too_rare,,,
8220,0.0,,too_rare,,,
8221,0.0,,too_rare,,,
8222,0.0,,too_rare,,,
8223,0.0,,too_rare,,,
8224,0.0,,too_rare,,,
8225,2.8008066323101054e-05,,too_rare,,,
8226,0.0,,too_rare,,,
8227,0.0,,too_rare,,,
8228,0.0,,too_rare,,,
8229,0.0,,too_rare,,,
8230,2.8008066323101054e-05,,too_rare,,,
8231,2.8008066323101054e-05,,too_rare,,,
8233,0.0,,too_rare,,,
8234,0.0,,too_rare,,,
8235,0.0,,too_rare,,,
8236,0.0,,too_rare,,,
8237,0.0,,too_rare,,,
8238,0.0,,too_rare,,,
8239,0.0004761371274927179,,too_rare,,,
8240,0.0,,too_rare,,,
8241,0.0,,too_rare,,,
8242,0.0,,too_rare,,,
8243,0.0,,too_rare,,,
8244,0.0,,too_rare,,,
8245,0.0,,too_rare,,,
8246,0.0,,too_rare,,,
8247,2.8008066323101054e-05,,too_rare,,,
8248,2.8008066323101054e-05,,too_rare,,,
8249,2.8008066323101054e-05,,too_rare,,,
8250,0.0,,too_rare,,,
8251,0.0,,too_rare,,,
8252,0.0,,too_rare,,,
8253,0.0,,too_rare,,,
8254,0.0,,too_rare,,,
8255,0.0,,too_rare,,,
8256,0.0,,too_rare,,,
8257,0.0,,too_rare,,,
8258,0.0,,too_rare,,,
8259,0.0,,too_rare,,,
8260,0.0,,too_rare,,,
8261,0.0,,too_rare,,,
8262,0.0,,too_rare,,,
8263,0.0,,too_rare,,,
8264,2.8008066323101054e-05,,too_rare,,,
8265,0.0,,too_rare,,,
8266,0.0,,too_rare,,,
8267,0.0,,too_rare,,,
8268,0.0,,too_rare,,,
8269,0.0,,too_rare,,,
8270,0.0,,too_rare,,,
8271,0.0014004033161550526,,too_rare,,,
8272,0.0,,too_rare,,,
8273,0.0,,too_rare,,,
8274,2.8008066323101054e-05,,too_rare,,,
8275,0.0,,too_rare,,,
8276,2.8008066323101054e-05,,too_rare,,,
8277,0.0,,too_rare,,,
8278,0.0,,too_rare,,,
8279,0.0,,too_rare,,,
8280,0.0,,too_rare,,,
8281,0.0,,too_rare,,,
8282,0.0,,too_rare,,,
8283,5.601613264620211e-05,,too_rare,,,
8284,0.0,,too_rare,,,
8285,0.0,,too_rare,,,
8286,0.0,,too_rare,,,
8287,5.601613264620211e-05,,too_rare,,,
8288,0.0,,too_rare,,,
8289,0.0,,too_rare,,,
8290,2.8008066323101054e-05,,too_rare,,,
8291,2.8008066323101054e-05,,too_rare,,,
8293,0.0,,too_rare,,,
8294,8.402419896930316e-05,,too_rare,,,
8295,0.0,,too_rare,,,
8296,0.0,,too_rare,,,
8297,2.8008066323101054e-05,,too_rare,,,
8298,0.0,,too_rare,,,
8299,0.0,,too_rare,,,
8300,0.0,,too_rare,,,
8301,0.0,,too_rare,,,
8302,0.0,,too_rare,,,
8303,5.601613264620211e-05,,too_rare,,,
8304,0.0,,too_rare,,,
8305,0.0,,too_rare,,,
8306,0.0,,too_rare,,,
8307,2.8008066323101054e-05,,too_rare,,,
8308,0.0,,too_rare,,,
8309,0.0,,too_rare,,,
8310,0.0,,too_rare,,,
8311,0.00022406453058480843,,too_rare,,,
8312,0.0,,too_rare,,,
8313,2.8008066323101054e-05,,too_rare,,,
8314,0.0,,too_rare,,,
8315,0.0,,too_rare,,,
8316,2.8008066323101054e-05,,too_rare,,,
8317,2.8008066323101054e-05,,too_rare,,,
8318,0.0,,too_rare,,,
8319,0.0,,too_rare,,,
8320,0.0,,too_rare,,,
8321,0.0,,too_rare,,,
8322,0.0,,too_rare,,,
8323,0.0,,too_rare,,,
8324,0.0,,too_rare,,,
8325,0.0,,too_rare,,,
8326,0.0,,too_rare,,,
8327,0.00014004033161550526,,too_rare,,,
8328,0.0,,too_rare,,,
8329,5.601613264620211e-05,,too_rare,,,
8330,2.8008066323101054e-05,,too_rare,,,
8331,0.0,,too_rare,,,
8332,5.601613264620211e-05,,too_rare,,,
8333,0.0,,too_rare,,,
8334,0.0,,too_rare,,,
8335,0.0,,too_rare,,,
8336,0.0,,too_rare,,,
8337,0.0,,too_rare,,,
8339,0.0,,too_rare,,,
8340,5.601613264620211e-05,,too_rare,,,
8341,0.0,,too_rare,,,
8342,0.0,,too_rare,,,
8343,2.8008066323101054e-05,,too_rare,,,
8344,0.0,,too_rare,,,
8345,0.0,,too_rare,,,
8346,0.0,,too_rare,,,
8347,0.0,,too_rare,,,
8348,0.0,,too_rare,,,
8349,0.0,,too_rare,,,
8350,0.0,,too_rare,,,
8351,0.0,,too_rare,,,
8352,0.0,,too_rare,,,
8353,0.0017645081783553664,,too_rare,,,
8354,0.0,,too_rare,,,
8355,0.0,,too_rare,,,
8356,0.0,,too_rare,,,
8357,2.8008066323101054e-05,,too_rare,,,
8358,0.0,,too_rare,,,
8359,0.0,,too_rare,,,
8360,0.0,,too_rare,,,
8361,0.0,,too_rare,,,
8362,2.8008066323101054e-05,,too_rare,,,
8363,0.0,,too_rare,,,
8364,0.0,,too_rare,,,
8365,0.0,,too_rare,,,
8366,0.00014004033161550526,,too_rare,,,
8367,0.0,,too_rare,,,
8369,2.8008066323101054e-05,,too_rare,,,
8370,0.0,,too_rare,,,
8371,0.0,,too_rare,,,
8372,0.0,,too_rare,,,
8373,0.0,,too_rare,,,
8374,0.0,,too_rare,,,
8375,0.0,,too_rare,,,
8376,0.0,,too_rare,,,
8377,0.0,,too_rare,,,
8378,0.0,,too_rare,,,
8379,0.0,,too_rare,,,
8380,0.002520725969079095,,too_rare,,,
8381,0.0,,too_rare,,,
8382,0.0,,too_rare,,,
8383,0.0,,too_rare,,,
8384,0.0,,too_rare,,,
8385,0.0,,too_rare,,,
8386,0.0,,too_rare,,,
8387,0.0,,too_rare,,,
8388,0.0,,too_rare,,,
8389,2.8008066323101054e-05,,too_rare,,,
8390,0.0,,too_rare,,,
8391,0.00044812906116961686,,too_rare,,,
8392,0.0,,too_rare,,,
8393,0.0,,too_rare,,,
8394,0.0,,too_rare,,,
8395,0.0,,too_rare,,,
8396,0.0,,too_rare,,,
8397,0.0,,too_rare,,,
8398,5.601613264620211e-05,,too_rare,,,
8399,0.0,,too_rare,,,
8400,0.0,,too_rare,,,
8401,0.0,,too_rare,,,
8402,0.0,,too_rare,,,
8403,0.0,,too_rare,,,
8404,0.0,,too_rare,,,
8405,0.0,,too_rare,,,
8406,0.0,,too_rare,,,
8407,0.0,,too_rare,,,
8408,2.8008066323101054e-05,,too_rare,,,
8409,0.0,,too_rare,,,
8410,0.0,,too_rare,,,
8411,0.0,,too_rare,,,
8412,0.0,,too_rare,,,
8413,2.8008066323101054e-05,,too_rare,,,
8414,0.0,,too_rare,,,
8415,0.0,,too_rare,,,
8416,2.8008066323101054e-05,,too_rare,,,
8417,0.0,,too_rare,,,
8418,0.0,,too_rare,,,
8419,0.0,,too_rare,,,
8420,2.8008066323101054e-05,,too_rare,,,
8421,0.0,,too_rare,,,
8422,0.0,,too_rare,,,
8423,0.0,,too_rare,,,
8424,0.0,,too_rare,,,
8425,0.0,,too_rare,,,
8426,0.0,,too_rare,,,
8427,0.0,,too_rare,,,
8428,0.0,,too_rare,,,
8429,0.0,,too_rare,,,
8430,0.0,,too_rare,,,
8432,0.00016804839793860632,,too_rare,,,
8433,0.0,,too_rare,,,
8434,0.0,,too_rare,,,
8435,0.0,,too_rare,,,
8436,0.0,,too_rare,,,
8437,0.0,,too_rare,,,
8438,0.00159645978041676,,too_rare,,,
8439,0.0,,too_rare,,,
8440,0.0,,too_rare,,,
8441,0.0,,too_rare,,,
8442,0.0,,too_rare,,,
8443,0.0,,too_rare,,,
8444,0.0,,too_rare,,,
8445,0.0,,too_rare,,,
8446,0.0,,too_rare,,,
8447,0.0,,too_rare,,,
8448,0.0,,too_rare,,,
8449,0.0006161774591082232,,too_rare,,,
8450,0.0,,too_rare,,,
8451,0.0,,too_rare,,,
8452,0.0,,too_rare,,,
8453,0.0,,too_rare,,,
8454,0.0,,too_rare,,,
8455,0.0,,too_rare,,,
8456,0.0,,too_rare,,,
8457,0.0,,too_rare,,,
8458,0.0,,too_rare,,,
8459,0.0,,too_rare,,,
8460,0.0,,too_rare,,,
8461,0.009858839345731571,,too_rare,,,
8462,2.8008066323101054e-05,,too_rare,,,
8463,0.0,,too_rare,,,
8464,0.0,,too_rare,,,
8465,2.8008066323101054e-05,,too_rare,,,
8466,0.0,,too_rare,,,
8467,0.0,,too_rare,,,
8468,0.0,,too_rare,,,
8469,0.0,,too_rare,,,
8470,0.0,,too_rare,,,
8471,0.0,,too_rare,,,
8472,2.8008066323101054e-05,,too_rare,,,
8473,0.0,,too_rare,,,
8474,0.0,,too_rare,,,
8475,0.0,,too_rare,,,
8476,2.8008066323101054e-05,,too_rare,,,
8477,0.0,,too_rare,,,
8478,0.0,,too_rare,,,
8479,0.0,,too_rare,,,
8480,0.0,,too_rare,,,
8481,2.8008066323101054e-05,,too_rare,,,
8482,0.0,,too_rare,,,
8483,0.0,,too_rare,,,
8484,0.0,,too_rare,,,
8485,0.0,,too_rare,,,
8487,0.0,,too_rare,,,
8489,2.8008066323101054e-05,,too_rare,,,
8490,0.0,,too_rare,,,
8491,2.8008066323101054e-05,,too_rare,,,
8492,0.00011203226529240422,,too_rare,,,
8493,0.0,,too_rare,,,
8494,0.001036298453954739,,too_rare,,,
8495,0.0,,too_rare,,,
8496,0.0,,too_rare,,,
8497,5.601613264620211e-05,,too_rare,,,
8499,0.0,,too_rare,,,
8500,0.0,,too_rare,,,
8501,2.8008066323101054e-05,,too_rare,,,
8502,0.0,,too_rare,,,
8503,0.0,,too_rare,,,
8504,0.0,,too_rare,,,
8505,0.001036298453954739,,too_rare,,,
8506,0.0,,too_rare,,,
8507,2.8008066323101054e-05,,too_rare,,,
8508,0.0,,too_rare,,,
8509,2.8008066323101054e-05,,too_rare,,,
8510,0.0,,too_rare,,,
8511,2.8008066323101054e-05,,too_rare,,,
8512,0.0,,too_rare,,,
8514,0.00016804839793860632,,too_rare,,,
8515,0.0,,too_rare,,,
8516,0.0,,too_rare,,,
8517,0.0,,too_rare,,,
8518,0.0,,too_rare,,,
8519,0.0,,too_rare,,,
8520,0.0,,too_rare,,,
8521,0.0,,too_rare,,,
8522,0.0,,too_rare,,,
8523,0.00014004033161550526,,too_rare,,,
8524,0.0,,too_rare,,,
8525,0.0,,too_rare,,,
8526,2.8008066323101054e-05,,too_rare,,,
8527,0.0,,too_rare,,,
8528,0.0,,too_rare,,,
8529,0.0,,too_rare,,,
8530,0.00011203226529240422,,too_rare,,,
8531,0.00022406453058480843,,too_rare,,,
8532,0.0,,too_rare,,,
8533,0.0,,too_rare,,,
8534,2.8008066323101054e-05,,too_rare,,,
8535,0.0,,too_rare,,,
8536,0.0,,too_rare,,,
8537,0.0,,too_rare,,,
8538,0.0,,too_rare,,,
8539,5.601613264620211e-05,,too_rare,,,
8540,0.0,,too_rare,,,
8541,0.00016804839793860632,,too_rare,,,
8542,5.601613264620211e-05,,too_rare,,,
8543,0.0,,too_rare,,,
8544,0.0,,too_rare,,,
8545,0.0,,too_rare,,,
8546,0.0007842258570468295,,too_rare,,,
8547,2.8008066323101054e-05,,too_rare,,,
8548,0.0,,too_rare,,,
8549,2.8008066323101054e-05,,too_rare,,,
8550,0.0,,too_rare,,,
8551,0.0,,too_rare,,,
8552,0.0,,too_rare,,,
8553,0.0,,too_rare,,,
8554,2.8008066323101054e-05,,too_rare,,,
8555,0.0,,too_rare,,,
8556,0.0,,too_rare,,,
8557,0.0,,too_rare,,,
8558,2.8008066323101054e-05,,too_rare,,,
8559,0.0,,too_rare,,,
8560,0.0,,too_rare,,,
8561,2.8008066323101054e-05,,too_rare,,,
8562,0.0,,too_rare,,,
8563,2.8008066323101054e-05,,too_rare,,,
8564,0.00011203226529240422,,too_rare,,,
8565,2.8008066323101054e-05,,too_rare,,,
8566,0.00106430652027784,,too_rare,,,
8567,0.0,,too_rare,,,
8568,0.0,,too_rare,,,
8569,0.0,,too_rare,,,
8570,0.0,,too_rare,,,
8571,0.0,,too_rare,,,
8572,0.0,,too_rare,,,
8573,2.8008066323101054e-05,,too_rare,,,
8574,0.0,,too_rare,,,
8575,0.0,,too_rare,,,
8576,0.0,,too_rare,,,
8577,5.601613264620211e-05,,too_rare,,,
8578,0.0,,too_rare,,,
8579,0.0,,too_rare,,,
8580,5.601613264620211e-05,,too_rare,,,
8581,0.0,,too_rare,,,
8582,0.0,,too_rare,,,
8583,0.0,,too_rare,,,
8584,0.00016804839793860632,,too_rare,,,
8585,2.8008066323101054e-05,,too_rare,,,
8586,0.0,,too_rare,,,
8587,0.0005881693927851221,,too_rare,,,
8588,0.0,,too_rare,,,
8589,0.0,,too_rare,,,
8590,0.0,,too_rare,,,
8591,0.0,,too_rare,,,
8592,0.0,,too_rare,,,
8593,0.0,,too_rare,,,
8594,0.0006721935917544253,,too_rare,,,
8595,0.0,,too_rare,,,
8596,0.0,,too_rare,,,
8597,0.0,,too_rare,,,
8598,2.8008066323101054e-05,,too_rare,,,
8599,0.0,,too_rare,,,
8600,0.0,,too_rare,,,
8601,0.0,,too_rare,,,
8602,0.0,,too_rare,,,
8603,0.0,,too_rare,,,
8604,5.601613264620211e-05,,too_rare,,,
8605,2.8008066323101054e-05,,too_rare,,,
8606,0.0,,too_rare,,,
8607,0.0,,too_rare,,,
8608,2.8008066323101054e-05,,too_rare,,,
8609,0.0,,too_rare,,,
8610,0.0,,too_rare,,,
8611,0.0,,too_rare,,,
8612,2.8008066323101054e-05,,too_rare,,,
8613,2.8008066323101054e-05,,too_rare,,,
8614,0.0,,too_rare,,,
8615,0.0,,too_rare,,,
8616,0.0,,too_rare,,,
8617,0.0,,too_rare,,,
8618,0.0,,too_rare,,,
8620,0.0,,too_rare,,,
8621,5.601613264620211e-05,,too_rare,,,
8622,0.0,,too_rare,,,
8623,0.0,,too_rare,,,
8624,0.0,,too_rare,,,
8625,2.8008066323101054e-05,,too_rare,,,
8626,0.00039211292852341475,,too_rare,,,
8627,0.0,,too_rare,,,
8628,0.0,,too_rare,,,
8629,0.0,,too_rare,,,
8630,0.0,,too_rare,,,
8631,0.0,,too_rare,,,
8632,0.0,,too_rare,,,
8633,0.0,,too_rare,,,
8634,5.601613264620211e-05,,too_rare,,,
8635,0.0,,too_rare,,,
8636,0.0,,too_rare,,,
8637,0.0,,too_rare,,,
8638,0.0,,too_rare,,,
8639,2.8008066323101054e-05,,too_rare,,,
8640,2.8008066323101054e-05,,too_rare,,,
8641,0.0,,too_rare,,,
8642,5.601613264620211e-05,,too_rare,,,
8643,0.0,,too_rare,,,
8644,0.0,,too_rare,,,
8645,0.0,,too_rare,,,
8646,0.0017645081783553664,,too_rare,,,
8647,8.402419896930316e-05,,too_rare,,,
8648,0.0,,too_rare,,,
8649,2.8008066323101054e-05,,too_rare,,,
8650,5.601613264620211e-05,,too_rare,,,
8651,0.0,,too_rare,,,
8652,2.8008066323101054e-05,,too_rare,,,
8653,0.0,,too_rare,,,
8654,0.0,,too_rare,,,
8655,0.0,,too_rare,,,
8656,0.0,,too_rare,,,
8657,0.0,,too_rare,,,
8658,0.0,,too_rare,,,
8660,0.0,,too_rare,,,
8661,0.0,,too_rare,,,
8662,0.0,,too_rare,,,
8663,0.0,,too_rare,,,
8664,0.0,,too_rare,,,
8665,0.0,,too_rare,,,
8666,0.0,,too_rare,,,
8667,0.0,,too_rare,,,
8668,0.0,,too_rare,,,
8669,0.0,,too_rare,,,
8671,0.0,,too_rare,,,
8673,0.0,,too_rare,,,
8674,0.0,,too_rare,,,
8675,0.0,,too_rare,,,
8676,0.0,,too_rare,,,
8677,0.0,,too_rare,,,
8678,5.601613264620211e-05,,too_rare,,,
8679,0.0,,too_rare,,,
8680,0.0,,too_rare,,,
8681,0.0,,too_rare,,,
8682,0.0,,too_rare,,,
8683,0.0,,too_rare,,,
8684,0.0,,too_rare,,,
8685,0.0,,too_rare,,,
8686,0.0,,too_rare,,,
8687,0.0,,too_rare,,,
8689,0.0,,too_rare,,,
8690,0.0,,too_rare,,,
8691,0.001624467846739861,,too_rare,,,
8692,0.0007282097244006273,,too_rare,,,
8693,0.0,,too_rare,,,
8694,0.0,,too_rare,,,
8695,0.0,,too_rare,,,
8696,2.8008066323101054e-05,,too_rare,,,
8697,2.8008066323101054e-05,,too_rare,,,
8698,0.0,,too_rare,,,
8699,0.0,,too_rare,,,
8700,0.0,,too_rare,,,
8701,0.0,,too_rare,,,
8702,0.0,,too_rare,,,
8703,0.0,,too_rare,,,
8705,0.0,,too_rare,,,
8706,0.00022406453058480843,,too_rare,,,
8707,2.8008066323101054e-05,,too_rare,,,
8708,0.0,,too_rare,,,
8709,0.0,,too_rare,,,
8710,0.0,,too_rare,,,
8711,0.0,,too_rare,,,
8712,0.0,,too_rare,,,
8713,0.0,,too_rare,,,
8714,0.0,,too_rare,,,
8715,0.0,,too_rare,,,
8716,0.0,,too_rare,,,
8717,2.8008066323101054e-05,,too_rare,,,
8718,5.601613264620211e-05,,too_rare,,,
8719,0.0,,too_rare,,,
8720,0.0,,too_rare,,,
8721,2.8008066323101054e-05,,too_rare,,,
8722,0.0003080887295541116,,too_rare,,,
8723,0.0,,too_rare,,,
8724,0.0,,too_rare,,,
8725,2.8008066323101054e-05,,too_rare,,,
8726,0.0,,too_rare,,,
8727,0.0,,too_rare,,,
8728,0.0,,too_rare,,,
8730,0.0,,too_rare,,,
8731,0.0,,too_rare,,,
8732,0.0,,too_rare,,,
8733,0.0,,too_rare,,,
8734,0.0,,too_rare,,,
8736,0.0,,too_rare,,,
8737,0.0,,too_rare,,,
8738,0.0,,too_rare,,,
8739,2.8008066323101054e-05,,too_rare,,,
8740,0.00014004033161550526,,too_rare,,,
8742,8.402419896930316e-05,,too_rare,,,
8743,5.601613264620211e-05,,too_rare,,,
8744,0.0,,too_rare,,,
8745,0.0,,too_rare,,,
8746,2.8008066323101054e-05,,too_rare,,,
8748,0.0,,too_rare,,,
8749,0.00016804839793860632,,too_rare,,,
8751,0.0,,too_rare,,,
8752,0.0,,too_rare,,,
8753,0.0,,too_rare,,,
8754,0.0,,too_rare,,,
8755,0.0,,too_rare,,,
8756,0.0,,too_rare,,,
8757,5.601613264620211e-05,,too_rare,,,
8758,0.0,,too_rare,,,
8759,2.8008066323101054e-05,,too_rare,,,
8760,0.0,,too_rare,,,
8761,0.0,,too_rare,,,
8762,0.0,,too_rare,,,
8763,0.0002520725969079095,,too_rare,,,
8764,0.0,,too_rare,,,
8765,0.0,,too_rare,,,
8766,0.0,,too_rare,,,
8767,0.0,,too_rare,,,
8768,0.0,,too_rare,,,
8769,8.402419896930316e-05,,too_rare,,,
8770,0.0,,too_rare,,,
8771,0.0,,too_rare,,,
8772,0.0,,too_rare,,,
8773,0.0,,too_rare,,,
8774,0.0,,too_rare,,,
8775,0.0,,too_rare,,,
8776,0.0,,too_rare,,,
8777,2.8008066323101054e-05,,too_rare,,,
8778,0.0,,too_rare,,,
8779,0.00106430652027784,,too_rare,,,
8780,0.0,,too_rare,,,
8781,0.0,,too_rare,,,
8782,0.0,,too_rare,,,
8783,2.8008066323101054e-05,,too_rare,,,
8784,0.0,,too_rare,,,
8785,0.0,,too_rare,,,
8786,0.0,,too_rare,,,
8787,8.402419896930316e-05,,too_rare,,,
8788,0.0,,too_rare,,,
8789,0.0,,too_rare,,,
8790,0.0,,too_rare,,,
8791,0.0,,too_rare,,,
8792,0.0,,too_rare,,,
8793,0.0,,too_rare,,,
8794,0.0,,too_rare,,,
8795,0.0,,too_rare,,,
8796,0.0,,too_rare,,,
8797,0.0,,too_rare,,,
8798,0.0,,too_rare,,,
8799,0.0,,too_rare,,,
8800,0.0,,too_rare,,,
8801,0.0,,too_rare,,,
8802,0.0,,too_rare,,,
8803,0.0,,too_rare,,,
8804,5.601613264620211e-05,,too_rare,,,
8805,0.0,,too_rare,,,
8806,0.0,,too_rare,,,
8807,0.0,,too_rare,,,
8808,0.0,,too_rare,,,
8809,0.0,,too_rare,,,
8810,0.0,,too_rare,,,
8811,0.0,,too_rare,,,
8812,2.8008066323101054e-05,,too_rare,,,
8813,0.0,,too_rare,,,
8814,0.0,,too_rare,,,
8815,2.8008066323101054e-05,,too_rare,,,
8816,0.00014004033161550526,,too_rare,,,
8817,0.0,,too_rare,,,
8818,0.0,,too_rare,,,
8819,0.0,,too_rare,,,
8820,0.0,,too_rare,,,
8821,2.8008066323101054e-05,,too_rare,,,
8822,0.00014004033161550526,,too_rare,,,
8823,0.0,,too_rare,,,
8824,2.8008066323101054e-05,,too_rare,,,
8825,0.0,,too_rare,,,
8826,0.0,,too_rare,,,
8827,0.0,,too_rare,,,
8828,0.0,,too_rare,,,
8829,0.0,,too_rare,,,
8830,0.0,,too_rare,,,
8831,0.0,,too_rare,,,
8832,0.0,,too_rare,,,
8833,0.0,,too_rare,,,
8835,0.0,,too_rare,,,
8836,0.0,,too_rare,,,
8837,0.0,,too_rare,,,
8838,0.0,,too_rare,,,
8839,0.0,,too_rare,,,
8840,0.0,,too_rare,,,
8841,0.0,,too_rare,,,
8842,0.0012883710508626485,,too_rare,,,
8843,2.8008066323101054e-05,,too_rare,,,
8844,0.0,,too_rare,,,
8845,0.0,,too_rare,,,
8846,0.0,,too_rare,,,
8847,0.0,,too_rare,,,
8848,2.8008066323101054e-05,,too_rare,,,
8849,0.0,,too_rare,,,
8850,0.0,,too_rare,,,
8851,8.402419896930316e-05,,too_rare,,,
8852,0.0,,too_rare,,,
8853,0.0,,too_rare,,,
8854,2.8008066323101054e-05,,too_rare,,,
8855,0.0,,too_rare,,,
8856,0.0,,too_rare,,,
8858,0.0,,too_rare,,,
8859,0.0,,too_rare,,,
8860,0.0,,too_rare,,,
8861,0.0,,too_rare,,,
8862,0.004425274479049966,,too_rare,,,
8863,0.0,,too_rare,,,
8864,0.0,,too_rare,,,
8865,0.0,,too_rare,,,
8866,0.0,,too_rare,,,
8867,0.00044812906116961686,,too_rare,,,
8868,0.0,,too_rare,,,
8869,0.0,,too_rare,,,
8870,2.8008066323101054e-05,,too_rare,,,
8871,0.0,,too_rare,,,
8872,0.0,,too_rare,,,
8873,2.8008066323101054e-05,,too_rare,,,
8874,0.0,,too_rare,,,
8875,0.0,,too_rare,,,
8876,0.0,,too_rare,,,
8877,0.0,,too_rare,,,
8878,0.0,,too_rare,,,
8879,0.0,,too_rare,,,
8880,0.0,,too_rare,,,
8881,0.0004761371274927179,,too_rare,,,
8882,0.0,,too_rare,,,
8883,0.0,,too_rare,,,
8884,0.0,,too_rare,,,
8885,0.0,,too_rare,,,
8886,0.0,,too_rare,,,
8887,0.0,,too_rare,,,
8888,0.0007002016580775263,,too_rare,,,
8889,0.0,,too_rare,,,
8890,0.0002520725969079095,,too_rare,,,
8891,0.0,,too_rare,,,
8892,0.0,,too_rare,,,
8893,0.0,,too_rare,,,
8894,2.8008066323101054e-05,,too_rare,,,
8895,2.8008066323101054e-05,,too_rare,,,
8896,2.8008066323101054e-05,,too_rare,,,
8897,0.0,,too_rare,,,
8898,0.0,,too_rare,,,
8899,5.601613264620211e-05,,too_rare,,,
8900,5.601613264620211e-05,,too_rare,,,
8901,0.0,,too_rare,,,
8902,0.0,,too_rare,,,
8904,0.0,,too_rare,,,
8905,0.0,,too_rare,,,
8906,0.0,,too_rare,,,
8907,0.0,,too_rare,,,
8908,0.0,,too_rare,,,
8909,0.0,,too_rare,,,
8910,0.0,,too_rare,,,
8911,0.0,,too_rare,,,
8912,0.0,,too_rare,,,
8913,2.8008066323101054e-05,,too_rare,,,
8914,0.0,,too_rare,,,
8915,0.0002800806632310105,,too_rare,,,
8916,8.402419896930316e-05,,too_rare,,,
8917,0.0,,too_rare,,,
8918,0.0,,too_rare,,,
8919,0.0002800806632310105,,too_rare,,,
8920,0.0,,too_rare,,,
8921,0.00044812906116961686,,too_rare,,,
8922,0.0,,too_rare,,,
8923,0.0,,too_rare,,,
8924,0.0,,too_rare,,,
8925,0.0,,too_rare,,,
8926,0.0,,too_rare,,,
8927,0.0,,too_rare,,,
8928,0.0,,too_rare,,,
8929,0.0,,too_rare,,,
8930,2.8008066323101054e-05,,too_rare,,,
8931,0.0,,too_rare,,,
8932,5.601613264620211e-05,,too_rare,,,
8933,0.0,,too_rare,,,
8934,0.0,,too_rare,,,
8936,0.0,,too_rare,,,
8937,0.0,,too_rare,,,
8938,0.0,,too_rare,,,
8939,0.0,,too_rare,,,
8940,0.00014004033161550526,,too_rare,,,
8941,0.0,,too_rare,,,
8942,0.002072596907909478,,too_rare,,,
8943,0.0,,too_rare,,,
8944,0.0,,too_rare,,,
8945,0.0,,too_rare,,,
8946,0.0,,too_rare,,,
8947,0.0,,too_rare,,,
8948,0.0,,too_rare,,,
8949,2.8008066323101054e-05,,too_rare,,,
8950,0.0,,too_rare,,,
8951,0.0,,too_rare,,,
8952,0.0,,too_rare,,,
8953,0.0,,too_rare,,,
8954,0.0,,too_rare,,,
8955,2.8008066323101054e-05,,too_rare,,,
8956,2.8008066323101054e-05,,too_rare,,,
8957,0.0,,too_rare,,,
8958,2.8008066323101054e-05,,too_rare,,,
8959,0.0,,too_rare,,,
8960,0.0,,too_rare,,,
8961,0.0,,too_rare,,,
8962,0.0,,too_rare,,,
8963,0.0,,too_rare,,,
8964,0.0,,too_rare,,,
8965,0.0,,too_rare,,,
8966,2.8008066323101054e-05,,too_rare,,,
8967,0.0008962581223392337,,too_rare,,,
8968,0.0,,too_rare,,,
8969,0.0,,too_rare,,,
8970,0.0,,too_rare,,,
8971,0.0,,too_rare,,,
8972,0.0,,too_rare,,,
8973,0.0,,too_rare,,,
8974,0.00011203226529240422,,too_rare,,,
8975,0.0,,too_rare,,,
8976,0.0,,too_rare,,,
8977,0.0,,too_rare,,,
8978,0.0,,too_rare,,,
8979,0.0,,too_rare,,,
8980,0.0068339681828366566,,too_rare,,,
8981,8.402419896930316e-05,,too_rare,,,
8982,0.0,,too_rare,,,
8983,0.0002520725969079095,,too_rare,,,
8984,0.00014004033161550526,,too_rare,,,
8985,0.0,,too_rare,,,
8986,0.0,,too_rare,,,
8987,0.0,,too_rare,,,
8988,0.00019605646426170737,,too_rare,,,
8989,0.0,,too_rare,,,
8990,2.8008066323101054e-05,,too_rare,,,
8991,0.0,,too_rare,,,
8992,0.0,,too_rare,,,
8993,0.0,,too_rare,,,
8994,5.601613264620211e-05,,too_rare,,,
8995,0.0,,too_rare,,,
8996,0.0,,too_rare,,,
8997,0.006273806856374636,,too_rare,,,
8998,0.00016804839793860632,,too_rare,,,
8999,2.8008066323101054e-05,,too_rare,,,
9000,0.0,,too_rare,,,
9001,0.0,,too_rare,,,
9002,2.8008066323101054e-05,,too_rare,,,
9003,2.8008066323101054e-05,,too_rare,,,
9004,0.0,,too_rare,,,
9005,0.0,,too_rare,,,
9006,0.0,,too_rare,,,
9007,0.0,,too_rare,,,
9008,0.0,,too_rare,,,
9009,2.8008066323101054e-05,,too_rare,,,
9010,0.0,,too_rare,,,
9011,5.601613264620211e-05,,too_rare,,,
9012,0.0,,too_rare,,,
9013,0.0,,too_rare,,,
9015,0.0,,too_rare,,,
9016,5.601613264620211e-05,,too_rare,,,
9017,0.0,,too_rare,,,
9019,0.0,,too_rare,,,
9020,0.0,,too_rare,,,
9021,0.0,,too_rare,,,
9022,0.0,,too_rare,,,
9023,0.0003080887295541116,,too_rare,,,
9024,0.00011203226529240422,,too_rare,,,
9025,0.0,,too_rare,,,
9026,0.0,,too_rare,,,
9027,0.0,,too_rare,,,
9028,0.0,,too_rare,,,
9030,0.0011763387855702441,,too_rare,,,
9031,0.0,,too_rare,,,
9032,0.0,,too_rare,,,
9033,0.0,,too_rare,,,
9034,0.0,,too_rare,,,
9035,0.0,,too_rare,,,
9036,0.0,,too_rare,,,
9037,0.0,,too_rare,,,
9038,0.0,,too_rare,,,
9039,0.0,,too_rare,,,
9040,0.0,,too_rare,,,
9041,0.0,,too_rare,,,
9042,2.8008066323101054e-05,,too_rare,,,
9043,0.0,,too_rare,,,
9044,0.0,,too_rare,,,
9045,0.0008402419896930316,,too_rare,,,
9046,5.601613264620211e-05,,too_rare,,,
9047,0.0,,too_rare,,,
9048,0.00039211292852341475,,too_rare,,,
9049,0.0,,too_rare,,,
9050,0.0,,too_rare,,,
9051,0.0,,too_rare,,,
9052,2.8008066323101054e-05,,too_rare,,,
9053,2.8008066323101054e-05,,too_rare,,,
9054,0.0,,too_rare,,,
9055,0.0,,too_rare,,,
9057,0.0,,too_rare,,,
9058,2.8008066323101054e-05,,too_rare,,,
9059,2.8008066323101054e-05,,too_rare,,,
9060,0.0,,too_rare,,,
9061,0.0,,too_rare,,,
9062,0.0,,too_rare,,,
9063,0.0,,too_rare,,,
9064,0.0,,too_rare,,,
9065,0.0,,too_rare,,,
9066,0.0,,too_rare,,,
9067,0.0,,too_rare,,,
9068,0.0,,too_rare,,,
9069,0.0,,too_rare,,,
9070,0.0,,too_rare,,,
9071,0.0,,too_rare,,,
9072,0.0,,too_rare,,,
9073,0.0,,too_rare,,,
9074,0.0,,too_rare,,,
9075,0.0,,too_rare,,,
9076,0.0,,too_rare,,,
9077,0.0,,too_rare,,,
9078,0.0,,too_rare,,,
9079,0.0,,too_rare,,,
9080,0.0,,too_rare,,,
9081,2.8008066323101054e-05,,too_rare,,,
9082,0.00039211292852341475,,too_rare,,,
9083,0.0,,too_rare,,,
9084,0.00011203226529240422,,too_rare,,,
9085,0.0,,too_rare,,,
9086,0.0,,too_rare,,,
9087,0.0,,too_rare,,,
9088,0.0,,too_rare,,,
9089,0.0,,too_rare,,,
9090,2.8008066323101054e-05,,too_rare,,,
9091,2.8008066323101054e-05,,too_rare,,,
9092,0.00014004033161550526,,too_rare,,,
9093,0.0,,too_rare,,,
9094,0.0,,too_rare,,,
9095,0.0,,too_rare,,,
9096,0.0,,too_rare,,,
9098,0.0,,too_rare,,,
9099,2.8008066323101054e-05,,too_rare,,,
9100,0.0,,too_rare,,,
9101,0.0,,too_rare,,,
9102,2.8008066323101054e-05,,too_rare,,,
9103,0.0,,too_rare,,,
9104,0.0,,too_rare,,,
9105,0.0,,too_rare,,,
9106,0.0,,too_rare,,,
9107,0.0,,too_rare,,,
9108,0.0,,too_rare,,,
9109,2.8008066323101054e-05,,too_rare,,,
9110,0.001484427515124356,,too_rare,,,
9112,0.0,,too_rare,,,
9113,0.0,,too_rare,,,
9114,0.00159645978041676,,too_rare,,,
9115,0.0,,too_rare,,,
9116,0.0,,too_rare,,,
9117,0.0,,too_rare,,,
9118,0.0,,too_rare,,,
9119,2.8008066323101054e-05,,too_rare,,,
9120,0.0,,too_rare,,,
9121,2.8008066323101054e-05,,too_rare,,,
9122,5.601613264620211e-05,,too_rare,,,
9123,0.0,,too_rare,,,
9124,0.0,,too_rare,,,
9125,0.0,,too_rare,,,
9126,0.0,,too_rare,,,
9127,0.0,,too_rare,,,
9128,0.0,,too_rare,,,
9129,0.0,,too_rare,,,
9130,0.0,,too_rare,,,
9131,0.0,,too_rare,,,
9132,0.0,,too_rare,,,
9133,2.8008066323101054e-05,,too_rare,,,
9134,0.0,,too_rare,,,
9135,0.0,,too_rare,,,
9136,0.0,,too_rare,,,
9137,0.0,,too_rare,,,
9138,2.8008066323101054e-05,,too_rare,,,
9139,0.0002520725969079095,,too_rare,,,
9140,0.0,,too_rare,,,
9141,0.0,,too_rare,,,
9142,0.0,,too_rare,,,
9143,0.0,,too_rare,,,
9144,0.00053215326013892,,too_rare,,,
9145,5.601613264620211e-05,,too_rare,,,
9146,0.0,,too_rare,,,
9147,0.0,,too_rare,,,
9148,0.0,,too_rare,,,
9149,0.0,,too_rare,,,
9150,0.0,,too_rare,,,
9151,0.0,,too_rare,,,
9152,0.0,,too_rare,,,
9153,0.0,,too_rare,,,
9154,0.0,,too_rare,,,
9155,0.0,,too_rare,,,
9156,0.0,,too_rare,,,
9157,0.0,,too_rare,,,
9158,0.0,,too_rare,,,
9159,0.0,,too_rare,,,
9160,0.0,,too_rare,,,
9161,0.003332959892449025,,too_rare,,,
9162,0.0,,too_rare,,,
9163,0.0,,too_rare,,,
9164,0.0,,too_rare,,,
9165,0.0,,too_rare,,,
9166,0.0,,too_rare,,,
9167,0.0,,too_rare,,,
9168,2.8008066323101054e-05,,too_rare,,,
9169,0.0,,too_rare,,,
9170,0.0,,too_rare,,,
9171,0.0,,too_rare,,,
9173,0.0,,too_rare,,,
9174,2.8008066323101054e-05,,too_rare,,,
9175,2.8008066323101054e-05,,too_rare,,,
9176,0.0,,too_rare,,,
9177,0.0,,too_rare,,,
9178,0.0,,too_rare,,,
9179,0.0,,too_rare,,,
9181,0.0,,too_rare,,,
9182,0.0,,too_rare,,,
9183,0.0,,too_rare,,,
9184,0.0,,too_rare,,,
9185,8.402419896930316e-05,,too_rare,,,
9186,0.0,,too_rare,,,
9187,0.0,,too_rare,,,
9189,2.8008066323101054e-05,,too_rare,,,
9190,2.8008066323101054e-05,,too_rare,,,
9191,0.0,,too_rare,,,
9192,0.0,,too_rare,,,
9193,5.601613264620211e-05,,too_rare,,,
9194,0.0,,too_rare,,,
9195,0.0,,too_rare,,,
9196,2.8008066323101054e-05,,too_rare,,,
9198,0.0,,too_rare,,,
9199,0.0012603629845395474,,too_rare,,,
9200,0.0,,too_rare,,,
9201,0.0,,too_rare,,,
9202,0.0,,too_rare,,,
9203,0.0,,too_rare,,,
9204,0.0,,too_rare,,,
9205,2.8008066323101054e-05,,too_rare,,,
9206,0.0,,too_rare,,,
9207,0.0,,too_rare,,,
9208,2.8008066323101054e-05,,too_rare,,,
9209,0.0,,too_rare,,,
9210,0.0,,too_rare,,,
9211,2.8008066323101054e-05,,too_rare,,,
9212,2.8008066323101054e-05,,too_rare,,,
9213,0.0,,too_rare,,,
9214,0.0,,too_rare,,,
9215,0.0,,too_rare,,,
9216,0.0,,too_rare,,,
9217,0.0,,too_rare,,,
9218,2.8008066323101054e-05,,too_rare,,,
9219,0.0,,too_rare,,,
9220,0.0,,too_rare,,,
9221,0.00022406453058480843,,too_rare,,,
9222,0.0,,too_rare,,,
9223,0.0,,too_rare,,,
9224,0.0,,too_rare,,,
9225,0.0,,too_rare,,,
9226,2.8008066323101054e-05,,too_rare,,,
9227,0.0,,too_rare,,,
9228,0.0,,too_rare,,,
9230,0.00033609679587721263,,too_rare,,,
9231,0.0,,too_rare,,,
9232,0.0,,too_rare,,,
9233,0.0,,too_rare,,,
9234,2.8008066323101054e-05,,too_rare,,,
9235,0.0,,too_rare,,,
9236,0.0007002016580775263,,too_rare,,,
9237,0.0,,too_rare,,,
9238,0.0,,too_rare,,,
9239,0.0,,too_rare,,,
9240,0.0,,too_rare,,,
9241,0.0,,too_rare,,,
9242,0.0,,too_rare,,,
9243,0.0,,too_rare,,,
9245,0.0,,too_rare,,,
9246,0.0,,too_rare,,,
9247,2.8008066323101054e-05,,too_rare,,,
9248,2.8008066323101054e-05,,too_rare,,,
9249,0.0,,too_rare,,,
9250,2.8008066323101054e-05,,too_rare,,,
9251,0.00014004033161550526,,too_rare,,,
9252,0.0,,too_rare,,,
9253,0.0,,too_rare,,,
9254,2.8008066323101054e-05,,too_rare,,,
9255,0.0,,too_rare,,,
9256,0.0,,too_rare,,,
9257,0.0,,too_rare,,,
9258,0.0,,too_rare,,,
9259,0.0,,too_rare,,,
9260,0.00014004033161550526,,too_rare,,,
9262,2.8008066323101054e-05,,too_rare,,,
9263,0.0,,too_rare,,,
9264,0.0,,too_rare,,,
9265,0.0,,too_rare,,,
9266,0.0,,too_rare,,,
9267,0.0,,too_rare,,,
9268,0.0,,too_rare,,,
9269,0.0,,too_rare,,,
9271,0.0,,too_rare,,,
9272,0.0,,too_rare,,,
9273,0.0,,too_rare,,,
9274,8.402419896930316e-05,,too_rare,,,
9275,0.0,,too_rare,,,
9276,0.0,,too_rare,,,
9277,0.0,,too_rare,,,
9278,0.0,,too_rare,,,
9279,0.0,,too_rare,,,
9280,0.0,,too_rare,,,
9281,0.0,,too_rare,,,
9282,0.0,,too_rare,,,
9283,2.8008066323101054e-05,,too_rare,,,
9284,0.0,,too_rare,,,
9285,0.0,,too_rare,,,
9286,0.0,,too_rare,,,
9287,0.0,,too_rare,,,
9289,0.0,,too_rare,,,
9291,0.0,,too_rare,,,
9292,0.0,,too_rare,,,
9293,0.0,,too_rare,,,
9294,2.8008066323101054e-05,,too_rare,,,
9295,0.0,,too_rare,,,
9296,0.0,,too_rare,,,
9297,0.0,,too_rare,,,
9298,0.0,,too_rare,,,
9299,0.00014004033161550526,,too_rare,,,
9300,0.0,,too_rare,,,
9301,0.0,,too_rare,,,
9302,0.00011203226529240422,,too_rare,,,
9303,0.0,,too_rare,,,
9304,0.003276943759802823,,too_rare,,,
9306,0.0,,too_rare,,,
9307,2.8008066323101054e-05,,too_rare,,,
9308,0.0,,too_rare,,,
9309,0.0,,too_rare,,,
9310,0.0,,too_rare,,,
9311,0.0,,too_rare,,,
9312,0.0,,too_rare,,,
9313,0.0,,too_rare,,,
9314,0.0,,too_rare,,,
9315,2.8008066323101054e-05,,too_rare,,,
9316,0.0,,too_rare,,,
9317,2.8008066323101054e-05,,too_rare,,,
9318,0.0,,too_rare,,,
9319,0.0,,too_rare,,,
9320,8.402419896930316e-05,,too_rare,,,
9321,0.0,,too_rare,,,
9322,0.0,,too_rare,,,
9323,0.0,,too_rare,,,
9324,2.8008066323101054e-05,,too_rare,,,
9325,0.0,,too_rare,,,
9326,0.0,,too_rare,,,
9327,2.8008066323101054e-05,,too_rare,,,
9328,0.0,,too_rare,,,
9329,0.0,,too_rare,,,
9330,0.0,,too_rare,,,
9331,2.8008066323101054e-05,,too_rare,,,
9332,0.0002800806632310105,,too_rare,,,
9333,0.0,,too_rare,,,
9334,0.0,,too_rare,,,
9335,8.402419896930316e-05,,too_rare,,,
9336,0.0,,too_rare,,,
9337,0.0,,too_rare,,,
9338,0.00019605646426170737,,too_rare,,,
9339,0.0,,too_rare,,,
9340,2.8008066323101054e-05,,too_rare,,,
9341,0.0,,too_rare,,,
9342,2.8008066323101054e-05,,too_rare,,,
9343,0.0,,too_rare,,,
9344,2.8008066323101054e-05,,too_rare,,,
9345,0.0,,too_rare,,,
9346,0.00014004033161550526,,too_rare,,,
9348,0.005965718126820525,,too_rare,,,
9349,0.0,,too_rare,,,
9350,0.00011203226529240422,,too_rare,,,
9351,0.0,,too_rare,,,
9352,0.0,,too_rare,,,
9353,0.0,,too_rare,,,
9354,5.601613264620211e-05,,too_rare,,,
9355,0.004117185749495855,,too_rare,,,
9356,8.402419896930316e-05,,too_rare,,,
9357,0.0,,too_rare,,,
9358,0.0,,too_rare,,,
9359,0.0,,too_rare,,,
9360,0.0,,too_rare,,,
9361,0.0,,too_rare,,,
9362,0.0,,too_rare,,,
9363,0.0,,too_rare,,,
9365,0.0,,too_rare,,,
9366,0.0,,too_rare,,,
9367,0.0,,too_rare,,,
9368,0.0,,too_rare,,,
9369,0.0,,too_rare,,,
9370,0.0,,too_rare,,,
9371,0.0,,too_rare,,,
9372,0.0,,too_rare,,,
9373,0.0,,too_rare,,,
9374,0.0,,too_rare,,,
9375,0.0,,too_rare,,,
9376,0.0,,too_rare,,,
9377,0.0,,too_rare,,,
9378,0.0,,too_rare,,,
9379,8.402419896930316e-05,,too_rare,,,
9380,2.8008066323101054e-05,,too_rare,,,
9381,0.0,,too_rare,,,
9382,0.0,,too_rare,,,
9383,0.0,,too_rare,,,
9384,0.0,,too_rare,,,
9385,0.0,,too_rare,,,
9386,0.0,,too_rare,,,
9387,0.0,,too_rare,,,
9388,0.0,,too_rare,,,
9389,2.8008066323101054e-05,,too_rare,,,
9390,0.0,,too_rare,,,
9391,0.0,,too_rare,,,
9392,0.0,,too_rare,,,
9393,0.0,,too_rare,,,
9394,0.0,,too_rare,,,
9395,5.601613264620211e-05,,too_rare,,,
9396,0.0,,too_rare,,,
9397,0.0,,too_rare,,,
9398,0.0,,too_rare,,,
9399,0.0,,too_rare,,,
9400,0.0,,too_rare,,,
9401,5.601613264620211e-05,,too_rare,,,
9402,0.0,,too_rare,,,
9403,0.0,,too_rare,,,
9404,0.00016804839793860632,,too_rare,,,
9405,0.0,,too_rare,,,
9406,0.0,,too_rare,,,
9407,0.0,,too_rare,,,
9408,0.0,,too_rare,,,
9409,2.8008066323101054e-05,,too_rare,,,
9410,2.8008066323101054e-05,,too_rare,,,
9411,0.003529016356710733,,too_rare,,,
9412,0.0,,too_rare,,,
9413,2.8008066323101054e-05,,too_rare,,,
9414,2.8008066323101054e-05,,too_rare,,,
9415,0.0,,too_rare,,,
9416,2.8008066323101054e-05,,too_rare,,,
9417,0.0,,too_rare,,,
9418,0.0,,too_rare,,,
9419,0.0,,too_rare,,,
9420,5.601613264620211e-05,,too_rare,,,
9421,0.0,,too_rare,,,
9422,8.402419896930316e-05,,too_rare,,,
9423,2.8008066323101054e-05,,too_rare,,,
9424,0.0,,too_rare,,,
9425,0.00036410486220031366,,too_rare,,,
9426,0.0,,too_rare,,,
9427,0.0,,too_rare,,,
9428,0.0,,too_rare,,,
9429,0.0,,too_rare,,,
9430,0.0,,too_rare,,,
9431,0.0,,too_rare,,,
9432,0.0,,too_rare,,,
9433,2.8008066323101054e-05,,too_rare,,,
9434,0.0,,too_rare,,,
9435,0.0,,too_rare,,,
9436,0.0,,too_rare,,,
9437,0.0,,too_rare,,,
9438,0.00011203226529240422,,too_rare,,,
9439,2.8008066323101054e-05,,too_rare,,,
9441,0.0,,too_rare,,,
9442,0.0,,too_rare,,,
9443,0.0,,too_rare,,,
9444,0.0,,too_rare,,,
9445,0.0,,too_rare,,,
9446,0.0,,too_rare,,,
9447,0.0,,too_rare,,,
9448,0.0,,too_rare,,,
9449,0.0,,too_rare,,,
9450,0.0,,too_rare,,,
9451,0.0,,too_rare,,,
9452,0.0,,too_rare,,,
9453,0.0,,too_rare,,,
9455,0.0007002016580775263,,too_rare,,,
9456,0.0,,too_rare,,,
9457,0.0,,too_rare,,,
9458,2.8008066323101054e-05,,too_rare,,,
9459,0.0,,too_rare,,,
9460,0.0,,too_rare,,,
9461,0.00014004033161550526,,too_rare,,,
9462,0.0,,too_rare,,,
9463,0.0,,too_rare,,,
9464,0.0,,too_rare,,,
9465,0.0,,too_rare,,,
9466,0.00022406453058480843,,too_rare,,,
9467,2.8008066323101054e-05,,too_rare,,,
9468,0.0,,too_rare,,,
9469,0.0,,too_rare,,,
9470,0.0053215326013892,,too_rare,,,
9471,0.0,,too_rare,,,
9472,0.0,,too_rare,,,
9473,0.0,,too_rare,,,
9474,0.0,,too_rare,,,
9475,0.0,,too_rare,,,
9476,8.402419896930316e-05,,too_rare,,,
9477,0.0002800806632310105,,too_rare,,,
9478,2.8008066323101054e-05,,too_rare,,,
9479,0.0,,too_rare,,,
9480,0.0,,too_rare,,,
9481,0.0,,too_rare,,,
9482,0.0,,too_rare,,,
9483,0.0004761371274927179,,too_rare,,,
9484,2.8008066323101054e-05,,too_rare,,,
9485,0.0,,too_rare,,,
9486,0.0,,too_rare,,,
9487,0.0,,too_rare,,,
9488,0.0,,too_rare,,,
9489,0.0,,too_rare,,,
9490,0.0,,too_rare,,,
9491,0.0,,too_rare,,,
9493,0.0,,too_rare,,,
9494,0.0,,too_rare,,,
9495,0.0,,too_rare,,,
9496,0.0,,too_rare,,,
9497,0.00011203226529240422,,too_rare,,,
9498,0.0,,too_rare,,,
9499,0.0,,too_rare,,,
9500,0.0,,too_rare,,,
9501,0.0,,too_rare,,,
9502,0.0,,too_rare,,,
9503,0.0,,too_rare,,,
9504,0.0,,too_rare,,,
9505,2.8008066323101054e-05,,too_rare,,,
9506,0.0,,too_rare,,,
9507,5.601613264620211e-05,,too_rare,,,
9508,0.0,,too_rare,,,
9509,0.0,,too_rare,,,
9510,0.0,,too_rare,,,
9511,0.0,,too_rare,,,
9512,0.0,,too_rare,,,
9513,0.0,,too_rare,,,
9514,0.0,,too_rare,,,
9515,0.0,,too_rare,,,
9516,0.0,,too_rare,,,
9517,0.0,,too_rare,,,
9518,0.00019605646426170737,,too_rare,,,
9519,0.0,,too_rare,,,
9520,2.8008066323101054e-05,,too_rare,,,
9521,0.0,,too_rare,,,
9522,0.0,,too_rare,,,
9523,0.0,,too_rare,,,
9524,0.0,,too_rare,,,
9525,0.0,,too_rare,,,
9526,0.0,,too_rare,,,
9527,0.0,,too_rare,,,
9528,0.0,,too_rare,,,
9529,0.0,,too_rare,,,
9531,0.0,,too_rare,,,
9532,0.0,,too_rare,,,
9533,5.601613264620211e-05,,too_rare,,,
9534,0.0,,too_rare,,,
9535,0.0,,too_rare,,,
9536,0.0,,too_rare,,,
9537,0.0,,too_rare,,,
9538,0.0,,too_rare,,,
9539,0.0,,too_rare,,,
9540,0.0,,too_rare,,,
9541,0.0,,too_rare,,,
9542,5.601613264620211e-05,,too_rare,,,
9543,0.0,,too_rare,,,
9544,0.0,,too_rare,,,
9545,0.0,,too_rare,,,
9546,0.0,,too_rare,,,
9547,0.0,,too_rare,,,
9548,0.0,,too_rare,,,
9549,5.601613264620211e-05,,too_rare,,,
9550,2.8008066323101054e-05,,too_rare,,,
9551,0.0,,too_rare,,,
9552,0.0,,too_rare,,,
9553,0.0,,too_rare,,,
9554,2.8008066323101054e-05,,too_rare,,,
9555,0.0002520725969079095,,too_rare,,,
9556,0.0,,too_rare,,,
9557,0.0,,too_rare,,,
9558,0.00044812906116961686,,too_rare,,,
9559,5.601613264620211e-05,,too_rare,,,
9560,0.0,,too_rare,,,
9561,0.0,,too_rare,,,
9562,0.0,,too_rare,,,
9563,0.0,,too_rare,,,
9564,0.0,,too_rare,,,
9565,0.0,,too_rare,,,
9566,0.0,,too_rare,,,
9567,0.0006721935917544253,,too_rare,,,
9568,2.8008066323101054e-05,,too_rare,,,
9569,0.0,,too_rare,,,
9570,0.0,,too_rare,,,
9571,0.0,,too_rare,,,
9572,0.0,,too_rare,,,
9574,0.0,,too_rare,,,
9575,0.0,,too_rare,,,
9576,2.8008066323101054e-05,,too_rare,,,
9577,0.0,,too_rare,,,
9578,0.0,,too_rare,,,
9579,0.0,,too_rare,,,
9580,5.601613264620211e-05,,too_rare,,,
9581,0.0,,too_rare,,,
9582,0.00016804839793860632,,too_rare,,,
9583,0.0,,too_rare,,,
9584,5.601613264620211e-05,,too_rare,,,
9585,0.0,,too_rare,,,
9586,0.0,,too_rare,,,
9587,5.601613264620211e-05,,too_rare,,,
9588,5.601613264620211e-05,,too_rare,,,
9589,0.0,,too_rare,,,
9590,0.0,,too_rare,,,
9591,0.0,,too_rare,,,
9592,0.0,,too_rare,,,
9593,0.0,,too_rare,,,
9594,0.0,,too_rare,,,
9595,0.0,,too_rare,,,
9596,0.0,,too_rare,,,
9597,0.0,,too_rare,,,
9598,0.0,,too_rare,,,
9600,0.0,,too_rare,,,
9601,0.0,,too_rare,,,
9602,0.0,,too_rare,,,
9603,0.0,,too_rare,,,
9604,0.0,,too_rare,,,
9605,0.0,,too_rare,,,
9606,8.402419896930316e-05,,too_rare,,,
9607,0.0,,too_rare,,,
9608,0.0,,too_rare,,,
9609,0.0,,too_rare,,,
9610,0.0,,too_rare,,,
9611,0.00011203226529240422,,too_rare,,,
9612,0.0,,too_rare,,,
9613,0.0,,too_rare,,,
9614,0.0,,too_rare,,,
9615,0.0,,too_rare,,,
9616,5.601613264620211e-05,,too_rare,,,
9617,0.0,,too_rare,,,
9618,0.0,,too_rare,,,
9619,2.8008066323101054e-05,,too_rare,,,
9620,0.0,,too_rare,,,
9621,0.0,,too_rare,,,
9622,0.0,,too_rare,,,
9623,0.0,,too_rare,,,
9624,0.0,,too_rare,,,
9625,0.0,,too_rare,,,
9626,0.0,,too_rare,,,
9627,0.0,,too_rare,,,
9628,0.0,,too_rare,,,
9629,0.0,,too_rare,,,
9630,0.0,,too_rare,,,
9631,0.0,,too_rare,,,
9632,0.0,,too_rare,,,
9633,5.601613264620211e-05,,too_rare,,,
9634,0.0,,too_rare,,,
9635,0.0,,too_rare,,,
9636,0.0014564194488012547,,too_rare,,,
9637,2.8008066323101054e-05,,too_rare,,,
9638,0.0,,too_rare,,,
9639,0.0,,too_rare,,,
9640,0.0,,too_rare,,,
9641,0.0,,too_rare,,,
9642,0.0,,too_rare,,,
9643,0.0,,too_rare,,,
9644,0.0,,too_rare,,,
9645,0.0,,too_rare,,,
9646,0.0,,too_rare,,,
9647,0.0,,too_rare,,,
9648,0.0,,too_rare,,,
9649,0.0,,too_rare,,,
9650,0.0,,too_rare,,,
9651,0.00033609679587721263,,too_rare,,,
9652,0.0,,too_rare,,,
9653,0.0,,too_rare,,,
9654,0.0,,too_rare,,,
9656,0.0,,too_rare,,,
9657,0.0,,too_rare,,,
9658,0.0,,too_rare,,,
9659,0.0,,too_rare,,,
9660,0.0,,too_rare,,,
9661,0.0,,too_rare,,,
9662,0.0,,too_rare,,,
9663,2.8008066323101054e-05,,too_rare,,,
9664,0.0,,too_rare,,,
9665,0.0,,too_rare,,,
9666,0.0,,too_rare,,,
9667,0.0,,too_rare,,,
9668,0.0,,too_rare,,,
9669,0.0,,too_rare,,,
9670,0.0,,too_rare,,,
9671,0.0,,too_rare,,,
9672,2.8008066323101054e-05,,too_rare,,,
9673,0.0,,too_rare,,,
9674,0.0,,too_rare,,,
9675,0.0,,too_rare,,,
9676,0.0,,too_rare,,,
9677,0.0,,too_rare,,,
9678,0.0,,too_rare,,,
9679,2.8008066323101054e-05,,too_rare,,,
9680,0.0,,too_rare,,,
9681,0.0,,too_rare,,,
9682,0.0,,too_rare,,,
9684,0.0,,too_rare,,,
9685,0.0,,too_rare,,,
9686,0.0,,too_rare,,,
9687,0.0,,too_rare,,,
9688,0.0,,too_rare,,,
9689,0.0,,too_rare,,,
9690,0.0,,too_rare,,,
9691,0.0,,too_rare,,,
9692,0.0,,too_rare,,,
9693,0.0,,too_rare,,,
9694,0.0,,too_rare,,,
9695,2.8008066323101054e-05,,too_rare,,,
9696,5.601613264620211e-05,,too_rare,,,
9697,0.0,,too_rare,,,
9698,0.0,,too_rare,,,
9699,2.8008066323101054e-05,,too_rare,,,
9700,0.0,,too_rare,,,
9701,2.8008066323101054e-05,,too_rare,,,
9702,0.0,,too_rare,,,
9703,0.0,,too_rare,,,
9704,0.0,,too_rare,,,
9705,0.0,,too_rare,,,
9706,2.8008066323101054e-05,,too_rare,,,
9707,0.0,,too_rare,,,
9708,0.0,,too_rare,,,
9709,0.00014004033161550526,,too_rare,,,
9710,2.8008066323101054e-05,,too_rare,,,
9711,0.0,,too_rare,,,
9712,0.0,,too_rare,,,
9713,0.008094331167376205,,too_rare,,,
9715,0.0,,too_rare,,,
9716,2.8008066323101054e-05,,too_rare,,,
9717,0.0002520725969079095,,too_rare,,,
9718,0.0,,too_rare,,,
9720,0.0,,too_rare,,,
9721,2.8008066323101054e-05,,too_rare,,,
9722,0.0,,too_rare,,,
9723,0.0,,too_rare,,,
9724,0.0,,too_rare,,,
9726,0.00014004033161550526,,too_rare,,,
9727,0.0,,too_rare,,,
9728,0.0,,too_rare,,,
9729,0.0,,too_rare,,,
9730,0.0,,too_rare,,,
9731,0.0,,too_rare,,,
9732,0.0,,too_rare,,,
9733,0.0,,too_rare,,,
9734,0.0,,too_rare,,,
9735,2.8008066323101054e-05,,too_rare,,,
9737,5.601613264620211e-05,,too_rare,,,
9738,0.0,,too_rare,,,
9739,0.0,,too_rare,,,
9740,0.0,,too_rare,,,
9742,0.0,,too_rare,,,
9743,2.8008066323101054e-05,,too_rare,,,
9744,0.0,,too_rare,,,
9745,0.0,,too_rare,,,
9746,0.0,,too_rare,,,
9747,0.0003080887295541116,,too_rare,,,
9748,2.8008066323101054e-05,,too_rare,,,
9749,0.0,,too_rare,,,
9750,0.0,,too_rare,,,
9751,0.0,,too_rare,,,
9752,0.0008962581223392337,,too_rare,,,
9753,0.0,,too_rare,,,
9754,0.0,,too_rare,,,
9755,0.00014004033161550526,,too_rare,,,
9756,0.0,,too_rare,,,
9757,0.0,,too_rare,,,
9758,0.0,,too_rare,,,
9759,0.0,,too_rare,,,
9760,2.8008066323101054e-05,,too_rare,,,
9761,0.0,,too_rare,,,
9762,0.0,,too_rare,,,
9763,0.0,,too_rare,,,
9764,0.0,,too_rare,,,
9765,0.0002800806632310105,,too_rare,,,
9766,0.0,,too_rare,,,
9767,0.0,,too_rare,,,
9768,0.0,,too_rare,,,
9769,0.0,,too_rare,,,
9770,0.0,,too_rare,,,
9771,0.0,,too_rare,,,
9772,0.0,,too_rare,,,
9773,2.8008066323101054e-05,,too_rare,,,
9774,0.0,,too_rare,,,
9775,0.0,,too_rare,,,
9776,0.0,,too_rare,,,
9777,0.0,,too_rare,,,
9778,0.0,,too_rare,,,
9779,0.0,,too_rare,,,
9780,2.8008066323101054e-05,,too_rare,,,
9781,0.0,,too_rare,,,
9782,0.0,,too_rare,,,
9783,0.0,,too_rare,,,
9784,0.0,,too_rare,,,
9785,0.0,,too_rare,,,
9786,0.0,,too_rare,,,
9787,5.601613264620211e-05,,too_rare,,,
9790,0.0,,too_rare,,,
9791,0.0,,too_rare,,,
9792,0.0,,too_rare,,,
9793,0.0,,too_rare,,,
9795,0.0,,too_rare,,,
9796,0.0,,too_rare,,,
9797,0.0,,too_rare,,,
9798,0.0,,too_rare,,,
9799,0.0,,too_rare,,,
9800,0.0,,too_rare,,,
9801,2.8008066323101054e-05,,too_rare,,,
9802,0.0,,too_rare,,,
9803,0.0,,too_rare,,,
9804,0.0,,too_rare,,,
9805,0.0,,too_rare,,,
9806,2.8008066323101054e-05,,too_rare,,,
9807,2.8008066323101054e-05,,too_rare,,,
9808,2.8008066323101054e-05,,too_rare,,,
9809,0.0,,too_rare,,,
9810,0.0,,too_rare,,,
9811,0.0,,too_rare,,,
9812,0.0,,too_rare,,,
9813,2.8008066323101054e-05,,too_rare,,,
9814,0.0,,too_rare,,,
9815,2.8008066323101054e-05,,too_rare,,,
9816,8.402419896930316e-05,,too_rare,,,
9817,0.0,,too_rare,,,
9818,0.0,,too_rare,,,
9819,0.0,,too_rare,,,
9820,0.0,,too_rare,,,
9821,0.0,,too_rare,,,
9822,0.0,,too_rare,,,
9823,2.8008066323101054e-05,,too_rare,,,
9824,2.8008066323101054e-05,,too_rare,,,
9825,2.8008066323101054e-05,,too_rare,,,
9826,0.00014004033161550526,,too_rare,,,
9827,0.000504145193815819,,too_rare,,,
9828,0.0,,too_rare,,,
9829,0.0,,too_rare,,,
9830,0.0,,too_rare,,,
9831,0.0,,too_rare,,,
9832,0.0,,too_rare,,,
9833,0.0,,too_rare,,,
9834,0.0,,too_rare,,,
9835,0.0,,too_rare,,,
9836,0.0,,too_rare,,,
9837,0.0,,too_rare,,,
9838,2.8008066323101054e-05,,too_rare,,,
9840,5.601613264620211e-05,,too_rare,,,
9841,2.8008066323101054e-05,,too_rare,,,
9842,5.601613264620211e-05,,too_rare,,,
9843,0.0067499439838673535,,too_rare,,,
9844,2.8008066323101054e-05,,too_rare,,,
9845,0.0,,too_rare,,,
9846,0.0,,too_rare,,,
9847,0.0,,too_rare,,,
9848,0.0,,too_rare,,,
9849,0.0,,too_rare,,,
9850,0.0,,too_rare,,,
9851,2.8008066323101054e-05,,too_rare,,,
9852,0.0,,too_rare,,,
9853,0.0,,too_rare,,,
9854,0.0,,too_rare,,,
9855,0.0,,too_rare,,,
9856,0.0033889760250952273,,too_rare,,,
9857,0.0,,too_rare,,,
9858,0.0,,too_rare,,,
9859,0.0,,too_rare,,,
9860,5.601613264620211e-05,,too_rare,,,
9861,0.0,,too_rare,,,
9862,0.0,,too_rare,,,
9863,8.402419896930316e-05,,too_rare,,,
9864,0.0,,too_rare,,,
9865,0.0,,too_rare,,,
9866,2.8008066323101054e-05,,too_rare,,,
9867,0.0,,too_rare,,,
9868,0.0,,too_rare,,,
9869,0.0,,too_rare,,,
9870,0.0,,too_rare,,,
9871,0.0,,too_rare,,,
9872,0.0,,too_rare,,,
9873,0.0,,too_rare,,,
9874,2.8008066323101054e-05,,too_rare,,,
9875,0.0009522742549854358,,too_rare,,,
9876,0.0,,too_rare,,,
9877,0.0,,too_rare,,,
9879,0.0,,too_rare,,,
9881,0.0,,too_rare,,,
9882,0.0,,too_rare,,,
9883,0.0,,too_rare,,,
9885,0.00014004033161550526,,too_rare,,,
9886,0.0007842258570468295,,too_rare,,,
9887,2.8008066323101054e-05,,too_rare,,,
9888,2.8008066323101054e-05,,too_rare,,,
9889,2.8008066323101054e-05,,too_rare,,,
9890,2.8008066323101054e-05,,too_rare,,,
9891,0.0,,too_rare,,,
9892,0.0,,too_rare,,,
9893,0.0,,too_rare,,,
9894,0.0,,too_rare,,,
9895,2.8008066323101054e-05,,too_rare,,,
9896,0.0,,too_rare,,,
9897,0.0,,too_rare,,,
9898,0.0,,too_rare,,,
9899,0.0,,too_rare,,,
9900,0.0,,too_rare,,,
9901,0.0,,too_rare,,,
9902,0.0,,too_rare,,,
9903,0.0,,too_rare,,,
9904,8.402419896930316e-05,,too_rare,,,
9905,0.0,,too_rare,,,
9906,2.8008066323101054e-05,,too_rare,,,
9907,0.0,,too_rare,,,
9908,0.0,,too_rare,,,
9909,0.0,,too_rare,,,
9910,0.0,,too_rare,,,
9911,0.0,,too_rare,,,
9912,0.0,,too_rare,,,
9913,0.0,,too_rare,,,
9914,0.0,,too_rare,,,
9915,2.8008066323101054e-05,,too_rare,,,
9916,0.0,,too_rare,,,
9917,5.601613264620211e-05,,too_rare,,,
9918,2.8008066323101054e-05,,too_rare,,,
9919,0.0,,too_rare,,,
9920,0.0,,too_rare,,,
9921,0.0,,too_rare,,,
9922,2.8008066323101054e-05,,too_rare,,,
9923,0.0,,too_rare,,,
9924,0.0,,too_rare,,,
9925,0.0,,too_rare,,,
9926,0.0,,too_rare,,,
9927,0.0,,too_rare,,,
9928,2.8008066323101054e-05,,too_rare,,,
9929,0.0,,too_rare,,,
9930,0.0,,too_rare,,,
9931,0.0,,too_rare,,,
9932,2.8008066323101054e-05,,too_rare,,,
9933,0.0018485323773246695,,too_rare,,,
9934,0.0,,too_rare,,,
9935,0.0,,too_rare,,,
9936,0.0,,too_rare,,,
9938,0.0,,too_rare,,,
9940,0.0,,too_rare,,,
9941,2.8008066323101054e-05,,too_rare,,,
9942,0.0,,too_rare,,,
9943,2.8008066323101054e-05,,too_rare,,,
9944,0.00019605646426170737,,too_rare,,,
9945,0.00014004033161550526,,too_rare,,,
9946,0.0,,too_rare,,,
9947,2.8008066323101054e-05,,too_rare,,,
9948,0.003949137351557249,,too_rare,,,
9949,2.8008066323101054e-05,,too_rare,,,
9950,0.0,,too_rare,,,
9951,2.8008066323101054e-05,,too_rare,,,
9952,0.0,,too_rare,,,
9953,0.0,,too_rare,,,
9954,0.0,,too_rare,,,
9955,2.8008066323101054e-05,,too_rare,,,
9956,0.0,,too_rare,,,
9957,0.0,,too_rare,,,
9958,0.0,,too_rare,,,
9959,0.0,,too_rare,,,
9960,0.0,,too_rare,,,
9961,0.0,,too_rare,,,
9962,0.0,,too_rare,,,
9963,0.0,,too_rare,,,
9964,0.0,,too_rare,,,
9965,0.0,,too_rare,,,
9966,0.0,,too_rare,,,
9967,5.601613264620211e-05,,too_rare,,,
9968,0.0,,too_rare,,,
9969,0.0,,too_rare,,,
9970,0.00036410486220031366,,too_rare,,,
9971,0.00039211292852341475,,too_rare,,,
9972,0.0,,too_rare,,,
9973,8.402419896930316e-05,,too_rare,,,
9974,0.0,,too_rare,,,
9975,2.8008066323101054e-05,,too_rare,,,
9976,0.0,,too_rare,,,
9977,0.0,,too_rare,,,
9978,0.0,,too_rare,,,
9979,2.8008066323101054e-05,,too_rare,,,
9980,0.0,,too_rare,,,
9981,0.0,,too_rare,,,
9982,0.0014564194488012547,,too_rare,,,
9983,0.0,,too_rare,,,
9984,2.8008066323101054e-05,,too_rare,,,
9985,0.0,,too_rare,,,
9986,0.0,,too_rare,,,
9987,0.0,,too_rare,,,
9988,0.0,,too_rare,,,
9989,0.0,,too_rare,,,
9990,0.0,,too_rare,,,
9991,0.0,,too_rare,,,
9992,0.0,,too_rare,,,
9993,0.0,,too_rare,,,
9994,2.8008066323101054e-05,,too_rare,,,
9995,0.0,,too_rare,,,
9996,2.8008066323101054e-05,,too_rare,,,
9997,0.0,,too_rare,,,
9998,0.0,,too_rare,,,
9999,2.8008066323101054e-05,,too_rare,,,
10000,5.601613264620211e-05,,too_rare,,,
10001,0.0,,too_rare,,,
10002,5.601613264620211e-05,,too_rare,,,
10003,0.0,,too_rare,,,
10004,0.0,,too_rare,,,
10005,0.0,,too_rare,,,
10006,0.0,,too_rare,,,
10007,0.0,,too_rare,,,
10008,0.0,,too_rare,,,
10009,0.0,,too_rare,,,
10010,0.0,,too_rare,,,
10011,0.0,,too_rare,,,
10012,0.0,,too_rare,,,
10013,0.0,,too_rare,,,
10014,0.0,,too_rare,,,
10015,0.0,,too_rare,,,
10016,0.0,,too_rare,,,
10017,0.0,,too_rare,,,
10018,0.0,,too_rare,,,
10019,0.0,,too_rare,,,
10020,0.0,,too_rare,,,
10021,0.0,,too_rare,,,
10022,0.0,,too_rare,,,
10023,0.0,,too_rare,,,
10024,0.0003080887295541116,,too_rare,,,
10025,0.0,,too_rare,,,
10026,0.0,,too_rare,,,
10027,0.0,,too_rare,,,
10028,0.0,,too_rare,,,
10029,2.8008066323101054e-05,,too_rare,,,
10030,0.0,,too_rare,,,
10031,0.0005881693927851221,,too_rare,,,
10032,0.0,,too_rare,,,
10033,0.0,,too_rare,,,
10034,2.8008066323101054e-05,,too_rare,,,
10036,5.601613264620211e-05,,too_rare,,,
10037,0.0,,too_rare,,,
10038,0.0,,too_rare,,,
10039,0.0,,too_rare,,,
10040,2.8008066323101054e-05,,too_rare,,,
10041,0.0,,too_rare,,,
10042,0.0,,too_rare,,,
10043,0.0,,too_rare,,,
10045,0.0,,too_rare,,,
10046,0.0,,too_rare,,,
10047,0.0,,too_rare,,,
10048,0.0,,too_rare,,,
10049,0.0,,too_rare,,,
10050,0.0,,too_rare,,,
10051,0.00011203226529240422,,too_rare,,,
10052,0.0,,too_rare,,,
10053,0.0,,too_rare,,,
10054,0.0007842258570468295,,too_rare,,,
10055,0.0,,too_rare,,,
10056,0.0,,too_rare,,,
10057,0.0,,too_rare,,,
10058,5.601613264620211e-05,,too_rare,,,
10060,0.0,,too_rare,,,
10061,0.0,,too_rare,,,
10062,5.601613264620211e-05,,too_rare,,,
10063,0.0,,too_rare,,,
10064,0.0,,too_rare,,,
10065,0.0,,too_rare,,,
10066,5.601613264620211e-05,,too_rare,,,
10067,0.0,,too_rare,,,
10068,0.0,,too_rare,,,
10069,0.0,,too_rare,,,
10070,0.0,,too_rare,,,
10071,0.0,,too_rare,,,
10072,0.0038931212189110462,,too_rare,,,
10073,5.601613264620211e-05,,too_rare,,,
10074,0.0,,too_rare,,,
10075,2.8008066323101054e-05,,too_rare,,,
10076,0.0,,too_rare,,,
10077,0.0,,too_rare,,,
10078,0.0,,too_rare,,,
10079,0.0,,too_rare,,,
10080,0.0,,too_rare,,,
10081,2.8008066323101054e-05,,too_rare,,,
10082,0.0,,too_rare,,,
10083,0.0,,too_rare,,,
10084,0.0,,too_rare,,,
10085,0.0,,too_rare,,,
10086,0.0,,too_rare,,,
10087,0.0,,too_rare,,,
10088,0.0,,too_rare,,,
10089,0.0,,too_rare,,,
10090,0.0,,too_rare,,,
10091,0.0,,too_rare,,,
10092,0.0,,too_rare,,,
10093,0.0,,too_rare,,,
10094,2.8008066323101054e-05,,too_rare,,,
10095,0.0,,too_rare,,,
10096,0.0,,too_rare,,,
10097,0.0,,too_rare,,,
10098,0.0,,too_rare,,,
10099,0.0,,too_rare,,,
10100,0.0,,too_rare,,,
10101,0.0,,too_rare,,,
10102,0.0,,too_rare,,,
10103,0.0,,too_rare,,,
10104,0.00016804839793860632,,too_rare,,,
10105,2.8008066323101054e-05,,too_rare,,,
10106,0.0,,too_rare,,,
10107,0.0,,too_rare,,,
10108,2.8008066323101054e-05,,too_rare,,,
10109,2.8008066323101054e-05,,too_rare,,,
10110,0.0,,too_rare,,,
10111,0.0,,too_rare,,,
10112,0.0,,too_rare,,,
10113,2.8008066323101054e-05,,too_rare,,,
10114,0.0,,too_rare,,,
10115,2.8008066323101054e-05,,too_rare,,,
10116,2.8008066323101054e-05,,too_rare,,,
10117,0.0,,too_rare,,,
10118,0.0,,too_rare,,,
10119,2.8008066323101054e-05,,too_rare,,,
10120,0.0,,too_rare,,,
10121,0.0,,too_rare,,,
10122,0.0,,too_rare,,,
10123,0.0,,too_rare,,,
10124,0.0,,too_rare,,,
10125,0.0,,too_rare,,,
10126,0.0,,too_rare,,,
10127,0.0,,too_rare,,,
10128,0.0,,too_rare,,,
10129,8.402419896930316e-05,,too_rare,,,
10130,0.0,,too_rare,,,
10132,0.0,,too_rare,,,
10133,0.0,,too_rare,,,
10134,0.0,,too_rare,,,
10135,0.0,,too_rare,,,
10136,0.0,,too_rare,,,
10137,0.0,,too_rare,,,
10138,0.0,,too_rare,,,
10139,0.0,,too_rare,,,
10140,2.8008066323101054e-05,,too_rare,,,
10141,0.00011203226529240422,,too_rare,,,
10143,0.0,,too_rare,,,
10144,0.0,,too_rare,,,
10145,0.0,,too_rare,,,
10146,0.0,,too_rare,,,
10147,0.0,,too_rare,,,
10148,0.0,,too_rare,,,
10149,0.0,,too_rare,,,
10150,0.0,,too_rare,,,
10151,0.0,,too_rare,,,
10152,0.0,,too_rare,,,
10153,0.0,,too_rare,,,
10154,0.0,,too_rare,,,
10155,0.0,,too_rare,,,
10156,0.00016804839793860632,,too_rare,,,
10157,0.0,,too_rare,,,
10158,0.0,,too_rare,,,
10159,0.0,,too_rare,,,
10160,2.8008066323101054e-05,,too_rare,,,
10161,0.0,,too_rare,,,
10162,0.0,,too_rare,,,
10163,0.0,,too_rare,,,
10164,0.00016804839793860632,,too_rare,,,
10165,0.0,,too_rare,,,
10166,0.0,,too_rare,,,
10167,0.0,,too_rare,,,
10168,5.601613264620211e-05,,too_rare,,,
10169,0.0,,too_rare,,,
10170,5.601613264620211e-05,,too_rare,,,
10171,0.0,,too_rare,,,
10172,0.0,,too_rare,,,
10174,0.0,,too_rare,,,
10175,0.0,,too_rare,,,
10176,0.0,,too_rare,,,
10177,0.0,,too_rare,,,
10178,0.0,,too_rare,,,
10179,0.0,,too_rare,,,
10180,0.0,,too_rare,,,
10181,0.0,,too_rare,,,
10182,0.0,,too_rare,,,
10183,0.0,,too_rare,,,
10184,0.0,,too_rare,,,
10185,5.601613264620211e-05,,too_rare,,,
10186,0.000504145193815819,,too_rare,,,
10187,0.0,,too_rare,,,
10188,0.0,,too_rare,,,
10189,0.0,,too_rare,,,
10190,0.0,,too_rare,,,
10191,0.0,,too_rare,,,
10192,0.0,,too_rare,,,
10193,0.0,,too_rare,,,
10195,2.8008066323101054e-05,,too_rare,,,
10196,0.0,,too_rare,,,
10197,5.601613264620211e-05,,too_rare,,,
10198,0.0,,too_rare,,,
10199,0.0,,too_rare,,,
10200,2.8008066323101054e-05,,too_rare,,,
10201,2.8008066323101054e-05,,too_rare,,,
10202,0.0,,too_rare,,,
10203,0.0003080887295541116,,too_rare,,,
10204,0.000980282321308537,,too_rare,,,
10205,0.0,,too_rare,,,
10206,0.004761371274927179,,too_rare,,,
10207,0.0,,too_rare,,,
10208,0.0,,too_rare,,,
10209,0.0,,too_rare,,,
10210,0.0,,too_rare,,,
10211,0.0,,too_rare,,,
10212,0.0,,too_rare,,,
10214,0.0,,too_rare,,,
10215,0.0,,too_rare,,,
10216,0.0,,too_rare,,,
10217,0.00039211292852341475,,too_rare,,,
10218,0.0,,too_rare,,,
10219,2.8008066323101054e-05,,too_rare,,,
10220,0.0,,too_rare,,,
10221,0.0,,too_rare,,,
10222,0.0,,too_rare,,,
10223,0.0009242661886623348,,too_rare,,,
10224,0.0,,too_rare,,,
10225,0.0,,too_rare,,,
10226,0.0,,too_rare,,,
10227,0.0,,too_rare,,,
10228,2.8008066323101054e-05,,too_rare,,,
10229,0.0,,too_rare,,,
10230,0.0,,too_rare,,,
10231,0.0,,too_rare,,,
10232,0.0,,too_rare,,,
10233,2.8008066323101054e-05,,too_rare,,,
10234,0.0,,too_rare,,,
10235,0.0,,too_rare,,,
10236,0.0,,too_rare,,,
10237,0.0,,too_rare,,,
10238,0.0,,too_rare,,,
10239,0.0007282097244006273,,too_rare,,,
10240,0.0004201209948465158,,too_rare,,,
10241,2.8008066323101054e-05,,too_rare,,,
10242,0.0,,too_rare,,,
10243,0.0,,too_rare,,,
10244,0.0,,too_rare,,,
10245,0.0,,too_rare,,,
10246,2.8008066323101054e-05,,too_rare,,,
10247,0.00014004033161550526,,too_rare,,,
10248,0.0,,too_rare,,,
10249,0.0,,too_rare,,,
10250,0.0,,too_rare,,,
10251,0.0,,too_rare,,,
10252,0.0,,too_rare,,,
10253,0.0,,too_rare,,,
10254,0.0,,too_rare,,,
10255,0.0,,too_rare,,,
10256,0.0,,too_rare,,,
10257,0.0,,too_rare,,,
10258,0.0,,too_rare,,,
10259,0.0,,too_rare,,,
10260,0.0,,too_rare,,,
10261,0.0,,too_rare,,,
10262,0.0,,too_rare,,,
10263,0.0,,too_rare,,,
10264,0.0,,too_rare,,,
10265,0.0,,too_rare,,,
10266,0.0,,too_rare,,,
10267,2.8008066323101054e-05,,too_rare,,,
10268,0.0,,too_rare,,,
10269,0.0,,too_rare,,,
10270,2.8008066323101054e-05,,too_rare,,,
10271,0.0,,too_rare,,,
10272,0.0,,too_rare,,,
10274,0.0,,too_rare,,,
10275,0.0,,too_rare,,,
10276,0.00039211292852341475,,too_rare,,,
10277,2.8008066323101054e-05,,too_rare,,,
10278,0.0,,too_rare,,,
10279,0.0,,too_rare,,,
10281,0.0,,too_rare,,,
10282,0.0,,too_rare,,,
10283,0.0,,too_rare,,,
10284,0.0,,too_rare,,,
10285,0.0,,too_rare,,,
10286,0.0,,too_rare,,,
10287,0.0,,too_rare,,,
10288,0.0,,too_rare,,,
10289,2.8008066323101054e-05,,too_rare,,,
10290,0.0,,too_rare,,,
10291,0.0,,too_rare,,,
10292,0.0,,too_rare,,,
10293,0.0,,too_rare,,,
10294,0.0,,too_rare,,,
10295,0.0,,too_rare,,,
10296,0.006273806856374636,,too_rare,,,
10297,0.0,,too_rare,,,
10298,0.00036410486220031366,,too_rare,,,
10299,0.0,,too_rare,,,
10300,0.0,,too_rare,,,
10301,0.0,,too_rare,,,
10302,0.00011203226529240422,,too_rare,,,
10303,0.0,,too_rare,,,
10304,2.8008066323101054e-05,,too_rare,,,
10305,2.8008066323101054e-05,,too_rare,,,
10306,0.0,,too_rare,,,
10307,0.0,,too_rare,,,
10308,0.0,,too_rare,,,
10309,0.0,,too_rare,,,
10310,0.0,,too_rare,,,
10311,0.0,,too_rare,,,
10312,2.8008066323101054e-05,,too_rare,,,
10313,0.0,,too_rare,,,
10314,0.0,,too_rare,,,
10315,0.0,,too_rare,,,
10316,0.0,,too_rare,,,
10317,0.0,,too_rare,,,
10318,0.000980282321308537,,too_rare,,,
10319,0.0,,too_rare,,,
10320,0.0,,too_rare,,,
10321,0.0,,too_rare,,,
10322,2.8008066323101054e-05,,too_rare,,,
10323,0.0,,too_rare,,,
10324,0.0,,too_rare,,,
10325,0.0,,too_rare,,,
10326,2.8008066323101054e-05,,too_rare,,,
10327,0.0,,too_rare,,,
10328,8.402419896930316e-05,,too_rare,,,
10329,0.0,,too_rare,,,
10330,5.601613264620211e-05,,too_rare,,,
10331,0.0,,too_rare,,,
10332,0.0004201209948465158,,too_rare,,,
10333,0.0,,too_rare,,,
10334,0.0,,too_rare,,,
10336,0.0,,too_rare,,,
10337,2.8008066323101054e-05,,too_rare,,,
10338,0.0,,too_rare,,,
10339,0.0,,too_rare,,,
10340,0.0,,too_rare,,,
10341,0.0,,too_rare,,,
10342,0.0,,too_rare,,,
10343,0.0,,too_rare,,,
10344,0.0,,too_rare,,,
10345,0.0,,too_rare,,,
10346,0.0,,too_rare,,,
10347,0.0,,too_rare,,,
10348,0.0,,too_rare,,,
10349,0.0,,too_rare,,,
10350,0.0,,too_rare,,,
10351,0.0,,too_rare,,,
10352,0.0,,too_rare,,,
10353,0.0,,too_rare,,,
10354,0.0,,too_rare,,,
10355,0.0,,too_rare,,,
10356,0.0,,too_rare,,,
10357,0.0,,too_rare,,,
10358,0.0,,too_rare,,,
10359,0.0,,too_rare,,,
10360,0.0,,too_rare,,,
10361,0.0,,too_rare,,,
10362,2.8008066323101054e-05,,too_rare,,,
10363,0.0,,too_rare,,,
10364,0.0,,too_rare,,,
10365,0.0,,too_rare,,,
10366,0.0,,too_rare,,,
10367,0.0,,too_rare,,,
10368,0.0,,too_rare,,,
10369,0.0,,too_rare,,,
10370,0.0,,too_rare,,,
10371,0.0,,too_rare,,,
10372,2.8008066323101054e-05,,too_rare,,,
10373,0.0,,too_rare,,,
10374,0.0,,too_rare,,,
10375,0.002996863096571813,,too_rare,,,
10376,0.0,,too_rare,,,
10377,2.8008066323101054e-05,,too_rare,,,
10378,0.0,,too_rare,,,
10379,0.0,,too_rare,,,
10380,0.0,,too_rare,,,
10381,0.0,,too_rare,,,
10382,0.0,,too_rare,,,
10383,5.601613264620211e-05,,too_rare,,,
10384,0.005265516468742998,,too_rare,,,
10385,0.0,,too_rare,,,
10386,0.0,,too_rare,,,
10387,0.0,,too_rare,,,
10388,0.0,,too_rare,,,
10389,0.0,,too_rare,,,
10390,0.0,,too_rare,,,
10391,0.0,,too_rare,,,
10392,0.0,,too_rare,,,
10393,0.0,,too_rare,,,
10394,0.0,,too_rare,,,
10395,0.00014004033161550526,,too_rare,,,
10396,0.0,,too_rare,,,
10397,0.0,,too_rare,,,
10398,0.0,,too_rare,,,
10399,0.0,,too_rare,,,
10400,0.0,,too_rare,,,
10401,0.0,,too_rare,,,
10402,0.0,,too_rare,,,
10403,2.8008066323101054e-05,,too_rare,,,
10404,0.0,,too_rare,,,
10405,0.0,,too_rare,,,
10406,0.007002016580775264,,too_rare,,,
10407,0.0,,too_rare,,,
10408,0.0,,too_rare,,,
10409,0.0,,too_rare,,,
10410,0.0,,too_rare,,,
10411,0.0,,too_rare,,,
10412,0.0,,too_rare,,,
10413,0.0,,too_rare,,,
10414,0.0,,too_rare,,,
10415,0.0014284113824781536,,too_rare,,,
10416,0.0,,too_rare,,,
10417,0.0,,too_rare,,,
10418,0.0,,too_rare,,,
10419,0.0,,too_rare,,,
10420,0.0,,too_rare,,,
10421,0.0,,too_rare,,,
10422,0.0,,too_rare,,,
10423,0.00016804839793860632,,too_rare,,,
10424,0.0,,too_rare,,,
10425,2.8008066323101054e-05,,too_rare,,,
10427,0.0,,too_rare,,,
10428,0.0,,too_rare,,,
10429,0.0,,too_rare,,,
10431,0.0,,too_rare,,,
10432,0.0,,too_rare,,,
10433,0.0,,too_rare,,,
10434,2.8008066323101054e-05,,too_rare,,,
10435,0.0,,too_rare,,,
10436,0.0,,too_rare,,,
10437,0.0,,too_rare,,,
10438,0.0,,too_rare,,,
10439,0.0,,too_rare,,,
10440,0.0,,too_rare,,,
10441,0.0,,too_rare,,,
10442,0.0,,too_rare,,,
10443,0.0,,too_rare,,,
10444,0.0,,too_rare,,,
10445,5.601613264620211e-05,,too_rare,,,
10446,2.8008066323101054e-05,,too_rare,,,
10447,0.0,,too_rare,,,
10448,0.0,,too_rare,,,
10449,0.0,,too_rare,,,
10450,0.0,,too_rare,,,
10451,0.0,,too_rare,,,
10452,0.0,,too_rare,,,
10453,0.0,,too_rare,,,
10454,5.601613264620211e-05,,too_rare,,,
10455,2.8008066323101054e-05,,too_rare,,,
10456,0.0,,too_rare,,,
10457,0.0,,too_rare,,,
10458,0.0,,too_rare,,,
10459,0.0,,too_rare,,,
10460,0.0,,too_rare,,,
10461,0.0,,too_rare,,,
10462,0.0,,too_rare,,,
10463,2.8008066323101054e-05,,too_rare,,,
10465,0.0,,too_rare,,,
10466,0.004033161550526552,,too_rare,,,
10467,0.0,,too_rare,,,
10468,0.0,,too_rare,,,
10469,0.0,,too_rare,,,
10470,0.0,,too_rare,,,
10471,0.0,,too_rare,,,
10473,2.8008066323101054e-05,,too_rare,,,
10474,2.8008066323101054e-05,,too_rare,,,
10475,0.0,,too_rare,,,
10476,2.8008066323101054e-05,,too_rare,,,
10478,0.0,,too_rare,,,
10479,2.8008066323101054e-05,,too_rare,,,
10480,2.8008066323101054e-05,,too_rare,,,
10481,0.0,,too_rare,,,
10482,2.8008066323101054e-05,,too_rare,,,
10483,0.0,,too_rare,,,
10484,0.0,,too_rare,,,
10485,0.0,,too_rare,,,
10486,0.0,,too_rare,,,
10487,0.0,,too_rare,,,
10488,0.0,,too_rare,,,
10489,0.0,,too_rare,,,
10490,2.8008066323101054e-05,,too_rare,,,
10491,0.0,,too_rare,,,
10492,0.0,,too_rare,,,
10493,0.0,,too_rare,,,
10494,0.0,,too_rare,,,
10495,0.0,,too_rare,,,
10496,0.0,,too_rare,,,
10497,0.0,,too_rare,,,
10498,0.0,,too_rare,,,
10499,0.0,,too_rare,,,
10500,0.0,,too_rare,,,
10501,2.8008066323101054e-05,,too_rare,,,
10502,0.0,,too_rare,,,
10503,0.0,,too_rare,,,
10504,0.0,,too_rare,,,
10505,0.0,,too_rare,,,
10506,0.0,,too_rare,,,
10507,0.00016804839793860632,,too_rare,,,
10508,0.0,,too_rare,,,
10509,0.0,,too_rare,,,
10510,0.0,,too_rare,,,
10511,0.0,,too_rare,,,
10512,0.0,,too_rare,,,
10513,0.0,,too_rare,,,
10514,0.0,,too_rare,,,
10515,0.0,,too_rare,,,
10516,0.0,,too_rare,,,
10517,0.0,,too_rare,,,
10518,0.0,,too_rare,,,
10519,0.0,,too_rare,,,
10520,0.0,,too_rare,,,
10521,0.0,,too_rare,,,
10522,0.0,,too_rare,,,
10523,0.0,,too_rare,,,
10524,0.0,,too_rare,,,
10525,0.0,,too_rare,,,
10526,0.0,,too_rare,,,
10527,2.8008066323101054e-05,,too_rare,,,
10528,0.0,,too_rare,,,
10529,0.0,,too_rare,,,
10530,0.0,,too_rare,,,
10531,0.00014004033161550526,,too_rare,,,
10532,0.0,,too_rare,,,
10533,0.0,,too_rare,,,
10534,0.0,,too_rare,,,
10535,0.0,,too_rare,,,
10536,2.8008066323101054e-05,,too_rare,,,
10537,0.0,,too_rare,,,
10538,0.0,,too_rare,,,
10539,2.8008066323101054e-05,,too_rare,,,
10540,0.0,,too_rare,,,
10541,0.0,,too_rare,,,
10542,2.8008066323101054e-05,,too_rare,,,
10543,2.8008066323101054e-05,,too_rare,,,
10544,0.0,,too_rare,,,
10545,0.0,,too_rare,,,
10546,0.002744790499663903,,too_rare,,,
10547,0.00053215326013892,,too_rare,,,
10548,0.0,,too_rare,,,
10550,0.0,,too_rare,,,
10551,0.0,,too_rare,,,
10552,0.0,,too_rare,,,
10553,5.601613264620211e-05,,too_rare,,,
10554,5.601613264620211e-05,,too_rare,,,
10555,0.0,,too_rare,,,
10556,0.0,,too_rare,,,
10557,0.0,,too_rare,,,
10558,0.0,,too_rare,,,
10559,0.0,,too_rare,,,
10560,5.601613264620211e-05,,too_rare,,,
10561,0.0,,too_rare,,,
10562,0.0,,too_rare,,,
10563,0.0,,too_rare,,,
10564,2.8008066323101054e-05,,too_rare,,,
10565,0.0,,too_rare,,,
10566,0.0,,too_rare,,,
10567,2.8008066323101054e-05,,too_rare,,,
10568,0.0,,too_rare,,,
10569,0.0,,too_rare,,,
10570,0.0,,too_rare,,,
10571,5.601613264620211e-05,,too_rare,,,
10572,0.0,,too_rare,,,
10573,0.0,,too_rare,,,
10574,0.0,,too_rare,,,
10575,0.00016804839793860632,,too_rare,,,
10576,0.0,,too_rare,,,
10577,8.402419896930316e-05,,too_rare,,,
10578,0.0,,too_rare,,,
10579,0.0,,too_rare,,,
10580,0.0,,too_rare,,,
10581,0.0,,too_rare,,,
10582,0.0,,too_rare,,,
10583,0.0,,too_rare,,,
10584,0.0,,too_rare,,,
10585,0.0,,too_rare,,,
10586,0.0,,too_rare,,,
10587,0.0,,too_rare,,,
10588,0.0,,too_rare,,,
10589,0.0,,too_rare,,,
10590,0.0,,too_rare,,,
10591,0.0,,too_rare,,,
10592,0.0,,too_rare,,,
10593,0.0,,too_rare,,,
10594,2.8008066323101054e-05,,too_rare,,,
10595,0.0,,too_rare,,,
10596,0.0,,too_rare,,,
10597,0.0,,too_rare,,,
10598,0.0,,too_rare,,,
10599,0.0,,too_rare,,,
10600,8.402419896930316e-05,,too_rare,,,
10601,0.0,,too_rare,,,
10602,2.8008066323101054e-05,,too_rare,,,
10603,0.0,,too_rare,,,
10604,0.0,,too_rare,,,
10605,2.8008066323101054e-05,,too_rare,,,
10606,0.0,,too_rare,,,
10607,0.0,,too_rare,,,
10608,5.601613264620211e-05,,too_rare,,,
10609,0.0,,too_rare,,,
10611,0.0,,too_rare,,,
10612,0.0,,too_rare,,,
10613,0.0,,too_rare,,,
10614,0.00016804839793860632,,too_rare,,,
10615,2.8008066323101054e-05,,too_rare,,,
10616,0.0,,too_rare,,,
10617,0.0,,too_rare,,,
10618,5.601613264620211e-05,,too_rare,,,
10619,0.0,,too_rare,,,
10620,0.0,,too_rare,,,
10621,0.0,,too_rare,,,
10622,0.0,,too_rare,,,
10623,0.0,,too_rare,,,
10624,0.0,,too_rare,,,
10625,0.0,,too_rare,,,
10626,0.00453730674434237,,too_rare,,,
10628,0.0,,too_rare,,,
10629,0.0,,too_rare,,,
10630,0.0,,too_rare,,,
10631,0.0,,too_rare,,,
10632,0.0,,too_rare,,,
10633,0.0,,too_rare,,,
10634,0.0,,too_rare,,,
10635,0.0,,too_rare,,,
10636,0.0,,too_rare,,,
10637,0.0,,too_rare,,,
10638,0.0,,too_rare,,,
10639,0.00019605646426170737,,too_rare,,,
10640,0.0,,too_rare,,,
10641,0.0,,too_rare,,,
10642,0.0,,too_rare,,,
10643,0.00011203226529240422,,too_rare,,,
10644,0.0,,too_rare,,,
10645,0.0,,too_rare,,,
10646,0.0,,too_rare,,,
10647,0.0,,too_rare,,,
10648,0.0007842258570468295,,too_rare,,,
10649,2.8008066323101054e-05,,too_rare,,,
10650,0.0,,too_rare,,,
10651,0.0,,too_rare,,,
10652,0.0,,too_rare,,,
10653,0.0007002016580775263,,too_rare,,,
10654,0.0,,too_rare,,,
10655,2.8008066323101054e-05,,too_rare,,,
10656,0.0,,too_rare,,,
10657,0.003024871162894914,,too_rare,,,
10658,0.0,,too_rare,,,
10659,0.0,,too_rare,,,
10660,5.601613264620211e-05,,too_rare,,,
10661,0.0,,too_rare,,,
10662,0.0,,too_rare,,,
10663,0.0,,too_rare,,,
10664,0.0,,too_rare,,,
10665,2.8008066323101054e-05,,too_rare,,,
10666,0.0,,too_rare,,,
10667,0.0,,too_rare,,,
10668,0.0,,too_rare,,,
10669,0.0,,too_rare,,,
10670,0.0,,too_rare,,,
10671,0.0,,too_rare,,,
10672,5.601613264620211e-05,,too_rare,,,
10673,5.601613264620211e-05,,too_rare,,,
10674,0.0,,too_rare,,,
10675,0.0,,too_rare,,,
10676,0.0,,too_rare,,,
10677,0.0,,too_rare,,,
10678,0.0,,too_rare,,,
10679,0.0,,too_rare,,,
10680,2.8008066323101054e-05,,too_rare,,,
10681,0.0,,too_rare,,,
10683,0.0,,too_rare,,,
10684,0.0,,too_rare,,,
10686,0.0,,too_rare,,,
10687,0.0,,too_rare,,,
10688,0.0,,too_rare,,,
10689,0.0,,too_rare,,,
10690,0.00011203226529240422,,too_rare,,,
10692,0.0,,too_rare,,,
10693,0.0,,too_rare,,,
10694,0.0,,too_rare,,,
10695,0.0,,too_rare,,,
10696,0.0,,too_rare,,,
10697,0.0,,too_rare,,,
10698,0.0,,too_rare,,,
10699,0.0,,too_rare,,,
10700,0.0,,too_rare,,,
10701,0.0,,too_rare,,,
10702,0.0,,too_rare,,,
10703,0.0,,too_rare,,,
10704,0.0,,too_rare,,,
10705,0.0,,too_rare,,,
10706,2.8008066323101054e-05,,too_rare,,,
10707,0.0,,too_rare,,,
10708,0.0,,too_rare,,,
10709,0.0,,too_rare,,,
10711,2.8008066323101054e-05,,too_rare,,,
10712,0.0,,too_rare,,,
10713,0.0,,too_rare,,,
10714,0.0,,too_rare,,,
10715,0.0,,too_rare,,,
10716,2.8008066323101054e-05,,too_rare,,,
10717,2.8008066323101054e-05,,too_rare,,,
10718,8.402419896930316e-05,,too_rare,,,
10719,0.0,,too_rare,,,
10720,0.0,,too_rare,,,
10721,0.0,,too_rare,,,
10722,0.0,,too_rare,,,
10723,5.601613264620211e-05,,too_rare,,,
10724,0.0,,too_rare,,,
10725,0.0,,too_rare,,,
10726,0.0,,too_rare,,,
10727,0.0,,too_rare,,,
10728,0.0,,too_rare,,,
10729,0.0,,too_rare,,,
10730,0.0,,too_rare,,,
10731,0.0,,too_rare,,,
10732,0.00011203226529240422,,too_rare,,,
10733,0.0,,too_rare,,,
10734,0.0,,too_rare,,,
10735,0.0,,too_rare,,,
10736,0.0,,too_rare,,,
10738,8.402419896930316e-05,,too_rare,,,
10739,8.402419896930316e-05,,too_rare,,,
10740,0.0,,too_rare,,,
10741,0.0,,too_rare,,,
10742,0.0,,too_rare,,,
10744,0.0,,too_rare,,,
10745,0.0,,too_rare,,,
10746,0.0,,too_rare,,,
10747,0.0,,too_rare,,,
10748,0.0,,too_rare,,,
10749,2.8008066323101054e-05,,too_rare,,,
10750,0.0,,too_rare,,,
10751,8.402419896930316e-05,,too_rare,,,
10752,0.0,,too_rare,,,
10753,0.0,,too_rare,,,
10754,0.0,,too_rare,,,
10755,0.0002800806632310105,,too_rare,,,
10756,2.8008066323101054e-05,,too_rare,,,
10757,0.0,,too_rare,,,
10758,5.601613264620211e-05,,too_rare,,,
10759,0.0,,too_rare,,,
10760,0.0,,too_rare,,,
10761,0.0,,too_rare,,,
10762,0.0,,too_rare,,,
10763,0.0,,too_rare,,,
10764,0.0,,too_rare,,,
10765,0.0,,too_rare,,,
10766,2.8008066323101054e-05,,too_rare,,,
10767,0.0,,too_rare,,,
10768,0.0,,too_rare,,,
10769,8.402419896930316e-05,,too_rare,,,
10770,8.402419896930316e-05,,too_rare,,,
10771,0.0,,too_rare,,,
10772,0.00011203226529240422,,too_rare,,,
10773,0.0,,too_rare,,,
10774,0.0005881693927851221,,too_rare,,,
10775,0.0,,too_rare,,,
10776,0.0,,too_rare,,,
10777,0.0,,too_rare,,,
10778,0.0,,too_rare,,,
10779,0.0,,too_rare,,,
10780,2.8008066323101054e-05,,too_rare,,,
10781,2.8008066323101054e-05,,too_rare,,,
10782,0.0,,too_rare,,,
10783,0.0,,too_rare,,,
10785,0.0,,too_rare,,,
10786,0.0,,too_rare,,,
10787,0.0,,too_rare,,,
10788,0.0,,too_rare,,,
10789,0.0,,too_rare,,,
10790,0.0,,too_rare,,,
10791,0.0,,too_rare,,,
10792,2.8008066323101054e-05,,too_rare,,,
10793,0.0,,too_rare,,,
10794,0.0,,too_rare,,,
10795,0.0003080887295541116,,too_rare,,,
10796,0.0,,too_rare,,,
10797,0.0,,too_rare,,,
10798,0.0,,too_rare,,,
10799,2.8008066323101054e-05,,too_rare,,,
10800,0.0,,too_rare,,,
10801,2.8008066323101054e-05,,too_rare,,,
10803,0.0,,too_rare,,,
10804,2.8008066323101054e-05,,too_rare,,,
10805,0.0,,too_rare,,,
10806,0.0,,too_rare,,,
10807,0.0,,too_rare,,,
10808,0.0,,too_rare,,,
10809,0.0,,too_rare,,,
10810,2.8008066323101054e-05,,too_rare,,,
10811,0.0,,too_rare,,,
10812,0.0,,too_rare,,,
10813,5.601613264620211e-05,,too_rare,,,
10814,0.0,,too_rare,,,
10815,5.601613264620211e-05,,too_rare,,,
10816,0.0,,too_rare,,,
10817,0.0,,too_rare,,,
10818,0.0,,too_rare,,,
10819,0.0,,too_rare,,,
10820,0.0,,too_rare,,,
10821,2.8008066323101054e-05,,too_rare,,,
10822,0.0,,too_rare,,,
10823,0.0,,too_rare,,,
10824,0.0,,too_rare,,,
10825,0.0,,too_rare,,,
10826,2.8008066323101054e-05,,too_rare,,,
10827,0.0,,too_rare,,,
10828,0.0,,too_rare,,,
10829,0.0,,too_rare,,,
10830,0.0,,too_rare,,,
10831,2.8008066323101054e-05,,too_rare,,,
10833,8.402419896930316e-05,,too_rare,,,
10834,0.0,,too_rare,,,
10835,2.8008066323101054e-05,,too_rare,,,
10836,0.0,,too_rare,,,
10837,0.0,,too_rare,,,
10838,0.0,,too_rare,,,
10839,0.0,,too_rare,,,
10840,0.0,,too_rare,,,
10841,0.0,,too_rare,,,
10842,0.007926282769437598,,too_rare,,,
10843,0.0,,too_rare,,,
10844,0.0,,too_rare,,,
10845,0.0,,too_rare,,,
10846,0.0,,too_rare,,,
10848,0.0,,too_rare,,,
10849,0.0,,too_rare,,,
10850,0.0003080887295541116,,too_rare,,,
10851,0.0,,too_rare,,,
10852,0.0,,too_rare,,,
10853,0.00016804839793860632,,too_rare,,,
10854,2.8008066323101054e-05,,too_rare,,,
10855,0.0,,too_rare,,,
10856,2.8008066323101054e-05,,too_rare,,,
10857,0.005181492269773695,,too_rare,,,
10858,0.0,,too_rare,,,
10859,0.0,,too_rare,,,
10860,0.0,,too_rare,,,
10861,0.0,,too_rare,,,
10862,2.8008066323101054e-05,,too_rare,,,
10863,5.601613264620211e-05,,too_rare,,,
10864,0.0,,too_rare,,,
10865,0.0,,too_rare,,,
10866,0.0,,too_rare,,,
10867,0.0004761371274927179,,too_rare,,,
10868,2.8008066323101054e-05,,too_rare,,,
10869,0.0,,too_rare,,,
10870,0.0,,too_rare,,,
10871,0.0,,too_rare,,,
10872,2.8008066323101054e-05,,too_rare,,,
10873,0.0,,too_rare,,,
10874,0.0,,too_rare,,,
10875,0.0,,too_rare,,,
10876,0.0,,too_rare,,,
10877,0.0,,too_rare,,,
10879,0.0004761371274927179,,too_rare,,,
10880,0.0,,too_rare,,,
10881,0.0,,too_rare,,,
10882,0.0,,too_rare,,,
10883,0.0,,too_rare,,,
10884,0.0,,too_rare,,,
10885,0.0,,too_rare,,,
10886,0.0,,too_rare,,,
10887,0.0,,too_rare,,,
10888,5.601613264620211e-05,,too_rare,,,
10889,0.0,,too_rare,,,
10890,0.0,,too_rare,,,
10891,0.0,,too_rare,,,
10892,0.0,,too_rare,,,
10893,5.601613264620211e-05,,too_rare,,,
10894,0.0,,too_rare,,,
10895,0.0,,too_rare,,,
10896,2.8008066323101054e-05,,too_rare,,,
10897,2.8008066323101054e-05,,too_rare,,,
10898,0.0,,too_rare,,,
10899,0.0,,too_rare,,,
10900,0.0,,too_rare,,,
10901,5.601613264620211e-05,,too_rare,,,
10902,0.0,,too_rare,,,
10904,0.0,,too_rare,,,
10905,0.0,,too_rare,,,
10906,0.0,,too_rare,,,
10907,0.0,,too_rare,,,
10908,0.0,,too_rare,,,
10909,0.0,,too_rare,,,
10910,0.0,,too_rare,,,
10911,0.0,,too_rare,,,
10912,0.0,,too_rare,,,
10913,0.0,,too_rare,,,
10914,0.0,,too_rare,,,
10915,0.0,,too_rare,,,
10916,2.8008066323101054e-05,,too_rare,,,
10917,0.0,,too_rare,,,
10918,0.0,,too_rare,,,
10919,0.0,,too_rare,,,
10920,0.0,,too_rare,,,
10921,0.0,,too_rare,,,
10922,2.8008066323101054e-05,,too_rare,,,
10923,0.0,,too_rare,,,
10924,0.0,,too_rare,,,
10925,0.0,,too_rare,,,
10926,0.0,,too_rare,,,
10927,0.0,,too_rare,,,
10928,0.0,,too_rare,,,
10929,0.0,,too_rare,,,
10930,0.0,,too_rare,,,
10931,0.0,,too_rare,,,
10932,0.0,,too_rare,,,
10934,0.0,,too_rare,,,
10935,0.0,,too_rare,,,
10936,2.8008066323101054e-05,,too_rare,,,
10937,0.0,,too_rare,,,
10938,0.0,,too_rare,,,
10939,0.0,,too_rare,,,
10940,0.0,,too_rare,,,
10941,0.0,,too_rare,,,
10942,0.0,,too_rare,,,
10943,0.0,,too_rare,,,
10944,0.0,,too_rare,,,
10945,0.0,,too_rare,,,
10946,0.0,,too_rare,,,
10947,0.00011203226529240422,,too_rare,,,
10948,0.0,,too_rare,,,
10949,0.0,,too_rare,,,
10950,0.0,,too_rare,,,
10951,0.0,,too_rare,,,
10952,0.0,,too_rare,,,
10953,0.0,,too_rare,,,
10954,5.601613264620211e-05,,too_rare,,,
10955,0.0,,too_rare,,,
10956,0.0,,too_rare,,,
10957,0.0,,too_rare,,,
10958,0.0,,too_rare,,,
10959,0.0,,too_rare,,,
10960,0.0,,too_rare,,,
10961,0.0,,too_rare,,,
10962,0.0,,too_rare,,,
10963,0.0,,too_rare,,,
10964,0.0,,too_rare,,,
10965,0.0,,too_rare,,,
10966,0.0,,too_rare,,,
10967,0.0,,too_rare,,,
10968,2.8008066323101054e-05,,too_rare,,,
10969,0.0,,too_rare,,,
10970,8.402419896930316e-05,,too_rare,,,
10971,2.8008066323101054e-05,,too_rare,,,
10972,0.00011203226529240422,,too_rare,,,
10973,0.0,,too_rare,,,
10974,2.8008066323101054e-05,,too_rare,,,
10975,0.0,,too_rare,,,
10976,0.0,,too_rare,,,
10977,0.0,,too_rare,,,
10978,0.0,,too_rare,,,
10979,8.402419896930316e-05,,too_rare,,,
10980,0.0,,too_rare,,,
10981,0.0,,too_rare,,,
10982,0.0,,too_rare,,,
10983,0.0,,too_rare,,,
10984,2.8008066323101054e-05,,too_rare,,,
10985,0.0,,too_rare,,,
10986,2.8008066323101054e-05,,too_rare,,,
10987,0.0,,too_rare,,,
10988,0.0,,too_rare,,,
10990,0.0,,too_rare,,,
10991,0.0,,too_rare,,,
10992,2.8008066323101054e-05,,too_rare,,,
10993,0.0,,too_rare,,,
10994,0.0,,too_rare,,,
10995,0.0046493390096347745,,too_rare,,,
10996,2.8008066323101054e-05,,too_rare,,,
10997,2.8008066323101054e-05,,too_rare,,,
10998,0.0,,too_rare,,,
10999,0.0,,too_rare,,,
11000,0.0,,too_rare,,,
11001,2.8008066323101054e-05,,too_rare,,,
11002,0.0,,too_rare,,,
11003,0.0,,too_rare,,,
11004,0.0,,too_rare,,,
11005,0.0,,too_rare,,,
11006,0.0009522742549854358,,too_rare,,,
11007,0.0,,too_rare,,,
11008,0.0,,too_rare,,,
11009,2.8008066323101054e-05,,too_rare,,,
11011,8.402419896930316e-05,,too_rare,,,
11012,0.0008122339233699305,,too_rare,,,
11013,0.0013723952498319516,,too_rare,,,
11014,0.0,,too_rare,,,
11015,0.0,,too_rare,,,
11016,0.0,,too_rare,,,
11018,0.0006721935917544253,,too_rare,,,
11020,0.0,,too_rare,,,
11021,0.0,,too_rare,,,
11022,0.0,,too_rare,,,
11023,0.0,,too_rare,,,
11024,0.0,,too_rare,,,
11025,0.0,,too_rare,,,
11026,0.0,,too_rare,,,
11027,8.402419896930316e-05,,too_rare,,,
11028,0.0,,too_rare,,,
11029,0.0,,too_rare,,,
11030,0.0,,too_rare,,,
11031,0.0,,too_rare,,,
11032,0.0,,too_rare,,,
11033,0.0,,too_rare,,,
11034,0.0,,too_rare,,,
11035,0.0,,too_rare,,,
11036,0.0,,too_rare,,,
11037,0.0,,too_rare,,,
11039,0.0,,too_rare,,,
11040,0.0,,too_rare,,,
11041,0.0,,too_rare,,,
11042,0.0,,too_rare,,,
11043,0.0,,too_rare,,,
11044,0.0,,too_rare,,,
11046,0.0,,too_rare,,,
11047,0.0,,too_rare,,,
11048,0.0,,too_rare,,,
11049,0.0,,too_rare,,,
11050,0.0,,too_rare,,,
11051,2.8008066323101054e-05,,too_rare,,,
11052,0.0,,too_rare,,,
11053,0.0,,too_rare,,,
11054,2.8008066323101054e-05,,too_rare,,,
11055,0.0,,too_rare,,,
11056,0.0,,too_rare,,,
11057,0.0,,too_rare,,,
11058,0.0,,too_rare,,,
11059,0.0,,too_rare,,,
11060,2.8008066323101054e-05,,too_rare,,,
11062,0.0,,too_rare,,,
11063,0.0,,too_rare,,,
11064,0.0,,too_rare,,,
11065,0.0,,too_rare,,,
11066,0.0,,too_rare,,,
11067,0.0,,too_rare,,,
11068,0.0,,too_rare,,,
11069,0.0,,too_rare,,,
11070,0.0,,too_rare,,,
11071,0.0,,too_rare,,,
11073,0.0,,too_rare,,,
11074,0.002296661438494286,,too_rare,,,
11075,0.0,,too_rare,,,
11076,0.0,,too_rare,,,
11077,0.0,,too_rare,,,
11078,0.0,,too_rare,,,
11079,2.8008066323101054e-05,,too_rare,,,
11080,2.8008066323101054e-05,,too_rare,,,
11082,0.0,,too_rare,,,
11083,0.0,,too_rare,,,
11084,0.0,,too_rare,,,
11085,0.0,,too_rare,,,
11086,0.0,,too_rare,,,
11087,5.601613264620211e-05,,too_rare,,,
11088,0.0,,too_rare,,,
11089,0.002576742101725297,,too_rare,,,
11090,0.0,,too_rare,,,
11091,5.601613264620211e-05,,too_rare,,,
11092,0.0,,too_rare,,,
11094,0.0,,too_rare,,,
11095,0.0,,too_rare,,,
11096,0.0,,too_rare,,,
11097,0.0,,too_rare,,,
11098,0.0,,too_rare,,,
11099,0.0,,too_rare,,,
11101,0.0,,too_rare,,,
11102,0.0,,too_rare,,,
11103,0.0,,too_rare,,,
11104,0.0,,too_rare,,,
11105,2.8008066323101054e-05,,too_rare,,,
11106,0.0,,too_rare,,,
11108,0.0,,too_rare,,,
11109,0.0,,too_rare,,,
11110,0.0,,too_rare,,,
11111,0.0,,too_rare,,,
11112,0.0,,too_rare,,,
11113,0.0,,too_rare,,,
11114,0.00022406453058480843,,too_rare,,,
11115,0.0,,too_rare,,,
11116,0.0,,too_rare,,,
11117,0.0,,too_rare,,,
11118,2.8008066323101054e-05,,too_rare,,,
11119,0.0,,too_rare,,,
11120,0.0,,too_rare,,,
11121,2.8008066323101054e-05,,too_rare,,,
11122,0.0,,too_rare,,,
11123,0.0,,too_rare,,,
11124,0.0,,too_rare,,,
11125,0.0,,too_rare,,,
11126,0.0,,too_rare,,,
11127,2.8008066323101054e-05,,too_rare,,,
11128,0.0,,too_rare,,,
11129,2.8008066323101054e-05,,too_rare,,,
11130,0.0,,too_rare,,,
11131,0.0,,too_rare,,,
11132,0.0,,too_rare,,,
11133,2.8008066323101054e-05,,too_rare,,,
11134,0.0,,too_rare,,,
11135,0.0,,too_rare,,,
11136,0.0,,too_rare,,,
11137,0.0,,too_rare,,,
11138,2.8008066323101054e-05,,too_rare,,,
11139,5.601613264620211e-05,,too_rare,,,
11140,0.0,,too_rare,,,
11141,0.0,,too_rare,,,
11142,0.0,,too_rare,,,
11143,0.0,,too_rare,,,
11144,2.8008066323101054e-05,,too_rare,,,
11145,0.0,,too_rare,,,
11146,0.0,,too_rare,,,
11147,2.8008066323101054e-05,,too_rare,,,
11148,0.0,,too_rare,,,
11149,0.0,,too_rare,,,
11150,0.0,,too_rare,,,
11151,0.0,,too_rare,,,
11152,0.0,,too_rare,,,
11153,0.0,,too_rare,,,
11154,0.0,,too_rare,,,
11155,0.0,,too_rare,,,
11156,0.005349540667712301,,too_rare,,,
11159,2.8008066323101054e-05,,too_rare,,,
11160,0.0,,too_rare,,,
11161,0.0,,too_rare,,,
11162,0.0,,too_rare,,,
11163,0.0006161774591082232,,too_rare,,,
11164,2.8008066323101054e-05,,too_rare,,,
11165,2.8008066323101054e-05,,too_rare,,,
11166,0.0,,too_rare,,,
11167,2.8008066323101054e-05,,too_rare,,,
11168,0.0,,too_rare,,,
11169,0.0,,too_rare,,,
11170,0.001624467846739861,,too_rare,,,
11171,0.0,,too_rare,,,
11172,0.0,,too_rare,,,
11173,0.0,,too_rare,,,
11174,2.8008066323101054e-05,,too_rare,,,
11175,0.0,,too_rare,,,
11176,0.0,,too_rare,,,
11177,2.8008066323101054e-05,,too_rare,,,
11179,0.0,,too_rare,,,
11180,0.0,,too_rare,,,
11181,0.0,,too_rare,,,
11182,0.0,,too_rare,,,
11183,0.0,,too_rare,,,
11184,0.0,,too_rare,,,
11185,2.8008066323101054e-05,,too_rare,,,
11186,0.0,,too_rare,,,
11187,0.0,,too_rare,,,
11188,0.0,,too_rare,,,
11189,2.8008066323101054e-05,,too_rare,,,
11190,0.00022406453058480843,,too_rare,,,
11191,0.0,,too_rare,,,
11192,2.8008066323101054e-05,,too_rare,,,
11193,0.0,,too_rare,,,
11194,0.0,,too_rare,,,
11195,0.0,,too_rare,,,
11197,0.0,,too_rare,,,
11198,0.0,,too_rare,,,
11199,0.0,,too_rare,,,
11200,0.0,,too_rare,,,
11201,0.0,,too_rare,,,
11202,0.0,,too_rare,,,
11203,2.8008066323101054e-05,,too_rare,,,
11204,0.0,,too_rare,,,
11205,0.0,,too_rare,,,
11206,0.007030024647098365,,too_rare,,,
11207,0.0,,too_rare,,,
11208,0.0,,too_rare,,,
11209,0.009578758682500561,,too_rare,,,
11210,0.0,,too_rare,,,
11211,0.0,,too_rare,,,
11212,0.0,,too_rare,,,
11213,0.0,,too_rare,,,
11214,0.0,,too_rare,,,
11215,0.0,,too_rare,,,
11216,0.0,,too_rare,,,
11217,0.0,,too_rare,,,
11219,0.0,,too_rare,,,
11220,0.0,,too_rare,,,
11221,0.0,,too_rare,,,
11222,0.007198073045036971,,too_rare,,,
11223,0.0,,too_rare,,,
11224,0.00011203226529240422,,too_rare,,,
11225,0.0,,too_rare,,,
11226,0.0,,too_rare,,,
11227,0.001540443647770558,,too_rare,,,
11228,5.601613264620211e-05,,too_rare,,,
11229,0.0,,too_rare,,,
11230,0.0,,too_rare,,,
11231,0.0,,too_rare,,,
11232,0.0,,too_rare,,,
11233,0.0,,too_rare,,,
11234,2.8008066323101054e-05,,too_rare,,,
11235,0.0,,too_rare,,,
11236,0.0,,too_rare,,,
11237,0.0,,too_rare,,,
11238,2.8008066323101054e-05,,too_rare,,,
11239,0.0,,too_rare,,,
11240,0.0,,too_rare,,,
11241,5.601613264620211e-05,,too_rare,,,
11242,0.0,,too_rare,,,
11243,0.0,,too_rare,,,
11244,2.8008066323101054e-05,,too_rare,,,
11245,0.0,,too_rare,,,
11246,0.0,,too_rare,,,
11247,0.00022406453058480843,,too_rare,,,
11248,0.0,,too_rare,,,
11249,0.0,,too_rare,,,
11250,0.0,,too_rare,,,
11251,2.8008066323101054e-05,,too_rare,,,
11252,0.0,,too_rare,,,
11253,0.009522742549854357,,too_rare,,,
11254,0.0,,too_rare,,,
11255,2.8008066323101054e-05,,too_rare,,,
11256,0.0,,too_rare,,,
11257,0.0,,too_rare,,,
11258,0.0,,too_rare,,,
11259,0.0,,too_rare,,,
11260,0.0,,too_rare,,,
11261,0.0,,too_rare,,,
11262,2.8008066323101054e-05,,too_rare,,,
11263,2.8008066323101054e-05,,too_rare,,,
11264,0.00016804839793860632,,too_rare,,,
11265,0.0,,too_rare,,,
11266,0.0,,too_rare,,,
11267,0.0,,too_rare,,,
11268,0.0,,too_rare,,,
11269,0.0,,too_rare,,,
11270,0.0,,too_rare,,,
11271,8.402419896930316e-05,,too_rare,,,
11272,0.0,,too_rare,,,
11273,0.0,,too_rare,,,
11274,0.0,,too_rare,,,
11275,0.0,,too_rare,,,
11276,0.0,,too_rare,,,
11277,0.0,,too_rare,,,
11278,5.601613264620211e-05,,too_rare,,,
11279,0.0,,too_rare,,,
11280,0.0,,too_rare,,,
11281,0.0,,too_rare,,,
11282,0.0,,too_rare,,,
11283,2.8008066323101054e-05,,too_rare,,,
11284,0.0,,too_rare,,,
11285,0.0,,too_rare,,,
11286,2.8008066323101054e-05,,too_rare,,,
11287,0.0,,too_rare,,,
11288,0.0,,too_rare,,,
11289,0.0,,too_rare,,,
11290,2.8008066323101054e-05,,too_rare,,,
11291,0.0,,too_rare,,,
11292,0.0,,too_rare,,,
11294,0.0,,too_rare,,,
11295,0.0,,too_rare,,,
11296,2.8008066323101054e-05,,too_rare,,,
11297,0.0,,too_rare,,,
11298,0.0,,too_rare,,,
11299,0.0,,too_rare,,,
11300,0.0,,too_rare,,,
11301,0.0,,too_rare,,,
11302,5.601613264620211e-05,,too_rare,,,
11303,0.0,,too_rare,,,
11304,0.0,,too_rare,,,
11305,0.0,,too_rare,,,
11306,0.0,,too_rare,,,
11307,0.0,,too_rare,,,
11308,0.0,,too_rare,,,
11309,0.0,,too_rare,,,
11310,0.0,,too_rare,,,
11311,0.0,,too_rare,,,
11312,0.0,,too_rare,,,
11313,2.8008066323101054e-05,,too_rare,,,
11314,0.0,,too_rare,,,
11315,0.002100604974232579,,too_rare,,,
11316,0.0,,too_rare,,,
11317,0.0,,too_rare,,,
11318,2.8008066323101054e-05,,too_rare,,,
11319,0.0,,too_rare,,,
11320,0.0,,too_rare,,,
11321,0.0,,too_rare,,,
11322,0.0,,too_rare,,,
11323,0.0,,too_rare,,,
11324,0.0,,too_rare,,,
11325,0.0,,too_rare,,,
11326,0.00826237956531481,,too_rare,,,
11327,0.0,,too_rare,,,
11329,2.8008066323101054e-05,,too_rare,,,
11330,0.0,,too_rare,,,
11331,0.0,,too_rare,,,
11332,0.0,,too_rare,,,
11333,0.0,,too_rare,,,
11334,2.8008066323101054e-05,,too_rare,,,
11335,0.00014004033161550526,,too_rare,,,
11336,8.402419896930316e-05,,too_rare,,,
11337,8.402419896930316e-05,,too_rare,,,
11338,0.0,,too_rare,,,
11339,0.0,,too_rare,,,
11340,0.0,,too_rare,,,
11341,0.0,,too_rare,,,
11342,0.0,,too_rare,,,
11343,0.0,,too_rare,,,
11344,0.0,,too_rare,,,
11345,0.0,,too_rare,,,
11346,0.0,,too_rare,,,
11347,0.0,,too_rare,,,
11348,0.0,,too_rare,,,
11349,0.0,,too_rare,,,
11350,0.0014004033161550526,,too_rare,,,
11351,0.0,,too_rare,,,
11352,0.0,,too_rare,,,
11353,0.0,,too_rare,,,
11354,0.00014004033161550526,,too_rare,,,
11355,0.0,,too_rare,,,
11356,0.0,,too_rare,,,
11357,0.0,,too_rare,,,
11358,0.0,,too_rare,,,
11359,0.0,,too_rare,,,
11360,0.0,,too_rare,,,
11361,0.0,,too_rare,,,
11362,0.0,,too_rare,,,
11363,2.8008066323101054e-05,,too_rare,,,
11365,0.0,,too_rare,,,
11366,0.0,,too_rare,,,
11367,0.0,,too_rare,,,
11368,0.0,,too_rare,,,
11369,0.00039211292852341475,,too_rare,,,
11370,0.0,,too_rare,,,
11371,0.0,,too_rare,,,
11372,2.8008066323101054e-05,,too_rare,,,
11373,2.8008066323101054e-05,,too_rare,,,
11374,0.0,,too_rare,,,
11375,2.8008066323101054e-05,,too_rare,,,
11376,0.0,,too_rare,,,
11377,2.8008066323101054e-05,,too_rare,,,
11378,0.0,,too_rare,,,
11379,0.0,,too_rare,,,
11380,0.0,,too_rare,,,
11381,0.0,,too_rare,,,
11382,0.0,,too_rare,,,
11383,0.0,,too_rare,,,
11384,0.0,,too_rare,,,
11385,0.0,,too_rare,,,
11386,0.0,,too_rare,,,
11387,0.0,,too_rare,,,
11388,0.0,,too_rare,,,
11389,2.8008066323101054e-05,,too_rare,,,
11390,0.0,,too_rare,,,
11391,5.601613264620211e-05,,too_rare,,,
11392,0.0,,too_rare,,,
11393,5.601613264620211e-05,,too_rare,,,
11394,0.0,,too_rare,,,
11395,0.0,,too_rare,,,
11396,0.0,,too_rare,,,
11397,2.8008066323101054e-05,,too_rare,,,
11398,0.0,,too_rare,,,
11399,0.0,,too_rare,,,
11400,2.8008066323101054e-05,,too_rare,,,
11401,2.8008066323101054e-05,,too_rare,,,
11402,0.0,,too_rare,,,
11403,0.0,,too_rare,,,
11404,2.8008066323101054e-05,,too_rare,,,
11405,2.8008066323101054e-05,,too_rare,,,
11406,5.601613264620211e-05,,too_rare,,,
11407,0.0,,too_rare,,,
11408,0.0,,too_rare,,,
11409,2.8008066323101054e-05,,too_rare,,,
11410,0.0,,too_rare,,,
11411,0.0,,too_rare,,,
11412,0.0,,too_rare,,,
11413,0.0,,too_rare,,,
11414,0.0,,too_rare,,,
11415,2.8008066323101054e-05,,too_rare,,,
11416,2.8008066323101054e-05,,too_rare,,,
11417,0.0,,too_rare,,,
11418,0.0,,too_rare,,,
11419,0.0,,too_rare,,,
11420,0.0,,too_rare,,,
11421,0.0,,too_rare,,,
11422,2.8008066323101054e-05,,too_rare,,,
11423,0.0,,too_rare,,,
11424,0.0,,too_rare,,,
11425,0.0,,too_rare,,,
11426,0.0,,too_rare,,,
11427,0.0068339681828366566,,too_rare,,,
11428,0.008374411830607215,,too_rare,,,
11429,0.0,,too_rare,,,
11430,0.0,,too_rare,,,
11431,0.0,,too_rare,,,
11432,0.0,,too_rare,,,
11433,0.0,,too_rare,,,
11434,0.0,,too_rare,,,
11435,2.8008066323101054e-05,,too_rare,,,
11436,2.8008066323101054e-05,,too_rare,,,
11437,0.0,,too_rare,,,
11438,0.0,,too_rare,,,
11439,0.0,,too_rare,,,
11440,0.0,,too_rare,,,
11441,5.601613264620211e-05,,too_rare,,,
11442,0.0,,too_rare,,,
11443,0.0,,too_rare,,,
11444,0.0,,too_rare,,,
11445,0.0,,too_rare,,,
11446,0.0,,too_rare,,,
11447,0.0,,too_rare,,,
11448,0.0,,too_rare,,,
11449,0.0,,too_rare,,,
11450,0.0,,too_rare,,,
11451,0.0,,too_rare,,,
11452,0.0,,too_rare,,,
11453,0.0,,too_rare,,,
11454,0.0,,too_rare,,,
11455,0.0,,too_rare,,,
11456,0.0,,too_rare,,,
11457,0.0,,too_rare,,,
11458,0.0,,too_rare,,,
11459,0.0,,too_rare,,,
11460,0.0,,too_rare,,,
11461,0.0,,too_rare,,,
11462,0.0,,too_rare,,,
11463,0.0,,too_rare,,,
11464,0.0,,too_rare,,,
11465,0.0,,too_rare,,,
11466,2.8008066323101054e-05,,too_rare,,,
11467,0.0,,too_rare,,,
11468,0.00011203226529240422,,too_rare,,,
11469,0.0,,too_rare,,,
11470,0.0,,too_rare,,,
11471,0.0,,too_rare,,,
11472,0.00019605646426170737,,too_rare,,,
11473,0.0,,too_rare,,,
11474,0.0,,too_rare,,,
11475,2.8008066323101054e-05,,too_rare,,,
11476,2.8008066323101054e-05,,too_rare,,,
11477,0.0,,too_rare,,,
11478,0.0002520725969079095,,too_rare,,,
11479,0.0007562177907237285,,too_rare,,,
11480,0.0,,too_rare,,,
11481,0.0,,too_rare,,,
11482,0.0,,too_rare,,,
11483,0.0,,too_rare,,,
11484,0.0,,too_rare,,,
11485,0.0,,too_rare,,,
11486,0.0,,too_rare,,,
11487,0.0,,too_rare,,,
11488,0.0,,too_rare,,,
11489,0.0,,too_rare,,,
11490,0.0,,too_rare,,,
11491,0.0,,too_rare,,,
11492,0.0,,too_rare,,,
11493,0.0,,too_rare,,,
11494,0.0,,too_rare,,,
11495,0.0,,too_rare,,,
11496,0.0,,too_rare,,,
11497,0.0,,too_rare,,,
11498,0.0,,too_rare,,,
11500,0.0,,too_rare,,,
11501,0.0,,too_rare,,,
11502,0.0,,too_rare,,,
11503,2.8008066323101054e-05,,too_rare,,,
11504,0.0,,too_rare,,,
11505,0.0013443871835088505,,too_rare,,,
11506,0.0,,too_rare,,,
11507,0.0,,too_rare,,,
11508,5.601613264620211e-05,,too_rare,,,
11509,0.0,,too_rare,,,
11510,2.8008066323101054e-05,,too_rare,,,
11511,0.0,,too_rare,,,
11512,0.0,,too_rare,,,
11513,0.0,,too_rare,,,
11514,0.0,,too_rare,,,
11515,0.0,,too_rare,,,
11516,0.0,,too_rare,,,
11517,0.0,,too_rare,,,
11518,0.0,,too_rare,,,
11519,0.0,,too_rare,,,
11520,0.0,,too_rare,,,
11521,2.8008066323101054e-05,,too_rare,,,
11522,0.0,,too_rare,,,
11523,0.0,,too_rare,,,
11524,0.0,,too_rare,,,
11525,0.0,,too_rare,,,
11526,0.0,,too_rare,,,
11527,0.0,,too_rare,,,
11528,0.0,,too_rare,,,
11529,0.0,,too_rare,,,
11530,0.002772798565987004,,too_rare,,,
11531,0.0,,too_rare,,,
11532,0.0,,too_rare,,,
11533,0.0,,too_rare,,,
11534,0.0,,too_rare,,,
11535,0.0,,too_rare,,,
11536,0.0,,too_rare,,,
11537,0.00016804839793860632,,too_rare,,,
11538,0.0,,too_rare,,,
11539,0.0,,too_rare,,,
11540,2.8008066323101054e-05,,too_rare,,,
11541,0.0,,too_rare,,,
11542,0.0,,too_rare,,,
11543,0.0,,too_rare,,,
11544,2.8008066323101054e-05,,too_rare,,,
11545,0.0,,too_rare,,,
11546,0.0,,too_rare,,,
11547,2.8008066323101054e-05,,too_rare,,,
11549,0.0,,too_rare,,,
11550,0.00016804839793860632,,too_rare,,,
11551,0.0,,too_rare,,,
11552,0.0,,too_rare,,,
11553,0.0,,too_rare,,,
11554,0.0,,too_rare,,,
11555,0.0,,too_rare,,,
11556,0.0,,too_rare,,,
11557,0.0,,too_rare,,,
11558,0.0,,too_rare,,,
11559,0.0,,too_rare,,,
11560,0.0,,too_rare,,,
11561,0.0,,too_rare,,,
11562,0.0,,too_rare,,,
11563,0.0,,too_rare,,,
11564,0.0,,too_rare,,,
11565,0.002632758234371499,,too_rare,,,
11566,2.8008066323101054e-05,,too_rare,,,
11567,0.0,,too_rare,,,
11568,0.0,,too_rare,,,
11569,0.0,,too_rare,,,
11570,0.0,,too_rare,,,
11571,0.0,,too_rare,,,
11572,0.0,,too_rare,,,
11573,0.0,,too_rare,,,
11574,0.0,,too_rare,,,
11575,0.0,,too_rare,,,
11576,0.0,,too_rare,,,
11577,0.0,,too_rare,,,
11578,0.0,,too_rare,,,
11579,2.8008066323101054e-05,,too_rare,,,
11580,2.8008066323101054e-05,,too_rare,,,
11581,2.8008066323101054e-05,,too_rare,,,
11582,0.0,,too_rare,,,
11583,0.0,,too_rare,,,
11584,2.8008066323101054e-05,,too_rare,,,
11585,0.0,,too_rare,,,
11586,2.8008066323101054e-05,,too_rare,,,
11587,0.0,,too_rare,,,
11588,0.0,,too_rare,,,
11589,0.0,,too_rare,,,
11590,0.0,,too_rare,,,
11591,2.8008066323101054e-05,,too_rare,,,
11592,0.0,,too_rare,,,
11593,8.402419896930316e-05,,too_rare,,,
11594,0.0,,too_rare,,,
11595,0.0,,too_rare,,,
11596,0.0,,too_rare,,,
11597,0.0,,too_rare,,,
11598,0.0002800806632310105,,too_rare,,,
11599,0.0,,too_rare,,,
11600,0.0,,too_rare,,,
11601,0.0,,too_rare,,,
11602,0.0,,too_rare,,,
11603,0.0,,too_rare,,,
11604,0.0,,too_rare,,,
11605,0.0,,too_rare,,,
11606,0.0,,too_rare,,,
11607,0.0,,too_rare,,,
11608,0.0,,too_rare,,,
11609,2.8008066323101054e-05,,too_rare,,,
11610,0.0,,too_rare,,,
11611,0.00053215326013892,,too_rare,,,
11612,2.8008066323101054e-05,,too_rare,,,
11613,8.402419896930316e-05,,too_rare,,,
11614,0.0,,too_rare,,,
11615,0.0,,too_rare,,,
11616,0.0,,too_rare,,,
11618,2.8008066323101054e-05,,too_rare,,,
11619,0.0,,too_rare,,,
11620,0.0,,too_rare,,,
11621,0.0,,too_rare,,,
11622,0.0,,too_rare,,,
11623,0.0,,too_rare,,,
11624,0.0,,too_rare,,,
11626,0.0,,too_rare,,,
11627,0.0,,too_rare,,,
11628,0.0,,too_rare,,,
11629,0.0,,too_rare,,,
11630,5.601613264620211e-05,,too_rare,,,
11631,0.0,,too_rare,,,
11632,2.8008066323101054e-05,,too_rare,,,
11633,0.0,,too_rare,,,
11634,0.0,,too_rare,,,
11635,0.0,,too_rare,,,
11636,2.8008066323101054e-05,,too_rare,,,
11637,0.0,,too_rare,,,
11638,5.601613264620211e-05,,too_rare,,,
11639,0.0,,too_rare,,,
11640,0.0,,too_rare,,,
11641,0.0,,too_rare,,,
11642,0.0,,too_rare,,,
11643,0.0,,too_rare,,,
11644,2.8008066323101054e-05,,too_rare,,,
11645,0.0,,too_rare,,,
11646,0.0,,too_rare,,,
11647,2.8008066323101054e-05,,too_rare,,,
11648,0.00036410486220031366,,too_rare,,,
11649,0.003809097019941743,,too_rare,,,
11650,2.8008066323101054e-05,,too_rare,,,
11651,0.0,,too_rare,,,
11652,0.0,,too_rare,,,
11653,0.0,,too_rare,,,
11654,0.0,,too_rare,,,
11655,0.0,,too_rare,,,
11656,0.0,,too_rare,,,
11657,2.8008066323101054e-05,,too_rare,,,
11658,0.0,,too_rare,,,
11659,0.0,,too_rare,,,
11660,0.00666591978489805,,too_rare,,,
11661,0.0,,too_rare,,,
11663,0.0,,too_rare,,,
11664,0.0,,too_rare,,,
11665,0.0,,too_rare,,,
11666,0.0,,too_rare,,,
11667,0.0,,too_rare,,,
11668,0.0,,too_rare,,,
11669,0.0,,too_rare,,,
11670,0.0,,too_rare,,,
11671,0.0,,too_rare,,,
11672,0.0,,too_rare,,,
11673,0.0,,too_rare,,,
11674,0.0,,too_rare,,,
11675,0.0,,too_rare,,,
11676,0.0,,too_rare,,,
11677,0.0,,too_rare,,,
11678,2.8008066323101054e-05,,too_rare,,,
11679,0.0,,too_rare,,,
11680,5.601613264620211e-05,,too_rare,,,
11681,5.601613264620211e-05,,too_rare,,,
11682,0.0,,too_rare,,,
11683,0.0,,too_rare,,,
11684,0.0,,too_rare,,,
11685,0.0,,too_rare,,,
11686,0.002436701770109792,,too_rare,,,
11687,0.0,,too_rare,,,
11688,0.0,,too_rare,,,
11690,0.0,,too_rare,,,
11691,5.601613264620211e-05,,too_rare,,,
11692,2.8008066323101054e-05,,too_rare,,,
11693,0.0,,too_rare,,,
11694,0.0,,too_rare,,,
11695,0.0,,too_rare,,,
11696,0.0,,too_rare,,,
11697,5.601613264620211e-05,,too_rare,,,
11698,8.402419896930316e-05,,too_rare,,,
11699,0.0,,too_rare,,,
11700,2.8008066323101054e-05,,too_rare,,,
11701,0.0,,too_rare,,,
11702,0.0,,too_rare,,,
11703,0.0,,too_rare,,,
11704,5.601613264620211e-05,,too_rare,,,
11705,0.0004761371274927179,,too_rare,,,
11707,0.0,,too_rare,,,
11708,0.0,,too_rare,,,
11709,0.00014004033161550526,,too_rare,,,
11710,0.0,,too_rare,,,
11711,2.8008066323101054e-05,,too_rare,,,
11712,2.8008066323101054e-05,,too_rare,,,
11713,0.0,,too_rare,,,
11714,0.0,,too_rare,,,
11715,0.0,,too_rare,,,
11716,2.8008066323101054e-05,,too_rare,,,
11717,2.8008066323101054e-05,,too_rare,,,
11718,0.0,,too_rare,,,
11719,0.0,,too_rare,,,
11720,0.0,,too_rare,,,
11721,0.0,,too_rare,,,
11723,0.0,,too_rare,,,
11724,0.0,,too_rare,,,
11725,0.0,,too_rare,,,
11726,2.8008066323101054e-05,,too_rare,,,
11727,0.0,,too_rare,,,
11728,0.0002800806632310105,,too_rare,,,
11729,0.0,,too_rare,,,
11731,0.0,,too_rare,,,
11732,2.8008066323101054e-05,,too_rare,,,
11733,2.8008066323101054e-05,,too_rare,,,
11734,0.0,,too_rare,,,
11735,0.0,,too_rare,,,
11736,0.0,,too_rare,,,
11737,0.0,,too_rare,,,
11738,0.00014004033161550526,,too_rare,,,
11739,0.0,,too_rare,,,
11741,0.0,,too_rare,,,
11742,0.0,,too_rare,,,
11743,0.0,,too_rare,,,
11744,0.0,,too_rare,,,
11745,0.0,,too_rare,,,
11746,0.0,,too_rare,,,
11747,0.0,,too_rare,,,
11748,0.0,,too_rare,,,
11749,0.0,,too_rare,,,
11750,0.0,,too_rare,,,
11751,2.8008066323101054e-05,,too_rare,,,
11752,0.0,,too_rare,,,
11753,0.0,,too_rare,,,
11754,0.0,,too_rare,,,
11755,0.0,,too_rare,,,
11756,0.0,,too_rare,,,
11757,0.0,,too_rare,,,
11758,0.0,,too_rare,,,
11759,0.0,,too_rare,,,
11760,2.8008066323101054e-05,,too_rare,,,
11761,0.0,,too_rare,,,
11762,0.0,,too_rare,,,
11763,0.0,,too_rare,,,
11764,0.0,,too_rare,,,
11765,0.0,,too_rare,,,
11766,0.0,,too_rare,,,
11767,0.0,,too_rare,,,
11768,0.0,,too_rare,,,
11769,0.0,,too_rare,,,
11770,0.0,,too_rare,,,
11771,0.0,,too_rare,,,
11772,0.0,,too_rare,,,
11773,0.0,,too_rare,,,
11774,2.8008066323101054e-05,,too_rare,,,
11775,0.0,,too_rare,,,
11776,0.0,,too_rare,,,
11777,0.0,,too_rare,,,
11778,0.0,,too_rare,,,
11779,0.0,,too_rare,,,
11780,0.0,,too_rare,,,
11781,0.0,,too_rare,,,
11782,0.0026607663006946,,too_rare,,,
11783,0.0,,too_rare,,,
11784,0.0,,too_rare,,,
11785,0.0,,too_rare,,,
11786,2.8008066323101054e-05,,too_rare,,,
11787,0.0,,too_rare,,,
11788,0.0,,too_rare,,,
11789,0.0,,too_rare,,,
11790,0.0,,too_rare,,,
11791,5.601613264620211e-05,,too_rare,,,
11792,0.0,,too_rare,,,
11793,0.0,,too_rare,,,
11794,0.0,,too_rare,,,
11795,0.0,,too_rare,,,
11796,2.8008066323101054e-05,,too_rare,,,
11797,0.0,,too_rare,,,
11798,0.0,,too_rare,,,
11799,0.0,,too_rare,,,
11800,2.8008066323101054e-05,,too_rare,,,
11801,0.0,,too_rare,,,
11802,5.601613264620211e-05,,too_rare,,,
11803,0.0,,too_rare,,,
11804,0.0,,too_rare,,,
11805,0.0,,too_rare,,,
11806,0.0,,too_rare,,,
11807,5.601613264620211e-05,,too_rare,,,
11808,0.0,,too_rare,,,
11809,5.601613264620211e-05,,too_rare,,,
11810,0.0,,too_rare,,,
11811,2.8008066323101054e-05,,too_rare,,,
11812,2.8008066323101054e-05,,too_rare,,,
11813,0.0,,too_rare,,,
11814,0.00011203226529240422,,too_rare,,,
11815,0.0002800806632310105,,too_rare,,,
11816,0.0,,too_rare,,,
11817,0.0,,too_rare,,,
11818,0.0,,too_rare,,,
11819,0.0,,too_rare,,,
11820,0.0,,too_rare,,,
11821,2.8008066323101054e-05,,too_rare,,,
11822,0.0,,too_rare,,,
11823,0.0,,too_rare,,,
11824,2.8008066323101054e-05,,too_rare,,,
11825,0.0,,too_rare,,,
11826,2.8008066323101054e-05,,too_rare,,,
11827,2.8008066323101054e-05,,too_rare,,,
11828,0.0,,too_rare,,,
11829,0.0,,too_rare,,,
11830,0.0,,too_rare,,,
11831,0.0,,too_rare,,,
11832,0.007898274703114497,,too_rare,,,
11833,0.0,,too_rare,,,
11834,0.0,,too_rare,,,
11835,0.0,,too_rare,,,
11836,0.0,,too_rare,,,
11837,0.0,,too_rare,,,
11838,0.0,,too_rare,,,
11839,2.8008066323101054e-05,,too_rare,,,
11840,0.00011203226529240422,,too_rare,,,
11841,0.0,,too_rare,,,
11842,0.0,,too_rare,,,
11843,0.0,,too_rare,,,
11844,0.0,,too_rare,,,
11846,0.0,,too_rare,,,
11847,0.0,,too_rare,,,
11848,0.0013443871835088505,,too_rare,,,
11849,2.8008066323101054e-05,,too_rare,,,
11850,0.00011203226529240422,,too_rare,,,
11851,2.8008066323101054e-05,,too_rare,,,
11852,0.0,,too_rare,,,
11853,0.0,,too_rare,,,
11854,0.0,,too_rare,,,
11855,0.0,,too_rare,,,
11856,0.0,,too_rare,,,
11857,0.0,,too_rare,,,
11858,0.0,,too_rare,,,
11859,0.0,,too_rare,,,
11860,0.0,,too_rare,,,
11861,0.00014004033161550526,,too_rare,,,
11862,0.0,,too_rare,,,
11863,0.0,,too_rare,,,
11864,0.0,,too_rare,,,
11865,0.0,,too_rare,,,
11866,0.0,,too_rare,,,
11867,0.0,,too_rare,,,
11868,0.0,,too_rare,,,
11869,0.0,,too_rare,,,
11870,0.0,,too_rare,,,
11871,0.0,,too_rare,,,
11872,0.0,,too_rare,,,
11873,0.0,,too_rare,,,
11874,8.402419896930316e-05,,too_rare,,,
11875,2.8008066323101054e-05,,too_rare,,,
11876,0.0,,too_rare,,,
11877,0.0,,too_rare,,,
11878,0.0,,too_rare,,,
11879,2.8008066323101054e-05,,too_rare,,,
11880,0.0,,too_rare,,,
11881,0.0,,too_rare,,,
11883,0.0,,too_rare,,,
11884,0.0,,too_rare,,,
11885,0.0005881693927851221,,too_rare,,,
11886,2.8008066323101054e-05,,too_rare,,,
11887,0.0,,too_rare,,,
11889,2.8008066323101054e-05,,too_rare,,,
11890,0.0028848308312794083,,too_rare,,,
11891,0.0,,too_rare,,,
11892,0.0,,too_rare,,,
11893,0.0,,too_rare,,,
11894,0.0,,too_rare,,,
11895,0.0,,too_rare,,,
11896,0.0,,too_rare,,,
11897,0.0,,too_rare,,,
11899,2.8008066323101054e-05,,too_rare,,,
11900,0.0,,too_rare,,,
11901,0.0,,too_rare,,,
11903,0.0,,too_rare,,,
11904,0.0,,too_rare,,,
11905,0.0,,too_rare,,,
11906,0.0,,too_rare,,,
11907,0.00033609679587721263,,too_rare,,,
11908,0.0,,too_rare,,,
11909,0.0,,too_rare,,,
11910,0.0,,too_rare,,,
11911,0.0,,too_rare,,,
11912,0.0,,too_rare,,,
11913,0.0,,too_rare,,,
11914,0.0,,too_rare,,,
11915,0.0,,too_rare,,,
11916,0.0,,too_rare,,,
11917,0.00212861304055568,,too_rare,,,
11918,0.0,,too_rare,,,
11919,2.8008066323101054e-05,,too_rare,,,
11920,0.0,,too_rare,,,
11921,0.0,,too_rare,,,
11922,0.0,,too_rare,,,
11923,0.0,,too_rare,,,
11924,0.0,,too_rare,,,
11925,2.8008066323101054e-05,,too_rare,,,
11927,0.0,,too_rare,,,
11928,0.0,,too_rare,,,
11929,0.0,,too_rare,,,
11930,0.0003080887295541116,,too_rare,,,
11931,0.0,,too_rare,,,
11932,0.0,,too_rare,,,
11933,2.8008066323101054e-05,,too_rare,,,
11934,0.0,,too_rare,,,
11935,0.0,,too_rare,,,
11936,0.0,,too_rare,,,
11937,0.0,,too_rare,,,
11938,0.0,,too_rare,,,
11939,0.0,,too_rare,,,
11940,0.0,,too_rare,,,
11941,0.0,,too_rare,,,
11943,0.00022406453058480843,,too_rare,,,
11944,8.402419896930316e-05,,too_rare,,,
11945,0.0,,too_rare,,,
11946,0.0,,too_rare,,,
11947,0.0,,too_rare,,,
11948,0.00014004033161550526,,too_rare,,,
11949,0.0,,too_rare,,,
11950,0.0,,too_rare,,,
11951,0.0,,too_rare,,,
11952,0.0,,too_rare,,,
11953,2.8008066323101054e-05,,too_rare,,,
11954,0.0,,too_rare,,,
11955,0.0,,too_rare,,,
11956,0.0,,too_rare,,,
11957,0.0,,too_rare,,,
11958,0.0,,too_rare,,,
11959,0.0,,too_rare,,,
11960,0.0,,too_rare,,,
11961,0.0,,too_rare,,,
11962,0.0,,too_rare,,,
11963,0.0,,too_rare,,,
11964,0.0,,too_rare,,,
11965,0.0,,too_rare,,,
11966,0.0,,too_rare,,,
11967,0.00022406453058480843,,too_rare,,,
11968,2.8008066323101054e-05,,too_rare,,,
11969,0.0,,too_rare,,,
11970,0.0,,too_rare,,,
11971,5.601613264620211e-05,,too_rare,,,
11972,0.0,,too_rare,,,
11973,2.8008066323101054e-05,,too_rare,,,
11974,0.0,,too_rare,,,
11975,0.0,,too_rare,,,
11976,0.0,,too_rare,,,
11977,0.0,,too_rare,,,
11978,0.0,,too_rare,,,
11979,0.0,,too_rare,,,
11980,0.0008682500560161327,,too_rare,,,
11981,0.0,,too_rare,,,
11982,0.0,,too_rare,,,
11983,0.0,,too_rare,,,
11984,0.0,,too_rare,,,
11985,2.8008066323101054e-05,,too_rare,,,
11986,0.0,,too_rare,,,
11987,0.0,,too_rare,,,
11988,2.8008066323101054e-05,,too_rare,,,
11989,0.0,,too_rare,,,
11991,2.8008066323101054e-05,,too_rare,,,
11992,2.8008066323101054e-05,,too_rare,,,
11993,0.0,,too_rare,,,
11994,2.8008066323101054e-05,,too_rare,,,
11995,0.0,,too_rare,,,
11996,0.0,,too_rare,,,
11997,0.005433564866681604,,too_rare,,,
11998,0.0,,too_rare,,,
11999,0.0,,too_rare,,,
12000,0.0,,too_rare,,,
12001,0.0,,too_rare,,,
12002,0.0,,too_rare,,,
12003,0.0,,too_rare,,,
12004,2.8008066323101054e-05,,too_rare,,,
12005,0.0,,too_rare,,,
12006,0.003108895361864217,,too_rare,,,
12007,0.0,,too_rare,,,
12008,5.601613264620211e-05,,too_rare,,,
12009,0.0,,too_rare,,,
12010,0.0,,too_rare,,,
12011,0.0,,too_rare,,,
12012,0.0,,too_rare,,,
12013,0.0,,too_rare,,,
12014,0.0,,too_rare,,,
12015,0.00022406453058480843,,too_rare,,,
12016,0.0,,too_rare,,,
12018,0.0,,too_rare,,,
12019,0.0,,too_rare,,,
12020,0.0,,too_rare,,,
12021,0.0,,too_rare,,,
12022,0.0,,too_rare,,,
12023,0.0,,too_rare,,,
12024,0.0,,too_rare,,,
12025,0.0,,too_rare,,,
12026,0.0,,too_rare,,,
12027,0.0,,too_rare,,,
12028,0.0,,too_rare,,,
12029,2.8008066323101054e-05,,too_rare,,,
12030,0.0,,too_rare,,,
12031,0.0,,too_rare,,,
12032,0.0,,too_rare,,,
12033,0.0,,too_rare,,,
12034,0.0,,too_rare,,,
12035,0.0,,too_rare,,,
12036,0.0,,too_rare,,,
12037,0.0004201209948465158,,too_rare,,,
12038,0.0,,too_rare,,,
12039,0.0,,too_rare,,,
12040,5.601613264620211e-05,,too_rare,,,
12041,0.0012603629845395474,,too_rare,,,
12042,0.0,,too_rare,,,
12043,0.0,,too_rare,,,
12045,0.0,,too_rare,,,
12046,0.0,,too_rare,,,
12047,0.0,,too_rare,,,
12048,2.8008066323101054e-05,,too_rare,,,
12049,5.601613264620211e-05,,too_rare,,,
12050,0.0,,too_rare,,,
12051,0.0,,too_rare,,,
12052,0.0,,too_rare,,,
12054,0.0,,too_rare,,,
12055,2.8008066323101054e-05,,too_rare,,,
12056,0.0,,too_rare,,,
12057,0.0,,too_rare,,,
12058,0.0,,too_rare,,,
12059,0.0,,too_rare,,,
12060,0.0,,too_rare,,,
12061,0.0,,too_rare,,,
12062,0.0,,too_rare,,,
12063,0.0007002016580775263,,too_rare,,,
12064,0.0,,too_rare,,,
12065,0.0,,too_rare,,,
12066,0.0,,too_rare,,,
12067,0.0,,too_rare,,,
12068,2.8008066323101054e-05,,too_rare,,,
12069,0.0,,too_rare,,,
12070,0.0,,too_rare,,,
12072,0.0,,too_rare,,,
12073,0.0,,too_rare,,,
12074,0.0,,too_rare,,,
12075,2.8008066323101054e-05,,too_rare,,,
12076,2.8008066323101054e-05,,too_rare,,,
12077,0.0,,too_rare,,,
12078,0.0,,too_rare,,,
12079,0.0,,too_rare,,,
12080,0.0,,too_rare,,,
12081,2.8008066323101054e-05,,too_rare,,,
12082,0.0,,too_rare,,,
12083,0.0008682500560161327,,too_rare,,,
12084,0.0,,too_rare,,,
12086,5.601613264620211e-05,,too_rare,,,
12087,0.0,,too_rare,,,
12089,0.0,,too_rare,,,
12090,0.0,,too_rare,,,
12091,0.0,,too_rare,,,
12092,0.0,,too_rare,,,
12093,0.0,,too_rare,,,
12094,5.601613264620211e-05,,too_rare,,,
12095,2.8008066323101054e-05,,too_rare,,,
12096,0.0,,too_rare,,,
12097,0.0,,too_rare,,,
12098,0.0,,too_rare,,,
12100,0.0,,too_rare,,,
12101,2.8008066323101054e-05,,too_rare,,,
12102,0.0,,too_rare,,,
12103,2.8008066323101054e-05,,too_rare,,,
12104,2.8008066323101054e-05,,too_rare,,,
12105,0.0,,too_rare,,,
12106,8.402419896930316e-05,,too_rare,,,
12107,0.0,,too_rare,,,
12108,0.0,,too_rare,,,
12109,0.0,,too_rare,,,
12110,0.0,,too_rare,,,
12111,0.0,,too_rare,,,
12112,0.0,,too_rare,,,
12113,0.0,,too_rare,,,
12114,0.0,,too_rare,,,
12115,0.0,,too_rare,,,
12116,0.0,,too_rare,,,
12117,8.402419896930316e-05,,too_rare,,,
12118,0.0,,too_rare,,,
12119,0.0,,too_rare,,,
12120,0.0,,too_rare,,,
12121,0.0,,too_rare,,,
12122,0.0,,too_rare,,,
12123,0.0,,too_rare,,,
12124,5.601613264620211e-05,,too_rare,,,
12125,0.0,,too_rare,,,
12126,0.0,,too_rare,,,
12127,5.601613264620211e-05,,too_rare,,,
12128,0.0,,too_rare,,,
12129,0.0,,too_rare,,,
12130,2.8008066323101054e-05,,too_rare,,,
12132,2.8008066323101054e-05,,too_rare,,,
12133,0.0,,too_rare,,,
12134,0.0,,too_rare,,,
12135,5.601613264620211e-05,,too_rare,,,
12136,0.0,,too_rare,,,
12137,0.0,,too_rare,,,
12138,0.0,,too_rare,,,
12139,0.0009522742549854358,,too_rare,,,
12140,0.00011203226529240422,,too_rare,,,
12141,0.00022406453058480843,,too_rare,,,
12142,0.0,,too_rare,,,
12144,0.0,,too_rare,,,
12145,0.0,,too_rare,,,
12146,0.0,,too_rare,,,
12147,0.0,,too_rare,,,
12148,0.0,,too_rare,,,
12149,0.0,,too_rare,,,
12150,0.0,,too_rare,,,
12151,0.002716782433340802,,too_rare,,,
12152,0.0,,too_rare,,,
12153,5.601613264620211e-05,,too_rare,,,
12154,0.0002520725969079095,,too_rare,,,
12155,2.8008066323101054e-05,,too_rare,,,
12156,0.0,,too_rare,,,
12157,0.0,,too_rare,,,
12158,0.0,,too_rare,,,
12159,0.0002520725969079095,,too_rare,,,
12160,0.0,,too_rare,,,
12161,0.0,,too_rare,,,
12162,2.8008066323101054e-05,,too_rare,,,
12163,0.0,,too_rare,,,
12164,0.0,,too_rare,,,
12165,0.0,,too_rare,,,
12166,0.0,,too_rare,,,
12167,2.8008066323101054e-05,,too_rare,,,
12168,0.0,,too_rare,,,
12169,0.0,,too_rare,,,
12170,5.601613264620211e-05,,too_rare,,,
12171,0.0,,too_rare,,,
12172,0.0,,too_rare,,,
12173,0.0,,too_rare,,,
12174,0.0,,too_rare,,,
12175,0.0,,too_rare,,,
12176,0.0,,too_rare,,,
12177,2.8008066323101054e-05,,too_rare,,,
12178,2.8008066323101054e-05,,too_rare,,,
12179,0.0,,too_rare,,,
12180,0.0,,too_rare,,,
12181,0.0,,too_rare,,,
12182,0.0,,too_rare,,,
12183,0.0,,too_rare,,,
12184,0.0,,too_rare,,,
12185,0.0,,too_rare,,,
12186,2.8008066323101054e-05,,too_rare,,,
12187,0.0,,too_rare,,,
12188,0.0,,too_rare,,,
12189,0.0,,too_rare,,,
12190,0.00011203226529240422,,too_rare,,,
12191,0.0,,too_rare,,,
12192,0.0,,too_rare,,,
12193,0.0,,too_rare,,,
12194,0.0,,too_rare,,,
12195,0.0,,too_rare,,,
12196,0.0,,too_rare,,,
12197,0.007422137575621779,,too_rare,,,
12198,0.0,,too_rare,,,
12199,0.00014004033161550526,,too_rare,,,
12200,0.0,,too_rare,,,
12201,0.0,,too_rare,,,
12202,0.0,,too_rare,,,
12203,0.0,,too_rare,,,
12204,0.0,,too_rare,,,
12205,0.0,,too_rare,,,
12206,0.0,,too_rare,,,
12207,0.0,,too_rare,,,
12208,0.0,,too_rare,,,
12209,0.0,,too_rare,,,
12210,0.0,,too_rare,,,
12211,0.0,,too_rare,,,
12212,0.0,,too_rare,,,
12213,0.0,,too_rare,,,
12214,2.8008066323101054e-05,,too_rare,,,
12215,0.0,,too_rare,,,
12216,0.0,,too_rare,,,
12217,0.0,,too_rare,,,
12218,0.0,,too_rare,,,
12219,2.8008066323101054e-05,,too_rare,,,
12220,0.0,,too_rare,,,
12221,0.0,,too_rare,,,
12222,0.0,,too_rare,,,
12223,0.0,,too_rare,,,
12224,0.0,,too_rare,,,
12225,0.0,,too_rare,,,
12226,0.0,,too_rare,,,
12227,5.601613264620211e-05,,too_rare,,,
12228,0.0,,too_rare,,,
12229,0.0,,too_rare,,,
12231,0.0,,too_rare,,,
12232,0.0,,too_rare,,,
12233,0.0,,too_rare,,,
12235,0.0,,too_rare,,,
12236,0.0,,too_rare,,,
12237,0.0,,too_rare,,,
12238,0.0004201209948465158,,too_rare,,,
12239,0.0,,too_rare,,,
12240,2.8008066323101054e-05,,too_rare,,,
12241,0.0,,too_rare,,,
12242,0.0,,too_rare,,,
12243,2.8008066323101054e-05,,too_rare,,,
12244,0.0,,too_rare,,,
12245,0.0,,too_rare,,,
12246,0.0,,too_rare,,,
12247,5.601613264620211e-05,,too_rare,,,
12248,2.8008066323101054e-05,,too_rare,,,
12249,0.0,,too_rare,,,
12250,5.601613264620211e-05,,too_rare,,,
12251,0.0,,too_rare,,,
12252,0.0,,too_rare,,,
12253,0.0,,too_rare,,,
12254,0.0,,too_rare,,,
12255,0.0,,too_rare,,,
12256,2.8008066323101054e-05,,too_rare,,,
12257,0.0,,too_rare,,,
12258,0.0,,too_rare,,,
12259,2.8008066323101054e-05,,too_rare,,,
12260,0.0,,too_rare,,,
12261,0.0,,too_rare,,,
12262,0.0,,too_rare,,,
12263,0.0,,too_rare,,,
12264,0.0,,too_rare,,,
12265,0.0,,too_rare,,,
12266,0.0,,too_rare,,,
12267,0.0,,too_rare,,,
12268,0.0,,too_rare,,,
12269,2.8008066323101054e-05,,too_rare,,,
12270,0.0,,too_rare,,,
12271,2.8008066323101054e-05,,too_rare,,,
12272,0.0,,too_rare,,,
12273,0.0002520725969079095,,too_rare,,,
12274,0.0,,too_rare,,,
12275,0.0,,too_rare,,,
12276,5.601613264620211e-05,,too_rare,,,
12278,0.0,,too_rare,,,
12279,0.0,,too_rare,,,
12280,0.0,,too_rare,,,
12281,2.8008066323101054e-05,,too_rare,,,
12282,5.601613264620211e-05,,too_rare,,,
12283,0.0,,too_rare,,,
12284,0.0,,too_rare,,,
12285,5.601613264620211e-05,,too_rare,,,
12286,0.0,,too_rare,,,
12287,5.601613264620211e-05,,too_rare,,,
12288,0.00022406453058480843,,too_rare,,,
12289,0.0,,too_rare,,,
12291,0.0018765404436477705,,too_rare,,,
12292,0.0,,too_rare,,,
12293,0.0,,too_rare,,,
12294,0.0,,too_rare,,,
12295,5.601613264620211e-05,,too_rare,,,
12296,0.0,,too_rare,,,
12297,0.0,,too_rare,,,
12298,0.0,,too_rare,,,
12299,0.0,,too_rare,,,
12300,2.8008066323101054e-05,,too_rare,,,
12301,0.0,,too_rare,,,
12302,2.8008066323101054e-05,,too_rare,,,
12303,0.0,,too_rare,,,
12304,0.0,,too_rare,,,
12305,0.0,,too_rare,,,
12307,0.0,,too_rare,,,
12308,0.00016804839793860632,,too_rare,,,
12309,2.8008066323101054e-05,,too_rare,,,
12310,0.0,,too_rare,,,
12311,0.0,,too_rare,,,
12312,2.8008066323101054e-05,,too_rare,,,
12313,0.0,,too_rare,,,
12314,0.0,,too_rare,,,
12315,0.00014004033161550526,,too_rare,,,
12316,0.0,,too_rare,,,
12317,0.0,,too_rare,,,
12319,0.0,,too_rare,,,
12320,0.0,,too_rare,,,
12322,0.0,,too_rare,,,
12323,0.00036410486220031366,,too_rare,,,
12325,0.0,,too_rare,,,
12326,0.0,,too_rare,,,
12327,0.0,,too_rare,,,
12328,0.0,,too_rare,,,
12329,0.0,,too_rare,,,
12330,2.8008066323101054e-05,,too_rare,,,
12332,2.8008066323101054e-05,,too_rare,,,
12333,0.0,,too_rare,,,
12334,0.0,,too_rare,,,
12335,0.0,,too_rare,,,
12336,0.0,,too_rare,,,
12337,8.402419896930316e-05,,too_rare,,,
12338,0.0,,too_rare,,,
12339,0.0,,too_rare,,,
12340,0.0,,too_rare,,,
12341,0.0,,too_rare,,,
12342,0.0,,too_rare,,,
12343,0.0,,too_rare,,,
12344,0.0003080887295541116,,too_rare,,,
12345,5.601613264620211e-05,,too_rare,,,
12346,0.0,,too_rare,,,
12347,0.0,,too_rare,,,
12348,0.0,,too_rare,,,
12349,2.8008066323101054e-05,,too_rare,,,
12350,2.8008066323101054e-05,,too_rare,,,
12351,0.0,,too_rare,,,
12352,8.402419896930316e-05,,too_rare,,,
12353,0.004593322876988572,,too_rare,,,
12354,0.0,,too_rare,,,
12355,0.0,,too_rare,,,
12356,0.0,,too_rare,,,
12357,0.0,,too_rare,,,
12358,0.00011203226529240422,,too_rare,,,
12359,0.0,,too_rare,,,
12360,2.8008066323101054e-05,,too_rare,,,
12361,0.0023246695048173872,,too_rare,,,
12362,8.402419896930316e-05,,too_rare,,,
12363,8.402419896930316e-05,,too_rare,,,
12364,0.0,,too_rare,,,
12365,0.0,,too_rare,,,
12366,0.0,,too_rare,,,
12367,2.8008066323101054e-05,,too_rare,,,
12368,0.0,,too_rare,,,
12369,5.601613264620211e-05,,too_rare,,,
12370,0.0,,too_rare,,,
12371,0.0,,too_rare,,,
12372,0.0,,too_rare,,,
12373,0.0,,too_rare,,,
12374,0.0,,too_rare,,,
12375,0.0,,too_rare,,,
12376,0.0,,too_rare,,,
12377,0.0,,too_rare,,,
12378,0.002772798565987004,,too_rare,,,
12380,0.0,,too_rare,,,
12381,5.601613264620211e-05,,too_rare,,,
12382,2.8008066323101054e-05,,too_rare,,,
12383,0.0,,too_rare,,,
12384,0.0,,too_rare,,,
12385,0.001960564642617074,,too_rare,,,
12386,0.0,,too_rare,,,
12387,5.601613264620211e-05,,too_rare,,,
12388,0.0,,too_rare,,,
12389,0.0,,too_rare,,,
12390,0.0,,too_rare,,,
12391,0.0,,too_rare,,,
12392,0.0,,too_rare,,,
12393,0.0,,too_rare,,,
12394,5.601613264620211e-05,,too_rare,,,
12395,0.0,,too_rare,,,
12396,0.0,,too_rare,,,
12397,0.0,,too_rare,,,
12398,0.0,,too_rare,,,
12399,0.0,,too_rare,,,
12400,0.0,,too_rare,,,
12401,2.8008066323101054e-05,,too_rare,,,
12402,0.0,,too_rare,,,
12403,0.0,,too_rare,,,
12404,0.0,,too_rare,,,
12405,0.0,,too_rare,,,
12406,5.601613264620211e-05,,too_rare,,,
12407,0.0,,too_rare,,,
12408,2.8008066323101054e-05,,too_rare,,,
12409,0.0,,too_rare,,,
12410,2.8008066323101054e-05,,too_rare,,,
12411,8.402419896930316e-05,,too_rare,,,
12412,0.0,,too_rare,,,
12413,0.0,,too_rare,,,
12414,0.0,,too_rare,,,
12415,0.0,,too_rare,,,
12416,2.8008066323101054e-05,,too_rare,,,
12417,0.0,,too_rare,,,
12418,0.0,,too_rare,,,
12419,0.0,,too_rare,,,
12420,0.0,,too_rare,,,
12421,0.0,,too_rare,,,
12422,0.0,,too_rare,,,
12423,0.0,,too_rare,,,
12425,0.0,,too_rare,,,
12426,0.0,,too_rare,,,
12427,0.0,,too_rare,,,
12428,0.0,,too_rare,,,
12429,0.0,,too_rare,,,
12430,0.0,,too_rare,,,
12431,2.8008066323101054e-05,,too_rare,,,
12432,0.00011203226529240422,,too_rare,,,
12433,0.0,,too_rare,,,
12434,0.0,,too_rare,,,
12435,0.0,,too_rare,,,
12436,0.0,,too_rare,,,
12437,0.0,,too_rare,,,
12438,0.0,,too_rare,,,
12439,0.0,,too_rare,,,
12440,0.0,,too_rare,,,
12441,0.0,,too_rare,,,
12442,0.0,,too_rare,,,
12443,0.0,,too_rare,,,
12444,0.0,,too_rare,,,
12445,0.0057696616625588166,,too_rare,,,
12446,0.00044812906116961686,,too_rare,,,
12447,0.0,,too_rare,,,
12448,2.8008066323101054e-05,,too_rare,,,
12449,0.0,,too_rare,,,
12450,0.0,,too_rare,,,
12451,0.0,,too_rare,,,
12452,0.0,,too_rare,,,
12453,0.0,,too_rare,,,
12454,0.0,,too_rare,,,
12455,0.0,,too_rare,,,
12456,5.601613264620211e-05,,too_rare,,,
12457,0.0,,too_rare,,,
12458,0.0,,too_rare,,,
12459,0.0,,too_rare,,,
12460,2.8008066323101054e-05,,too_rare,,,
12461,0.0,,too_rare,,,
12462,0.0,,too_rare,,,
12464,0.0,,too_rare,,,
12465,0.0,,too_rare,,,
12466,0.0,,too_rare,,,
12467,0.0,,too_rare,,,
12468,0.0,,too_rare,,,
12469,0.0,,too_rare,,,
12470,0.0,,too_rare,,,
12471,2.8008066323101054e-05,,too_rare,,,
12472,0.0,,too_rare,,,
12473,0.0,,too_rare,,,
12474,0.0,,too_rare,,,
12475,0.0,,too_rare,,,
12476,0.0,,too_rare,,,
12477,2.8008066323101054e-05,,too_rare,,,
12478,2.8008066323101054e-05,,too_rare,,,
12479,0.0,,too_rare,,,
12480,0.0,,too_rare,,,
12481,0.0,,too_rare,,,
12482,0.0,,too_rare,,,
12483,0.0,,too_rare,,,
12484,0.0,,too_rare,,,
12485,0.0,,too_rare,,,
12486,0.0,,too_rare,,,
12487,0.0,,too_rare,,,
12488,0.0,,too_rare,,,
12489,0.0,,too_rare,,,
12490,5.601613264620211e-05,,too_rare,,,
12491,0.0,,too_rare,,,
12492,2.8008066323101054e-05,,too_rare,,,
12493,0.0,,too_rare,,,
12494,0.0,,too_rare,,,
12495,2.8008066323101054e-05,,too_rare,,,
12496,2.8008066323101054e-05,,too_rare,,,
12497,0.0,,too_rare,,,
12498,0.0,,too_rare,,,
12499,0.0,,too_rare,,,
12500,0.0,,too_rare,,,
12501,0.0,,too_rare,,,
12502,0.0,,too_rare,,,
12503,0.0,,too_rare,,,
12504,0.0,,too_rare,,,
12505,5.601613264620211e-05,,too_rare,,,
12506,0.0,,too_rare,,,
12507,0.0,,too_rare,,,
12508,0.0,,too_rare,,,
12509,0.0,,too_rare,,,
12510,0.0,,too_rare,,,
12511,0.0002800806632310105,,too_rare,,,
12512,2.8008066323101054e-05,,too_rare,,,
12513,2.8008066323101054e-05,,too_rare,,,
12514,8.402419896930316e-05,,too_rare,,,
12515,0.0,,too_rare,,,
12516,0.0,,too_rare,,,
12517,0.0,,too_rare,,,
12518,0.0,,too_rare,,,
12519,0.00022406453058480843,,too_rare,,,
12520,0.0,,too_rare,,,
12521,0.0,,too_rare,,,
12522,2.8008066323101054e-05,,too_rare,,,
12524,0.0,,too_rare,,,
12525,0.0,,too_rare,,,
12526,5.601613264620211e-05,,too_rare,,,
12527,0.0,,too_rare,,,
12528,2.8008066323101054e-05,,too_rare,,,
12529,0.0,,too_rare,,,
12530,0.0,,too_rare,,,
12531,2.8008066323101054e-05,,too_rare,,,
12532,0.0,,too_rare,,,
12533,0.0,,too_rare,,,
12534,5.601613264620211e-05,,too_rare,,,
12535,0.0,,too_rare,,,
12536,0.0,,too_rare,,,
12537,0.0,,too_rare,,,
12539,2.8008066323101054e-05,,too_rare,,,
12540,0.0,,too_rare,,,
12541,0.0018765404436477705,,too_rare,,,
12542,0.0,,too_rare,,,
12543,0.0,,too_rare,,,
12544,0.0,,too_rare,,,
12545,0.00014004033161550526,,too_rare,,,
12546,0.00011203226529240422,,too_rare,,,
12548,0.0,,too_rare,,,
12549,0.0,,too_rare,,,
12550,0.0,,too_rare,,,
12551,2.8008066323101054e-05,,too_rare,,,
12552,2.8008066323101054e-05,,too_rare,,,
12553,2.8008066323101054e-05,,too_rare,,,
12554,0.0,,too_rare,,,
12555,0.0,,too_rare,,,
12556,0.0,,too_rare,,,
12557,0.0,,too_rare,,,
12558,0.0,,too_rare,,,
12559,0.0,,too_rare,,,
12560,0.0,,too_rare,,,
12561,0.0,,too_rare,,,
12562,0.0,,too_rare,,,
12563,0.0,,too_rare,,,
12564,0.0,,too_rare,,,
12565,0.0,,too_rare,,,
12566,0.0,,too_rare,,,
12567,0.0,,too_rare,,,
12568,0.0,,too_rare,,,
12569,0.0,,too_rare,,,
12570,2.8008066323101054e-05,,too_rare,,,
12571,0.0,,too_rare,,,
12572,0.0,,too_rare,,,
12573,2.8008066323101054e-05,,too_rare,,,
12574,2.8008066323101054e-05,,too_rare,,,
12575,2.8008066323101054e-05,,too_rare,,,
12576,0.0,,too_rare,,,
12577,0.0,,too_rare,,,
12578,0.0,,too_rare,,,
12579,0.0,,too_rare,,,
12580,0.0,,too_rare,,,
12581,0.0,,too_rare,,,
12582,0.0,,too_rare,,,
12583,0.0,,too_rare,,,
12584,0.0,,too_rare,,,
12585,2.8008066323101054e-05,,too_rare,,,
12586,0.0,,too_rare,,,
12587,0.0,,too_rare,,,
12588,0.0,,too_rare,,,
12589,0.0,,too_rare,,,
12590,2.8008066323101054e-05,,too_rare,,,
12591,8.402419896930316e-05,,too_rare,,,
12592,5.601613264620211e-05,,too_rare,,,
12593,0.0,,too_rare,,,
12594,0.0,,too_rare,,,
12595,0.0,,too_rare,,,
12596,0.0,,too_rare,,,
12597,0.0,,too_rare,,,
12598,0.0,,too_rare,,,
12599,0.0,,too_rare,,,
12600,0.0,,too_rare,,,
12601,0.0,,too_rare,,,
12602,0.00053215326013892,,too_rare,,,
12603,0.0,,too_rare,,,
12604,0.0,,too_rare,,,
12605,0.0,,too_rare,,,
12606,0.0,,too_rare,,,
12607,2.8008066323101054e-05,,too_rare,,,
12608,0.0,,too_rare,,,
12609,0.0,,too_rare,,,
12610,2.8008066323101054e-05,,too_rare,,,
12611,0.0,,too_rare,,,
12612,0.0,,too_rare,,,
12613,0.0,,too_rare,,,
12614,0.0,,too_rare,,,
12615,0.0,,too_rare,,,
12616,0.0,,too_rare,,,
12617,0.0,,too_rare,,,
12618,0.0,,too_rare,,,
12619,0.004397266412726865,,too_rare,,,
12620,0.0,,too_rare,,,
12621,0.0,,too_rare,,,
12622,0.0,,too_rare,,,
12623,0.0,,too_rare,,,
12624,0.003052879229218015,,too_rare,,,
12625,0.0,,too_rare,,,
12626,0.0,,too_rare,,,
12627,0.0,,too_rare,,,
12628,0.0,,too_rare,,,
12629,0.0,,too_rare,,,
12630,0.006581895585928747,,too_rare,,,
12631,0.0,,too_rare,,,
12632,0.0,,too_rare,,,
12633,0.0,,too_rare,,,
12634,2.8008066323101054e-05,,too_rare,,,
12635,2.8008066323101054e-05,,too_rare,,,
12636,0.0,,too_rare,,,
12637,0.0,,too_rare,,,
12638,0.0,,too_rare,,,
12639,0.0003080887295541116,,too_rare,,,
12640,0.0,,too_rare,,,
12641,0.0,,too_rare,,,
12642,0.0,,too_rare,,,
12643,0.0,,too_rare,,,
12644,0.0,,too_rare,,,
12645,0.0,,too_rare,,,
12646,0.0,,too_rare,,,
12647,0.0,,too_rare,,,
12648,0.0,,too_rare,,,
12649,5.601613264620211e-05,,too_rare,,,
12650,0.0,,too_rare,,,
12651,0.004229218014788259,,too_rare,,,
12652,2.8008066323101054e-05,,too_rare,,,
12653,0.0,,too_rare,,,
12654,0.0,,too_rare,,,
12655,2.8008066323101054e-05,,too_rare,,,
12656,0.0,,too_rare,,,
12657,0.0,,too_rare,,,
12658,0.001148330719247143,,too_rare,,,
12659,0.0,,too_rare,,,
12660,0.0,,too_rare,,,
12661,0.0,,too_rare,,,
12662,0.0,,too_rare,,,
12663,0.0,,too_rare,,,
12664,0.0,,too_rare,,,
12665,0.0,,too_rare,,,
12666,0.0,,too_rare,,,
12667,0.0,,too_rare,,,
12668,0.0,,too_rare,,,
12669,5.601613264620211e-05,,too_rare,,,
12670,0.0,,too_rare,,,
12671,0.0,,too_rare,,,
12672,5.601613264620211e-05,,too_rare,,,
12673,2.8008066323101054e-05,,too_rare,,,
12674,0.0,,too_rare,,,
12675,0.0,,too_rare,,,
12676,0.0,,too_rare,,,
12677,0.0,,too_rare,,,
12678,0.0,,too_rare,,,
12679,0.0,,too_rare,,,
12681,0.0,,too_rare,,,
12682,0.0,,too_rare,,,
12683,0.0,,too_rare,,,
12684,2.8008066323101054e-05,,too_rare,,,
12685,0.0,,too_rare,,,
12686,0.0,,too_rare,,,
12687,8.402419896930316e-05,,too_rare,,,
12688,0.0,,too_rare,,,
12689,0.0,,too_rare,,,
12690,0.0,,too_rare,,,
12691,0.0,,too_rare,,,
12692,0.0,,too_rare,,,
12693,0.0,,too_rare,,,
12694,0.0,,too_rare,,,
12695,2.8008066323101054e-05,,too_rare,,,
12696,0.0,,too_rare,,,
12697,0.0,,too_rare,,,
12699,0.0,,too_rare,,,
12700,0.00016804839793860632,,too_rare,,,
12701,0.0,,too_rare,,,
12702,0.0,,too_rare,,,
12703,0.0,,too_rare,,,
12704,0.0,,too_rare,,,
12705,0.0,,too_rare,,,
12706,0.0,,too_rare,,,
12707,0.0,,too_rare,,,
12708,0.0,,too_rare,,,
12709,0.0,,too_rare,,,
12710,2.8008066323101054e-05,,too_rare,,,
12711,0.0,,too_rare,,,
12712,0.0007002016580775263,,too_rare,,,
12713,0.0,,too_rare,,,
12714,0.0,,too_rare,,,
12715,0.0,,too_rare,,,
12716,0.0,,too_rare,,,
12717,0.0002520725969079095,,too_rare,,,
12718,5.601613264620211e-05,,too_rare,,,
12719,0.0,,too_rare,,,
12720,0.0,,too_rare,,,
12721,2.8008066323101054e-05,,too_rare,,,
12722,0.0,,too_rare,,,
12723,0.0,,too_rare,,,
12724,0.0,,too_rare,,,
12725,0.0,,too_rare,,,
12726,2.8008066323101054e-05,,too_rare,,,
12727,0.0,,too_rare,,,
12728,2.8008066323101054e-05,,too_rare,,,
12729,0.0,,too_rare,,,
12730,0.0,,too_rare,,,
12731,0.0,,too_rare,,,
12732,2.8008066323101054e-05,,too_rare,,,
12733,0.0,,too_rare,,,
12734,0.0006721935917544253,,too_rare,,,
12735,0.0,,too_rare,,,
12737,0.0,,too_rare,,,
12738,0.0,,too_rare,,,
12739,0.0,,too_rare,,,
12740,8.402419896930316e-05,,too_rare,,,
12741,0.0,,too_rare,,,
12742,0.0,,too_rare,,,
12743,0.0,,too_rare,,,
12744,0.0,,too_rare,,,
12745,0.0,,too_rare,,,
12746,0.0,,too_rare,,,
12747,0.0,,too_rare,,,
12748,5.601613264620211e-05,,too_rare,,,
12749,0.0,,too_rare,,,
12750,0.0,,too_rare,,,
12751,0.0,,too_rare,,,
12752,0.0,,too_rare,,,
12753,0.0,,too_rare,,,
12754,0.0,,too_rare,,,
12755,0.0,,too_rare,,,
12756,0.0,,too_rare,,,
12758,0.0,,too_rare,,,
12759,2.8008066323101054e-05,,too_rare,,,
12760,0.0,,too_rare,,,
12761,0.0,,too_rare,,,
12762,0.0,,too_rare,,,
12763,0.0,,too_rare,,,
12764,0.0,,too_rare,,,
12765,0.0,,too_rare,,,
12766,0.0,,too_rare,,,
12767,0.0,,too_rare,,,
12768,0.0,,too_rare,,,
12769,0.004089177683172754,,too_rare,,,
12770,2.8008066323101054e-05,,too_rare,,,
12771,0.0,,too_rare,,,
12772,0.0,,too_rare,,,
12774,0.0,,too_rare,,,
12775,2.8008066323101054e-05,,too_rare,,,
12776,2.8008066323101054e-05,,too_rare,,,
12777,0.0,,too_rare,,,
12778,0.0,,too_rare,,,
12779,0.0,,too_rare,,,
12780,2.8008066323101054e-05,,too_rare,,,
12781,5.601613264620211e-05,,too_rare,,,
12782,0.0,,too_rare,,,
12783,0.0,,too_rare,,,
12784,0.0,,too_rare,,,
12785,0.0,,too_rare,,,
12786,2.8008066323101054e-05,,too_rare,,,
12787,0.0,,too_rare,,,
12788,2.8008066323101054e-05,,too_rare,,,
12789,0.0,,too_rare,,,
12790,0.0,,too_rare,,,
12791,0.0,,too_rare,,,
12792,0.0,,too_rare,,,
12793,0.0,,too_rare,,,
12794,0.0,,too_rare,,,
12795,0.0,,too_rare,,,
12796,5.601613264620211e-05,,too_rare,,,
12797,5.601613264620211e-05,,too_rare,,,
12798,0.0,,too_rare,,,
12799,0.0,,too_rare,,,
12800,0.0,,too_rare,,,
12801,0.0,,too_rare,,,
12802,0.0,,too_rare,,,
12803,0.0,,too_rare,,,
12804,0.0,,too_rare,,,
12805,0.0,,too_rare,,,
12806,0.0003080887295541116,,too_rare,,,
12807,0.0,,too_rare,,,
12808,0.0,,too_rare,,,
12809,0.00014004033161550526,,too_rare,,,
12810,0.0,,too_rare,,,
12811,0.0,,too_rare,,,
12812,0.0,,too_rare,,,
12813,0.0,,too_rare,,,
12814,0.0,,too_rare,,,
12815,0.0,,too_rare,,,
12816,0.0,,too_rare,,,
12817,0.0,,too_rare,,,
12818,0.0,,too_rare,,,
12819,0.0,,too_rare,,,
12821,0.00044812906116961686,,too_rare,,,
12822,0.0,,too_rare,,,
12823,0.0,,too_rare,,,
12824,0.0,,too_rare,,,
12825,8.402419896930316e-05,,too_rare,,,
12826,2.8008066323101054e-05,,too_rare,,,
12827,0.0,,too_rare,,,
12828,0.0,,too_rare,,,
12829,2.8008066323101054e-05,,too_rare,,,
12830,0.0,,too_rare,,,
12831,0.0,,too_rare,,,
12832,0.0,,too_rare,,,
12833,0.0,,too_rare,,,
12835,0.0,,too_rare,,,
12836,0.0,,too_rare,,,
12837,0.0,,too_rare,,,
12838,0.0,,too_rare,,,
12839,0.0,,too_rare,,,
12840,0.0,,too_rare,,,
12841,0.0,,too_rare,,,
12842,0.0,,too_rare,,,
12843,0.0012603629845395474,,too_rare,,,
12844,0.0,,too_rare,,,
12845,0.0,,too_rare,,,
12846,0.0,,too_rare,,,
12847,0.0,,too_rare,,,
12848,0.0,,too_rare,,,
12849,0.0,,too_rare,,,
12850,0.0,,too_rare,,,
12852,5.601613264620211e-05,,too_rare,,,
12853,2.8008066323101054e-05,,too_rare,,,
12854,0.0,,too_rare,,,
12855,0.0,,too_rare,,,
12856,0.0,,too_rare,,,
12857,0.0,,too_rare,,,
12858,0.0,,too_rare,,,
12859,0.0,,too_rare,,,
12860,0.0,,too_rare,,,
12861,0.0,,too_rare,,,
12862,0.0002520725969079095,,too_rare,,,
12863,8.402419896930316e-05,,too_rare,,,
12864,0.0,,too_rare,,,
12865,0.0,,too_rare,,,
12866,0.0,,too_rare,,,
12867,2.8008066323101054e-05,,too_rare,,,
12869,0.0,,too_rare,,,
12870,0.0,,too_rare,,,
12871,0.0,,too_rare,,,
12872,0.003136903428187318,,too_rare,,,
12873,0.0,,too_rare,,,
12874,0.0,,too_rare,,,
12875,0.0007562177907237285,,too_rare,,,
12876,0.0,,too_rare,,,
12877,2.8008066323101054e-05,,too_rare,,,
12878,0.0,,too_rare,,,
12879,0.0,,too_rare,,,
12880,0.0,,too_rare,,,
12881,0.0,,too_rare,,,
12882,0.00014004033161550526,,too_rare,,,
12883,0.0003080887295541116,,too_rare,,,
12884,0.0,,too_rare,,,
12885,0.0,,too_rare,,,
12887,0.0005881693927851221,,too_rare,,,
12888,0.0,,too_rare,,,
12889,0.0,,too_rare,,,
12890,0.0,,too_rare,,,
12891,0.0,,too_rare,,,
12892,0.0,,too_rare,,,
12893,0.0,,too_rare,,,
12894,0.0,,too_rare,,,
12895,0.0,,too_rare,,,
12897,0.0,,too_rare,,,
12898,0.0,,too_rare,,,
12899,0.0,,too_rare,,,
12900,0.0,,too_rare,,,
12901,5.601613264620211e-05,,too_rare,,,
12902,0.0,,too_rare,,,
12903,0.0,,too_rare,,,
12904,5.601613264620211e-05,,too_rare,,,
12905,0.0,,too_rare,,,
12906,0.0,,too_rare,,,
12907,2.8008066323101054e-05,,too_rare,,,
12908,5.601613264620211e-05,,too_rare,,,
12909,2.8008066323101054e-05,,too_rare,,,
12910,0.0,,too_rare,,,
12911,0.0,,too_rare,,,
12912,2.8008066323101054e-05,,too_rare,,,
12913,0.0,,too_rare,,,
12914,0.0,,too_rare,,,
12915,0.0,,too_rare,,,
12916,5.601613264620211e-05,,too_rare,,,
12917,2.8008066323101054e-05,,too_rare,,,
12918,0.0,,too_rare,,,
12919,0.0,,too_rare,,,
12920,0.0,,too_rare,,,
12921,2.8008066323101054e-05,,too_rare,,,
12922,0.0,,too_rare,,,
12923,0.0,,too_rare,,,
12924,5.601613264620211e-05,,too_rare,,,
12925,2.8008066323101054e-05,,too_rare,,,
12926,0.0,,too_rare,,,
12927,0.0008682500560161327,,too_rare,,,
12928,0.0,,too_rare,,,
12929,2.8008066323101054e-05,,too_rare,,,
12930,0.0,,too_rare,,,
12931,0.0,,too_rare,,,
12932,0.0,,too_rare,,,
12933,5.601613264620211e-05,,too_rare,,,
12934,0.0,,too_rare,,,
12935,0.0,,too_rare,,,
12936,0.00011203226529240422,,too_rare,,,
12937,0.0,,too_rare,,,
12938,0.0,,too_rare,,,
12939,0.0,,too_rare,,,
12940,0.0,,too_rare,,,
12941,0.0,,too_rare,,,
12942,0.0,,too_rare,,,
12943,0.0,,too_rare,,,
12944,0.0,,too_rare,,,
12945,0.0,,too_rare,,,
12946,0.00014004033161550526,,too_rare,,,
12948,0.0,,too_rare,,,
12949,0.0,,too_rare,,,
12950,0.0,,too_rare,,,
12951,0.0,,too_rare,,,
12952,0.0,,too_rare,,,
12953,2.8008066323101054e-05,,too_rare,,,
12954,0.0,,too_rare,,,
12955,0.007590185973560385,,too_rare,,,
12956,0.0,,too_rare,,,
12957,0.0,,too_rare,,,
12958,0.0,,too_rare,,,
12959,0.0,,too_rare,,,
12961,0.0012323549182164464,,too_rare,,,
12962,0.0,,too_rare,,,
12963,0.0,,too_rare,,,
12964,0.0,,too_rare,,,
12965,0.0,,too_rare,,,
12966,0.0,,too_rare,,,
12967,0.0,,too_rare,,,
12968,0.0,,too_rare,,,
12969,0.0,,too_rare,,,
12970,0.0,,too_rare,,,
12971,0.0,,too_rare,,,
12972,0.0,,too_rare,,,
12973,0.0,,too_rare,,,
12974,2.8008066323101054e-05,,too_rare,,,
12975,0.0,,too_rare,,,
12976,0.00011203226529240422,,too_rare,,,
12977,0.0,,too_rare,,,
12978,0.0,,too_rare,,,
12979,0.0,,too_rare,,,
12980,0.0,,too_rare,,,
12981,5.601613264620211e-05,,too_rare,,,
12982,0.0,,too_rare,,,
12983,0.0,,too_rare,,,
12984,0.0002520725969079095,,too_rare,,,
12985,0.0,,too_rare,,,
12986,0.0,,too_rare,,,
12987,0.0,,too_rare,,,
12988,0.0,,too_rare,,,
12989,0.004397266412726865,,too_rare,,,
12990,0.0,,too_rare,,,
12991,0.0,,too_rare,,,
12992,0.0,,too_rare,,,
12993,0.0,,too_rare,,,
12994,0.0,,too_rare,,,
12995,0.0,,too_rare,,,
12996,8.402419896930316e-05,,too_rare,,,
12997,0.0,,too_rare,,,
12998,0.0,,too_rare,,,
12999,0.0,,too_rare,,,
13000,0.0,,too_rare,,,
13001,0.0,,too_rare,,,
13002,2.8008066323101054e-05,,too_rare,,,
13003,0.0,,too_rare,,,
13004,0.0,,too_rare,,,
13005,0.0,,too_rare,,,
13006,0.0,,too_rare,,,
13007,0.0,,too_rare,,,
13008,0.0,,too_rare,,,
13009,5.601613264620211e-05,,too_rare,,,
13010,0.0,,too_rare,,,
13011,0.0,,too_rare,,,
13012,0.0,,too_rare,,,
13015,0.0,,too_rare,,,
13016,0.0,,too_rare,,,
13017,0.0,,too_rare,,,
13018,0.0,,too_rare,,,
13019,0.0,,too_rare,,,
13020,0.0,,too_rare,,,
13021,0.0,,too_rare,,,
13022,0.0,,too_rare,,,
13023,0.0,,too_rare,,,
13024,0.0,,too_rare,,,
13025,2.8008066323101054e-05,,too_rare,,,
13026,0.0,,too_rare,,,
13027,0.0,,too_rare,,,
13028,0.0,,too_rare,,,
13029,0.0,,too_rare,,,
13030,0.0,,too_rare,,,
13031,0.0,,too_rare,,,
13032,0.0,,too_rare,,,
13033,2.8008066323101054e-05,,too_rare,,,
13034,0.0,,too_rare,,,
13035,0.0,,too_rare,,,
13036,2.8008066323101054e-05,,too_rare,,,
13038,0.0,,too_rare,,,
13039,0.0,,too_rare,,,
13040,0.0,,too_rare,,,
13041,0.0,,too_rare,,,
13042,2.8008066323101054e-05,,too_rare,,,
13043,0.0,,too_rare,,,
13045,0.0,,too_rare,,,
13046,0.0,,too_rare,,,
13047,2.8008066323101054e-05,,too_rare,,,
13048,0.0,,too_rare,,,
13049,0.0,,too_rare,,,
13050,0.0,,too_rare,,,
13051,0.0,,too_rare,,,
13052,0.0,,too_rare,,,
13053,0.0,,too_rare,,,
13054,0.0,,too_rare,,,
13055,2.8008066323101054e-05,,too_rare,,,
13056,2.8008066323101054e-05,,too_rare,,,
13057,8.402419896930316e-05,,too_rare,,,
13058,8.402419896930316e-05,,too_rare,,,
13059,0.0,,too_rare,,,
13060,0.0,,too_rare,,,
13061,2.8008066323101054e-05,,too_rare,,,
13062,0.0,,too_rare,,,
13064,0.0,,too_rare,,,
13065,2.8008066323101054e-05,,too_rare,,,
13066,0.0,,too_rare,,,
13067,0.0,,too_rare,,,
13068,0.0,,too_rare,,,
13069,0.0,,too_rare,,,
13070,2.8008066323101054e-05,,too_rare,,,
13071,0.0,,too_rare,,,
13072,0.0,,too_rare,,,
13073,0.0,,too_rare,,,
13074,2.8008066323101054e-05,,too_rare,,,
13075,0.0,,too_rare,,,
13076,0.0,,too_rare,,,
13077,0.0,,too_rare,,,
13078,0.0,,too_rare,,,
13079,0.0,,too_rare,,,
13080,0.0,,too_rare,,,
13081,0.0,,too_rare,,,
13082,2.8008066323101054e-05,,too_rare,,,
13083,0.0,,too_rare,,,
13084,2.8008066323101054e-05,,too_rare,,,
13085,0.0,,too_rare,,,
13086,0.0,,too_rare,,,
13087,0.0,,too_rare,,,
13088,0.0,,too_rare,,,
13089,0.0,,too_rare,,,
13090,2.8008066323101054e-05,,too_rare,,,
13091,2.8008066323101054e-05,,too_rare,,,
13092,0.0,,too_rare,,,
13093,0.0,,too_rare,,,
13094,0.0,,too_rare,,,
13095,0.0,,too_rare,,,
13096,0.0,,too_rare,,,
13097,0.00022406453058480843,,too_rare,,,
13098,0.0,,too_rare,,,
13099,0.0,,too_rare,,,
13100,0.0,,too_rare,,,
13101,0.0,,too_rare,,,
13102,5.601613264620211e-05,,too_rare,,,
13103,0.0,,too_rare,,,
13104,0.0,,too_rare,,,
13105,0.0,,too_rare,,,
13106,5.601613264620211e-05,,too_rare,,,
13107,0.0,,too_rare,,,
13108,0.0,,too_rare,,,
13109,0.0,,too_rare,,,
13110,0.0,,too_rare,,,
13111,0.0,,too_rare,,,
13112,0.00014004033161550526,,too_rare,,,
13113,0.0,,too_rare,,,
13114,0.0,,too_rare,,,
13115,2.8008066323101054e-05,,too_rare,,,
13116,0.0,,too_rare,,,
13117,0.0,,too_rare,,,
13118,0.0,,too_rare,,,
13119,0.0,,too_rare,,,
13120,0.0,,too_rare,,,
13121,2.8008066323101054e-05,,too_rare,,,
13122,0.0,,too_rare,,,
13123,0.0,,too_rare,,,
13124,0.0,,too_rare,,,
13125,0.0,,too_rare,,,
13126,0.0,,too_rare,,,
13127,0.0,,too_rare,,,
13128,2.8008066323101054e-05,,too_rare,,,
13129,0.0,,too_rare,,,
13130,0.0,,too_rare,,,
13131,0.0,,too_rare,,,
13132,2.8008066323101054e-05,,too_rare,,,
13133,0.0,,too_rare,,,
13134,0.0,,too_rare,,,
13135,5.601613264620211e-05,,too_rare,,,
13136,0.0,,too_rare,,,
13137,0.0,,too_rare,,,
13138,0.0,,too_rare,,,
13139,0.0,,too_rare,,,
13141,0.0,,too_rare,,,
13142,0.0,,too_rare,,,
13143,0.00022406453058480843,,too_rare,,,
13144,0.0,,too_rare,,,
13145,0.0,,too_rare,,,
13146,0.0,,too_rare,,,
13148,0.0,,too_rare,,,
13149,0.0,,too_rare,,,
13150,0.0,,too_rare,,,
13151,0.0,,too_rare,,,
13152,0.0,,too_rare,,,
13153,0.0,,too_rare,,,
13154,0.0,,too_rare,,,
13155,0.0,,too_rare,,,
13156,0.0,,too_rare,,,
13157,0.0,,too_rare,,,
13158,0.0,,too_rare,,,
13159,2.8008066323101054e-05,,too_rare,,,
13160,0.0,,too_rare,,,
13161,0.0,,too_rare,,,
13163,0.0,,too_rare,,,
13164,2.8008066323101054e-05,,too_rare,,,
13165,0.0,,too_rare,,,
13166,0.0,,too_rare,,,
13167,0.0,,too_rare,,,
13168,0.0,,too_rare,,,
13169,0.0,,too_rare,,,
13170,0.0,,too_rare,,,
13171,5.601613264620211e-05,,too_rare,,,
13172,0.0002800806632310105,,too_rare,,,
13173,2.8008066323101054e-05,,too_rare,,,
13174,2.8008066323101054e-05,,too_rare,,,
13175,0.0,,too_rare,,,
13176,0.0,,too_rare,,,
13177,2.8008066323101054e-05,,too_rare,,,
13178,0.0,,too_rare,,,
13179,0.0,,too_rare,,,
13180,0.0,,too_rare,,,
13181,0.0,,too_rare,,,
13182,0.0,,too_rare,,,
13183,5.601613264620211e-05,,too_rare,,,
13184,0.0,,too_rare,,,
13185,0.0,,too_rare,,,
13186,0.0,,too_rare,,,
13187,0.0,,too_rare,,,
13188,0.00033609679587721263,,too_rare,,,
13189,0.0,,too_rare,,,
13190,2.8008066323101054e-05,,too_rare,,,
13191,0.0,,too_rare,,,
13192,0.0,,too_rare,,,
13193,0.0,,too_rare,,,
13194,0.0,,too_rare,,,
13195,0.0,,too_rare,,,
13196,2.8008066323101054e-05,,too_rare,,,
13197,0.0,,too_rare,,,
13198,0.0,,too_rare,,,
13199,2.8008066323101054e-05,,too_rare,,,
13200,5.601613264620211e-05,,too_rare,,,
13201,0.0,,too_rare,,,
13202,0.0,,too_rare,,,
13203,0.0,,too_rare,,,
13204,2.8008066323101054e-05,,too_rare,,,
13205,0.0,,too_rare,,,
13206,0.0,,too_rare,,,
13207,0.0,,too_rare,,,
13208,0.0,,too_rare,,,
13209,2.8008066323101054e-05,,too_rare,,,
13210,0.0,,too_rare,,,
13211,0.0,,too_rare,,,
13212,0.0,,too_rare,,,
13213,0.0,,too_rare,,,
13214,0.0,,too_rare,,,
13215,0.0,,too_rare,,,
13216,0.0,,too_rare,,,
13217,0.0,,too_rare,,,
13218,0.0,,too_rare,,,
13219,0.0,,too_rare,,,
13220,0.0002520725969079095,,too_rare,,,
13221,0.0,,too_rare,,,
13222,0.00016804839793860632,,too_rare,,,
13223,0.0006161774591082232,,too_rare,,,
13224,2.8008066323101054e-05,,too_rare,,,
13225,0.00044812906116961686,,too_rare,,,
13226,0.0,,too_rare,,,
13227,2.8008066323101054e-05,,too_rare,,,
13228,0.0,,too_rare,,,
13229,0.0,,too_rare,,,
13230,0.00022406453058480843,,too_rare,,,
13231,0.0,,too_rare,,,
13232,0.0,,too_rare,,,
13233,2.8008066323101054e-05,,too_rare,,,
13234,0.0,,too_rare,,,
13235,0.0,,too_rare,,,
13236,2.8008066323101054e-05,,too_rare,,,
13237,0.0,,too_rare,,,
13238,0.0,,too_rare,,,
13240,0.0,,too_rare,,,
13241,0.0,,too_rare,,,
13242,5.601613264620211e-05,,too_rare,,,
13243,0.0,,too_rare,,,
13244,5.601613264620211e-05,,too_rare,,,
13245,0.0,,too_rare,,,
13246,8.402419896930316e-05,,too_rare,,,
13247,8.402419896930316e-05,,too_rare,,,
13248,0.0,,too_rare,,,
13249,0.0,,too_rare,,,
13250,2.8008066323101054e-05,,too_rare,,,
13251,0.0002520725969079095,,too_rare,,,
13252,0.0,,too_rare,,,
13253,0.0,,too_rare,,,
13254,0.0004201209948465158,,too_rare,,,
13255,0.0,,too_rare,,,
13257,0.0,,too_rare,,,
13258,2.8008066323101054e-05,,too_rare,,,
13259,0.0,,too_rare,,,
13260,0.0,,too_rare,,,
13261,0.0,,too_rare,,,
13262,5.601613264620211e-05,,too_rare,,,
13263,0.0,,too_rare,,,
13264,2.8008066323101054e-05,,too_rare,,,
13265,0.0,,too_rare,,,
13266,0.0,,too_rare,,,
13267,0.0,,too_rare,,,
13268,2.8008066323101054e-05,,too_rare,,,
13269,0.0,,too_rare,,,
13270,5.601613264620211e-05,,too_rare,,,
13271,0.0,,too_rare,,,
13272,0.0,,too_rare,,,
13273,0.0,,too_rare,,,
13274,0.0,,too_rare,,,
13275,0.0,,too_rare,,,
13276,0.0,,too_rare,,,
13277,5.601613264620211e-05,,too_rare,,,
13278,0.0,,too_rare,,,
13279,5.601613264620211e-05,,too_rare,,,
13280,0.0,,too_rare,,,
13281,0.0,,too_rare,,,
13282,0.0,,too_rare,,,
13283,0.0,,too_rare,,,
13284,0.0,,too_rare,,,
13285,0.0,,too_rare,,,
13286,0.0,,too_rare,,,
13287,0.0,,too_rare,,,
13288,0.0,,too_rare,,,
13289,0.0,,too_rare,,,
13290,2.8008066323101054e-05,,too_rare,,,
13291,0.0,,too_rare,,,
13292,0.0,,too_rare,,,
13293,0.0,,too_rare,,,
13294,0.0,,too_rare,,,
13295,0.0,,too_rare,,,
13296,0.0007282097244006273,,too_rare,,,
13297,0.0,,too_rare,,,
13298,0.000560161326462021,,too_rare,,,
13299,0.0,,too_rare,,,
13300,0.0,,too_rare,,,
13301,0.0,,too_rare,,,
13302,0.0,,too_rare,,,
13303,0.0,,too_rare,,,
13304,0.0,,too_rare,,,
13305,5.601613264620211e-05,,too_rare,,,
13306,2.8008066323101054e-05,,too_rare,,,
13307,0.0,,too_rare,,,
13308,5.601613264620211e-05,,too_rare,,,
13309,0.0,,too_rare,,,
13310,2.8008066323101054e-05,,too_rare,,,
13311,0.0,,too_rare,,,
13312,2.8008066323101054e-05,,too_rare,,,
13313,0.0,,too_rare,,,
13314,2.8008066323101054e-05,,too_rare,,,
13315,0.0,,too_rare,,,
13316,0.0,,too_rare,,,
13317,0.0,,too_rare,,,
13318,0.0,,too_rare,,,
13319,0.0,,too_rare,,,
13320,0.005377548734035402,,too_rare,,,
13321,0.0,,too_rare,,,
13323,0.0,,too_rare,,,
13324,0.0,,too_rare,,,
13325,2.8008066323101054e-05,,too_rare,,,
13326,2.8008066323101054e-05,,too_rare,,,
13327,2.8008066323101054e-05,,too_rare,,,
13328,0.0,,too_rare,,,
13329,0.0,,too_rare,,,
13330,0.0,,too_rare,,,
13331,0.0,,too_rare,,,
13332,0.0,,too_rare,,,
13333,0.0,,too_rare,,,
13334,0.0,,too_rare,,,
13335,8.402419896930316e-05,,too_rare,,,
13337,0.0,,too_rare,,,
13338,0.0,,too_rare,,,
13339,0.0,,too_rare,,,
13340,0.0,,too_rare,,,
13341,2.8008066323101054e-05,,too_rare,,,
13342,0.0,,too_rare,,,
13343,0.0,,too_rare,,,
13344,0.0,,too_rare,,,
13345,0.0,,too_rare,,,
13346,0.0,,too_rare,,,
13347,0.0,,too_rare,,,
13348,0.00044812906116961686,,too_rare,,,
13349,0.0,,too_rare,,,
13350,0.0,,too_rare,,,
13351,0.0,,too_rare,,,
13352,0.0,,too_rare,,,
13353,0.0,,too_rare,,,
13354,0.0,,too_rare,,,
13355,0.0,,too_rare,,,
13356,0.0,,too_rare,,,
13357,0.0,,too_rare,,,
13358,0.0,,too_rare,,,
13359,0.0,,too_rare,,,
13360,0.0005881693927851221,,too_rare,,,
13361,2.8008066323101054e-05,,too_rare,,,
13362,2.8008066323101054e-05,,too_rare,,,
13363,0.0,,too_rare,,,
13364,0.0,,too_rare,,,
13365,2.8008066323101054e-05,,too_rare,,,
13368,5.601613264620211e-05,,too_rare,,,
13369,0.0,,too_rare,,,
13370,0.0,,too_rare,,,
13371,0.0,,too_rare,,,
13372,0.0,,too_rare,,,
13373,0.0,,too_rare,,,
13374,0.0,,too_rare,,,
13375,0.0,,too_rare,,,
13376,0.0,,too_rare,,,
13377,0.0,,too_rare,,,
13378,0.0,,too_rare,,,
13379,0.0,,too_rare,,,
13380,2.8008066323101054e-05,,too_rare,,,
13381,0.0,,too_rare,,,
13382,0.0,,too_rare,,,
13383,0.0,,too_rare,,,
13384,0.0,,too_rare,,,
13385,0.0,,too_rare,,,
13386,2.8008066323101054e-05,,too_rare,,,
13387,0.0,,too_rare,,,
13388,0.0,,too_rare,,,
13389,0.0,,too_rare,,,
13390,2.8008066323101054e-05,,too_rare,,,
13391,2.8008066323101054e-05,,too_rare,,,
13392,2.8008066323101054e-05,,too_rare,,,
13393,0.0,,too_rare,,,
13394,0.0,,too_rare,,,
13395,2.8008066323101054e-05,,too_rare,,,
13396,0.0,,too_rare,,,
13397,0.0,,too_rare,,,
13398,0.0,,too_rare,,,
13399,5.601613264620211e-05,,too_rare,,,
13400,2.8008066323101054e-05,,too_rare,,,
13401,2.8008066323101054e-05,,too_rare,,,
13402,0.0,,too_rare,,,
13403,0.0,,too_rare,,,
13404,0.0,,too_rare,,,
13405,0.0,,too_rare,,,
13406,0.0,,too_rare,,,
13408,0.0,,too_rare,,,
13409,0.0,,too_rare,,,
13410,0.0,,too_rare,,,
13411,2.8008066323101054e-05,,too_rare,,,
13412,0.0,,too_rare,,,
13413,0.0,,too_rare,,,
13414,2.8008066323101054e-05,,too_rare,,,
13415,0.0,,too_rare,,,
13416,0.0,,too_rare,,,
13417,0.0,,too_rare,,,
13418,0.0,,too_rare,,,
13419,0.0,,too_rare,,,
13420,0.0,,too_rare,,,
13421,0.0,,too_rare,,,
13422,0.0,,too_rare,,,
13423,2.8008066323101054e-05,,too_rare,,,
13424,8.402419896930316e-05,,too_rare,,,
13425,2.8008066323101054e-05,,too_rare,,,
13426,0.0,,too_rare,,,
13427,0.0,,too_rare,,,
13428,2.8008066323101054e-05,,too_rare,,,
13429,0.0,,too_rare,,,
13430,0.0008682500560161327,,too_rare,,,
13431,0.0,,too_rare,,,
13432,0.0,,too_rare,,,
13433,2.8008066323101054e-05,,too_rare,,,
13434,0.0,,too_rare,,,
13435,0.0,,too_rare,,,
13436,0.0,,too_rare,,,
13437,0.0,,too_rare,,,
13438,2.8008066323101054e-05,,too_rare,,,
13439,0.0,,too_rare,,,
13440,0.0,,too_rare,,,
13441,0.0,,too_rare,,,
13442,0.0,,too_rare,,,
13443,0.0,,too_rare,,,
13444,0.0,,too_rare,,,
13445,0.0,,too_rare,,,
13446,0.0,,too_rare,,,
13447,0.0,,too_rare,,,
13448,0.0,,too_rare,,,
13449,0.0002800806632310105,,too_rare,,,
13450,2.8008066323101054e-05,,too_rare,,,
13451,0.0,,too_rare,,,
13452,0.0,,too_rare,,,
13454,5.601613264620211e-05,,too_rare,,,
13455,0.0,,too_rare,,,
13456,0.0,,too_rare,,,
13458,0.0,,too_rare,,,
13459,0.0,,too_rare,,,
13460,0.0,,too_rare,,,
13461,0.0,,too_rare,,,
13462,0.0,,too_rare,,,
13463,0.0,,too_rare,,,
13464,0.0,,too_rare,,,
13465,0.0,,too_rare,,,
13466,0.0,,too_rare,,,
13467,0.0,,too_rare,,,
13468,0.0,,too_rare,,,
13469,0.0,,too_rare,,,
13470,0.0,,too_rare,,,
13471,0.0,,too_rare,,,
13472,0.0,,too_rare,,,
13473,2.8008066323101054e-05,,too_rare,,,
13474,2.8008066323101054e-05,,too_rare,,,
13475,0.0,,too_rare,,,
13476,0.0,,too_rare,,,
13477,0.0003080887295541116,,too_rare,,,
13478,2.8008066323101054e-05,,too_rare,,,
13479,0.0,,too_rare,,,
13480,0.0,,too_rare,,,
13481,0.0,,too_rare,,,
13482,0.0,,too_rare,,,
13483,0.0,,too_rare,,,
13485,0.0,,too_rare,,,
13486,0.0,,too_rare,,,
13487,0.0,,too_rare,,,
13488,0.0,,too_rare,,,
13490,0.0,,too_rare,,,
13491,0.0,,too_rare,,,
13492,2.8008066323101054e-05,,too_rare,,,
13493,0.0,,too_rare,,,
13494,0.0,,too_rare,,,
13495,0.0,,too_rare,,,
13497,0.0,,too_rare,,,
13498,0.0,,too_rare,,,
13499,0.0,,too_rare,,,
13501,0.0,,too_rare,,,
13502,0.0,,too_rare,,,
13503,2.8008066323101054e-05,,too_rare,,,
13504,0.0,,too_rare,,,
13505,0.0,,too_rare,,,
13506,0.0,,too_rare,,,
13507,2.8008066323101054e-05,,too_rare,,,
13508,2.8008066323101054e-05,,too_rare,,,
13509,0.0003080887295541116,,too_rare,,,
13510,2.8008066323101054e-05,,too_rare,,,
13511,0.0,,too_rare,,,
13512,0.0,,too_rare,,,
13513,0.0,,too_rare,,,
13514,0.0,,too_rare,,,
13515,0.0004201209948465158,,too_rare,,,
13516,0.0,,too_rare,,,
13517,2.8008066323101054e-05,,too_rare,,,
13518,0.0,,too_rare,,,
13519,0.0,,too_rare,,,
13520,0.0,,too_rare,,,
13521,0.0,,too_rare,,,
13522,0.0,,too_rare,,,
13523,0.0,,too_rare,,,
13524,0.0,,too_rare,,,
13525,0.0,,too_rare,,,
13526,2.8008066323101054e-05,,too_rare,,,
13527,0.0,,too_rare,,,
13528,0.0,,too_rare,,,
13529,0.0,,too_rare,,,
13530,0.0,,too_rare,,,
13531,2.8008066323101054e-05,,too_rare,,,
13532,0.0,,too_rare,,,
13533,2.8008066323101054e-05,,too_rare,,,
13534,0.00019605646426170737,,too_rare,,,
13535,0.0,,too_rare,,,
13536,2.8008066323101054e-05,,too_rare,,,
13537,2.8008066323101054e-05,,too_rare,,,
13538,0.0,,too_rare,,,
13539,0.0,,too_rare,,,
13540,0.0,,too_rare,,,
13541,0.0,,too_rare,,,
13542,0.0,,too_rare,,,
13543,0.0,,too_rare,,,
13544,2.8008066323101054e-05,,too_rare,,,
13545,0.0,,too_rare,,,
13546,2.8008066323101054e-05,,too_rare,,,
13547,0.0,,too_rare,,,
13548,0.0008122339233699305,,too_rare,,,
13549,2.8008066323101054e-05,,too_rare,,,
13550,0.0,,too_rare,,,
13551,0.0,,too_rare,,,
13552,0.0,,too_rare,,,
13553,0.0,,too_rare,,,
13554,0.0,,too_rare,,,
13555,0.0,,too_rare,,,
13556,0.0,,too_rare,,,
13557,0.0,,too_rare,,,
13558,2.8008066323101054e-05,,too_rare,,,
13559,0.0,,too_rare,,,
13560,0.0,,too_rare,,,
13561,0.0,,too_rare,,,
13562,0.0,,too_rare,,,
13563,0.0,,too_rare,,,
13564,0.0,,too_rare,,,
13565,0.0,,too_rare,,,
13566,0.0,,too_rare,,,
13567,0.0,,too_rare,,,
13568,2.8008066323101054e-05,,too_rare,,,
13569,0.0,,too_rare,,,
13570,0.0,,too_rare,,,
13571,0.0,,too_rare,,,
13572,0.0,,too_rare,,,
13573,0.0,,too_rare,,,
13574,0.0,,too_rare,,,
13575,0.0,,too_rare,,,
13576,0.0,,too_rare,,,
13577,0.0,,too_rare,,,
13578,0.0,,too_rare,,,
13579,0.0,,too_rare,,,
13580,0.0,,too_rare,,,
13581,2.8008066323101054e-05,,too_rare,,,
13582,0.0,,too_rare,,,
13583,0.0,,too_rare,,,
13584,0.0,,too_rare,,,
13585,0.0,,too_rare,,,
13586,0.0,,too_rare,,,
13587,0.0,,too_rare,,,
13588,0.0,,too_rare,,,
13589,5.601613264620211e-05,,too_rare,,,
13590,0.0,,too_rare,,,
13591,0.0,,too_rare,,,
13592,0.0,,too_rare,,,
13593,0.0,,too_rare,,,
13594,0.0,,too_rare,,,
13595,0.0,,too_rare,,,
13596,0.0,,too_rare,,,
13597,0.0,,too_rare,,,
13598,0.0,,too_rare,,,
13600,0.0,,too_rare,,,
13601,0.0,,too_rare,,,
13602,0.0,,too_rare,,,
13603,2.8008066323101054e-05,,too_rare,,,
13604,0.0,,too_rare,,,
13605,0.0,,too_rare,,,
13606,0.000504145193815819,,too_rare,,,
13607,0.00022406453058480843,,too_rare,,,
13608,2.8008066323101054e-05,,too_rare,,,
13609,0.0,,too_rare,,,
13610,0.0,,too_rare,,,
13611,0.0,,too_rare,,,
13612,0.0002520725969079095,,too_rare,,,
13613,2.8008066323101054e-05,,too_rare,,,
13614,0.0,,too_rare,,,
13615,0.0,,too_rare,,,
13616,0.0,,too_rare,,,
13617,0.0,,too_rare,,,
13618,2.8008066323101054e-05,,too_rare,,,
13619,0.0,,too_rare,,,
13620,0.00011203226529240422,,too_rare,,,
13621,0.0,,too_rare,,,
13622,0.0,,too_rare,,,
13623,5.601613264620211e-05,,too_rare,,,
13624,0.0002520725969079095,,too_rare,,,
13625,0.0,,too_rare,,,
13626,0.0,,too_rare,,,
13627,0.0002520725969079095,,too_rare,,,
13628,0.0,,too_rare,,,
13629,0.0,,too_rare,,,
13630,0.0,,too_rare,,,
13631,0.0,,too_rare,,,
13632,0.0,,too_rare,,,
13633,0.0,,too_rare,,,
13634,0.0,,too_rare,,,
13635,0.0,,too_rare,,,
13636,0.0,,too_rare,,,
13637,0.0,,too_rare,,,
13638,0.0,,too_rare,,,
13639,0.0,,too_rare,,,
13640,0.0,,too_rare,,,
13641,0.0,,too_rare,,,
13642,0.0,,too_rare,,,
13643,0.0,,too_rare,,,
13644,0.0,,too_rare,,,
13645,0.0,,too_rare,,,
13646,0.0,,too_rare,,,
13647,0.0,,too_rare,,,
13648,0.0,,too_rare,,,
13649,0.00011203226529240422,,too_rare,,,
13650,0.0,,too_rare,,,
13651,0.0,,too_rare,,,
13652,0.0,,too_rare,,,
13653,0.00011203226529240422,,too_rare,,,
13654,0.0,,too_rare,,,
13655,0.0,,too_rare,,,
13656,0.0,,too_rare,,,
13657,0.0,,too_rare,,,
13658,8.402419896930316e-05,,too_rare,,,
13659,5.601613264620211e-05,,too_rare,,,
13660,0.0,,too_rare,,,
13662,0.0,,too_rare,,,
13663,5.601613264620211e-05,,too_rare,,,
13664,5.601613264620211e-05,,too_rare,,,
13665,0.0006161774591082232,,too_rare,,,
13666,0.0,,too_rare,,,
13667,0.0,,too_rare,,,
13668,0.0,,too_rare,,,
13669,0.0,,too_rare,,,
13670,0.0,,too_rare,,,
13671,0.0,,too_rare,,,
13672,0.0,,too_rare,,,
13673,0.0,,too_rare,,,
13674,0.0,,too_rare,,,
13675,0.00011203226529240422,,too_rare,,,
13676,0.0,,too_rare,,,
13677,0.0,,too_rare,,,
13678,0.0,,too_rare,,,
13679,0.0,,too_rare,,,
13680,0.0,,too_rare,,,
13681,0.0,,too_rare,,,
13683,0.0,,too_rare,,,
13685,0.00011203226529240422,,too_rare,,,
13686,0.0,,too_rare,,,
13687,0.0,,too_rare,,,
13688,0.0,,too_rare,,,
13689,0.0,,too_rare,,,
13690,0.0,,too_rare,,,
13691,0.0,,too_rare,,,
13692,0.0,,too_rare,,,
13693,0.0,,too_rare,,,
13694,0.0,,too_rare,,,
13695,5.601613264620211e-05,,too_rare,,,
13696,0.0,,too_rare,,,
13697,0.000560161326462021,,too_rare,,,
13698,0.0,,too_rare,,,
13699,0.0,,too_rare,,,
13701,0.0,,too_rare,,,
13702,0.0,,too_rare,,,
13703,2.8008066323101054e-05,,too_rare,,,
13704,0.0,,too_rare,,,
13705,0.0,,too_rare,,,
13706,0.0,,too_rare,,,
13707,0.0,,too_rare,,,
13708,0.005013443871835089,,too_rare,,,
13709,0.0,,too_rare,,,
13710,2.8008066323101054e-05,,too_rare,,,
13711,5.601613264620211e-05,,too_rare,,,
13712,2.8008066323101054e-05,,too_rare,,,
13713,0.0,,too_rare,,,
13714,0.0,,too_rare,,,
13715,0.0,,too_rare,,,
13716,0.0,,too_rare,,,
13717,2.8008066323101054e-05,,too_rare,,,
13718,0.0,,too_rare,,,
13719,0.0,,too_rare,,,
13720,0.0,,too_rare,,,
13721,0.0,,too_rare,,,
13722,2.8008066323101054e-05,,too_rare,,,
13723,0.0,,too_rare,,,
13724,0.0,,too_rare,,,
13725,0.0,,too_rare,,,
13726,0.0,,too_rare,,,
13727,0.0,,too_rare,,,
13728,5.601613264620211e-05,,too_rare,,,
13729,0.0,,too_rare,,,
13730,0.0,,too_rare,,,
13731,0.0,,too_rare,,,
13732,0.0,,too_rare,,,
13733,0.0,,too_rare,,,
13734,2.8008066323101054e-05,,too_rare,,,
13735,0.0,,too_rare,,,
13736,0.0,,too_rare,,,
13737,0.0,,too_rare,,,
13738,0.0,,too_rare,,,
13739,0.0,,too_rare,,,
13740,0.0,,too_rare,,,
13741,8.402419896930316e-05,,too_rare,,,
13743,0.0,,too_rare,,,
13744,0.0,,too_rare,,,
13745,0.0,,too_rare,,,
13746,0.0,,too_rare,,,
13747,0.0,,too_rare,,,
13748,2.8008066323101054e-05,,too_rare,,,
13749,0.0,,too_rare,,,
13750,0.001036298453954739,,too_rare,,,
13751,0.0,,too_rare,,,
13752,0.0,,too_rare,,,
13753,5.601613264620211e-05,,too_rare,,,
13754,0.0,,too_rare,,,
13755,0.0,,too_rare,,,
13756,0.0,,too_rare,,,
13757,0.0,,too_rare,,,
13758,2.8008066323101054e-05,,too_rare,,,
13759,0.0,,too_rare,,,
13760,0.0,,too_rare,,,
13761,2.8008066323101054e-05,,too_rare,,,
13762,0.0,,too_rare,,,
13764,0.0,,too_rare,,,
13765,0.0,,too_rare,,,
13766,0.0,,too_rare,,,
13767,0.0,,too_rare,,,
13768,0.0,,too_rare,,,
13769,0.0,,too_rare,,,
13770,0.0,,too_rare,,,
13771,0.0,,too_rare,,,
13772,0.0,,too_rare,,,
13773,0.0,,too_rare,,,
13774,0.0,,too_rare,,,
13775,0.0,,too_rare,,,
13776,2.8008066323101054e-05,,too_rare,,,
13777,0.0,,too_rare,,,
13778,0.0,,too_rare,,,
13779,0.0,,too_rare,,,
13780,0.00019605646426170737,,too_rare,,,
13781,0.0,,too_rare,,,
13782,0.0,,too_rare,,,
13783,0.0,,too_rare,,,
13784,0.0,,too_rare,,,
13785,0.0,,too_rare,,,
13786,0.0,,too_rare,,,
13787,8.402419896930316e-05,,too_rare,,,
13788,0.0,,too_rare,,,
13789,2.8008066323101054e-05,,too_rare,,,
13790,2.8008066323101054e-05,,too_rare,,,
13791,0.0,,too_rare,,,
13792,0.0,,too_rare,,,
13793,0.0,,too_rare,,,
13794,2.8008066323101054e-05,,too_rare,,,
13796,0.0,,too_rare,,,
13797,5.601613264620211e-05,,too_rare,,,
13798,0.0,,too_rare,,,
13799,0.0,,too_rare,,,
13800,0.0,,too_rare,,,
13801,0.0,,too_rare,,,
13802,0.0,,too_rare,,,
13803,0.0,,too_rare,,,
13804,0.00425722608111136,,too_rare,,,
13805,0.0,,too_rare,,,
13806,0.0,,too_rare,,,
13807,0.0,,too_rare,,,
13808,0.0,,too_rare,,,
13809,0.0,,too_rare,,,
13810,0.0,,too_rare,,,
13811,0.0,,too_rare,,,
13812,0.0,,too_rare,,,
13813,2.8008066323101054e-05,,too_rare,,,
13814,2.8008066323101054e-05,,too_rare,,,
13815,2.8008066323101054e-05,,too_rare,,,
13816,0.0,,too_rare,,,
13817,2.8008066323101054e-05,,too_rare,,,
13818,0.0,,too_rare,,,
13819,0.0,,too_rare,,,
13820,2.8008066323101054e-05,,too_rare,,,
13821,0.0,,too_rare,,,
13822,0.0,,too_rare,,,
13823,0.0,,too_rare,,,
13824,5.601613264620211e-05,,too_rare,,,
13825,0.0079822989020838,,too_rare,,,
13826,0.00014004033161550526,,too_rare,,,
13827,0.0,,too_rare,,,
13828,0.0,,too_rare,,,
13829,0.0067219359175442524,,too_rare,,,
13830,0.0,,too_rare,,,
13831,0.0,,too_rare,,,
13832,0.0,,too_rare,,,
13833,0.0,,too_rare,,,
13834,0.0,,too_rare,,,
13835,0.0,,too_rare,,,
13836,0.004761371274927179,,too_rare,,,
13837,0.00044812906116961686,,too_rare,,,
13838,0.0,,too_rare,,,
13839,0.0,,too_rare,,,
13840,0.0,,too_rare,,,
13841,0.0,,too_rare,,,
13842,0.0,,too_rare,,,
13843,0.0,,too_rare,,,
13844,0.0,,too_rare,,,
13845,0.0,,too_rare,,,
13846,2.8008066323101054e-05,,too_rare,,,
13847,0.0,,too_rare,,,
13848,0.0,,too_rare,,,
13849,0.0,,too_rare,,,
13850,5.601613264620211e-05,,too_rare,,,
13851,0.0,,too_rare,,,
13852,0.0,,too_rare,,,
13853,2.8008066323101054e-05,,too_rare,,,
13854,0.0,,too_rare,,,
13855,0.0,,too_rare,,,
13856,0.0,,too_rare,,,
13857,0.0,,too_rare,,,
13858,0.0,,too_rare,,,
13859,2.8008066323101054e-05,,too_rare,,,
13860,0.0,,too_rare,,,
13861,0.0,,too_rare,,,
13862,0.00011203226529240422,,too_rare,,,
13863,0.0,,too_rare,,,
13864,0.0,,too_rare,,,
13865,0.0,,too_rare,,,
13866,2.8008066323101054e-05,,too_rare,,,
13867,0.0,,too_rare,,,
13868,0.0,,too_rare,,,
13869,5.601613264620211e-05,,too_rare,,,
13870,0.0,,too_rare,,,
13871,0.0,,too_rare,,,
13872,0.0,,too_rare,,,
13873,0.0004761371274927179,,too_rare,,,
13874,2.8008066323101054e-05,,too_rare,,,
13875,2.8008066323101054e-05,,too_rare,,,
13876,0.0,,too_rare,,,
13877,0.0,,too_rare,,,
13878,0.0,,too_rare,,,
13879,0.0,,too_rare,,,
13880,0.0,,too_rare,,,
13881,0.0002800806632310105,,too_rare,,,
13882,0.0,,too_rare,,,
13883,0.0,,too_rare,,,
13884,0.0,,too_rare,,,
13885,0.0,,too_rare,,,
13886,0.0,,too_rare,,,
13887,5.601613264620211e-05,,too_rare,,,
13888,2.8008066323101054e-05,,too_rare,,,
13889,0.0,,too_rare,,,
13890,2.8008066323101054e-05,,too_rare,,,
13891,0.0,,too_rare,,,
13892,0.0,,too_rare,,,
13893,0.0,,too_rare,,,
13894,0.0,,too_rare,,,
13895,0.0,,too_rare,,,
13897,0.0,,too_rare,,,
13898,0.0,,too_rare,,,
13899,0.0,,too_rare,,,
13900,0.0,,too_rare,,,
13901,0.0,,too_rare,,,
13902,0.0,,too_rare,,,
13903,5.601613264620211e-05,,too_rare,,,
13904,0.0,,too_rare,,,
13905,0.0,,too_rare,,,
13906,5.601613264620211e-05,,too_rare,,,
13907,0.0,,too_rare,,,
13908,0.001036298453954739,,too_rare,,,
13909,0.0,,too_rare,,,
13910,0.0,,too_rare,,,
13911,0.005545597131974008,,too_rare,,,
13912,0.0,,too_rare,,,
13913,0.0,,too_rare,,,
13914,0.0,,too_rare,,,
13915,0.0,,too_rare,,,
13916,2.8008066323101054e-05,,too_rare,,,
13917,0.0,,too_rare,,,
13918,0.0,,too_rare,,,
13919,2.8008066323101054e-05,,too_rare,,,
13920,0.0,,too_rare,,,
13921,0.0,,too_rare,,,
13922,0.0,,too_rare,,,
13923,0.0,,too_rare,,,
13924,0.0,,too_rare,,,
13925,5.601613264620211e-05,,too_rare,,,
13926,0.003641048622003137,,too_rare,,,
13927,0.00014004033161550526,,too_rare,,,
13928,2.8008066323101054e-05,,too_rare,,,
13929,0.0,,too_rare,,,
13930,0.00011203226529240422,,too_rare,,,
13931,0.0,,too_rare,,,
13932,0.0,,too_rare,,,
13933,2.8008066323101054e-05,,too_rare,,,
13934,0.0,,too_rare,,,
13935,0.0,,too_rare,,,
13936,0.0,,too_rare,,,
13937,0.0,,too_rare,,,
13938,0.0,,too_rare,,,
13939,0.0,,too_rare,,,
13940,2.8008066323101054e-05,,too_rare,,,
13941,0.0,,too_rare,,,
13942,0.0,,too_rare,,,
13943,0.0,,too_rare,,,
13944,0.0,,too_rare,,,
13945,0.0,,too_rare,,,
13946,0.0,,too_rare,,,
13947,0.0,,too_rare,,,
13948,0.0,,too_rare,,,
13949,0.0,,too_rare,,,
13950,0.0,,too_rare,,,
13951,0.0,,too_rare,,,
13952,5.601613264620211e-05,,too_rare,,,
13953,0.0,,too_rare,,,
13954,0.0,,too_rare,,,
13955,0.0,,too_rare,,,
13956,0.0,,too_rare,,,
13957,0.0,,too_rare,,,
13958,0.0,,too_rare,,,
13959,0.000560161326462021,,too_rare,,,
13960,0.0,,too_rare,,,
13961,0.0,,too_rare,,,
13962,2.8008066323101054e-05,,too_rare,,,
13963,0.0,,too_rare,,,
13964,2.8008066323101054e-05,,too_rare,,,
13965,0.0,,too_rare,,,
13966,2.8008066323101054e-05,,too_rare,,,
13967,2.8008066323101054e-05,,too_rare,,,
13968,2.8008066323101054e-05,,too_rare,,,
13969,0.0,,too_rare,,,
13970,0.0,,too_rare,,,
13971,0.0,,too_rare,,,
13972,0.0,,too_rare,,,
13973,0.0,,too_rare,,,
13974,5.601613264620211e-05,,too_rare,,,
13975,0.0,,too_rare,,,
13976,0.0,,too_rare,,,
13977,0.0,,too_rare,,,
13978,0.0,,too_rare,,,
13979,0.0,,too_rare,,,
13980,0.0,,too_rare,,,
13981,0.009018597356038539,,too_rare,,,
13982,0.0,,too_rare,,,
13983,0.0,,too_rare,,,
13984,0.0,,too_rare,,,
13985,0.0,,too_rare,,,
13986,0.0,,too_rare,,,
13987,0.0,,too_rare,,,
13988,0.0,,too_rare,,,
13989,8.402419896930316e-05,,too_rare,,,
13990,0.0,,too_rare,,,
13991,0.0,,too_rare,,,
13992,0.0,,too_rare,,,
13993,0.0,,too_rare,,,
13994,0.0,,too_rare,,,
13995,8.402419896930316e-05,,too_rare,,,
13996,0.009746807080439167,,too_rare,,,
13997,2.8008066323101054e-05,,too_rare,,,
13998,2.8008066323101054e-05,,too_rare,,,
13999,0.0,,too_rare,,,
14000,0.0,,too_rare,,,
14001,0.0,,too_rare,,,
14002,0.0,,too_rare,,,
14003,0.00011203226529240422,,too_rare,,,
14004,0.0,,too_rare,,,
14005,0.0,,too_rare,,,
14006,0.0,,too_rare,,,
14007,0.0,,too_rare,,,
14008,0.0,,too_rare,,,
14009,0.0,,too_rare,,,
14010,0.0,,too_rare,,,
14011,0.000980282321308537,,too_rare,,,
14012,2.8008066323101054e-05,,too_rare,,,
14013,0.002044588841586377,,too_rare,,,
14014,0.0,,too_rare,,,
14015,0.0,,too_rare,,,
14016,0.0,,too_rare,,,
14017,0.0,,too_rare,,,
14018,2.8008066323101054e-05,,too_rare,,,
14019,0.0,,too_rare,,,
14020,0.0,,too_rare,,,
14021,0.0,,too_rare,,,
14022,0.0,,too_rare,,,
14023,0.0,,too_rare,,,
14024,0.00011203226529240422,,too_rare,,,
14025,0.0,,too_rare,,,
14026,0.0,,too_rare,,,
14027,0.0,,too_rare,,,
14028,0.0,,too_rare,,,
14029,0.0,,too_rare,,,
14030,0.0,,too_rare,,,
14031,5.601613264620211e-05,,too_rare,,,
14032,2.8008066323101054e-05,,too_rare,,,
14033,0.0,,too_rare,,,
14034,0.0,,too_rare,,,
14035,0.0,,too_rare,,,
14036,0.0,,too_rare,,,
14037,0.0,,too_rare,,,
14038,2.8008066323101054e-05,,too_rare,,,
14039,0.0,,too_rare,,,
14040,0.0,,too_rare,,,
14041,0.0,,too_rare,,,
14042,0.001540443647770558,,too_rare,,,
14043,0.0,,too_rare,,,
14044,0.0,,too_rare,,,
14045,0.0009242661886623348,,too_rare,,,
14046,0.0,,too_rare,,,
14047,0.00453730674434237,,too_rare,,,
14048,0.0,,too_rare,,,
14049,0.0,,too_rare,,,
14050,0.0,,too_rare,,,
14051,0.0,,too_rare,,,
14052,0.0,,too_rare,,,
14053,0.0,,too_rare,,,
14054,0.0,,too_rare,,,
14055,0.0,,too_rare,,,
14056,0.0,,too_rare,,,
14057,0.0,,too_rare,,,
14058,0.0,,too_rare,,,
14059,8.402419896930316e-05,,too_rare,,,
14060,2.8008066323101054e-05,,too_rare,,,
14061,0.0,,too_rare,,,
14062,0.0,,too_rare,,,
14063,0.0,,too_rare,,,
14064,0.0,,too_rare,,,
14065,0.0,,too_rare,,,
14066,0.0,,too_rare,,,
14067,0.0,,too_rare,,,
14068,0.0,,too_rare,,,
14069,0.0,,too_rare,,,
14070,0.0,,too_rare,,,
14071,5.601613264620211e-05,,too_rare,,,
14072,0.0,,too_rare,,,
14073,0.0,,too_rare,,,
14074,0.0,,too_rare,,,
14075,0.0,,too_rare,,,
14076,0.0,,too_rare,,,
14077,0.0,,too_rare,,,
14078,0.002016580775263276,,too_rare,,,
14079,0.0,,too_rare,,,
14080,0.0,,too_rare,,,
14082,0.0,,too_rare,,,
14083,0.0,,too_rare,,,
14084,2.8008066323101054e-05,,too_rare,,,
14085,0.0,,too_rare,,,
14086,0.0,,too_rare,,,
14087,0.0,,too_rare,,,
14088,2.8008066323101054e-05,,too_rare,,,
14089,0.0,,too_rare,,,
14090,0.0,,too_rare,,,
14091,0.0,,too_rare,,,
14092,0.0,,too_rare,,,
14093,0.0,,too_rare,,,
14094,2.8008066323101054e-05,,too_rare,,,
14095,0.0,,too_rare,,,
14096,2.8008066323101054e-05,,too_rare,,,
14097,0.0,,too_rare,,,
14098,0.0,,too_rare,,,
14099,5.601613264620211e-05,,too_rare,,,
14100,2.8008066323101054e-05,,too_rare,,,
14101,0.0,,too_rare,,,
14102,0.0,,too_rare,,,
14103,0.0,,too_rare,,,
14104,0.0,,too_rare,,,
14105,0.0,,too_rare,,,
14106,5.601613264620211e-05,,too_rare,,,
14107,0.0,,too_rare,,,
14108,0.0,,too_rare,,,
14109,0.0,,too_rare,,,
14110,0.0,,too_rare,,,
14111,8.402419896930316e-05,,too_rare,,,
14112,0.0,,too_rare,,,
14113,0.0003080887295541116,,too_rare,,,
14114,0.0,,too_rare,,,
14115,0.0,,too_rare,,,
14116,8.402419896930316e-05,,too_rare,,,
14118,0.0,,too_rare,,,
14119,0.0,,too_rare,,,
14120,0.0,,too_rare,,,
14121,0.0,,too_rare,,,
14122,0.0,,too_rare,,,
14123,0.0,,too_rare,,,
14124,0.0,,too_rare,,,
14125,0.0,,too_rare,,,
14126,0.0,,too_rare,,,
14127,0.0,,too_rare,,,
14128,0.0,,too_rare,,,
14129,0.0,,too_rare,,,
14130,0.0,,too_rare,,,
14131,0.0,,too_rare,,,
14132,0.0,,too_rare,,,
14133,0.0,,too_rare,,,
14134,0.0,,too_rare,,,
14135,0.0,,too_rare,,,
14136,0.0,,too_rare,,,
14137,2.8008066323101054e-05,,too_rare,,,
14139,0.0,,too_rare,,,
14140,5.601613264620211e-05,,too_rare,,,
14141,0.0,,too_rare,,,
14142,0.0,,too_rare,,,
14143,0.0,,too_rare,,,
14144,0.0,,too_rare,,,
14145,0.0,,too_rare,,,
14146,0.0,,too_rare,,,
14147,0.0,,too_rare,,,
14148,0.0,,too_rare,,,
14149,0.0,,too_rare,,,
14150,0.0,,too_rare,,,
14151,0.0,,too_rare,,,
14152,0.0,,too_rare,,,
14153,0.0,,too_rare,,,
14154,0.0,,too_rare,,,
14155,0.0,,too_rare,,,
14156,2.8008066323101054e-05,,too_rare,,,
14157,2.8008066323101054e-05,,too_rare,,,
14158,0.0,,too_rare,,,
14159,0.0,,too_rare,,,
14160,0.0,,too_rare,,,
14161,0.0,,too_rare,,,
14162,0.0,,too_rare,,,
14163,0.0,,too_rare,,,
14164,5.601613264620211e-05,,too_rare,,,
14165,2.8008066323101054e-05,,too_rare,,,
14166,0.0,,too_rare,,,
14167,0.0,,too_rare,,,
14168,0.0,,too_rare,,,
14169,0.0,,too_rare,,,
14170,2.8008066323101054e-05,,too_rare,,,
14171,0.0,,too_rare,,,
14173,0.0,,too_rare,,,
14174,0.0,,too_rare,,,
14175,0.000504145193815819,,too_rare,,,
14176,0.0,,too_rare,,,
14178,0.0,,too_rare,,,
14179,0.002436701770109792,,too_rare,,,
14180,0.0,,too_rare,,,
14181,0.0,,too_rare,,,
14182,0.0,,too_rare,,,
14183,0.0,,too_rare,,,
14184,0.0,,too_rare,,,
14185,0.0,,too_rare,,,
14186,2.8008066323101054e-05,,too_rare,,,
14187,5.601613264620211e-05,,too_rare,,,
14188,0.0,,too_rare,,,
14189,0.0,,too_rare,,,
14190,2.8008066323101054e-05,,too_rare,,,
14191,0.0,,too_rare,,,
14192,0.003557024423033834,,too_rare,,,
14193,0.0,,too_rare,,,
14194,2.8008066323101054e-05,,too_rare,,,
14195,0.0,,too_rare,,,
14196,0.0,,too_rare,,,
14197,2.8008066323101054e-05,,too_rare,,,
14198,0.0,,too_rare,,,
14199,0.0,,too_rare,,,
14200,2.8008066323101054e-05,,too_rare,,,
14201,0.0,,too_rare,,,
14202,0.0,,too_rare,,,
14203,2.8008066323101054e-05,,too_rare,,,
14204,0.0,,too_rare,,,
14205,0.0,,too_rare,,,
14206,0.00019605646426170737,,too_rare,,,
14207,0.0,,too_rare,,,
14208,2.8008066323101054e-05,,too_rare,,,
14209,0.0,,too_rare,,,
14210,0.0,,too_rare,,,
14211,0.0,,too_rare,,,
14212,0.0,,too_rare,,,
14213,0.0,,too_rare,,,
14215,0.0,,too_rare,,,
14216,0.0,,too_rare,,,
14217,0.0,,too_rare,,,
14218,0.0,,too_rare,,,
14219,0.0,,too_rare,,,
14220,0.0,,too_rare,,,
14221,0.00011203226529240422,,too_rare,,,
14222,0.0,,too_rare,,,
14223,0.003753080887295541,,too_rare,,,
14224,0.0,,too_rare,,,
14225,0.0,,too_rare,,,
14226,0.0,,too_rare,,,
14227,0.0,,too_rare,,,
14228,0.0,,too_rare,,,
14229,0.0,,too_rare,,,
14230,0.0,,too_rare,,,
14231,0.0,,too_rare,,,
14232,0.0,,too_rare,,,
14233,0.0,,too_rare,,,
14234,0.005909701994174323,,too_rare,,,
14235,0.0,,too_rare,,,
14236,0.0,,too_rare,,,
14237,0.0,,too_rare,,,
14238,0.0,,too_rare,,,
14239,2.8008066323101054e-05,,too_rare,,,
14240,0.0,,too_rare,,,
14241,0.0,,too_rare,,,
14242,0.0,,too_rare,,,
14243,0.0,,too_rare,,,
14244,0.0,,too_rare,,,
14245,5.601613264620211e-05,,too_rare,,,
14246,0.0,,too_rare,,,
14247,0.0,,too_rare,,,
14248,0.00016804839793860632,,too_rare,,,
14249,0.0,,too_rare,,,
14250,0.0,,too_rare,,,
14251,0.0,,too_rare,,,
14252,5.601613264620211e-05,,too_rare,,,
14253,0.0,,too_rare,,,
14254,2.8008066323101054e-05,,too_rare,,,
14255,0.0,,too_rare,,,
14256,0.0,,too_rare,,,
14257,0.0,,too_rare,,,
14258,0.0,,too_rare,,,
14259,0.0,,too_rare,,,
14260,0.0,,too_rare,,,
14261,2.8008066323101054e-05,,too_rare,,,
14262,0.0,,too_rare,,,
14263,0.0,,too_rare,,,
14264,0.0,,too_rare,,,
14265,8.402419896930316e-05,,too_rare,,,
14266,0.0,,too_rare,,,
14267,0.0,,too_rare,,,
14268,0.0,,too_rare,,,
14269,0.0,,too_rare,,,
14270,0.0,,too_rare,,,
14271,0.0,,too_rare,,,
14272,0.002072596907909478,,too_rare,,,
14273,0.0,,too_rare,,,
14274,0.0,,too_rare,,,
14275,0.0,,too_rare,,,
14276,0.0,,too_rare,,,
14277,2.8008066323101054e-05,,too_rare,,,
14278,0.0,,too_rare,,,
14279,2.8008066323101054e-05,,too_rare,,,
14280,5.601613264620211e-05,,too_rare,,,
14281,0.0,,too_rare,,,
14282,2.8008066323101054e-05,,too_rare,,,
14283,0.0,,too_rare,,,
14284,0.0,,too_rare,,,
14285,0.0,,too_rare,,,
14286,0.0,,too_rare,,,
14287,0.0,,too_rare,,,
14288,0.0,,too_rare,,,
14289,0.0,,too_rare,,,
14290,0.0,,too_rare,,,
14291,0.0,,too_rare,,,
14292,2.8008066323101054e-05,,too_rare,,,
14293,0.0,,too_rare,,,
14294,0.0,,too_rare,,,
14295,5.601613264620211e-05,,too_rare,,,
14296,0.0,,too_rare,,,
14297,0.0,,too_rare,,,
14298,0.0,,too_rare,,,
14299,2.8008066323101054e-05,,too_rare,,,
14300,2.8008066323101054e-05,,too_rare,,,
14301,0.0,,too_rare,,,
14302,2.8008066323101054e-05,,too_rare,,,
14303,0.0,,too_rare,,,
14304,0.0,,too_rare,,,
14305,0.0,,too_rare,,,
14306,5.601613264620211e-05,,too_rare,,,
14307,0.0,,too_rare,,,
14308,0.0,,too_rare,,,
14309,0.0,,too_rare,,,
14310,0.0,,too_rare,,,
14311,0.0029128388976025093,,too_rare,,,
14312,0.0,,too_rare,,,
14313,0.0,,too_rare,,,
14314,0.0,,too_rare,,,
14315,0.0,,too_rare,,,
14316,0.0,,too_rare,,,
14317,0.0,,too_rare,,,
14318,2.8008066323101054e-05,,too_rare,,,
14319,8.402419896930316e-05,,too_rare,,,
14320,0.0,,too_rare,,,
14321,0.0,,too_rare,,,
14322,0.0,,too_rare,,,
14323,0.0,,too_rare,,,
14324,0.0,,too_rare,,,
14325,0.0,,too_rare,,,
14326,0.0,,too_rare,,,
14327,0.0,,too_rare,,,
14328,0.0,,too_rare,,,
14329,0.0,,too_rare,,,
14330,0.0,,too_rare,,,
14331,0.0,,too_rare,,,
14332,2.8008066323101054e-05,,too_rare,,,
14333,2.8008066323101054e-05,,too_rare,,,
14334,0.0,,too_rare,,,
14335,0.0,,too_rare,,,
14336,0.0,,too_rare,,,
14337,0.0,,too_rare,,,
14338,0.0,,too_rare,,,
14339,5.601613264620211e-05,,too_rare,,,
14340,2.8008066323101054e-05,,too_rare,,,
14341,0.0,,too_rare,,,
14342,0.0,,too_rare,,,
14343,0.0,,too_rare,,,
14344,5.601613264620211e-05,,too_rare,,,
14345,0.0,,too_rare,,,
14346,0.0,,too_rare,,,
14347,0.0,,too_rare,,,
14348,0.0,,too_rare,,,
14349,0.0,,too_rare,,,
14350,0.0,,too_rare,,,
14351,0.0,,too_rare,,,
14352,0.006245798790051535,,too_rare,,,
14353,0.0,,too_rare,,,
14354,0.0,,too_rare,,,
14355,0.0,,too_rare,,,
14356,0.0,,too_rare,,,
14357,0.0,,too_rare,,,
14358,2.8008066323101054e-05,,too_rare,,,
14359,0.0,,too_rare,,,
14360,0.0,,too_rare,,,
14361,2.8008066323101054e-05,,too_rare,,,
14362,0.0,,too_rare,,,
14363,0.0,,too_rare,,,
14364,0.0,,too_rare,,,
14365,2.8008066323101054e-05,,too_rare,,,
14366,0.0,,too_rare,,,
14367,0.0,,too_rare,,,
14368,0.0,,too_rare,,,
14369,0.0,,too_rare,,,
14370,2.8008066323101054e-05,,too_rare,,,
14371,0.0,,too_rare,,,
14372,0.0,,too_rare,,,
14373,0.0,,too_rare,,,
14374,0.0002800806632310105,,too_rare,,,
14375,0.0,,too_rare,,,
14376,0.00011203226529240422,,too_rare,,,
14377,0.0,,too_rare,,,
14378,0.0,,too_rare,,,
14379,0.00014004033161550526,,too_rare,,,
14380,0.0,,too_rare,,,
14381,0.0,,too_rare,,,
14382,0.0,,too_rare,,,
14383,0.0008962581223392337,,too_rare,,,
14384,0.0,,too_rare,,,
14385,2.8008066323101054e-05,,too_rare,,,
14386,0.0,,too_rare,,,
14387,2.8008066323101054e-05,,too_rare,,,
14388,0.0,,too_rare,,,
14389,0.0,,too_rare,,,
14390,5.601613264620211e-05,,too_rare,,,
14392,0.0,,too_rare,,,
14393,0.0,,too_rare,,,
14394,2.8008066323101054e-05,,too_rare,,,
14395,2.8008066323101054e-05,,too_rare,,,
14396,0.0,,too_rare,,,
14397,2.8008066323101054e-05,,too_rare,,,
14398,0.0,,too_rare,,,
14399,0.0,,too_rare,,,
14400,0.0,,too_rare,,,
14401,0.0,,too_rare,,,
14403,0.0,,too_rare,,,
14404,0.0034169840914183283,,too_rare,,,
14406,0.0,,too_rare,,,
14407,0.0,,too_rare,,,
14408,0.0,,too_rare,,,
14410,0.0,,too_rare,,,
14412,5.601613264620211e-05,,too_rare,,,
14413,0.0,,too_rare,,,
14414,0.0,,too_rare,,,
14415,2.8008066323101054e-05,,too_rare,,,
14416,0.0,,too_rare,,,
14417,0.001960564642617074,,too_rare,,,
14418,0.0,,too_rare,,,
14419,0.00022406453058480843,,too_rare,,,
14420,0.0,,too_rare,,,
14421,0.0,,too_rare,,,
14423,0.0,,too_rare,,,
14424,0.008206363432668609,,too_rare,,,
14425,0.002744790499663903,,too_rare,,,
14426,0.0,,too_rare,,,
14427,0.0,,too_rare,,,
14428,0.0,,too_rare,,,
14429,0.0,,too_rare,,,
14430,0.0,,too_rare,,,
14431,0.0,,too_rare,,,
14432,0.00011203226529240422,,too_rare,,,
14433,0.0,,too_rare,,,
14434,0.0,,too_rare,,,
14435,0.0,,too_rare,,,
14436,0.0,,too_rare,,,
14437,0.0,,too_rare,,,
14438,2.8008066323101054e-05,,too_rare,,,
14439,0.0,,too_rare,,,
14440,0.0,,too_rare,,,
14441,0.0,,too_rare,,,
14442,0.0,,too_rare,,,
14443,0.0,,too_rare,,,
14444,0.0,,too_rare,,,
14445,0.0,,too_rare,,,
14446,0.0,,too_rare,,,
14447,0.0,,too_rare,,,
14448,5.601613264620211e-05,,too_rare,,,
14449,0.0,,too_rare,,,
14450,0.0,,too_rare,,,
14451,2.8008066323101054e-05,,too_rare,,,
14452,0.0,,too_rare,,,
14453,0.0,,too_rare,,,
14454,0.0,,too_rare,,,
14455,0.0,,too_rare,,,
14456,0.0,,too_rare,,,
14457,0.0,,too_rare,,,
14458,5.601613264620211e-05,,too_rare,,,
14459,2.8008066323101054e-05,,too_rare,,,
14460,0.0,,too_rare,,,
14461,0.0,,too_rare,,,
14462,0.0,,too_rare,,,
14463,0.0,,too_rare,,,
14464,0.0,,too_rare,,,
14465,0.0,,too_rare,,,
14466,5.601613264620211e-05,,too_rare,,,
14467,5.601613264620211e-05,,too_rare,,,
14468,8.402419896930316e-05,,too_rare,,,
14469,0.0,,too_rare,,,
14470,2.8008066323101054e-05,,too_rare,,,
14471,2.8008066323101054e-05,,too_rare,,,
14472,0.0,,too_rare,,,
14473,0.0,,too_rare,,,
14474,0.0,,too_rare,,,
14475,0.0,,too_rare,,,
14476,0.0,,too_rare,,,
14477,0.0,,too_rare,,,
14478,0.0,,too_rare,,,
14479,2.8008066323101054e-05,,too_rare,,,
14480,0.0,,too_rare,,,
14481,0.0,,too_rare,,,
14482,0.0,,too_rare,,,
14484,0.0,,too_rare,,,
14485,0.0,,too_rare,,,
14486,0.0,,too_rare,,,
14487,0.0,,too_rare,,,
14488,0.0,,too_rare,,,
14489,0.0,,too_rare,,,
14490,2.8008066323101054e-05,,too_rare,,,
14491,0.0,,too_rare,,,
14492,0.0,,too_rare,,,
14493,2.8008066323101054e-05,,too_rare,,,
14494,0.0,,too_rare,,,
14495,0.0,,too_rare,,,
14496,0.0,,too_rare,,,
14497,0.0,,too_rare,,,
14498,0.0,,too_rare,,,
14499,0.0,,too_rare,,,
14500,0.0,,too_rare,,,
14501,0.0,,too_rare,,,
14502,8.402419896930316e-05,,too_rare,,,
14503,0.0,,too_rare,,,
14504,0.003949137351557249,,too_rare,,,
14505,2.8008066323101054e-05,,too_rare,,,
14506,0.0,,too_rare,,,
14507,0.0,,too_rare,,,
14508,0.0,,too_rare,,,
14509,0.0,,too_rare,,,
14510,0.0,,too_rare,,,
14511,0.0,,too_rare,,,
14512,5.601613264620211e-05,,too_rare,,,
14513,0.002100604974232579,,too_rare,,,
14514,0.0,,too_rare,,,
14515,0.0,,too_rare,,,
14516,0.0,,too_rare,,,
14517,0.0,,too_rare,,,
14518,0.0,,too_rare,,,
14519,0.0,,too_rare,,,
14520,0.0,,too_rare,,,
14521,0.0,,too_rare,,,
14522,0.0,,too_rare,,,
14523,0.0,,too_rare,,,
14524,2.8008066323101054e-05,,too_rare,,,
14525,0.0,,too_rare,,,
14526,0.0,,too_rare,,,
14527,0.003108895361864217,,too_rare,,,
14528,0.0,,too_rare,,,
14529,0.0,,too_rare,,,
14530,0.0,,too_rare,,,
14531,0.0,,too_rare,,,
14532,0.0002520725969079095,,too_rare,,,
14533,2.8008066323101054e-05,,too_rare,,,
14534,0.0,,too_rare,,,
14535,0.0,,too_rare,,,
14536,0.0,,too_rare,,,
14537,0.0,,too_rare,,,
14538,2.8008066323101054e-05,,too_rare,,,
14539,0.0,,too_rare,,,
14540,0.00011203226529240422,,too_rare,,,
14541,2.8008066323101054e-05,,too_rare,,,
14542,0.0,,too_rare,,,
14543,0.0,,too_rare,,,
14544,0.00397714541788035,,too_rare,,,
14545,0.0,,too_rare,,,
14546,0.0,,too_rare,,,
14547,0.0,,too_rare,,,
14548,0.00011203226529240422,,too_rare,,,
14549,0.0,,too_rare,,,
14550,0.0,,too_rare,,,
14551,0.0,,too_rare,,,
14552,0.0,,too_rare,,,
14554,0.0,,too_rare,,,
14555,0.0,,too_rare,,,
14556,0.00033609679587721263,,too_rare,,,
14557,2.8008066323101054e-05,,too_rare,,,
14558,2.8008066323101054e-05,,too_rare,,,
14559,0.0,,too_rare,,,
14560,0.0,,too_rare,,,
14561,0.0,,too_rare,,,
14562,2.8008066323101054e-05,,too_rare,,,
14563,2.8008066323101054e-05,,too_rare,,,
14564,0.0,,too_rare,,,
14565,0.0,,too_rare,,,
14566,2.8008066323101054e-05,,too_rare,,,
14567,0.0,,too_rare,,,
14568,0.0,,too_rare,,,
14569,0.0,,too_rare,,,
14570,0.0,,too_rare,,,
14571,0.0,,too_rare,,,
14572,0.0,,too_rare,,,
14573,0.0,,too_rare,,,
14574,0.0,,too_rare,,,
14576,0.0,,too_rare,,,
14577,0.0,,too_rare,,,
14578,0.0,,too_rare,,,
14579,0.0,,too_rare,,,
14580,0.0,,too_rare,,,
14581,0.0,,too_rare,,,
14582,8.402419896930316e-05,,too_rare,,,
14583,0.0,,too_rare,,,
14584,0.0,,too_rare,,,
14585,0.00014004033161550526,,too_rare,,,
14586,0.0,,too_rare,,,
14587,0.0,,too_rare,,,
14588,0.0,,too_rare,,,
14589,0.0,,too_rare,,,
14590,0.0,,too_rare,,,
14591,2.8008066323101054e-05,,too_rare,,,
14592,0.0,,too_rare,,,
14593,0.0,,too_rare,,,
14594,0.0,,too_rare,,,
14595,8.402419896930316e-05,,too_rare,,,
14596,2.8008066323101054e-05,,too_rare,,,
14597,0.0,,too_rare,,,
14598,0.0,,too_rare,,,
14599,0.0,,too_rare,,,
14600,0.0,,too_rare,,,
14601,0.0,,too_rare,,,
14602,0.0,,too_rare,,,
14603,0.0,,too_rare,,,
14604,0.0,,too_rare,,,
14605,0.0,,too_rare,,,
14606,0.0,,too_rare,,,
14607,0.0,,too_rare,,,
14608,0.0,,too_rare,,,
14609,2.8008066323101054e-05,,too_rare,,,
14610,0.0,,too_rare,,,
14611,0.0,,too_rare,,,
14612,0.0,,too_rare,,,
14613,0.0,,too_rare,,,
14614,0.0,,too_rare,,,
14615,0.0,,too_rare,,,
14616,0.0,,too_rare,,,
14617,0.0,,too_rare,,,
14618,0.0,,too_rare,,,
14619,0.0,,too_rare,,,
14620,0.0,,too_rare,,,
14621,0.0,,too_rare,,,
14622,2.8008066323101054e-05,,too_rare,,,
14623,0.0008122339233699305,,too_rare,,,
14624,2.8008066323101054e-05,,too_rare,,,
14625,2.8008066323101054e-05,,too_rare,,,
14626,0.0,,too_rare,,,
14627,0.0,,too_rare,,,
14628,0.0,,too_rare,,,
14629,0.0005881693927851221,,too_rare,,,
14630,0.0,,too_rare,,,
14631,0.0,,too_rare,,,
14632,0.0,,too_rare,,,
14633,0.0,,too_rare,,,
14634,2.8008066323101054e-05,,too_rare,,,
14635,0.0,,too_rare,,,
14636,2.8008066323101054e-05,,too_rare,,,
14637,2.8008066323101054e-05,,too_rare,,,
14638,0.0,,too_rare,,,
14639,0.0,,too_rare,,,
14640,0.0,,too_rare,,,
14641,0.0,,too_rare,,,
14642,0.0,,too_rare,,,
14643,0.0,,too_rare,,,
14644,0.0,,too_rare,,,
14645,2.8008066323101054e-05,,too_rare,,,
14646,0.0,,too_rare,,,
14647,0.0,,too_rare,,,
14648,0.0,,too_rare,,,
14649,0.0,,too_rare,,,
14650,2.8008066323101054e-05,,too_rare,,,
14651,0.0,,too_rare,,,
14652,0.0,,too_rare,,,
14653,0.0,,too_rare,,,
14654,0.0,,too_rare,,,
14655,0.0,,too_rare,,,
14656,0.0,,too_rare,,,
14657,0.0,,too_rare,,,
14658,0.0,,too_rare,,,
14659,2.8008066323101054e-05,,too_rare,,,
14660,2.8008066323101054e-05,,too_rare,,,
14662,0.0,,too_rare,,,
14663,0.0,,too_rare,,,
14664,0.000980282321308537,,too_rare,,,
14665,0.0,,too_rare,,,
14666,0.0008402419896930316,,too_rare,,,
14667,0.0,,too_rare,,,
14668,0.0,,too_rare,,,
14669,0.0,,too_rare,,,
14670,0.0007842258570468295,,too_rare,,,
14671,0.0,,too_rare,,,
14672,0.0,,too_rare,,,
14673,0.0,,too_rare,,,
14675,0.0,,too_rare,,,
14676,0.0,,too_rare,,,
14677,2.8008066323101054e-05,,too_rare,,,
14678,0.00011203226529240422,,too_rare,,,
14679,0.0,,too_rare,,,
14680,0.0,,too_rare,,,
14681,0.0,,too_rare,,,
14682,2.8008066323101054e-05,,too_rare,,,
14683,0.0,,too_rare,,,
14684,0.0,,too_rare,,,
14685,0.0,,too_rare,,,
14686,0.0,,too_rare,,,
14687,0.0,,too_rare,,,
14688,0.0,,too_rare,,,
14689,8.402419896930316e-05,,too_rare,,,
14690,0.0,,too_rare,,,
14691,0.0,,too_rare,,,
14692,0.0,,too_rare,,,
14693,5.601613264620211e-05,,too_rare,,,
14694,0.0,,too_rare,,,
14695,0.0,,too_rare,,,
14696,0.0,,too_rare,,,
14697,0.0,,too_rare,,,
14698,0.0,,too_rare,,,
14699,0.0,,too_rare,,,
14700,0.0,,too_rare,,,
14701,0.0,,too_rare,,,
14702,2.8008066323101054e-05,,too_rare,,,
14703,0.0,,too_rare,,,
14704,0.0,,too_rare,,,
14705,0.0,,too_rare,,,
14707,0.0,,too_rare,,,
14709,0.0,,too_rare,,,
14710,0.0,,too_rare,,,
14711,0.0023246695048173872,,too_rare,,,
14712,0.0,,too_rare,,,
14713,0.0,,too_rare,,,
14714,5.601613264620211e-05,,too_rare,,,
14715,0.0,,too_rare,,,
14716,0.0,,too_rare,,,
14717,0.0,,too_rare,,,
14718,0.0,,too_rare,,,
14719,0.0,,too_rare,,,
14720,0.0,,too_rare,,,
14721,8.402419896930316e-05,,too_rare,,,
14722,0.0,,too_rare,,,
14723,0.00016804839793860632,,too_rare,,,
14725,0.0,,too_rare,,,
14726,0.0,,too_rare,,,
14727,0.0,,too_rare,,,
14728,8.402419896930316e-05,,too_rare,,,
14729,0.0,,too_rare,,,
14730,0.0,,too_rare,,,
14731,0.0,,too_rare,,,
14732,0.0,,too_rare,,,
14733,0.0,,too_rare,,,
14734,0.0,,too_rare,,,
14735,0.0,,too_rare,,,
14736,0.0,,too_rare,,,
14737,0.0,,too_rare,,,
14738,0.0,,too_rare,,,
14739,0.0,,too_rare,,,
14740,0.0,,too_rare,,,
14741,8.402419896930316e-05,,too_rare,,,
14742,0.0,,too_rare,,,
14743,0.0,,too_rare,,,
14744,0.0,,too_rare,,,
14745,0.0003080887295541116,,too_rare,,,
14746,0.0,,too_rare,,,
14747,0.0,,too_rare,,,
14748,0.0,,too_rare,,,
14749,0.0,,too_rare,,,
14750,0.0,,too_rare,,,
14751,0.0,,too_rare,,,
14753,0.0,,too_rare,,,
14754,0.0,,too_rare,,,
14755,0.0,,too_rare,,,
14756,0.0,,too_rare,,,
14757,2.8008066323101054e-05,,too_rare,,,
14758,0.0,,too_rare,,,
14759,0.0,,too_rare,,,
14760,0.0,,too_rare,,,
14761,0.0,,too_rare,,,
14763,0.0,,too_rare,,,
14764,0.0,,too_rare,,,
14765,0.0,,too_rare,,,
14766,0.0,,too_rare,,,
14767,0.0,,too_rare,,,
14768,0.0,,too_rare,,,
14769,0.0,,too_rare,,,
14771,0.0,,too_rare,,,
14772,0.0,,too_rare,,,
14773,0.0,,too_rare,,,
14774,0.0,,too_rare,,,
14775,0.0,,too_rare,,,
14776,0.0,,too_rare,,,
14777,0.0,,too_rare,,,
14778,2.8008066323101054e-05,,too_rare,,,
14779,8.402419896930316e-05,,too_rare,,,
14780,0.0,,too_rare,,,
14781,0.0,,too_rare,,,
14782,2.8008066323101054e-05,,too_rare,,,
14783,0.00022406453058480843,,too_rare,,,
14784,0.0,,too_rare,,,
14785,0.0,,too_rare,,,
14786,2.8008066323101054e-05,,too_rare,,,
14788,0.0,,too_rare,,,
14789,0.0,,too_rare,,,
14790,0.0,,too_rare,,,
14791,0.0,,too_rare,,,
14792,2.8008066323101054e-05,,too_rare,,,
14793,2.8008066323101054e-05,,too_rare,,,
14794,0.0,,too_rare,,,
14795,0.0,,too_rare,,,
14796,0.0,,too_rare,,,
14797,0.0,,too_rare,,,
14798,0.00560161326462021,,too_rare,,,
14799,0.0,,too_rare,,,
14800,0.0,,too_rare,,,
14801,0.0,,too_rare,,,
14802,0.002436701770109792,,too_rare,,,
14803,2.8008066323101054e-05,,too_rare,,,
14804,0.0005881693927851221,,too_rare,,,
14805,0.0,,too_rare,,,
14806,0.00019605646426170737,,too_rare,,,
14807,0.0,,too_rare,,,
14808,0.0,,too_rare,,,
14809,0.00011203226529240422,,too_rare,,,
14810,0.0,,too_rare,,,
14811,0.0,,too_rare,,,
14812,0.0,,too_rare,,,
14813,0.0,,too_rare,,,
14814,0.00019605646426170737,,too_rare,,,
14815,0.0,,too_rare,,,
14816,0.0,,too_rare,,,
14817,0.0,,too_rare,,,
14818,0.0,,too_rare,,,
14819,0.0,,too_rare,,,
14820,0.0,,too_rare,,,
14821,0.0,,too_rare,,,
14822,0.0,,too_rare,,,
14823,5.601613264620211e-05,,too_rare,,,
14824,5.601613264620211e-05,,too_rare,,,
14825,0.0,,too_rare,,,
14826,0.0,,too_rare,,,
14827,0.0,,too_rare,,,
14828,2.8008066323101054e-05,,too_rare,,,
14829,0.0,,too_rare,,,
14830,0.006637911718574949,,too_rare,,,
14831,2.8008066323101054e-05,,too_rare,,,
14832,0.0,,too_rare,,,
14833,0.0,,too_rare,,,
14834,0.0,,too_rare,,,
14835,2.8008066323101054e-05,,too_rare,,,
14836,0.0,,too_rare,,,
14837,0.0,,too_rare,,,
14838,0.0012603629845395474,,too_rare,,,
14839,0.0,,too_rare,,,
14840,0.0,,too_rare,,,
14841,0.0,,too_rare,,,
14842,0.00011203226529240422,,too_rare,,,
14843,0.0,,too_rare,,,
14844,2.8008066323101054e-05,,too_rare,,,
14845,0.0,,too_rare,,,
14846,0.0,,too_rare,,,
14847,0.0,,too_rare,,,
14848,0.00019605646426170737,,too_rare,,,
14849,0.0,,too_rare,,,
14850,0.003108895361864217,,too_rare,,,
14851,0.0,,too_rare,,,
14852,0.0,,too_rare,,,
14853,0.0,,too_rare,,,
14854,0.0,,too_rare,,,
14855,0.0,,too_rare,,,
14856,0.0,,too_rare,,,
14857,0.0,,too_rare,,,
14858,0.0,,too_rare,,,
14859,0.0,,too_rare,,,
14860,2.8008066323101054e-05,,too_rare,,,
14861,0.0,,too_rare,,,
14862,0.0,,too_rare,,,
14863,5.601613264620211e-05,,too_rare,,,
14864,2.8008066323101054e-05,,too_rare,,,
14865,5.601613264620211e-05,,too_rare,,,
14866,0.0,,too_rare,,,
14867,0.0,,too_rare,,,
14868,0.0,,too_rare,,,
14869,0.0,,too_rare,,,
14870,0.0,,too_rare,,,
14871,0.0,,too_rare,,,
14872,2.8008066323101054e-05,,too_rare,,,
14873,0.0,,too_rare,,,
14874,8.402419896930316e-05,,too_rare,,,
14875,0.0,,too_rare,,,
14876,2.8008066323101054e-05,,too_rare,,,
14877,0.0,,too_rare,,,
14878,0.0,,too_rare,,,
14879,2.8008066323101054e-05,,too_rare,,,
14880,0.0,,too_rare,,,
14881,0.0,,too_rare,,,
14882,0.0,,too_rare,,,
14883,2.8008066323101054e-05,,too_rare,,,
14884,0.0,,too_rare,,,
14885,0.0,,too_rare,,,
14886,0.0,,too_rare,,,
14887,2.8008066323101054e-05,,too_rare,,,
14888,0.0,,too_rare,,,
14889,0.0,,too_rare,,,
14890,0.0,,too_rare,,,
14891,0.0,,too_rare,,,
14892,0.0,,too_rare,,,
14893,0.0,,too_rare,,,
14894,0.0,,too_rare,,,
14895,8.402419896930316e-05,,too_rare,,,
14896,0.0,,too_rare,,,
14898,5.601613264620211e-05,,too_rare,,,
14899,0.0,,too_rare,,,
14900,2.8008066323101054e-05,,too_rare,,,
14901,0.0,,too_rare,,,
14902,0.0,,too_rare,,,
14903,0.0,,too_rare,,,
14904,5.601613264620211e-05,,too_rare,,,
14905,0.0,,too_rare,,,
14906,0.0,,too_rare,,,
14907,0.0,,too_rare,,,
14908,0.0,,too_rare,,,
14909,0.0,,too_rare,,,
14910,5.601613264620211e-05,,too_rare,,,
14911,2.8008066323101054e-05,,too_rare,,,
14912,2.8008066323101054e-05,,too_rare,,,
14913,0.0,,too_rare,,,
14914,0.0,,too_rare,,,
14915,0.0,,too_rare,,,
14916,0.0,,too_rare,,,
14917,5.601613264620211e-05,,too_rare,,,
14918,0.0004201209948465158,,too_rare,,,
14919,0.0,,too_rare,,,
14920,0.0,,too_rare,,,
14921,0.0003080887295541116,,too_rare,,,
14922,0.0,,too_rare,,,
14923,0.0,,too_rare,,,
14924,0.0,,too_rare,,,
14925,0.0,,too_rare,,,
14926,0.0,,too_rare,,,
14927,0.0,,too_rare,,,
14928,0.0,,too_rare,,,
14929,0.0,,too_rare,,,
14930,0.0,,too_rare,,,
14931,0.0,,too_rare,,,
14932,0.0007842258570468295,,too_rare,,,
14933,0.0,,too_rare,,,
14934,0.0,,too_rare,,,
14935,0.0,,too_rare,,,
14936,0.0,,too_rare,,,
14937,0.0,,too_rare,,,
14938,0.0,,too_rare,,,
14939,0.0,,too_rare,,,
14940,0.0,,too_rare,,,
14941,2.8008066323101054e-05,,too_rare,,,
14942,0.00036410486220031366,,too_rare,,,
14943,0.0,,too_rare,,,
14944,0.0,,too_rare,,,
14945,0.0,,too_rare,,,
14946,2.8008066323101054e-05,,too_rare,,,
14947,0.0,,too_rare,,,
14948,0.0,,too_rare,,,
14949,0.0,,too_rare,,,
14950,0.0,,too_rare,,,
14951,0.0,,too_rare,,,
14952,0.0,,too_rare,,,
14953,0.0,,too_rare,,,
14954,0.0,,too_rare,,,
14955,0.0,,too_rare,,,
14956,0.0,,too_rare,,,
14957,0.0,,too_rare,,,
14958,0.0,,too_rare,,,
14959,0.0,,too_rare,,,
14960,0.0,,too_rare,,,
14961,0.0,,too_rare,,,
14962,0.0,,too_rare,,,
14963,0.0,,too_rare,,,
14965,0.0,,too_rare,,,
14966,2.8008066323101054e-05,,too_rare,,,
14967,0.0,,too_rare,,,
14968,0.0,,too_rare,,,
14969,2.8008066323101054e-05,,too_rare,,,
14970,0.0,,too_rare,,,
14971,0.0,,too_rare,,,
14972,0.0,,too_rare,,,
14973,0.0,,too_rare,,,
14974,0.0,,too_rare,,,
14975,0.0,,too_rare,,,
14977,0.0,,too_rare,,,
14978,0.0,,too_rare,,,
14979,0.0,,too_rare,,,
14980,0.00011203226529240422,,too_rare,,,
14981,0.0,,too_rare,,,
14982,0.0,,too_rare,,,
14983,0.0,,too_rare,,,
14984,2.8008066323101054e-05,,too_rare,,,
14985,0.00011203226529240422,,too_rare,,,
14986,0.0,,too_rare,,,
14987,0.0,,too_rare,,,
14988,2.8008066323101054e-05,,too_rare,,,
14989,0.0,,too_rare,,,
14990,0.0,,too_rare,,,
14991,0.0,,too_rare,,,
14992,0.0,,too_rare,,,
14993,0.0,,too_rare,,,
14994,0.0,,too_rare,,,
14995,0.0,,too_rare,,,
14996,0.0,,too_rare,,,
14997,0.0,,too_rare,,,
14998,0.0,,too_rare,,,
14999,0.0,,too_rare,,,
15000,0.0,,too_rare,,,
15001,0.0,,too_rare,,,
15002,2.8008066323101054e-05,,too_rare,,,
15003,0.0,,too_rare,,,
15004,0.0,,too_rare,,,
15005,0.0,,too_rare,,,
15006,0.00016804839793860632,,too_rare,,,
15007,8.402419896930316e-05,,too_rare,,,
15008,2.8008066323101054e-05,,too_rare,,,
15009,0.00014004033161550526,,too_rare,,,
15010,0.0,,too_rare,,,
15011,0.0,,too_rare,,,
15013,0.0,,too_rare,,,
15014,5.601613264620211e-05,,too_rare,,,
15015,0.0,,too_rare,,,
15016,2.8008066323101054e-05,,too_rare,,,
15017,0.0,,too_rare,,,
15018,0.0,,too_rare,,,
15019,0.0,,too_rare,,,
15020,0.0,,too_rare,,,
15021,0.0006161774591082232,,too_rare,,,
15022,0.0,,too_rare,,,
15023,0.0,,too_rare,,,
15024,0.0,,too_rare,,,
15025,5.601613264620211e-05,,too_rare,,,
15028,0.0,,too_rare,,,
15029,2.8008066323101054e-05,,too_rare,,,
15030,2.8008066323101054e-05,,too_rare,,,
15031,0.0,,too_rare,,,
15032,0.0,,too_rare,,,
15033,0.0,,too_rare,,,
15035,0.0,,too_rare,,,
15036,2.8008066323101054e-05,,too_rare,,,
15038,0.0,,too_rare,,,
15039,0.0,,too_rare,,,
15040,2.8008066323101054e-05,,too_rare,,,
15041,0.0,,too_rare,,,
15042,0.0,,too_rare,,,
15043,0.0,,too_rare,,,
15044,0.0,,too_rare,,,
15045,0.0,,too_rare,,,
15046,0.0,,too_rare,,,
15047,0.0,,too_rare,,,
15048,0.000504145193815819,,too_rare,,,
15049,0.0,,too_rare,,,
15050,0.0,,too_rare,,,
15051,0.0,,too_rare,,,
15052,0.0,,too_rare,,,
15053,5.601613264620211e-05,,too_rare,,,
15054,2.8008066323101054e-05,,too_rare,,,
15055,0.0,,too_rare,,,
15056,0.0,,too_rare,,,
15057,0.0013443871835088505,,too_rare,,,
15058,0.0,,too_rare,,,
15059,0.0,,too_rare,,,
15060,0.0,,too_rare,,,
15061,0.0,,too_rare,,,
15062,0.0,,too_rare,,,
15063,0.0,,too_rare,,,
15064,0.0,,too_rare,,,
15065,0.0,,too_rare,,,
15066,0.0,,too_rare,,,
15067,0.0,,too_rare,,,
15068,2.8008066323101054e-05,,too_rare,,,
15069,0.0,,too_rare,,,
15070,0.0,,too_rare,,,
15071,2.8008066323101054e-05,,too_rare,,,
15072,0.0004201209948465158,,too_rare,,,
15073,0.0,,too_rare,,,
15074,0.0,,too_rare,,,
15075,0.0,,too_rare,,,
15076,0.0,,too_rare,,,
15077,2.8008066323101054e-05,,too_rare,,,
15078,2.8008066323101054e-05,,too_rare,,,
15079,0.0,,too_rare,,,
15081,2.8008066323101054e-05,,too_rare,,,
15082,0.0002800806632310105,,too_rare,,,
15083,0.0,,too_rare,,,
15084,0.0,,too_rare,,,
15085,0.0,,too_rare,,,
15086,0.0,,too_rare,,,
15087,0.0,,too_rare,,,
15088,0.0,,too_rare,,,
15089,0.0,,too_rare,,,
15090,0.0,,too_rare,,,
15091,0.0,,too_rare,,,
15092,5.601613264620211e-05,,too_rare,,,
15093,0.0,,too_rare,,,
15094,0.0,,too_rare,,,
15096,0.0,,too_rare,,,
15097,0.0,,too_rare,,,
15098,0.0,,too_rare,,,
15099,5.601613264620211e-05,,too_rare,,,
15100,0.0,,too_rare,,,
15101,0.0,,too_rare,,,
15102,0.0,,too_rare,,,
15103,0.0,,too_rare,,,
15104,0.0,,too_rare,,,
15105,0.0,,too_rare,,,
15106,0.0,,too_rare,,,
15107,0.0,,too_rare,,,
15108,0.0,,too_rare,,,
15109,0.0,,too_rare,,,
15110,0.0,,too_rare,,,
15111,0.0,,too_rare,,,
15112,0.0,,too_rare,,,
15113,0.0,,too_rare,,,
15114,0.0,,too_rare,,,
15115,5.601613264620211e-05,,too_rare,,,
15116,5.601613264620211e-05,,too_rare,,,
15118,0.0,,too_rare,,,
15119,0.0,,too_rare,,,
15120,5.601613264620211e-05,,too_rare,,,
15121,0.0,,too_rare,,,
15122,0.00014004033161550526,,too_rare,,,
15123,0.0,,too_rare,,,
15124,0.0,,too_rare,,,
15125,0.0,,too_rare,,,
15126,0.0,,too_rare,,,
15127,0.0,,too_rare,,,
15128,0.0,,too_rare,,,
15129,0.0,,too_rare,,,
15130,0.0,,too_rare,,,
15131,0.0,,too_rare,,,
15132,0.0,,too_rare,,,
15133,0.0,,too_rare,,,
15134,0.0,,too_rare,,,
15135,0.0,,too_rare,,,
15136,0.0,,too_rare,,,
15137,0.0,,too_rare,,,
15138,0.0,,too_rare,,,
15140,0.0,,too_rare,,,
15141,0.0,,too_rare,,,
15142,0.0,,too_rare,,,
15144,2.8008066323101054e-05,,too_rare,,,
15145,0.0,,too_rare,,,
15146,0.0,,too_rare,,,
15147,0.0,,too_rare,,,
15148,0.0,,too_rare,,,
15149,0.0,,too_rare,,,
15150,0.0,,too_rare,,,
15151,0.0,,too_rare,,,
15152,2.8008066323101054e-05,,too_rare,,,
15153,0.0,,too_rare,,,
15154,0.0,,too_rare,,,
15155,0.0002520725969079095,,too_rare,,,
15156,0.0,,too_rare,,,
15157,2.8008066323101054e-05,,too_rare,,,
15158,0.0,,too_rare,,,
15159,0.0,,too_rare,,,
15160,0.0,,too_rare,,,
15161,2.8008066323101054e-05,,too_rare,,,
15162,0.0,,too_rare,,,
15163,0.0,,too_rare,,,
15164,2.8008066323101054e-05,,too_rare,,,
15165,0.00022406453058480843,,too_rare,,,
15166,0.0,,too_rare,,,
15167,0.0,,too_rare,,,
15169,0.0,,too_rare,,,
15170,2.8008066323101054e-05,,too_rare,,,
15171,0.0,,too_rare,,,
15172,0.0,,too_rare,,,
15173,0.0,,too_rare,,,
15174,0.0,,too_rare,,,
15175,0.0,,too_rare,,,
15176,0.0,,too_rare,,,
15177,0.0,,too_rare,,,
15178,0.0,,too_rare,,,
15179,0.0,,too_rare,,,
15180,0.0,,too_rare,,,
15181,0.0,,too_rare,,,
15182,0.0,,too_rare,,,
15183,0.0017365001120322654,,too_rare,,,
15184,0.0,,too_rare,,,
15185,5.601613264620211e-05,,too_rare,,,
15186,2.8008066323101054e-05,,too_rare,,,
15187,2.8008066323101054e-05,,too_rare,,,
15188,0.0,,too_rare,,,
15189,0.008906565090746135,,too_rare,,,
15190,0.0,,too_rare,,,
15191,0.0,,too_rare,,,
15192,0.0,,too_rare,,,
15193,0.0,,too_rare,,,
15194,0.0,,too_rare,,,
15195,2.8008066323101054e-05,,too_rare,,,
15196,0.0,,too_rare,,,
15197,2.8008066323101054e-05,,too_rare,,,
15198,0.0,,too_rare,,,
15199,2.8008066323101054e-05,,too_rare,,,
15200,0.0,,too_rare,,,
15201,0.0,,too_rare,,,
15202,0.0,,too_rare,,,
15203,0.0,,too_rare,,,
15204,0.0,,too_rare,,,
15205,0.0,,too_rare,,,
15207,0.0,,too_rare,,,
15208,0.0,,too_rare,,,
15209,0.0,,too_rare,,,
15210,0.0,,too_rare,,,
15211,0.0,,too_rare,,,
15212,0.0,,too_rare,,,
15213,0.0,,too_rare,,,
15214,0.0,,too_rare,,,
15215,0.0,,too_rare,,,
15216,0.0,,too_rare,,,
15217,0.0,,too_rare,,,
15218,0.0,,too_rare,,,
15220,2.8008066323101054e-05,,too_rare,,,
15221,0.0,,too_rare,,,
15222,0.0,,too_rare,,,
15223,0.0,,too_rare,,,
15224,0.0,,too_rare,,,
15225,0.0,,too_rare,,,
15226,0.0,,too_rare,,,
15227,0.0,,too_rare,,,
15228,0.0,,too_rare,,,
15230,0.0,,too_rare,,,
15231,0.0,,too_rare,,,
15232,0.0,,too_rare,,,
15233,2.8008066323101054e-05,,too_rare,,,
15234,0.0,,too_rare,,,
15235,0.0,,too_rare,,,
15236,0.0,,too_rare,,,
15237,0.0,,too_rare,,,
15238,0.0,,too_rare,,,
15239,0.0,,too_rare,,,
15240,0.0,,too_rare,,,
15241,0.0,,too_rare,,,
15242,0.0,,too_rare,,,
15244,2.8008066323101054e-05,,too_rare,,,
15245,0.0,,too_rare,,,
15246,0.0,,too_rare,,,
15247,2.8008066323101054e-05,,too_rare,,,
15248,0.00014004033161550526,,too_rare,,,
15249,0.0,,too_rare,,,
15250,0.0,,too_rare,,,
15251,0.0,,too_rare,,,
15252,0.0,,too_rare,,,
15253,2.8008066323101054e-05,,too_rare,,,
15254,0.0,,too_rare,,,
15255,0.0,,too_rare,,,
15256,2.8008066323101054e-05,,too_rare,,,
15257,0.00014004033161550526,,too_rare,,,
15258,0.00053215326013892,,too_rare,,,
15259,0.0,,too_rare,,,
15260,0.0,,too_rare,,,
15261,2.8008066323101054e-05,,too_rare,,,
15262,0.0,,too_rare,,,
15263,0.0,,too_rare,,,
15264,0.0,,too_rare,,,
15265,0.0,,too_rare,,,
15266,0.0,,too_rare,,,
15267,0.0,,too_rare,,,
15268,0.0,,too_rare,,,
15269,0.0,,too_rare,,,
15270,0.0,,too_rare,,,
15271,0.0,,too_rare,,,
15272,0.0,,too_rare,,,
15273,2.8008066323101054e-05,,too_rare,,,
15274,0.0,,too_rare,,,
15275,0.0,,too_rare,,,
15276,0.0,,too_rare,,,
15277,0.0,,too_rare,,,
15278,0.0,,too_rare,,,
15279,0.0,,too_rare,,,
15280,0.0,,too_rare,,,
15281,2.8008066323101054e-05,,too_rare,,,
15282,2.8008066323101054e-05,,too_rare,,,
15283,0.0,,too_rare,,,
15285,0.0,,too_rare,,,
15286,0.000504145193815819,,too_rare,,,
15287,0.0,,too_rare,,,
15288,0.0,,too_rare,,,
15289,0.0,,too_rare,,,
15290,2.8008066323101054e-05,,too_rare,,,
15291,0.0,,too_rare,,,
15292,2.8008066323101054e-05,,too_rare,,,
15294,0.0,,too_rare,,,
15295,0.0,,too_rare,,,
15296,0.0,,too_rare,,,
15297,0.0,,too_rare,,,
15298,2.8008066323101054e-05,,too_rare,,,
15299,0.0,,too_rare,,,
15300,0.0,,too_rare,,,
15301,0.0,,too_rare,,,
15302,2.8008066323101054e-05,,too_rare,,,
15303,0.0,,too_rare,,,
15304,5.601613264620211e-05,,too_rare,,,
15305,0.0,,too_rare,,,
15306,5.601613264620211e-05,,too_rare,,,
15307,0.0,,too_rare,,,
15308,0.0,,too_rare,,,
15309,2.8008066323101054e-05,,too_rare,,,
15310,0.0,,too_rare,,,
15311,0.0,,too_rare,,,
15312,0.0,,too_rare,,,
15313,0.0,,too_rare,,,
15314,0.0,,too_rare,,,
15315,0.0,,too_rare,,,
15316,8.402419896930316e-05,,too_rare,,,
15317,0.0,,too_rare,,,
15318,0.0,,too_rare,,,
15319,0.0,,too_rare,,,
15320,0.00011203226529240422,,too_rare,,,
15321,0.0,,too_rare,,,
15322,0.0,,too_rare,,,
15323,0.0,,too_rare,,,
15324,0.0,,too_rare,,,
15325,0.0,,too_rare,,,
15326,0.0,,too_rare,,,
15327,0.0,,too_rare,,,
15328,2.8008066323101054e-05,,too_rare,,,
15330,0.0,,too_rare,,,
15331,2.8008066323101054e-05,,too_rare,,,
15332,2.8008066323101054e-05,,too_rare,,,
15333,0.0,,too_rare,,,
15334,5.601613264620211e-05,,too_rare,,,
15335,0.0004201209948465158,,too_rare,,,
15336,0.0,,too_rare,,,
15337,0.0,,too_rare,,,
15338,0.0,,too_rare,,,
15339,0.00019605646426170737,,too_rare,,,
15340,0.0,,too_rare,,,
15341,0.0,,too_rare,,,
15342,0.0,,too_rare,,,
15343,0.0,,too_rare,,,
15344,0.0,,too_rare,,,
15345,0.0,,too_rare,,,
15346,2.8008066323101054e-05,,too_rare,,,
15347,0.0,,too_rare,,,
15348,0.0,,too_rare,,,
15349,0.0,,too_rare,,,
15350,2.8008066323101054e-05,,too_rare,,,
15351,0.0,,too_rare,,,
15352,0.0,,too_rare,,,
15353,0.0,,too_rare,,,
15354,0.0,,too_rare,,,
15355,0.001624467846739861,,too_rare,,,
15356,0.0,,too_rare,,,
15357,0.0,,too_rare,,,
15358,5.601613264620211e-05,,too_rare,,,
15359,8.402419896930316e-05,,too_rare,,,
15360,0.0,,too_rare,,,
15361,0.0,,too_rare,,,
15362,0.0,,too_rare,,,
15363,0.0,,too_rare,,,
15364,0.0,,too_rare,,,
15365,0.0,,too_rare,,,
15366,0.0,,too_rare,,,
15367,0.0,,too_rare,,,
15368,0.0,,too_rare,,,
15370,0.0,,too_rare,,,
15371,0.0,,too_rare,,,
15372,0.0,,too_rare,,,
15373,0.0,,too_rare,,,
15375,2.8008066323101054e-05,,too_rare,,,
15376,0.0,,too_rare,,,
15377,0.0,,too_rare,,,
15378,0.0,,too_rare,,,
15379,0.0,,too_rare,,,
15380,8.402419896930316e-05,,too_rare,,,
15381,0.0,,too_rare,,,
15382,8.402419896930316e-05,,too_rare,,,
15383,5.601613264620211e-05,,too_rare,,,
15384,0.0,,too_rare,,,
15385,0.0,,too_rare,,,
15386,0.0,,too_rare,,,
15387,0.0,,too_rare,,,
15388,0.0,,too_rare,,,
15389,0.0,,too_rare,,,
15390,0.0,,too_rare,,,
15391,0.0,,too_rare,,,
15392,0.0,,too_rare,,,
15393,0.0,,too_rare,,,
15394,0.0,,too_rare,,,
15395,0.0,,too_rare,,,
15396,0.0,,too_rare,,,
15397,2.8008066323101054e-05,,too_rare,,,
15398,0.0,,too_rare,,,
15399,0.0,,too_rare,,,
15400,0.0,,too_rare,,,
15401,0.0,,too_rare,,,
15402,0.0,,too_rare,,,
15403,0.0,,too_rare,,,
15404,0.0,,too_rare,,,
15405,0.0,,too_rare,,,
15406,0.0,,too_rare,,,
15407,0.0,,too_rare,,,
15408,0.0,,too_rare,,,
15409,0.0,,too_rare,,,
15410,0.0,,too_rare,,,
15411,0.0,,too_rare,,,
15412,0.0,,too_rare,,,
15413,2.8008066323101054e-05,,too_rare,,,
15414,0.0,,too_rare,,,
15415,2.8008066323101054e-05,,too_rare,,,
15416,0.0,,too_rare,,,
15417,0.0,,too_rare,,,
15418,0.0,,too_rare,,,
15419,0.0,,too_rare,,,
15421,0.0,,too_rare,,,
15422,0.0,,too_rare,,,
15423,0.0,,too_rare,,,
15424,0.0,,too_rare,,,
15425,0.0,,too_rare,,,
15426,0.0,,too_rare,,,
15427,0.0,,too_rare,,,
15428,0.0,,too_rare,,,
15429,0.0,,too_rare,,,
15430,0.0,,too_rare,,,
15431,0.0,,too_rare,,,
15432,0.0,,too_rare,,,
15433,0.0,,too_rare,,,
15434,0.00053215326013892,,too_rare,,,
15435,0.0,,too_rare,,,
15436,0.0,,too_rare,,,
15437,5.601613264620211e-05,,too_rare,,,
15438,0.0,,too_rare,,,
15440,0.0,,too_rare,,,
15441,0.0,,too_rare,,,
15442,0.0,,too_rare,,,
15443,2.8008066323101054e-05,,too_rare,,,
15444,0.0,,too_rare,,,
15445,0.0,,too_rare,,,
15446,0.0,,too_rare,,,
15447,0.0,,too_rare,,,
15448,0.0,,too_rare,,,
15449,0.0,,too_rare,,,
15450,8.402419896930316e-05,,too_rare,,,
15451,2.8008066323101054e-05,,too_rare,,,
15452,0.0,,too_rare,,,
15453,0.00016804839793860632,,too_rare,,,
15454,0.0,,too_rare,,,
15455,0.0,,too_rare,,,
15456,2.8008066323101054e-05,,too_rare,,,
15457,0.0,,too_rare,,,
15458,0.0,,too_rare,,,
15459,0.0,,too_rare,,,
15460,0.0,,too_rare,,,
15461,0.0,,too_rare,,,
15462,2.8008066323101054e-05,,too_rare,,,
15463,0.0,,too_rare,,,
15464,0.0,,too_rare,,,
15466,0.0,,too_rare,,,
15467,0.0,,too_rare,,,
15468,0.0,,too_rare,,,
15469,0.0,,too_rare,,,
15470,0.0,,too_rare,,,
15471,0.0,,too_rare,,,
15472,2.8008066323101054e-05,,too_rare,,,
15473,0.0,,too_rare,,,
15474,0.0,,too_rare,,,
15475,5.601613264620211e-05,,too_rare,,,
15476,2.8008066323101054e-05,,too_rare,,,
15477,5.601613264620211e-05,,too_rare,,,
15478,0.00019605646426170737,,too_rare,,,
15479,0.0,,too_rare,,,
15480,0.0,,too_rare,,,
15481,2.8008066323101054e-05,,too_rare,,,
15482,2.8008066323101054e-05,,too_rare,,,
15483,0.0,,too_rare,,,
15484,0.00011203226529240422,,too_rare,,,
15485,0.0,,too_rare,,,
15486,0.0,,too_rare,,,
15487,0.0,,too_rare,,,
15488,2.8008066323101054e-05,,too_rare,,,
15489,2.8008066323101054e-05,,too_rare,,,
15490,0.0,,too_rare,,,
15491,0.0,,too_rare,,,
15492,2.8008066323101054e-05,,too_rare,,,
15493,2.8008066323101054e-05,,too_rare,,,
15494,5.601613264620211e-05,,too_rare,,,
15495,0.0,,too_rare,,,
15496,0.0,,too_rare,,,
15497,0.0,,too_rare,,,
15498,0.0,,too_rare,,,
15499,0.0,,too_rare,,,
15500,0.0,,too_rare,,,
15501,0.0,,too_rare,,,
15503,0.0,,too_rare,,,
15504,0.0,,too_rare,,,
15505,0.0,,too_rare,,,
15506,0.0,,too_rare,,,
15507,2.8008066323101054e-05,,too_rare,,,
15508,0.009242661886623347,,too_rare,,,
15509,5.601613264620211e-05,,too_rare,,,
15510,0.0,,too_rare,,,
15512,0.0,,too_rare,,,
15513,2.8008066323101054e-05,,too_rare,,,
15514,5.601613264620211e-05,,too_rare,,,
15515,0.0,,too_rare,,,
15516,0.0,,too_rare,,,
15517,0.0,,too_rare,,,
15518,2.8008066323101054e-05,,too_rare,,,
15519,0.0,,too_rare,,,
15520,0.0,,too_rare,,,
15521,0.0,,too_rare,,,
15522,0.0,,too_rare,,,
15523,0.0,,too_rare,,,
15524,0.0,,too_rare,,,
15525,0.0,,too_rare,,,
15526,0.0,,too_rare,,,
15527,0.0,,too_rare,,,
15528,0.0,,too_rare,,,
15529,0.0,,too_rare,,,
15530,8.402419896930316e-05,,too_rare,,,
15532,0.0,,too_rare,,,
15533,0.0,,too_rare,,,
15534,0.0,,too_rare,,,
15535,0.00022406453058480843,,too_rare,,,
15536,0.00019605646426170737,,too_rare,,,
15537,8.402419896930316e-05,,too_rare,,,
15538,2.8008066323101054e-05,,too_rare,,,
15539,0.0,,too_rare,,,
15540,0.0,,too_rare,,,
15541,2.8008066323101054e-05,,too_rare,,,
15542,0.0007282097244006273,,too_rare,,,
15543,0.0,,too_rare,,,
15544,0.0,,too_rare,,,
15546,0.0,,too_rare,,,
15547,0.0,,too_rare,,,
15548,0.0,,too_rare,,,
15549,0.0017925162446784674,,too_rare,,,
15550,0.0,,too_rare,,,
15551,0.0,,too_rare,,,
15552,0.0,,too_rare,,,
15553,0.002548734035402196,,too_rare,,,
15554,0.0,,too_rare,,,
15555,0.0,,too_rare,,,
15556,0.0,,too_rare,,,
15557,0.0,,too_rare,,,
15558,0.0,,too_rare,,,
15559,0.0,,too_rare,,,
15560,0.0,,too_rare,,,
15561,0.0,,too_rare,,,
15562,0.0,,too_rare,,,
15563,0.0,,too_rare,,,
15564,2.8008066323101054e-05,,too_rare,,,
15565,0.0,,too_rare,,,
15566,0.0,,too_rare,,,
15567,0.0,,too_rare,,,
15568,0.00014004033161550526,,too_rare,,,
15569,0.0,,too_rare,,,
15570,0.0,,too_rare,,,
15571,0.0,,too_rare,,,
15572,5.601613264620211e-05,,too_rare,,,
15573,0.0,,too_rare,,,
15574,0.0,,too_rare,,,
15575,0.0,,too_rare,,,
15577,0.0,,too_rare,,,
15578,0.0,,too_rare,,,
15579,2.8008066323101054e-05,,too_rare,,,
15580,0.0,,too_rare,,,
15581,0.0,,too_rare,,,
15582,2.8008066323101054e-05,,too_rare,,,
15583,0.0,,too_rare,,,
15584,0.00014004033161550526,,too_rare,,,
15586,0.0,,too_rare,,,
15587,0.0,,too_rare,,,
15588,0.0,,too_rare,,,
15589,0.0,,too_rare,,,
15590,0.0,,too_rare,,,
15591,2.8008066323101054e-05,,too_rare,,,
15592,0.007254089177683173,,too_rare,,,
15593,0.0,,too_rare,,,
15594,0.0,,too_rare,,,
15595,0.0,,too_rare,,,
15596,0.003949137351557249,,too_rare,,,
15597,0.0,,too_rare,,,
15598,0.0,,too_rare,,,
15599,0.0,,too_rare,,,
15600,2.8008066323101054e-05,,too_rare,,,
15601,0.0,,too_rare,,,
15602,0.0,,too_rare,,,
15603,0.0,,too_rare,,,
15604,0.0,,too_rare,,,
15605,0.0,,too_rare,,,
15606,0.0,,too_rare,,,
15607,0.0,,too_rare,,,
15608,2.8008066323101054e-05,,too_rare,,,
15609,2.8008066323101054e-05,,too_rare,,,
15610,0.0,,too_rare,,,
15611,0.0,,too_rare,,,
15612,0.0,,too_rare,,,
15613,0.0,,too_rare,,,
15614,0.0,,too_rare,,,
15615,0.0,,too_rare,,,
15616,5.601613264620211e-05,,too_rare,,,
15617,0.0,,too_rare,,,
15618,0.0,,too_rare,,,
15619,0.0,,too_rare,,,
15620,0.0,,too_rare,,,
15621,0.0,,too_rare,,,
15622,2.8008066323101054e-05,,too_rare,,,
15623,5.601613264620211e-05,,too_rare,,,
15624,0.0,,too_rare,,,
15625,0.0,,too_rare,,,
15626,0.0,,too_rare,,,
15627,0.002688774367017701,,too_rare,,,
15628,0.0,,too_rare,,,
15629,0.0,,too_rare,,,
15630,2.8008066323101054e-05,,too_rare,,,
15631,0.003809097019941743,,too_rare,,,
15632,0.0,,too_rare,,,
15633,0.00011203226529240422,,too_rare,,,
15634,0.0,,too_rare,,,
15635,2.8008066323101054e-05,,too_rare,,,
15636,0.000504145193815819,,too_rare,,,
15637,0.0,,too_rare,,,
15638,0.0,,too_rare,,,
15639,0.0,,too_rare,,,
15640,0.0,,too_rare,,,
15641,0.0,,too_rare,,,
15642,0.0,,too_rare,,,
15643,0.0,,too_rare,,,
15644,0.0,,too_rare,,,
15645,0.0,,too_rare,,,
15646,0.0,,too_rare,,,
15647,0.0,,too_rare,,,
15648,0.0,,too_rare,,,
15649,0.0,,too_rare,,,
15650,0.0,,too_rare,,,
15651,0.0,,too_rare,,,
15652,0.0,,too_rare,,,
15653,0.0,,too_rare,,,
15654,0.0,,too_rare,,,
15655,0.0,,too_rare,,,
15656,5.601613264620211e-05,,too_rare,,,
15657,0.0,,too_rare,,,
15658,0.0,,too_rare,,,
15659,2.8008066323101054e-05,,too_rare,,,
15660,2.8008066323101054e-05,,too_rare,,,
15661,2.8008066323101054e-05,,too_rare,,,
15662,8.402419896930316e-05,,too_rare,,,
15663,0.0,,too_rare,,,
15664,5.601613264620211e-05,,too_rare,,,
15665,2.8008066323101054e-05,,too_rare,,,
15666,0.0,,too_rare,,,
15667,0.00033609679587721263,,too_rare,,,
15668,0.0,,too_rare,,,
15669,2.8008066323101054e-05,,too_rare,,,
15670,2.8008066323101054e-05,,too_rare,,,
15671,0.0,,too_rare,,,
15672,0.0,,too_rare,,,
15673,0.0,,too_rare,,,
15674,0.0,,too_rare,,,
15675,0.0,,too_rare,,,
15676,0.0,,too_rare,,,
15677,0.0,,too_rare,,,
15678,0.0,,too_rare,,,
15679,0.0,,too_rare,,,
15680,5.601613264620211e-05,,too_rare,,,
15681,0.0,,too_rare,,,
15682,0.0,,too_rare,,,
15683,8.402419896930316e-05,,too_rare,,,
15684,0.00453730674434237,,too_rare,,,
15685,0.0,,too_rare,,,
15686,0.0,,too_rare,,,
15687,0.0,,too_rare,,,
15689,0.0,,too_rare,,,
15690,0.0,,too_rare,,,
15691,0.0,,too_rare,,,
15692,2.8008066323101054e-05,,too_rare,,,
15693,5.601613264620211e-05,,too_rare,,,
15694,0.0,,too_rare,,,
15695,0.0,,too_rare,,,
15697,0.0,,too_rare,,,
15698,0.0,,too_rare,,,
15699,0.0,,too_rare,,,
15700,0.0,,too_rare,,,
15701,0.0,,too_rare,,,
15702,0.000560161326462021,,too_rare,,,
15703,0.0,,too_rare,,,
15704,0.0,,too_rare,,,
15705,0.0,,too_rare,,,
15706,0.0,,too_rare,,,
15707,0.0,,too_rare,,,
15708,0.0067219359175442524,,too_rare,,,
15709,0.0,,too_rare,,,
15710,0.0,,too_rare,,,
15711,0.0,,too_rare,,,
15712,0.0,,too_rare,,,
15713,0.0,,too_rare,,,
15714,0.0003080887295541116,,too_rare,,,
15715,0.0,,too_rare,,,
15716,0.0,,too_rare,,,
15717,0.0,,too_rare,,,
15718,0.0,,too_rare,,,
15719,0.0,,too_rare,,,
15720,0.0,,too_rare,,,
15721,0.0,,too_rare,,,
15722,0.0,,too_rare,,,
15723,0.0,,too_rare,,,
15724,2.8008066323101054e-05,,too_rare,,,
15725,2.8008066323101054e-05,,too_rare,,,
15726,0.0,,too_rare,,,
15727,0.0,,too_rare,,,
15728,0.0,,too_rare,,,
15729,0.0,,too_rare,,,
15730,0.0,,too_rare,,,
15731,0.0,,too_rare,,,
15732,5.601613264620211e-05,,too_rare,,,
15733,0.0,,too_rare,,,
15734,0.0,,too_rare,,,
15735,0.0,,too_rare,,,
15736,2.8008066323101054e-05,,too_rare,,,
15737,0.0,,too_rare,,,
15738,0.0,,too_rare,,,
15739,0.0,,too_rare,,,
15740,0.0,,too_rare,,,
15741,0.0,,too_rare,,,
15742,0.0,,too_rare,,,
15743,0.0,,too_rare,,,
15744,0.0,,too_rare,,,
15745,0.0,,too_rare,,,
15746,0.0,,too_rare,,,
15748,0.0,,too_rare,,,
15749,0.0,,too_rare,,,
15750,2.8008066323101054e-05,,too_rare,,,
15751,2.8008066323101054e-05,,too_rare,,,
15752,0.0,,too_rare,,,
15753,0.0,,too_rare,,,
15754,0.0,,too_rare,,,
15755,0.00014004033161550526,,too_rare,,,
15756,2.8008066323101054e-05,,too_rare,,,
15757,0.0014284113824781536,,too_rare,,,
15758,0.0,,too_rare,,,
15759,0.0,,too_rare,,,
15760,0.0,,too_rare,,,
15761,0.0,,too_rare,,,
15762,0.0,,too_rare,,,
15763,8.402419896930316e-05,,too_rare,,,
15764,0.0,,too_rare,,,
15765,0.0,,too_rare,,,
15766,0.0,,too_rare,,,
15768,0.0,,too_rare,,,
15769,0.0,,too_rare,,,
15771,0.0,,too_rare,,,
15772,5.601613264620211e-05,,too_rare,,,
15773,0.0,,too_rare,,,
15774,0.0,,too_rare,,,
15776,0.0,,too_rare,,,
15777,0.0,,too_rare,,,
15778,0.0,,too_rare,,,
15779,0.0,,too_rare,,,
15780,0.0,,too_rare,,,
15781,0.0,,too_rare,,,
15782,2.8008066323101054e-05,,too_rare,,,
15783,0.0,,too_rare,,,
15784,0.0,,too_rare,,,
15785,0.0,,too_rare,,,
15786,2.8008066323101054e-05,,too_rare,,,
15787,0.0,,too_rare,,,
15788,0.0004201209948465158,,too_rare,,,
15789,0.0,,too_rare,,,
15790,5.601613264620211e-05,,too_rare,,,
15791,0.0,,too_rare,,,
15792,0.0,,too_rare,,,
15793,0.0,,too_rare,,,
15794,0.0,,too_rare,,,
15795,0.0,,too_rare,,,
15796,0.0,,too_rare,,,
15797,0.0,,too_rare,,,
15798,0.0,,too_rare,,,
15799,0.0,,too_rare,,,
15800,0.0,,too_rare,,,
15801,0.00016804839793860632,,too_rare,,,
15802,0.0,,too_rare,,,
15803,0.0,,too_rare,,,
15804,0.0,,too_rare,,,
15805,0.0,,too_rare,,,
15806,2.8008066323101054e-05,,too_rare,,,
15807,0.0,,too_rare,,,
15809,0.0,,too_rare,,,
15810,0.0,,too_rare,,,
15811,2.8008066323101054e-05,,too_rare,,,
15812,5.601613264620211e-05,,too_rare,,,
15813,0.0,,too_rare,,,
15814,0.0,,too_rare,,,
15815,0.0,,too_rare,,,
15816,0.0,,too_rare,,,
15817,0.0,,too_rare,,,
15818,0.0,,too_rare,,,
15819,0.0,,too_rare,,,
15820,0.0,,too_rare,,,
15821,0.0,,too_rare,,,
15822,2.8008066323101054e-05,,too_rare,,,
15823,0.0,,too_rare,,,
15824,0.0,,too_rare,,,
15825,0.0,,too_rare,,,
15826,0.0,,too_rare,,,
15827,0.0,,too_rare,,,
15828,0.0,,too_rare,,,
15829,0.0,,too_rare,,,
15830,0.0,,too_rare,,,
15831,0.0,,too_rare,,,
15832,0.0,,too_rare,,,
15833,0.0,,too_rare,,,
15834,0.0,,too_rare,,,
15835,0.0,,too_rare,,,
15836,0.0,,too_rare,,,
15837,0.00022406453058480843,,too_rare,,,
15838,0.0,,too_rare,,,
15839,0.0,,too_rare,,,
15840,2.8008066323101054e-05,,too_rare,,,
15841,0.0012603629845395474,,too_rare,,,
15842,0.0,,too_rare,,,
15843,0.0,,too_rare,,,
15844,0.0,,too_rare,,,
15845,0.0,,too_rare,,,
15846,0.0,,too_rare,,,
15848,0.0,,too_rare,,,
15849,0.0,,too_rare,,,
15850,0.0,,too_rare,,,
15851,0.0,,too_rare,,,
15852,0.0,,too_rare,,,
15853,0.0,,too_rare,,,
15854,0.0,,too_rare,,,
15855,0.0,,too_rare,,,
15856,5.601613264620211e-05,,too_rare,,,
15857,0.00011203226529240422,,too_rare,,,
15858,0.0,,too_rare,,,
15859,0.0,,too_rare,,,
15860,5.601613264620211e-05,,too_rare,,,
15861,0.0,,too_rare,,,
15862,0.0,,too_rare,,,
15863,0.0007562177907237285,,too_rare,,,
15865,0.0,,too_rare,,,
15866,0.0,,too_rare,,,
15867,0.0,,too_rare,,,
15868,0.0,,too_rare,,,
15869,0.0,,too_rare,,,
15870,0.0,,too_rare,,,
15871,0.0,,too_rare,,,
15872,0.0,,too_rare,,,
15873,0.007198073045036971,,too_rare,,,
15874,0.0,,too_rare,,,
15875,0.0,,too_rare,,,
15876,0.0,,too_rare,,,
15877,0.0,,too_rare,,,
15878,0.0,,too_rare,,,
15879,2.8008066323101054e-05,,too_rare,,,
15880,0.0,,too_rare,,,
15881,0.0,,too_rare,,,
15882,0.0,,too_rare,,,
15883,0.0,,too_rare,,,
15885,0.0,,too_rare,,,
15887,0.0,,too_rare,,,
15888,0.0,,too_rare,,,
15889,0.0,,too_rare,,,
15890,0.0,,too_rare,,,
15891,0.0,,too_rare,,,
15894,0.0,,too_rare,,,
15895,0.000560161326462021,,too_rare,,,
15896,0.0,,too_rare,,,
15897,0.0,,too_rare,,,
15898,0.0,,too_rare,,,
15899,0.0,,too_rare,,,
15900,0.0,,too_rare,,,
15901,0.0,,too_rare,,,
15902,0.0,,too_rare,,,
15903,0.0,,too_rare,,,
15904,0.0,,too_rare,,,
15905,0.0,,too_rare,,,
15906,2.8008066323101054e-05,,too_rare,,,
15907,0.0,,too_rare,,,
15908,0.0,,too_rare,,,
15909,0.0,,too_rare,,,
15910,0.0,,too_rare,,,
15911,0.0,,too_rare,,,
15912,5.601613264620211e-05,,too_rare,,,
15913,0.0,,too_rare,,,
15914,0.0,,too_rare,,,
15915,2.8008066323101054e-05,,too_rare,,,
15917,0.0002520725969079095,,too_rare,,,
15918,0.0,,too_rare,,,
15919,0.0,,too_rare,,,
15920,0.0,,too_rare,,,
15921,5.601613264620211e-05,,too_rare,,,
15922,0.0,,too_rare,,,
15923,2.8008066323101054e-05,,too_rare,,,
15924,0.0,,too_rare,,,
15925,0.0,,too_rare,,,
15926,0.0,,too_rare,,,
15928,2.8008066323101054e-05,,too_rare,,,
15929,2.8008066323101054e-05,,too_rare,,,
15930,0.0,,too_rare,,,
15931,0.0,,too_rare,,,
15932,0.0,,too_rare,,,
15933,5.601613264620211e-05,,too_rare,,,
15934,0.00011203226529240422,,too_rare,,,
15935,0.0,,too_rare,,,
15936,0.0,,too_rare,,,
15937,0.001512435581447457,,too_rare,,,
15938,0.0,,too_rare,,,
15939,0.0,,too_rare,,,
15941,0.0,,too_rare,,,
15942,5.601613264620211e-05,,too_rare,,,
15943,0.0,,too_rare,,,
15944,0.0,,too_rare,,,
15945,0.0,,too_rare,,,
15946,0.0,,too_rare,,,
15947,0.0,,too_rare,,,
15948,0.0,,too_rare,,,
15949,0.0,,too_rare,,,
15950,0.0,,too_rare,,,
15951,0.0,,too_rare,,,
15952,0.0,,too_rare,,,
15953,0.0,,too_rare,,,
15954,0.00019605646426170737,,too_rare,,,
15955,0.0,,too_rare,,,
15956,2.8008066323101054e-05,,too_rare,,,
15957,0.0,,too_rare,,,
15958,0.0,,too_rare,,,
15959,0.0,,too_rare,,,
15961,0.0,,too_rare,,,
15962,0.0,,too_rare,,,
15963,0.0,,too_rare,,,
15964,0.0,,too_rare,,,
15965,0.0,,too_rare,,,
15966,0.0,,too_rare,,,
15967,0.0,,too_rare,,,
15968,0.0,,too_rare,,,
15969,0.0,,too_rare,,,
15970,0.0,,too_rare,,,
15971,0.0,,too_rare,,,
15972,5.601613264620211e-05,,too_rare,,,
15973,0.0,,too_rare,,,
15974,0.0,,too_rare,,,
15975,0.0,,too_rare,,,
15976,0.0,,too_rare,,,
15977,0.0,,too_rare,,,
15978,0.0,,too_rare,,,
15979,0.0,,too_rare,,,
15981,0.0,,too_rare,,,
15982,0.0,,too_rare,,,
15983,0.0,,too_rare,,,
15984,0.0,,too_rare,,,
15985,0.0,,too_rare,,,
15986,0.0,,too_rare,,,
15987,0.0,,too_rare,,,
15988,0.0,,too_rare,,,
15989,0.0,,too_rare,,,
15990,0.0,,too_rare,,,
15991,0.0,,too_rare,,,
15993,0.0,,too_rare,,,
15994,0.0,,too_rare,,,
15995,0.0,,too_rare,,,
15996,0.0,,too_rare,,,
15997,0.0,,too_rare,,,
15998,0.0,,too_rare,,,
15999,0.0,,too_rare,,,
16000,0.00011203226529240422,,too_rare,,,
16001,0.0,,too_rare,,,
16002,0.0,,too_rare,,,
16003,0.0,,too_rare,,,
16004,8.402419896930316e-05,,too_rare,,,
16005,0.000560161326462021,,too_rare,,,
16006,0.0,,too_rare,,,
16007,0.0,,too_rare,,,
16009,0.0,,too_rare,,,
16010,0.0,,too_rare,,,
16011,0.0,,too_rare,,,
16012,0.0,,too_rare,,,
16013,0.0,,too_rare,,,
16014,0.0,,too_rare,,,
16015,0.0,,too_rare,,,
16016,0.0,,too_rare,,,
16017,0.0,,too_rare,,,
16018,0.0,,too_rare,,,
16019,0.00014004033161550526,,too_rare,,,
16020,0.0,,too_rare,,,
16021,0.0,,too_rare,,,
16022,5.601613264620211e-05,,too_rare,,,
16023,0.0,,too_rare,,,
16024,0.0014284113824781536,,too_rare,,,
16025,0.0,,too_rare,,,
16026,0.0,,too_rare,,,
16027,0.0,,too_rare,,,
16028,2.8008066323101054e-05,,too_rare,,,
16030,0.0,,too_rare,,,
16032,0.0,,too_rare,,,
16035,0.0,,too_rare,,,
16036,0.0,,too_rare,,,
16037,0.0002520725969079095,,too_rare,,,
16038,0.0,,too_rare,,,
16040,0.0,,too_rare,,,
16041,0.0,,too_rare,,,
16042,0.0,,too_rare,,,
16043,0.0,,too_rare,,,
16044,0.0,,too_rare,,,
16045,0.00053215326013892,,too_rare,,,
16046,0.0,,too_rare,,,
16047,0.0,,too_rare,,,
16048,2.8008066323101054e-05,,too_rare,,,
16050,0.0,,too_rare,,,
16051,0.0,,too_rare,,,
16052,0.0,,too_rare,,,
16053,0.0,,too_rare,,,
16054,0.0,,too_rare,,,
16055,0.0,,too_rare,,,
16056,0.0,,too_rare,,,
16057,0.0,,too_rare,,,
16058,0.0,,too_rare,,,
16059,0.0,,too_rare,,,
16061,2.8008066323101054e-05,,too_rare,,,
16062,0.0,,too_rare,,,
16063,0.0,,too_rare,,,
16064,0.0,,too_rare,,,
16065,0.0,,too_rare,,,
16066,0.0,,too_rare,,,
16067,0.0,,too_rare,,,
16068,0.0,,too_rare,,,
16069,0.0,,too_rare,,,
16070,0.0,,too_rare,,,
16071,0.0,,too_rare,,,
16072,0.0,,too_rare,,,
16073,2.8008066323101054e-05,,too_rare,,,
16074,5.601613264620211e-05,,too_rare,,,
16075,0.0,,too_rare,,,
16076,0.0,,too_rare,,,
16077,0.0,,too_rare,,,
16078,0.0,,too_rare,,,
16079,2.8008066323101054e-05,,too_rare,,,
16080,0.0,,too_rare,,,
16081,0.0,,too_rare,,,
16082,0.0,,too_rare,,,
16083,2.8008066323101054e-05,,too_rare,,,
16084,2.8008066323101054e-05,,too_rare,,,
16085,2.8008066323101054e-05,,too_rare,,,
16086,0.0004201209948465158,,too_rare,,,
16087,0.0,,too_rare,,,
16088,0.0,,too_rare,,,
16089,0.0,,too_rare,,,
16090,0.0,,too_rare,,,
16091,0.0,,too_rare,,,
16092,0.0,,too_rare,,,
16093,0.0,,too_rare,,,
16094,0.0,,too_rare,,,
16095,2.8008066323101054e-05,,too_rare,,,
16097,0.0,,too_rare,,,
16098,0.0,,too_rare,,,
16099,0.0,,too_rare,,,
16100,2.8008066323101054e-05,,too_rare,,,
16101,0.0,,too_rare,,,
16102,0.0,,too_rare,,,
16103,0.0,,too_rare,,,
16104,2.8008066323101054e-05,,too_rare,,,
16105,0.0,,too_rare,,,
16106,0.0,,too_rare,,,
16107,0.0,,too_rare,,,
16108,0.0,,too_rare,,,
16109,0.0,,too_rare,,,
16110,0.0,,too_rare,,,
16111,0.0,,too_rare,,,
16112,0.0,,too_rare,,,
16113,0.0,,too_rare,,,
16114,0.0,,too_rare,,,
16115,2.8008066323101054e-05,,too_rare,,,
16116,0.0,,too_rare,,,
16117,0.0,,too_rare,,,
16118,0.0,,too_rare,,,
16120,0.0,,too_rare,,,
16121,0.0,,too_rare,,,
16122,2.8008066323101054e-05,,too_rare,,,
16123,0.0,,too_rare,,,
16124,0.0,,too_rare,,,
16125,0.0,,too_rare,,,
16126,0.0,,too_rare,,,
16127,0.0,,too_rare,,,
16128,0.0,,too_rare,,,
16129,0.0,,too_rare,,,
16130,0.0,,too_rare,,,
16131,0.0,,too_rare,,,
16132,0.0,,too_rare,,,
16133,0.0,,too_rare,,,
16134,0.0,,too_rare,,,
16135,0.0,,too_rare,,,
16136,0.0,,too_rare,,,
16137,0.0,,too_rare,,,
16138,2.8008066323101054e-05,,too_rare,,,
16139,0.0,,too_rare,,,
16140,0.0,,too_rare,,,
16141,0.0,,too_rare,,,
16142,0.0,,too_rare,,,
16143,0.0,,too_rare,,,
16144,0.0,,too_rare,,,
16145,0.0,,too_rare,,,
16146,0.0,,too_rare,,,
16147,0.0,,too_rare,,,
16148,0.00014004033161550526,,too_rare,,,
16149,0.0,,too_rare,,,
16150,0.0,,too_rare,,,
16151,0.0,,too_rare,,,
16152,0.0,,too_rare,,,
16153,0.0,,too_rare,,,
16154,0.0,,too_rare,,,
16155,0.0,,too_rare,,,
16156,0.0,,too_rare,,,
16157,0.0,,too_rare,,,
16158,0.0,,too_rare,,,
16159,0.0,,too_rare,,,
16160,0.0,,too_rare,,,
16161,0.0,,too_rare,,,
16162,0.0,,too_rare,,,
16164,0.0,,too_rare,,,
16165,0.0,,too_rare,,,
16166,0.0,,too_rare,,,
16167,0.0,,too_rare,,,
16168,0.0,,too_rare,,,
16169,0.0,,too_rare,,,
16170,2.8008066323101054e-05,,too_rare,,,
16171,0.0,,too_rare,,,
16172,2.8008066323101054e-05,,too_rare,,,
16173,0.0,,too_rare,,,
16174,0.0,,too_rare,,,
16175,0.0,,too_rare,,,
16176,0.0,,too_rare,,,
16177,0.0,,too_rare,,,
16178,0.0,,too_rare,,,
16179,2.8008066323101054e-05,,too_rare,,,
16180,0.0,,too_rare,,,
16181,0.0002520725969079095,,too_rare,,,
16182,0.00022406453058480843,,too_rare,,,
16183,0.0,,too_rare,,,
16184,0.0,,too_rare,,,
16185,0.0,,too_rare,,,
16186,0.0,,too_rare,,,
16187,0.0,,too_rare,,,
16188,0.0,,too_rare,,,
16189,0.0,,too_rare,,,
16190,0.0,,too_rare,,,
16191,0.0,,too_rare,,,
16192,0.0,,too_rare,,,
16193,0.0,,too_rare,,,
16194,0.0,,too_rare,,,
16195,0.0,,too_rare,,,
16196,2.8008066323101054e-05,,too_rare,,,
16197,0.0,,too_rare,,,
16198,0.0028568227649563072,,too_rare,,,
16199,0.0,,too_rare,,,
16200,2.8008066323101054e-05,,too_rare,,,
16201,5.601613264620211e-05,,too_rare,,,
16202,0.0,,too_rare,,,
16203,2.8008066323101054e-05,,too_rare,,,
16204,5.601613264620211e-05,,too_rare,,,
16205,0.0,,too_rare,,,
16206,0.0,,too_rare,,,
16207,0.0,,too_rare,,,
16208,8.402419896930316e-05,,too_rare,,,
16209,0.0,,too_rare,,,
16210,0.0,,too_rare,,,
16211,0.0,,too_rare,,,
16212,0.0,,too_rare,,,
16213,0.0,,too_rare,,,
16214,0.0,,too_rare,,,
16215,0.0,,too_rare,,,
16216,0.0,,too_rare,,,
16217,0.0,,too_rare,,,
16218,5.601613264620211e-05,,too_rare,,,
16219,0.0,,too_rare,,,
16220,5.601613264620211e-05,,too_rare,,,
16221,8.402419896930316e-05,,too_rare,,,
16222,0.0,,too_rare,,,
16223,0.0,,too_rare,,,
16224,0.0,,too_rare,,,
16225,0.0,,too_rare,,,
16226,0.0,,too_rare,,,
16227,0.0,,too_rare,,,
16229,2.8008066323101054e-05,,too_rare,,,
16230,0.0,,too_rare,,,
16231,0.0,,too_rare,,,
16232,0.0,,too_rare,,,
16233,0.0,,too_rare,,,
16234,0.0,,too_rare,,,
16235,0.0,,too_rare,,,
16236,0.0,,too_rare,,,
16237,0.0,,too_rare,,,
16238,2.8008066323101054e-05,,too_rare,,,
16239,0.0,,too_rare,,,
16240,0.0,,too_rare,,,
16241,0.007814250504145194,,too_rare,,,
16242,2.8008066323101054e-05,,too_rare,,,
16243,0.0,,too_rare,,,
16244,0.0,,too_rare,,,
16245,2.8008066323101054e-05,,too_rare,,,
16246,0.0,,too_rare,,,
16247,0.0,,too_rare,,,
16248,0.0,,too_rare,,,
16249,0.0,,too_rare,,,
16250,0.0,,too_rare,,,
16251,0.0,,too_rare,,,
16252,0.0,,too_rare,,,
16253,2.8008066323101054e-05,,too_rare,,,
16255,0.0,,too_rare,,,
16256,0.0,,too_rare,,,
16257,0.0,,too_rare,,,
16258,0.0,,too_rare,,,
16259,0.0,,too_rare,,,
16260,0.0,,too_rare,,,
16261,2.8008066323101054e-05,,too_rare,,,
16262,2.8008066323101054e-05,,too_rare,,,
16263,0.0,,too_rare,,,
16264,0.0,,too_rare,,,
16265,0.0,,too_rare,,,
16266,0.0,,too_rare,,,
16267,2.8008066323101054e-05,,too_rare,,,
16268,0.0,,too_rare,,,
16269,0.0,,too_rare,,,
16270,0.0,,too_rare,,,
16271,0.0,,too_rare,,,
16272,0.0,,too_rare,,,
16273,5.601613264620211e-05,,too_rare,,,
16274,0.0,,too_rare,,,
16275,0.0,,too_rare,,,
16276,0.0,,too_rare,,,
16277,0.0,,too_rare,,,
16278,0.0,,too_rare,,,
16279,0.0002800806632310105,,too_rare,,,
16280,0.0,,too_rare,,,
16281,0.0,,too_rare,,,
16282,8.402419896930316e-05,,too_rare,,,
16283,2.8008066323101054e-05,,too_rare,,,
16284,0.0,,too_rare,,,
16285,0.0,,too_rare,,,
16286,0.0,,too_rare,,,
16287,0.0,,too_rare,,,
16288,0.0,,too_rare,,,
16289,0.0,,too_rare,,,
16290,0.0,,too_rare,,,
16291,0.0,,too_rare,,,
16292,2.8008066323101054e-05,,too_rare,,,
16293,0.0,,too_rare,,,
16294,0.0,,too_rare,,,
16295,0.0,,too_rare,,,
16296,0.0,,too_rare,,,
16297,0.0,,too_rare,,,
16298,0.0,,too_rare,,,
16299,0.0,,too_rare,,,
16301,0.0,,too_rare,,,
16302,0.0,,too_rare,,,
16303,0.0,,too_rare,,,
16304,5.601613264620211e-05,,too_rare,,,
16305,0.0,,too_rare,,,
16306,5.601613264620211e-05,,too_rare,,,
16307,0.0,,too_rare,,,
16308,0.0,,too_rare,,,
16309,0.0,,too_rare,,,
16310,0.0,,too_rare,,,
16311,0.0,,too_rare,,,
16312,0.0,,too_rare,,,
16313,2.8008066323101054e-05,,too_rare,,,
16314,0.0,,too_rare,,,
16315,0.0,,too_rare,,,
16316,0.0006161774591082232,,too_rare,,,
16317,0.0007282097244006273,,too_rare,,,
16318,0.0,,too_rare,,,
16319,0.0,,too_rare,,,
16320,0.0,,too_rare,,,
16321,0.00397714541788035,,too_rare,,,
16322,0.0,,too_rare,,,
16323,0.0,,too_rare,,,
16324,0.0,,too_rare,,,
16325,0.00014004033161550526,,too_rare,,,
16326,0.0,,too_rare,,,
16327,0.0,,too_rare,,,
16328,0.0,,too_rare,,,
16329,0.0,,too_rare,,,
16330,0.0,,too_rare,,,
16331,0.0,,too_rare,,,
16332,0.0,,too_rare,,,
16333,0.0,,too_rare,,,
16334,0.0,,too_rare,,,
16335,0.0,,too_rare,,,
16336,0.0,,too_rare,,,
16338,0.0,,too_rare,,,
16339,0.0,,too_rare,,,
16340,0.0,,too_rare,,,
16341,0.0,,too_rare,,,
16342,0.0,,too_rare,,,
16343,2.8008066323101054e-05,,too_rare,,,
16344,0.0,,too_rare,,,
16345,0.0,,too_rare,,,
16346,2.8008066323101054e-05,,too_rare,,,
16347,0.0,,too_rare,,,
16348,0.0,,too_rare,,,
16350,0.0,,too_rare,,,
16351,2.8008066323101054e-05,,too_rare,,,
16352,0.0,,too_rare,,,
16354,0.0,,too_rare,,,
16355,0.0,,too_rare,,,
16356,0.0,,too_rare,,,
16357,0.0,,too_rare,,,
16358,0.0,,too_rare,,,
16359,0.0,,too_rare,,,
16360,0.0,,too_rare,,,
16361,0.0,,too_rare,,,
16362,0.0,,too_rare,,,
16363,0.0,,too_rare,,,
16364,0.0,,too_rare,,,
16365,2.8008066323101054e-05,,too_rare,,,
16366,0.0,,too_rare,,,
16367,0.0,,too_rare,,,
16368,0.0,,too_rare,,,
16369,0.0,,too_rare,,,
16370,2.8008066323101054e-05,,too_rare,,,
16371,0.0,,too_rare,,,
16372,0.0,,too_rare,,,
16373,0.0,,too_rare,,,
16374,0.0,,too_rare,,,
16375,0.0,,too_rare,,,
16376,0.0,,too_rare,,,
16377,0.0007002016580775263,,too_rare,,,
16378,0.0,,too_rare,,,
16379,0.0,,too_rare,,,
16380,0.00039211292852341475,,too_rare,,,
16381,0.0,,too_rare,,,
16382,0.0,,too_rare,,,
16383,5.601613264620211e-05,,too_rare,,,
16384,0.0,,too_rare,,,
16386,0.0,,too_rare,,,
16387,2.8008066323101054e-05,,too_rare,,,
16388,0.0,,too_rare,,,
16389,0.0,,too_rare,,,
16390,0.0,,too_rare,,,
16391,0.0,,too_rare,,,
16392,0.0,,too_rare,,,
16393,0.0,,too_rare,,,
16394,0.0,,too_rare,,,
16395,0.0,,too_rare,,,
16396,0.0,,too_rare,,,
16397,0.0,,too_rare,,,
16398,0.0,,too_rare,,,
16399,0.0,,too_rare,,,
16400,2.8008066323101054e-05,,too_rare,,,
16401,0.0,,too_rare,,,
16402,0.0,,too_rare,,,
16403,0.0,,too_rare,,,
16404,0.0,,too_rare,,,
16405,0.0,,too_rare,,,
16406,0.0,,too_rare,,,
16407,0.00011203226529240422,,too_rare,,,
16408,0.0,,too_rare,,,
16409,0.0,,too_rare,,,
16410,0.0,,too_rare,,,
16411,0.0,,too_rare,,,
16412,0.0,,too_rare,,,
16413,0.0,,too_rare,,,
16414,0.0,,too_rare,,,
16415,2.8008066323101054e-05,,too_rare,,,
16416,0.0,,too_rare,,,
16417,0.0009522742549854358,,too_rare,,,
16418,0.0,,too_rare,,,
16419,0.0,,too_rare,,,
16420,0.0,,too_rare,,,
16421,2.8008066323101054e-05,,too_rare,,,
16422,0.0,,too_rare,,,
16423,0.0,,too_rare,,,
16424,0.0,,too_rare,,,
16425,0.0,,too_rare,,,
16426,0.0,,too_rare,,,
16427,0.0,,too_rare,,,
16428,0.0,,too_rare,,,
16429,0.0,,too_rare,,,
16430,0.0,,too_rare,,,
16431,0.0,,too_rare,,,
16432,0.0,,too_rare,,,
16434,0.0,,too_rare,,,
16435,0.0,,too_rare,,,
16436,2.8008066323101054e-05,,too_rare,,,
16437,0.0,,too_rare,,,
16438,0.0,,too_rare,,,
16439,0.0,,too_rare,,,
16440,2.8008066323101054e-05,,too_rare,,,
16441,0.0,,too_rare,,,
16442,0.0,,too_rare,,,
16444,0.0,,too_rare,,,
16445,0.0,,too_rare,,,
16446,0.0,,too_rare,,,
16447,0.0,,too_rare,,,
16448,8.402419896930316e-05,,too_rare,,,
16449,0.0,,too_rare,,,
16450,0.0,,too_rare,,,
16451,0.0,,too_rare,,,
16452,0.0,,too_rare,,,
16453,0.0,,too_rare,,,
16454,0.0,,too_rare,,,
16455,0.0,,too_rare,,,
16456,0.0,,too_rare,,,
16457,0.0,,too_rare,,,
16458,0.0,,too_rare,,,
16459,0.0,,too_rare,,,
16460,2.8008066323101054e-05,,too_rare,,,
16461,0.0,,too_rare,,,
16463,0.0,,too_rare,,,
16464,2.8008066323101054e-05,,too_rare,,,
16465,0.00016804839793860632,,too_rare,,,
16466,0.0,,too_rare,,,
16467,0.0,,too_rare,,,
16468,0.0,,too_rare,,,
16469,0.0,,too_rare,,,
16470,8.402419896930316e-05,,too_rare,,,
16471,0.0,,too_rare,,,
16472,0.0,,too_rare,,,
16473,0.0,,too_rare,,,
16474,0.0,,too_rare,,,
16475,0.0,,too_rare,,,
16476,0.0,,too_rare,,,
16477,0.0,,too_rare,,,
16478,2.8008066323101054e-05,,too_rare,,,
16479,0.0,,too_rare,,,
16480,0.0,,too_rare,,,
16481,0.0,,too_rare,,,
16482,8.402419896930316e-05,,too_rare,,,
16484,0.0,,too_rare,,,
16485,2.8008066323101054e-05,,too_rare,,,
16486,0.0,,too_rare,,,
16487,0.002632758234371499,,too_rare,,,
16488,0.0,,too_rare,,,
16489,0.0,,too_rare,,,
16491,0.0005881693927851221,,too_rare,,,
16492,0.0,,too_rare,,,
16493,0.0,,too_rare,,,
16494,0.0,,too_rare,,,
16495,0.0,,too_rare,,,
16496,0.0,,too_rare,,,
16497,0.0,,too_rare,,,
16498,0.0,,too_rare,,,
16499,0.0,,too_rare,,,
16500,0.0,,too_rare,,,
16501,0.0,,too_rare,,,
16502,0.0,,too_rare,,,
16503,0.0,,too_rare,,,
16504,0.0,,too_rare,,,
16505,2.8008066323101054e-05,,too_rare,,,
16506,0.0,,too_rare,,,
16507,0.00019605646426170737,,too_rare,,,
16508,8.402419896930316e-05,,too_rare,,,
16509,0.0,,too_rare,,,
16510,0.0,,too_rare,,,
16511,0.0,,too_rare,,,
16512,5.601613264620211e-05,,too_rare,,,
16513,0.0,,too_rare,,,
16514,0.0,,too_rare,,,
16515,0.00039211292852341475,,too_rare,,,
16516,2.8008066323101054e-05,,too_rare,,,
16517,0.0,,too_rare,,,
16518,0.004453282545373067,,too_rare,,,
16519,2.8008066323101054e-05,,too_rare,,,
16520,0.0,,too_rare,,,
16521,0.005405556800358503,,too_rare,,,
16522,0.0,,too_rare,,,
16523,2.8008066323101054e-05,,too_rare,,,
16525,8.402419896930316e-05,,too_rare,,,
16526,0.0,,too_rare,,,
16527,0.00039211292852341475,,too_rare,,,
16528,0.0,,too_rare,,,
16529,0.0,,too_rare,,,
16530,0.0,,too_rare,,,
16531,8.402419896930316e-05,,too_rare,,,
16532,0.0,,too_rare,,,
16533,8.402419896930316e-05,,too_rare,,,
16534,0.0,,too_rare,,,
16535,0.0,,too_rare,,,
16536,0.0,,too_rare,,,
16537,0.0,,too_rare,,,
16538,2.8008066323101054e-05,,too_rare,,,
16539,0.0002520725969079095,,too_rare,,,
16540,0.0,,too_rare,,,
16541,0.0,,too_rare,,,
16542,0.0,,too_rare,,,
16543,0.0,,too_rare,,,
16544,0.0,,too_rare,,,
16545,0.0,,too_rare,,,
16546,0.0,,too_rare,,,
16547,0.0,,too_rare,,,
16548,0.0,,too_rare,,,
16549,5.601613264620211e-05,,too_rare,,,
16550,0.0068059601165135555,,too_rare,,,
16551,2.8008066323101054e-05,,too_rare,,,
16552,0.0,,too_rare,,,
16553,0.0,,too_rare,,,
16554,0.0,,too_rare,,,
16555,0.0,,too_rare,,,
16556,5.601613264620211e-05,,too_rare,,,
16557,0.002156621106878781,,too_rare,,,
16558,0.0,,too_rare,,,
16559,0.0,,too_rare,,,
16560,8.402419896930316e-05,,too_rare,,,
16561,0.001148330719247143,,too_rare,,,
16562,2.8008066323101054e-05,,too_rare,,,
16563,0.0,,too_rare,,,
16564,0.0,,too_rare,,,
16565,0.0,,too_rare,,,
16566,0.0,,too_rare,,,
16567,5.601613264620211e-05,,too_rare,,,
16568,0.00053215326013892,,too_rare,,,
16569,0.0,,too_rare,,,
16570,0.0,,too_rare,,,
16571,0.0,,too_rare,,,
16572,0.0,,too_rare,,,
16573,0.00011203226529240422,,too_rare,,,
16574,0.0,,too_rare,,,
16575,0.0,,too_rare,,,
16576,0.0,,too_rare,,,
16577,0.00014004033161550526,,too_rare,,,
16578,0.0,,too_rare,,,
16579,5.601613264620211e-05,,too_rare,,,
16580,0.0,,too_rare,,,
16581,0.0,,too_rare,,,
16582,0.0,,too_rare,,,
16583,0.00022406453058480843,,too_rare,,,
16584,0.0009522742549854358,,too_rare,,,
16585,2.8008066323101054e-05,,too_rare,,,
16586,0.00016804839793860632,,too_rare,,,
16587,0.0,,too_rare,,,
16588,0.0,,too_rare,,,
16589,0.0,,too_rare,,,
16590,2.8008066323101054e-05,,too_rare,,,
16591,0.0,,too_rare,,,
16592,8.402419896930316e-05,,too_rare,,,
16594,0.0,,too_rare,,,
16595,0.0,,too_rare,,,
16596,0.0,,too_rare,,,
16597,0.0,,too_rare,,,
16598,0.0,,too_rare,,,
16599,0.0,,too_rare,,,
16600,0.0,,too_rare,,,
16601,8.402419896930316e-05,,too_rare,,,
16602,0.0,,too_rare,,,
16603,0.0,,too_rare,,,
16604,0.0,,too_rare,,,
16605,0.0,,too_rare,,,
16606,0.0,,too_rare,,,
16607,0.0,,too_rare,,,
16608,0.0,,too_rare,,,
16609,0.0,,too_rare,,,
16610,0.0,,too_rare,,,
16611,0.0,,too_rare,,,
16612,0.0,,too_rare,,,
16613,0.00016804839793860632,,too_rare,,,
16614,0.0,,too_rare,,,
16615,0.0,,too_rare,,,
16616,0.0,,too_rare,,,
16617,0.0,,too_rare,,,
16618,0.0,,too_rare,,,
16619,0.0,,too_rare,,,
16620,0.0,,too_rare,,,
16621,0.0,,too_rare,,,
16623,0.0,,too_rare,,,
16624,2.8008066323101054e-05,,too_rare,,,
16625,0.0,,too_rare,,,
16626,0.0,,too_rare,,,
16627,0.0,,too_rare,,,
16628,0.0,,too_rare,,,
16629,0.00044812906116961686,,too_rare,,,
16630,0.0,,too_rare,,,
16631,0.0,,too_rare,,,
16632,0.0,,too_rare,,,
16633,0.0,,too_rare,,,
16634,0.0,,too_rare,,,
16635,0.0,,too_rare,,,
16636,0.00011203226529240422,,too_rare,,,
16637,0.0,,too_rare,,,
16638,0.0,,too_rare,,,
16639,0.0,,too_rare,,,
16640,0.0,,too_rare,,,
16641,0.0,,too_rare,,,
16642,0.0,,too_rare,,,
16643,0.0,,too_rare,,,
16644,0.0008682500560161327,,too_rare,,,
16645,5.601613264620211e-05,,too_rare,,,
16646,0.00044812906116961686,,too_rare,,,
16647,0.0,,too_rare,,,
16648,2.8008066323101054e-05,,too_rare,,,
16649,2.8008066323101054e-05,,too_rare,,,
16650,5.601613264620211e-05,,too_rare,,,
16651,0.0,,too_rare,,,
16652,0.0,,too_rare,,,
16653,5.601613264620211e-05,,too_rare,,,
16654,0.0,,too_rare,,,
16655,0.00014004033161550526,,too_rare,,,
16656,2.8008066323101054e-05,,too_rare,,,
16657,0.0,,too_rare,,,
16658,0.0,,too_rare,,,
16659,0.0,,too_rare,,,
16660,0.0,,too_rare,,,
16661,2.8008066323101054e-05,,too_rare,,,
16662,2.8008066323101054e-05,,too_rare,,,
16663,0.0,,too_rare,,,
16664,0.0,,too_rare,,,
16665,0.0,,too_rare,,,
16666,0.0,,too_rare,,,
16667,0.0,,too_rare,,,
16668,0.0,,too_rare,,,
16669,2.8008066323101054e-05,,too_rare,,,
16670,0.0,,too_rare,,,
16671,0.0,,too_rare,,,
16672,0.0007002016580775263,,too_rare,,,
16673,0.0,,too_rare,,,
16674,0.0,,too_rare,,,
16675,0.0,,too_rare,,,
16676,2.8008066323101054e-05,,too_rare,,,
16677,0.0,,too_rare,,,
16678,2.8008066323101054e-05,,too_rare,,,
16680,0.0,,too_rare,,,
16681,5.601613264620211e-05,,too_rare,,,
16682,0.0,,too_rare,,,
16683,0.0,,too_rare,,,
16684,2.8008066323101054e-05,,too_rare,,,
16685,0.0,,too_rare,,,
16686,0.0,,too_rare,,,
16687,0.0,,too_rare,,,
16688,0.0,,too_rare,,,
16689,0.0,,too_rare,,,
16690,0.004285234147434461,,too_rare,,,
16691,0.0,,too_rare,,,
16692,0.0,,too_rare,,,
16693,0.0,,too_rare,,,
16694,0.0,,too_rare,,,
16695,0.0,,too_rare,,,
16696,2.8008066323101054e-05,,too_rare,,,
16697,2.8008066323101054e-05,,too_rare,,,
16698,2.8008066323101054e-05,,too_rare,,,
16699,0.0,,too_rare,,,
16700,0.0,,too_rare,,,
16701,0.0,,too_rare,,,
16702,0.0,,too_rare,,,
16703,0.0,,too_rare,,,
16704,0.0,,too_rare,,,
16705,0.0,,too_rare,,,
16706,2.8008066323101054e-05,,too_rare,,,
16707,0.0,,too_rare,,,
16708,0.00019605646426170737,,too_rare,,,
16709,0.0,,too_rare,,,
16710,0.0,,too_rare,,,
16711,0.0,,too_rare,,,
16712,2.8008066323101054e-05,,too_rare,,,
16713,0.0,,too_rare,,,
16714,2.8008066323101054e-05,,too_rare,,,
16715,2.8008066323101054e-05,,too_rare,,,
16716,2.8008066323101054e-05,,too_rare,,,
16717,0.0,,too_rare,,,
16718,0.0,,too_rare,,,
16719,0.0,,too_rare,,,
16720,0.007422137575621779,,too_rare,,,
16721,0.001624467846739861,,too_rare,,,
16722,0.0,,too_rare,,,
16723,0.0,,too_rare,,,
16724,2.8008066323101054e-05,,too_rare,,,
16725,8.402419896930316e-05,,too_rare,,,
16726,0.0,,too_rare,,,
16727,2.8008066323101054e-05,,too_rare,,,
16728,5.601613264620211e-05,,too_rare,,,
16729,0.0,,too_rare,,,
16730,0.0,,too_rare,,,
16731,2.8008066323101054e-05,,too_rare,,,
16732,0.0,,too_rare,,,
16733,0.0,,too_rare,,,
16734,0.0,,too_rare,,,
16735,0.0,,too_rare,,,
16736,0.0,,too_rare,,,
16738,0.0,,too_rare,,,
16739,0.0,,too_rare,,,
16740,0.0,,too_rare,,,
16741,0.0,,too_rare,,,
16742,0.00016804839793860632,,too_rare,,,
16743,0.0,,too_rare,,,
16744,0.0,,too_rare,,,
16745,0.0,,too_rare,,,
16746,5.601613264620211e-05,,too_rare,,,
16747,0.0,,too_rare,,,
16748,0.0,,too_rare,,,
16750,2.8008066323101054e-05,,too_rare,,,
16751,2.8008066323101054e-05,,too_rare,,,
16752,2.8008066323101054e-05,,too_rare,,,
16753,0.0,,too_rare,,,
16754,0.0,,too_rare,,,
16755,0.0,,too_rare,,,
16756,0.0,,too_rare,,,
16757,0.0,,too_rare,,,
16758,0.0,,too_rare,,,
16759,2.8008066323101054e-05,,too_rare,,,
16760,0.0,,too_rare,,,
16761,0.0,,too_rare,,,
16762,0.0,,too_rare,,,
16763,2.8008066323101054e-05,,too_rare,,,
16764,0.0002800806632310105,,too_rare,,,
16765,0.0,,too_rare,,,
16766,0.0,,too_rare,,,
16767,2.8008066323101054e-05,,too_rare,,,
16768,0.0,,too_rare,,,
16769,0.0,,too_rare,,,
16770,0.0,,too_rare,,,
16771,0.0,,too_rare,,,
16772,0.0,,too_rare,,,
16775,0.0,,too_rare,,,
16776,0.0,,too_rare,,,
16777,0.00033609679587721263,,too_rare,,,
16778,0.0,,too_rare,,,
16779,0.0,,too_rare,,,
16780,5.601613264620211e-05,,too_rare,,,
16781,0.0,,too_rare,,,
16782,2.8008066323101054e-05,,too_rare,,,
16783,2.8008066323101054e-05,,too_rare,,,
16784,2.8008066323101054e-05,,too_rare,,,
16785,0.00019605646426170737,,too_rare,,,
16786,0.0,,too_rare,,,
16787,0.0,,too_rare,,,
16788,0.0,,too_rare,,,
16789,0.0004761371274927179,,too_rare,,,
16790,0.0,,too_rare,,,
16791,0.0,,too_rare,,,
16792,2.8008066323101054e-05,,too_rare,,,
16793,0.001092314586600941,,too_rare,,,
16794,0.0,,too_rare,,,
16795,2.8008066323101054e-05,,too_rare,,,
16796,0.0,,too_rare,,,
16797,0.0,,too_rare,,,
16798,0.0,,too_rare,,,
16799,0.0,,too_rare,,,
16800,0.0,,too_rare,,,
16801,0.00014004033161550526,,too_rare,,,
16802,0.0,,too_rare,,,
16803,0.0,,too_rare,,,
16804,0.0,,too_rare,,,
16805,0.0,,too_rare,,,
16806,2.8008066323101054e-05,,too_rare,,,
16807,0.0,,too_rare,,,
16808,0.0,,too_rare,,,
16809,0.007506161774591082,,too_rare,,,
16810,0.0,,too_rare,,,
16811,5.601613264620211e-05,,too_rare,,,
16812,0.0,,too_rare,,,
16813,0.0,,too_rare,,,
16814,0.0,,too_rare,,,
16815,0.0,,too_rare,,,
16816,0.0,,too_rare,,,
16817,0.0,,too_rare,,,
16818,0.0,,too_rare,,,
16819,0.0,,too_rare,,,
16820,0.0,,too_rare,,,
16821,0.0,,too_rare,,,
16822,5.601613264620211e-05,,too_rare,,,
16823,0.0,,too_rare,,,
16824,2.8008066323101054e-05,,too_rare,,,
16825,0.0,,too_rare,,,
16826,0.0,,too_rare,,,
16827,0.0,,too_rare,,,
16828,0.0,,too_rare,,,
16829,0.0,,too_rare,,,
16830,0.0002520725969079095,,too_rare,,,
16831,0.0,,too_rare,,,
16832,0.0,,too_rare,,,
16833,0.0,,too_rare,,,
16834,0.0,,too_rare,,,
16835,0.0004761371274927179,,too_rare,,,
16836,5.601613264620211e-05,,too_rare,,,
16837,2.8008066323101054e-05,,too_rare,,,
16838,0.0,,too_rare,,,
16839,0.005993726193143626,,too_rare,,,
16840,0.0,,too_rare,,,
16841,0.0,,too_rare,,,
16842,0.0,,too_rare,,,
16843,2.8008066323101054e-05,,too_rare,,,
16844,0.0,,too_rare,,,
16845,5.601613264620211e-05,,too_rare,,,
16846,2.8008066323101054e-05,,too_rare,,,
16847,0.0,,too_rare,,,
16848,0.0,,too_rare,,,
16849,0.0,,too_rare,,,
16850,0.0,,too_rare,,,
16851,0.0,,too_rare,,,
16852,0.0,,too_rare,,,
16853,8.402419896930316e-05,,too_rare,,,
16854,0.0,,too_rare,,,
16855,0.0,,too_rare,,,
16856,2.8008066323101054e-05,,too_rare,,,
16857,0.0,,too_rare,,,
16858,0.0,,too_rare,,,
16859,2.8008066323101054e-05,,too_rare,,,
16860,0.0,,too_rare,,,
16861,0.0,,too_rare,,,
16862,0.0,,too_rare,,,
16863,0.0,,too_rare,,,
16864,2.8008066323101054e-05,,too_rare,,,
16865,0.0,,too_rare,,,
16866,0.0,,too_rare,,,
16868,0.0,,too_rare,,,
16869,0.0,,too_rare,,,
16870,0.0,,too_rare,,,
16871,2.8008066323101054e-05,,too_rare,,,
16872,2.8008066323101054e-05,,too_rare,,,
16873,5.601613264620211e-05,,too_rare,,,
16874,0.0,,too_rare,,,
16875,2.8008066323101054e-05,,too_rare,,,
16876,0.0,,too_rare,,,
16877,0.0,,too_rare,,,
16879,0.0,,too_rare,,,
16880,0.005125476137127493,,too_rare,,,
16881,0.0,,too_rare,,,
16882,0.0,,too_rare,,,
16883,8.402419896930316e-05,,too_rare,,,
16884,0.0,,too_rare,,,
16885,0.0,,too_rare,,,
16886,2.8008066323101054e-05,,too_rare,,,
16887,0.0,,too_rare,,,
16888,0.0,,too_rare,,,
16889,0.0,,too_rare,,,
16890,0.0,,too_rare,,,
16891,2.8008066323101054e-05,,too_rare,,,
16892,2.8008066323101054e-05,,too_rare,,,
16893,0.0,,too_rare,,,
16894,2.8008066323101054e-05,,too_rare,,,
16895,2.8008066323101054e-05,,too_rare,,,
16896,0.0,,too_rare,,,
16897,0.0002520725969079095,,too_rare,,,
16898,5.601613264620211e-05,,too_rare,,,
16899,0.0,,too_rare,,,
16900,0.0,,too_rare,,,
16901,2.8008066323101054e-05,,too_rare,,,
16902,0.0,,too_rare,,,
16903,2.8008066323101054e-05,,too_rare,,,
16904,0.0,,too_rare,,,
16905,2.8008066323101054e-05,,too_rare,,,
16906,0.0,,too_rare,,,
16907,0.0,,too_rare,,,
16908,2.8008066323101054e-05,,too_rare,,,
16909,0.0,,too_rare,,,
16910,2.8008066323101054e-05,,too_rare,,,
16911,2.8008066323101054e-05,,too_rare,,,
16912,0.000504145193815819,,too_rare,,,
16913,0.0,,too_rare,,,
16914,0.0,,too_rare,,,
16915,0.0,,too_rare,,,
16916,0.0,,too_rare,,,
16917,0.0,,too_rare,,,
16919,0.0,,too_rare,,,
16920,0.0,,too_rare,,,
16921,0.0,,too_rare,,,
16922,0.0,,too_rare,,,
16923,5.601613264620211e-05,,too_rare,,,
16924,2.8008066323101054e-05,,too_rare,,,
16925,0.0,,too_rare,,,
16926,0.0,,too_rare,,,
16927,0.0,,too_rare,,,
16928,0.0,,too_rare,,,
16929,0.0,,too_rare,,,
16930,0.0,,too_rare,,,
16931,0.0,,too_rare,,,
16932,2.8008066323101054e-05,,too_rare,,,
16933,0.0,,too_rare,,,
16934,0.0,,too_rare,,,
16936,0.0,,too_rare,,,
16937,0.0,,too_rare,,,
16938,0.0,,too_rare,,,
16940,0.0,,too_rare,,,
16941,2.8008066323101054e-05,,too_rare,,,
16942,0.00039211292852341475,,too_rare,,,
16943,0.0,,too_rare,,,
16944,2.8008066323101054e-05,,too_rare,,,
16945,0.0,,too_rare,,,
16946,0.0,,too_rare,,,
16947,0.0,,too_rare,,,
16948,0.0,,too_rare,,,
16949,0.0,,too_rare,,,
16950,0.0,,too_rare,,,
16951,0.0,,too_rare,,,
16953,0.0,,too_rare,,,
16954,0.0,,too_rare,,,
16955,0.0,,too_rare,,,
16956,0.0,,too_rare,,,
16957,2.8008066323101054e-05,,too_rare,,,
16958,0.00019605646426170737,,too_rare,,,
16959,0.0,,too_rare,,,
16960,0.0,,too_rare,,,
16963,8.402419896930316e-05,,too_rare,,,
16964,0.0,,too_rare,,,
16965,2.8008066323101054e-05,,too_rare,,,
16966,2.8008066323101054e-05,,too_rare,,,
16967,0.00011203226529240422,,too_rare,,,
16968,0.0,,too_rare,,,
16969,0.0,,too_rare,,,
16970,0.0,,too_rare,,,
16971,2.8008066323101054e-05,,too_rare,,,
16972,0.0,,too_rare,,,
16973,0.0,,too_rare,,,
16974,0.0,,too_rare,,,
16975,0.0,,too_rare,,,
16976,0.0,,too_rare,,,
16977,0.0,,too_rare,,,
16978,0.0,,too_rare,,,
16979,2.8008066323101054e-05,,too_rare,,,
16980,0.0,,too_rare,,,
16981,0.0,,too_rare,,,
16982,2.8008066323101054e-05,,too_rare,,,
16983,0.0,,too_rare,,,
16984,2.8008066323101054e-05,,too_rare,,,
16985,2.8008066323101054e-05,,too_rare,,,
16986,0.0,,too_rare,,,
16987,0.0,,too_rare,,,
16988,0.006974008514452163,,too_rare,,,
16989,0.0,,too_rare,,,
16990,0.0,,too_rare,,,
16991,0.0,,too_rare,,,
16992,2.8008066323101054e-05,,too_rare,,,
16993,0.0,,too_rare,,,
16994,0.0,,too_rare,,,
16995,0.0,,too_rare,,,
16996,0.0,,too_rare,,,
16997,0.0,,too_rare,,,
16998,5.601613264620211e-05,,too_rare,,,
16999,2.8008066323101054e-05,,too_rare,,,
17001,0.0,,too_rare,,,
17002,2.8008066323101054e-05,,too_rare,,,
17003,2.8008066323101054e-05,,too_rare,,,
17004,2.8008066323101054e-05,,too_rare,,,
17005,0.0,,too_rare,,,
17006,0.0,,too_rare,,,
17007,0.0,,too_rare,,,
17008,0.0,,too_rare,,,
17009,0.0,,too_rare,,,
17010,0.0,,too_rare,,,
17011,0.0,,too_rare,,,
17012,0.0,,too_rare,,,
17013,0.0,,too_rare,,,
17014,0.0,,too_rare,,,
17015,5.601613264620211e-05,,too_rare,,,
17016,2.8008066323101054e-05,,too_rare,,,
17017,0.0,,too_rare,,,
17018,0.0,,too_rare,,,
17019,2.8008066323101054e-05,,too_rare,,,
17020,0.0,,too_rare,,,
17021,2.8008066323101054e-05,,too_rare,,,
17022,0.0,,too_rare,,,
17023,0.0,,too_rare,,,
17024,0.0,,too_rare,,,
17025,0.0,,too_rare,,,
17026,2.8008066323101054e-05,,too_rare,,,
17027,0.0,,too_rare,,,
17028,0.0,,too_rare,,,
17029,0.0,,too_rare,,,
17030,0.0,,too_rare,,,
17031,0.0,,too_rare,,,
17032,0.0,,too_rare,,,
17033,0.0,,too_rare,,,
17034,0.0,,too_rare,,,
17035,0.0,,too_rare,,,
17036,0.0,,too_rare,,,
17037,0.0,,too_rare,,,
17038,0.0,,too_rare,,,
17039,0.0,,too_rare,,,
17040,0.0,,too_rare,,,
17041,0.0,,too_rare,,,
17042,0.0,,too_rare,,,
17043,0.0,,too_rare,,,
17044,2.8008066323101054e-05,,too_rare,,,
17045,0.0,,too_rare,,,
17046,0.0,,too_rare,,,
17047,0.0,,too_rare,,,
17048,0.0,,too_rare,,,
17049,0.0,,too_rare,,,
17050,5.601613264620211e-05,,too_rare,,,
17051,0.0,,too_rare,,,
17053,0.0,,too_rare,,,
17054,0.0,,too_rare,,,
17055,0.0,,too_rare,,,
17056,0.0,,too_rare,,,
17057,0.0,,too_rare,,,
17058,0.0,,too_rare,,,
17059,0.0,,too_rare,,,
17060,0.0,,too_rare,,,
17061,2.8008066323101054e-05,,too_rare,,,
17062,0.00011203226529240422,,too_rare,,,
17063,2.8008066323101054e-05,,too_rare,,,
17064,0.0,,too_rare,,,
17065,0.0,,too_rare,,,
17066,0.0,,too_rare,,,
17067,2.8008066323101054e-05,,too_rare,,,
17068,0.0,,too_rare,,,
17070,0.0,,too_rare,,,
17071,2.8008066323101054e-05,,too_rare,,,
17072,0.007254089177683173,,too_rare,,,
17073,0.0,,too_rare,,,
17074,0.00014004033161550526,,too_rare,,,
17075,0.0,,too_rare,,,
17077,0.0,,too_rare,,,
17078,0.0,,too_rare,,,
17079,0.0,,too_rare,,,
17080,0.0,,too_rare,,,
17081,0.0,,too_rare,,,
17082,0.0,,too_rare,,,
17083,2.8008066323101054e-05,,too_rare,,,
17084,0.0,,too_rare,,,
17085,0.0,,too_rare,,,
17086,0.0,,too_rare,,,
17087,0.0,,too_rare,,,
17088,0.0003080887295541116,,too_rare,,,
17089,0.0,,too_rare,,,
17090,0.0,,too_rare,,,
17091,0.0,,too_rare,,,
17092,0.0,,too_rare,,,
17093,0.0,,too_rare,,,
17094,0.0,,too_rare,,,
17095,0.0,,too_rare,,,
17096,0.0,,too_rare,,,
17097,2.8008066323101054e-05,,too_rare,,,
17098,2.8008066323101054e-05,,too_rare,,,
17099,0.0,,too_rare,,,
17100,2.8008066323101054e-05,,too_rare,,,
17101,0.0,,too_rare,,,
17102,0.0,,too_rare,,,
17103,0.0,,too_rare,,,
17104,0.0,,too_rare,,,
17105,0.0,,too_rare,,,
17106,0.0,,too_rare,,,
17107,0.0008402419896930316,,too_rare,,,
17108,0.0,,too_rare,,,
17109,0.0,,too_rare,,,
17110,0.0,,too_rare,,,
17111,0.0,,too_rare,,,
17112,0.0,,too_rare,,,
17113,0.0,,too_rare,,,
17114,0.0013723952498319516,,too_rare,,,
17115,0.0,,too_rare,,,
17116,0.0,,too_rare,,,
17117,0.0,,too_rare,,,
17118,0.0,,too_rare,,,
17119,0.0,,too_rare,,,
17120,0.0,,too_rare,,,
17121,0.0,,too_rare,,,
17122,2.8008066323101054e-05,,too_rare,,,
17123,0.0,,too_rare,,,
17124,2.8008066323101054e-05,,too_rare,,,
17125,0.0,,too_rare,,,
17126,0.0002800806632310105,,too_rare,,,
17127,0.0,,too_rare,,,
17128,0.0,,too_rare,,,
17129,2.8008066323101054e-05,,too_rare,,,
17130,0.0,,too_rare,,,
17131,0.0,,too_rare,,,
17132,0.0,,too_rare,,,
17133,2.8008066323101054e-05,,too_rare,,,
17134,0.0006441855254313242,,too_rare,,,
17135,0.0,,too_rare,,,
17136,0.0,,too_rare,,,
17137,0.0,,too_rare,,,
17138,0.0008682500560161327,,too_rare,,,
17139,2.8008066323101054e-05,,too_rare,,,
17140,0.0,,too_rare,,,
17141,0.0,,too_rare,,,
17142,8.402419896930316e-05,,too_rare,,,
17143,0.0,,too_rare,,,
17144,0.0012883710508626485,,too_rare,,,
17145,2.8008066323101054e-05,,too_rare,,,
17146,0.0,,too_rare,,,
17147,0.0,,too_rare,,,
17148,0.0,,too_rare,,,
17149,0.0,,too_rare,,,
17150,0.00022406453058480843,,too_rare,,,
17151,0.0,,too_rare,,,
17152,2.8008066323101054e-05,,too_rare,,,
17153,5.601613264620211e-05,,too_rare,,,
17154,5.601613264620211e-05,,too_rare,,,
17155,0.0,,too_rare,,,
17156,0.004453282545373067,,too_rare,,,
17157,8.402419896930316e-05,,too_rare,,,
17158,0.0,,too_rare,,,
17159,0.0,,too_rare,,,
17160,0.0,,too_rare,,,
17161,0.0,,too_rare,,,
17162,2.8008066323101054e-05,,too_rare,,,
17163,0.0,,too_rare,,,
17164,8.402419896930316e-05,,too_rare,,,
17165,0.0,,too_rare,,,
17166,2.8008066323101054e-05,,too_rare,,,
17167,0.0,,too_rare,,,
17168,2.8008066323101054e-05,,too_rare,,,
17169,0.0,,too_rare,,,
17170,0.00033609679587721263,,too_rare,,,
17171,0.0,,too_rare,,,
17172,0.0,,too_rare,,,
17173,0.0,,too_rare,,,
17174,0.0,,too_rare,,,
17175,0.0,,too_rare,,,
17176,0.0,,too_rare,,,
17177,0.0,,too_rare,,,
17178,0.0,,too_rare,,,
17179,0.0,,too_rare,,,
17180,0.0,,too_rare,,,
17181,2.8008066323101054e-05,,too_rare,,,
17182,0.0,,too_rare,,,
17183,0.0,,too_rare,,,
17185,0.002520725969079095,,too_rare,,,
17186,0.0,,too_rare,,,
17187,0.0,,too_rare,,,
17188,2.8008066323101054e-05,,too_rare,,,
17189,0.0,,too_rare,,,
17190,0.00036410486220031366,,too_rare,,,
17191,0.0,,too_rare,,,
17192,5.601613264620211e-05,,too_rare,,,
17193,0.0,,too_rare,,,
17194,0.00033609679587721263,,too_rare,,,
17195,0.0,,too_rare,,,
17196,0.0,,too_rare,,,
17197,0.0,,too_rare,,,
17198,0.0,,too_rare,,,
17199,0.0,,too_rare,,,
17200,0.0,,too_rare,,,
17201,2.8008066323101054e-05,,too_rare,,,
17202,0.0,,too_rare,,,
17203,2.8008066323101054e-05,,too_rare,,,
17204,0.0,,too_rare,,,
17205,0.0004761371274927179,,too_rare,,,
17206,0.0,,too_rare,,,
17207,5.601613264620211e-05,,too_rare,,,
17208,0.0,,too_rare,,,
17209,0.0,,too_rare,,,
17210,0.0,,too_rare,,,
17211,0.0,,too_rare,,,
17212,0.0,,too_rare,,,
17213,0.0,,too_rare,,,
17214,0.0,,too_rare,,,
17215,0.0,,too_rare,,,
17216,0.0,,too_rare,,,
17217,2.8008066323101054e-05,,too_rare,,,
17218,2.8008066323101054e-05,,too_rare,,,
17219,0.0,,too_rare,,,
17220,0.0,,too_rare,,,
17221,0.0,,too_rare,,,
17222,2.8008066323101054e-05,,too_rare,,,
17223,2.8008066323101054e-05,,too_rare,,,
17224,0.0,,too_rare,,,
17225,0.0,,too_rare,,,
17226,0.0,,too_rare,,,
17228,2.8008066323101054e-05,,too_rare,,,
17229,0.0,,too_rare,,,
17230,0.0,,too_rare,,,
17231,2.8008066323101054e-05,,too_rare,,,
17232,0.0,,too_rare,,,
17233,0.0,,too_rare,,,
17234,0.0,,too_rare,,,
17235,0.00011203226529240422,,too_rare,,,
17236,0.0,,too_rare,,,
17237,0.0,,too_rare,,,
17238,0.0,,too_rare,,,
17239,0.0,,too_rare,,,
17240,0.0,,too_rare,,,
17241,0.0,,too_rare,,,
17242,2.8008066323101054e-05,,too_rare,,,
17243,0.0,,too_rare,,,
17244,0.0,,too_rare,,,
17245,0.0,,too_rare,,,
17246,0.0,,too_rare,,,
17247,0.0,,too_rare,,,
17248,0.0,,too_rare,,,
17249,0.0,,too_rare,,,
17250,0.0,,too_rare,,,
17251,0.0,,too_rare,,,
17252,0.0,,too_rare,,,
17253,0.0,,too_rare,,,
17254,0.0,,too_rare,,,
17255,0.0,,too_rare,,,
17256,0.0,,too_rare,,,
17257,0.0,,too_rare,,,
17258,0.0,,too_rare,,,
17259,2.8008066323101054e-05,,too_rare,,,
17260,0.0,,too_rare,,,
17261,2.8008066323101054e-05,,too_rare,,,
17262,0.0,,too_rare,,,
17263,2.8008066323101054e-05,,too_rare,,,
17264,8.402419896930316e-05,,too_rare,,,
17265,0.0,,too_rare,,,
17266,0.0,,too_rare,,,
17267,0.0,,too_rare,,,
17269,0.0,,too_rare,,,
17270,0.0,,too_rare,,,
17271,0.0,,too_rare,,,
17272,0.0,,too_rare,,,
17273,0.0,,too_rare,,,
17274,0.00016804839793860632,,too_rare,,,
17275,0.0,,too_rare,,,
17276,0.0,,too_rare,,,
17277,0.00011203226529240422,,too_rare,,,
17278,2.8008066323101054e-05,,too_rare,,,
17279,2.8008066323101054e-05,,too_rare,,,
17280,0.0,,too_rare,,,
17281,2.8008066323101054e-05,,too_rare,,,
17282,0.0,,too_rare,,,
17283,2.8008066323101054e-05,,too_rare,,,
17284,0.0,,too_rare,,,
17285,0.0,,too_rare,,,
17286,2.8008066323101054e-05,,too_rare,,,
17287,0.0,,too_rare,,,
17288,0.0,,too_rare,,,
17289,0.0,,too_rare,,,
17290,0.0,,too_rare,,,
17291,0.0,,too_rare,,,
17292,0.0,,too_rare,,,
17293,0.0,,too_rare,,,
17294,0.0,,too_rare,,,
17295,0.0,,too_rare,,,
17297,0.0,,too_rare,,,
17298,0.0,,too_rare,,,
17299,0.0,,too_rare,,,
17300,2.8008066323101054e-05,,too_rare,,,
17301,0.0,,too_rare,,,
17302,0.0,,too_rare,,,
17303,0.0,,too_rare,,,
17304,0.0,,too_rare,,,
17305,0.0,,too_rare,,,
17306,2.8008066323101054e-05,,too_rare,,,
17307,0.0,,too_rare,,,
17308,0.0,,too_rare,,,
17309,0.0,,too_rare,,,
17310,0.0,,too_rare,,,
17311,5.601613264620211e-05,,too_rare,,,
17312,2.8008066323101054e-05,,too_rare,,,
17313,0.0,,too_rare,,,
17314,0.0002520725969079095,,too_rare,,,
17315,0.0,,too_rare,,,
17316,0.0,,too_rare,,,
17318,0.0,,too_rare,,,
17319,0.00106430652027784,,too_rare,,,
17320,0.0,,too_rare,,,
17321,2.8008066323101054e-05,,too_rare,,,
17322,0.0,,too_rare,,,
17323,0.0,,too_rare,,,
17324,2.8008066323101054e-05,,too_rare,,,
17325,0.0,,too_rare,,,
17326,0.00039211292852341475,,too_rare,,,
17327,0.0,,too_rare,,,
17328,2.8008066323101054e-05,,too_rare,,,
17329,0.0,,too_rare,,,
17330,0.0,,too_rare,,,
17331,0.0,,too_rare,,,
17332,0.0,,too_rare,,,
17333,0.0,,too_rare,,,
17334,2.8008066323101054e-05,,too_rare,,,
17335,0.0,,too_rare,,,
17336,0.0,,too_rare,,,
17337,0.0,,too_rare,,,
17338,0.0,,too_rare,,,
17339,0.0,,too_rare,,,
17340,0.00019605646426170737,,too_rare,,,
17341,0.0,,too_rare,,,
17342,0.0,,too_rare,,,
17343,0.00022406453058480843,,too_rare,,,
17345,0.0,,too_rare,,,
17346,0.0,,too_rare,,,
17347,0.0,,too_rare,,,
17348,0.0,,too_rare,,,
17349,0.0,,too_rare,,,
17350,0.0,,too_rare,,,
17351,0.0,,too_rare,,,
17352,0.0,,too_rare,,,
17353,0.0009522742549854358,,too_rare,,,
17354,0.0,,too_rare,,,
17355,0.0,,too_rare,,,
17356,0.0,,too_rare,,,
17357,0.0,,too_rare,,,
17358,0.0,,too_rare,,,
17359,0.0003080887295541116,,too_rare,,,
17360,2.8008066323101054e-05,,too_rare,,,
17361,0.0,,too_rare,,,
17362,0.0,,too_rare,,,
17363,0.0,,too_rare,,,
17364,0.0,,too_rare,,,
17365,0.0,,too_rare,,,
17366,0.0,,too_rare,,,
17367,2.8008066323101054e-05,,too_rare,,,
17368,0.0,,too_rare,,,
17369,0.0,,too_rare,,,
17370,0.0,,too_rare,,,
17371,2.8008066323101054e-05,,too_rare,,,
17372,0.0,,too_rare,,,
17373,0.0,,too_rare,,,
17374,0.0,,too_rare,,,
17375,0.0,,too_rare,,,
17376,0.0,,too_rare,,,
17377,0.0,,too_rare,,,
17378,0.0,,too_rare,,,
17379,2.8008066323101054e-05,,too_rare,,,
17380,0.0,,too_rare,,,
17381,0.0,,too_rare,,,
17383,0.0,,too_rare,,,
17384,0.0,,too_rare,,,
17385,0.0,,too_rare,,,
17386,0.0,,too_rare,,,
17387,0.0,,too_rare,,,
17388,0.0,,too_rare,,,
17389,0.0,,too_rare,,,
17390,0.0,,too_rare,,,
17391,0.0,,too_rare,,,
17392,0.0,,too_rare,,,
17393,0.0,,too_rare,,,
17394,2.8008066323101054e-05,,too_rare,,,
17395,5.601613264620211e-05,,too_rare,,,
17396,0.0,,too_rare,,,
17397,0.0,,too_rare,,,
17398,0.0,,too_rare,,,
17399,0.0,,too_rare,,,
17400,0.0,,too_rare,,,
17401,0.0,,too_rare,,,
17402,0.0,,too_rare,,,
17403,0.0,,too_rare,,,
17404,0.0,,too_rare,,,
17405,0.0,,too_rare,,,
17406,0.0,,too_rare,,,
17407,0.0,,too_rare,,,
17408,5.601613264620211e-05,,too_rare,,,
17409,0.0,,too_rare,,,
17410,2.8008066323101054e-05,,too_rare,,,
17411,0.0,,too_rare,,,
17412,0.0,,too_rare,,,
17413,0.0,,too_rare,,,
17414,0.0,,too_rare,,,
17415,0.0,,too_rare,,,
17416,0.0,,too_rare,,,
17417,0.0,,too_rare,,,
17418,0.0,,too_rare,,,
17419,0.0,,too_rare,,,
17420,0.0,,too_rare,,,
17421,0.0,,too_rare,,,
17422,2.8008066323101054e-05,,too_rare,,,
17423,0.0,,too_rare,,,
17424,0.0,,too_rare,,,
17425,0.00019605646426170737,,too_rare,,,
17426,0.007114048846067668,,too_rare,,,
17427,0.0,,too_rare,,,
17428,0.0,,too_rare,,,
17429,0.0,,too_rare,,,
17430,0.0,,too_rare,,,
17431,0.0,,too_rare,,,
17432,0.0,,too_rare,,,
17433,2.8008066323101054e-05,,too_rare,,,
17434,0.0,,too_rare,,,
17435,0.0,,too_rare,,,
17436,0.0,,too_rare,,,
17437,0.0,,too_rare,,,
17438,2.8008066323101054e-05,,too_rare,,,
17439,0.0,,too_rare,,,
17440,2.8008066323101054e-05,,too_rare,,,
17441,0.0,,too_rare,,,
17442,8.402419896930316e-05,,too_rare,,,
17443,0.0,,too_rare,,,
17444,0.0,,too_rare,,,
17445,0.0,,too_rare,,,
17446,0.006161774591082232,,too_rare,,,
17447,0.0,,too_rare,,,
17448,0.0,,too_rare,,,
17450,0.0,,too_rare,,,
17451,0.0,,too_rare,,,
17452,0.0,,too_rare,,,
17453,0.0,,too_rare,,,
17454,0.0,,too_rare,,,
17455,0.007142056912390769,,too_rare,,,
17456,0.0,,too_rare,,,
17457,0.0,,too_rare,,,
17458,0.0,,too_rare,,,
17459,0.0,,too_rare,,,
17460,0.0,,too_rare,,,
17461,0.0,,too_rare,,,
17462,0.0,,too_rare,,,
17463,0.0,,too_rare,,,
17465,0.0,,too_rare,,,
17466,0.0,,too_rare,,,
17467,0.0,,too_rare,,,
17468,0.0,,too_rare,,,
17469,0.0,,too_rare,,,
17470,2.8008066323101054e-05,,too_rare,,,
17471,0.0,,too_rare,,,
17472,0.00011203226529240422,,too_rare,,,
17473,0.0,,too_rare,,,
17474,0.0,,too_rare,,,
17475,2.8008066323101054e-05,,too_rare,,,
17476,0.0,,too_rare,,,
17477,0.0,,too_rare,,,
17478,0.0,,too_rare,,,
17479,2.8008066323101054e-05,,too_rare,,,
17480,0.0,,too_rare,,,
17481,0.0,,too_rare,,,
17482,0.0,,too_rare,,,
17483,0.0,,too_rare,,,
17484,0.0,,too_rare,,,
17485,0.0,,too_rare,,,
17486,0.0,,too_rare,,,
17487,0.0,,too_rare,,,
17488,0.0,,too_rare,,,
17489,2.8008066323101054e-05,,too_rare,,,
17490,0.001008290387631638,,too_rare,,,
17491,0.0,,too_rare,,,
17492,0.000980282321308537,,too_rare,,,
17493,0.0,,too_rare,,,
17494,0.0,,too_rare,,,
17495,0.0,,too_rare,,,
17496,0.0,,too_rare,,,
17497,0.0,,too_rare,,,
17498,0.0028848308312794083,,too_rare,,,
17499,0.007674210172529688,,too_rare,,,
17500,0.0,,too_rare,,,
17501,0.0,,too_rare,,,
17502,2.8008066323101054e-05,,too_rare,,,
17503,0.0,,too_rare,,,
17505,0.0,,too_rare,,,
17506,0.0,,too_rare,,,
17507,0.0,,too_rare,,,
17508,0.0,,too_rare,,,
17509,0.0,,too_rare,,,
17510,0.0,,too_rare,,,
17511,0.0,,too_rare,,,
17512,0.0,,too_rare,,,
17513,0.0,,too_rare,,,
17514,0.0,,too_rare,,,
17515,0.0,,too_rare,,,
17516,0.0,,too_rare,,,
17517,0.0,,too_rare,,,
17518,0.0,,too_rare,,,
17519,0.0,,too_rare,,,
17520,2.8008066323101054e-05,,too_rare,,,
17521,0.0,,too_rare,,,
17522,0.0,,too_rare,,,
17523,0.0,,too_rare,,,
17524,0.0,,too_rare,,,
17525,0.0,,too_rare,,,
17526,0.00036410486220031366,,too_rare,,,
17527,0.0,,too_rare,,,
17528,0.00014004033161550526,,too_rare,,,
17529,5.601613264620211e-05,,too_rare,,,
17530,0.0,,too_rare,,,
17531,5.601613264620211e-05,,too_rare,,,
17532,0.001008290387631638,,too_rare,,,
17533,0.0,,too_rare,,,
17534,0.0,,too_rare,,,
17535,0.0,,too_rare,,,
17536,2.8008066323101054e-05,,too_rare,,,
17537,0.0,,too_rare,,,
17538,0.0,,too_rare,,,
17539,0.0004201209948465158,,too_rare,,,
17540,0.0,,too_rare,,,
17542,0.0,,too_rare,,,
17543,2.8008066323101054e-05,,too_rare,,,
17544,0.0,,too_rare,,,
17545,2.8008066323101054e-05,,too_rare,,,
17546,0.0,,too_rare,,,
17547,0.0,,too_rare,,,
17548,0.0,,too_rare,,,
17549,2.8008066323101054e-05,,too_rare,,,
17551,0.0003080887295541116,,too_rare,,,
17552,0.0,,too_rare,,,
17553,0.0,,too_rare,,,
17554,2.8008066323101054e-05,,too_rare,,,
17555,5.601613264620211e-05,,too_rare,,,
17556,0.0,,too_rare,,,
17557,0.0,,too_rare,,,
17558,0.0,,too_rare,,,
17559,0.0,,too_rare,,,
17561,0.0,,too_rare,,,
17562,0.0,,too_rare,,,
17563,0.0,,too_rare,,,
17564,0.0,,too_rare,,,
17565,0.0,,too_rare,,,
17566,0.0,,too_rare,,,
17567,0.0,,too_rare,,,
17568,0.0,,too_rare,,,
17569,0.0,,too_rare,,,
17570,0.0,,too_rare,,,
17571,0.0,,too_rare,,,
17572,2.8008066323101054e-05,,too_rare,,,
17573,0.0,,too_rare,,,
17574,0.0,,too_rare,,,
17575,0.0,,too_rare,,,
17576,0.0,,too_rare,,,
17577,0.0,,too_rare,,,
17578,0.0,,too_rare,,,
17579,0.0,,too_rare,,,
17580,0.0,,too_rare,,,
17581,0.001512435581447457,,too_rare,,,
17582,2.8008066323101054e-05,,too_rare,,,
17583,0.0,,too_rare,,,
17584,0.0,,too_rare,,,
17585,0.0,,too_rare,,,
17586,0.0,,too_rare,,,
17587,2.8008066323101054e-05,,too_rare,,,
17588,0.0,,too_rare,,,
17589,0.0,,too_rare,,,
17590,0.0,,too_rare,,,
17591,0.0,,too_rare,,,
17592,0.0,,too_rare,,,
17593,2.8008066323101054e-05,,too_rare,,,
17594,0.0,,too_rare,,,
17595,0.0,,too_rare,,,
17596,0.0,,too_rare,,,
17597,2.8008066323101054e-05,,too_rare,,,
17598,2.8008066323101054e-05,,too_rare,,,
17599,0.0,,too_rare,,,
17600,0.0,,too_rare,,,
17601,0.0,,too_rare,,,
17602,0.0,,too_rare,,,
17603,2.8008066323101054e-05,,too_rare,,,
17604,5.601613264620211e-05,,too_rare,,,
17605,0.0,,too_rare,,,
17606,0.0,,too_rare,,,
17607,0.0,,too_rare,,,
17608,0.0,,too_rare,,,
17609,2.8008066323101054e-05,,too_rare,,,
17610,0.0,,too_rare,,,
17611,0.0,,too_rare,,,
17612,0.0,,too_rare,,,
17613,0.0,,too_rare,,,
17614,0.0,,too_rare,,,
17615,0.0,,too_rare,,,
17616,0.0,,too_rare,,,
17617,2.8008066323101054e-05,,too_rare,,,
17618,0.0,,too_rare,,,
17619,8.402419896930316e-05,,too_rare,,,
17620,0.0,,too_rare,,,
17621,0.0,,too_rare,,,
17622,0.0,,too_rare,,,
17623,0.0,,too_rare,,,
17624,0.0,,too_rare,,,
17626,0.0,,too_rare,,,
17627,0.0,,too_rare,,,
17628,0.0,,too_rare,,,
17629,0.0,,too_rare,,,
17630,0.0,,too_rare,,,
17631,0.0,,too_rare,,,
17632,0.0,,too_rare,,,
17633,0.0,,too_rare,,,
17634,2.8008066323101054e-05,,too_rare,,,
17635,0.0,,too_rare,,,
17636,2.8008066323101054e-05,,too_rare,,,
17637,0.0,,too_rare,,,
17638,0.0,,too_rare,,,
17639,2.8008066323101054e-05,,too_rare,,,
17640,0.0,,too_rare,,,
17641,0.0,,too_rare,,,
17642,0.0,,too_rare,,,
17643,0.0,,too_rare,,,
17644,0.0,,too_rare,,,
17645,0.0,,too_rare,,,
17646,2.8008066323101054e-05,,too_rare,,,
17647,0.0,,too_rare,,,
17648,0.0,,too_rare,,,
17649,0.0,,too_rare,,,
17650,0.0,,too_rare,,,
17651,0.0,,too_rare,,,
17652,0.0,,too_rare,,,
17653,0.0,,too_rare,,,
17654,0.0,,too_rare,,,
17655,0.0,,too_rare,,,
17656,2.8008066323101054e-05,,too_rare,,,
17657,0.0,,too_rare,,,
17658,0.0009242661886623348,,too_rare,,,
17659,0.0,,too_rare,,,
17660,2.8008066323101054e-05,,too_rare,,,
17661,0.0,,too_rare,,,
17662,0.0,,too_rare,,,
17663,0.0,,too_rare,,,
17664,2.8008066323101054e-05,,too_rare,,,
17665,0.0,,too_rare,,,
17667,0.0,,too_rare,,,
17668,0.0,,too_rare,,,
17669,0.0,,too_rare,,,
17670,0.0,,too_rare,,,
17671,0.0,,too_rare,,,
17672,0.0,,too_rare,,,
17673,0.0,,too_rare,,,
17674,0.0,,too_rare,,,
17675,0.0,,too_rare,,,
17676,0.0,,too_rare,,,
17677,0.0,,too_rare,,,
17678,0.0,,too_rare,,,
17679,0.0,,too_rare,,,
17680,0.0,,too_rare,,,
17681,0.0,,too_rare,,,
17683,2.8008066323101054e-05,,too_rare,,,
17684,2.8008066323101054e-05,,too_rare,,,
17685,0.0,,too_rare,,,
17686,0.0,,too_rare,,,
17687,0.0,,too_rare,,,
17688,0.0,,too_rare,,,
17689,8.402419896930316e-05,,too_rare,,,
17690,2.8008066323101054e-05,,too_rare,,,
17691,2.8008066323101054e-05,,too_rare,,,
17692,2.8008066323101054e-05,,too_rare,,,
17693,0.0,,too_rare,,,
17694,0.0,,too_rare,,,
17695,0.0,,too_rare,,,
17696,0.0,,too_rare,,,
17697,0.0,,too_rare,,,
17698,0.0,,too_rare,,,
17699,0.0,,too_rare,,,
17700,0.0,,too_rare,,,
17701,0.0,,too_rare,,,
17702,2.8008066323101054e-05,,too_rare,,,
17703,0.00014004033161550526,,too_rare,,,
17704,0.0,,too_rare,,,
17705,0.0002800806632310105,,too_rare,,,
17706,0.0,,too_rare,,,
17707,0.0,,too_rare,,,
17709,0.0,,too_rare,,,
17710,0.0,,too_rare,,,
17711,0.0,,too_rare,,,
17712,0.0,,too_rare,,,
17713,0.0,,too_rare,,,
17714,0.0,,too_rare,,,
17715,8.402419896930316e-05,,too_rare,,,
17716,0.0,,too_rare,,,
17717,2.8008066323101054e-05,,too_rare,,,
17718,8.402419896930316e-05,,too_rare,,,
17719,0.006693927851221151,,too_rare,,,
17720,0.0,,too_rare,,,
17721,5.601613264620211e-05,,too_rare,,,
17722,0.0,,too_rare,,,
17723,0.0,,too_rare,,,
17724,0.0,,too_rare,,,
17725,0.0,,too_rare,,,
17726,0.00011203226529240422,,too_rare,,,
17727,0.0,,too_rare,,,
17728,0.0,,too_rare,,,
17729,2.8008066323101054e-05,,too_rare,,,
17730,8.402419896930316e-05,,too_rare,,,
17731,0.0,,too_rare,,,
17732,0.0,,too_rare,,,
17733,0.0,,too_rare,,,
17734,0.0,,too_rare,,,
17735,5.601613264620211e-05,,too_rare,,,
17736,0.0,,too_rare,,,
17737,0.0,,too_rare,,,
17738,2.8008066323101054e-05,,too_rare,,,
17739,0.0,,too_rare,,,
17740,2.8008066323101054e-05,,too_rare,,,
17741,0.0,,too_rare,,,
17742,0.0,,too_rare,,,
17743,0.0,,too_rare,,,
17744,0.0,,too_rare,,,
17745,0.0,,too_rare,,,
17746,0.00039211292852341475,,too_rare,,,
17747,0.0,,too_rare,,,
17748,0.0,,too_rare,,,
17749,0.0,,too_rare,,,
17750,0.0,,too_rare,,,
17751,0.0,,too_rare,,,
17752,0.0,,too_rare,,,
17753,2.8008066323101054e-05,,too_rare,,,
17754,0.0,,too_rare,,,
17755,2.8008066323101054e-05,,too_rare,,,
17756,0.0,,too_rare,,,
17757,0.0,,too_rare,,,
17758,2.8008066323101054e-05,,too_rare,,,
17759,0.0,,too_rare,,,
17760,0.0,,too_rare,,,
17761,0.0,,too_rare,,,
17762,0.0,,too_rare,,,
17764,2.8008066323101054e-05,,too_rare,,,
17765,8.402419896930316e-05,,too_rare,,,
17766,0.0,,too_rare,,,
17767,0.0,,too_rare,,,
17768,0.00036410486220031366,,too_rare,,,
17769,0.0,,too_rare,,,
17770,0.0,,too_rare,,,
17771,0.0,,too_rare,,,
17772,5.601613264620211e-05,,too_rare,,,
17773,0.0,,too_rare,,,
17774,0.0,,too_rare,,,
17775,0.0,,too_rare,,,
17776,0.0,,too_rare,,,
17777,0.0,,too_rare,,,
17778,0.0,,too_rare,,,
17779,0.0,,too_rare,,,
17780,0.0,,too_rare,,,
17781,0.0,,too_rare,,,
17782,0.0,,too_rare,,,
17783,0.0,,too_rare,,,
17784,0.0,,too_rare,,,
17785,0.0,,too_rare,,,
17786,0.0,,too_rare,,,
17787,0.0,,too_rare,,,
17788,0.00014004033161550526,,too_rare,,,
17789,0.0,,too_rare,,,
17790,0.0,,too_rare,,,
17791,0.0,,too_rare,,,
17792,0.0,,too_rare,,,
17793,0.0,,too_rare,,,
17794,0.0,,too_rare,,,
17795,0.0,,too_rare,,,
17796,0.0,,too_rare,,,
17797,0.0,,too_rare,,,
17798,0.0,,too_rare,,,
17799,0.0,,too_rare,,,
17800,0.0,,too_rare,,,
17801,0.0,,too_rare,,,
17802,0.0,,too_rare,,,
17803,0.0,,too_rare,,,
17804,2.8008066323101054e-05,,too_rare,,,
17805,0.0,,too_rare,,,
17806,0.0,,too_rare,,,
17807,0.0,,too_rare,,,
17808,0.001092314586600941,,too_rare,,,
17809,0.0,,too_rare,,,
17810,0.002240645305848084,,too_rare,,,
17811,0.0,,too_rare,,,
17812,2.8008066323101054e-05,,too_rare,,,
17813,0.0,,too_rare,,,
17814,0.0,,too_rare,,,
17815,2.8008066323101054e-05,,too_rare,,,
17816,0.0,,too_rare,,,
17817,0.0,,too_rare,,,
17818,0.00014004033161550526,,too_rare,,,
17819,0.0,,too_rare,,,
17821,0.0,,too_rare,,,
17822,0.0,,too_rare,,,
17823,2.8008066323101054e-05,,too_rare,,,
17824,0.0,,too_rare,,,
17825,0.0,,too_rare,,,
17826,0.003809097019941743,,too_rare,,,
17827,0.0,,too_rare,,,
17828,0.0,,too_rare,,,
17829,0.0,,too_rare,,,
17830,8.402419896930316e-05,,too_rare,,,
17832,0.0,,too_rare,,,
17833,0.0,,too_rare,,,
17834,0.0,,too_rare,,,
17835,0.0,,too_rare,,,
17836,0.0,,too_rare,,,
17837,0.0,,too_rare,,,
17838,0.0,,too_rare,,,
17839,5.601613264620211e-05,,too_rare,,,
17840,0.0,,too_rare,,,
17842,0.0,,too_rare,,,
17843,2.8008066323101054e-05,,too_rare,,,
17844,2.8008066323101054e-05,,too_rare,,,
17845,0.0,,too_rare,,,
17846,0.0,,too_rare,,,
17847,0.0,,too_rare,,,
17849,0.0,,too_rare,,,
17850,2.8008066323101054e-05,,too_rare,,,
17851,0.0,,too_rare,,,
17852,0.0,,too_rare,,,
17853,0.0,,too_rare,,,
17854,0.0,,too_rare,,,
17855,0.0,,too_rare,,,
17856,0.0,,too_rare,,,
17857,0.0007562177907237285,,too_rare,,,
17858,0.0,,too_rare,,,
17859,5.601613264620211e-05,,too_rare,,,
17860,0.0002520725969079095,,too_rare,,,
17861,0.0,,too_rare,,,
17863,2.8008066323101054e-05,,too_rare,,,
17864,0.0,,too_rare,,,
17865,0.0,,too_rare,,,
17866,0.0,,too_rare,,,
17867,0.0,,too_rare,,,
17868,0.0,,too_rare,,,
17869,0.0,,too_rare,,,
17870,0.0,,too_rare,,,
17871,0.0,,too_rare,,,
17872,0.0,,too_rare,,,
17873,2.8008066323101054e-05,,too_rare,,,
17874,0.0,,too_rare,,,
17875,0.0,,too_rare,,,
17876,0.0,,too_rare,,,
17877,8.402419896930316e-05,,too_rare,,,
17878,0.001484427515124356,,too_rare,,,
17879,5.601613264620211e-05,,too_rare,,,
17880,0.00039211292852341475,,too_rare,,,
17881,0.0,,too_rare,,,
17882,0.0,,too_rare,,,
17883,0.0,,too_rare,,,
17884,0.0,,too_rare,,,
17885,0.0,,too_rare,,,
17886,0.0,,too_rare,,,
17888,0.0,,too_rare,,,
17889,0.0,,too_rare,,,
17890,0.0,,too_rare,,,
17891,0.0,,too_rare,,,
17892,2.8008066323101054e-05,,too_rare,,,
17893,0.0,,too_rare,,,
17894,0.0,,too_rare,,,
17896,0.0,,too_rare,,,
17897,0.0,,too_rare,,,
17898,0.0,,too_rare,,,
17899,5.601613264620211e-05,,too_rare,,,
17900,0.0,,too_rare,,,
17901,0.0,,too_rare,,,
17902,0.0,,too_rare,,,
17903,0.0,,too_rare,,,
17904,0.0,,too_rare,,,
17905,0.0,,too_rare,,,
17906,0.00011203226529240422,,too_rare,,,
17907,0.0,,too_rare,,,
17908,0.0,,too_rare,,,
17909,0.0,,too_rare,,,
17910,2.8008066323101054e-05,,too_rare,,,
17911,0.0,,too_rare,,,
17912,0.0,,too_rare,,,
17913,0.0,,too_rare,,,
17914,0.0,,too_rare,,,
17915,0.0,,too_rare,,,
17916,5.601613264620211e-05,,too_rare,,,
17917,0.0,,too_rare,,,
17918,0.0,,too_rare,,,
17919,0.0,,too_rare,,,
17920,0.0,,too_rare,,,
17921,8.402419896930316e-05,,too_rare,,,
17922,0.0,,too_rare,,,
17923,0.0,,too_rare,,,
17924,0.0,,too_rare,,,
17925,0.0,,too_rare,,,
17926,0.0,,too_rare,,,
17927,2.8008066323101054e-05,,too_rare,,,
17928,0.0,,too_rare,,,
17929,0.0,,too_rare,,,
17930,0.0,,too_rare,,,
17932,2.8008066323101054e-05,,too_rare,,,
17933,0.0,,too_rare,,,
17934,0.0,,too_rare,,,
17935,0.0,,too_rare,,,
17936,0.0,,too_rare,,,
17937,5.601613264620211e-05,,too_rare,,,
17938,0.0,,too_rare,,,
17939,0.0,,too_rare,,,
17940,0.0,,too_rare,,,
17941,2.8008066323101054e-05,,too_rare,,,
17942,0.0,,too_rare,,,
17943,0.0,,too_rare,,,
17944,0.0,,too_rare,,,
17945,0.0,,too_rare,,,
17946,0.0,,too_rare,,,
17947,2.8008066323101054e-05,,too_rare,,,
17948,2.8008066323101054e-05,,too_rare,,,
17949,2.8008066323101054e-05,,too_rare,,,
17950,0.0,,too_rare,,,
17951,8.402419896930316e-05,,too_rare,,,
17952,5.601613264620211e-05,,too_rare,,,
17953,5.601613264620211e-05,,too_rare,,,
17954,0.0,,too_rare,,,
17955,0.0,,too_rare,,,
17956,8.402419896930316e-05,,too_rare,,,
17957,0.0,,too_rare,,,
17958,0.0,,too_rare,,,
17959,0.0,,too_rare,,,
17960,0.0,,too_rare,,,
17961,0.0,,too_rare,,,
17962,5.601613264620211e-05,,too_rare,,,
17963,2.8008066323101054e-05,,too_rare,,,
17964,0.0,,too_rare,,,
17966,8.402419896930316e-05,,too_rare,,,
17967,0.0,,too_rare,,,
17969,0.0,,too_rare,,,
17971,0.0,,too_rare,,,
17972,0.0,,too_rare,,,
17973,0.0,,too_rare,,,
17974,0.0,,too_rare,,,
17975,0.0,,too_rare,,,
17976,8.402419896930316e-05,,too_rare,,,
17977,2.8008066323101054e-05,,too_rare,,,
17978,2.8008066323101054e-05,,too_rare,,,
17979,0.0,,too_rare,,,
17980,0.0,,too_rare,,,
17981,0.0,,too_rare,,,
17983,0.0,,too_rare,,,
17984,0.0,,too_rare,,,
17985,2.8008066323101054e-05,,too_rare,,,
17986,0.0,,too_rare,,,
17987,0.0,,too_rare,,,
17988,0.0,,too_rare,,,
17989,2.8008066323101054e-05,,too_rare,,,
17990,0.0,,too_rare,,,
17991,0.0,,too_rare,,,
17992,0.0,,too_rare,,,
17993,0.0,,too_rare,,,
17994,0.0,,too_rare,,,
17995,0.0,,too_rare,,,
17996,0.0,,too_rare,,,
17997,2.8008066323101054e-05,,too_rare,,,
17998,0.0,,too_rare,,,
17999,0.0,,too_rare,,,
18000,2.8008066323101054e-05,,too_rare,,,
18001,0.0,,too_rare,,,
18002,5.601613264620211e-05,,too_rare,,,
18003,0.0,,too_rare,,,
18004,0.0,,too_rare,,,
18005,0.0,,too_rare,,,
18006,0.0,,too_rare,,,
18007,0.0,,too_rare,,,
18008,0.004481290611696168,,too_rare,,,
18009,0.0,,too_rare,,,
18010,2.8008066323101054e-05,,too_rare,,,
18011,0.0,,too_rare,,,
18012,0.0,,too_rare,,,
18013,0.0,,too_rare,,,
18014,0.0,,too_rare,,,
18015,2.8008066323101054e-05,,too_rare,,,
18016,0.0,,too_rare,,,
18017,2.8008066323101054e-05,,too_rare,,,
18018,0.0,,too_rare,,,
18019,0.0,,too_rare,,,
18020,5.601613264620211e-05,,too_rare,,,
18021,0.0,,too_rare,,,
18023,0.0,,too_rare,,,
18024,0.0,,too_rare,,,
18025,2.8008066323101054e-05,,too_rare,,,
18026,0.0,,too_rare,,,
18027,0.0,,too_rare,,,
18028,0.0,,too_rare,,,
18029,0.0,,too_rare,,,
18030,0.0046213309433116734,,too_rare,,,
18031,0.0,,too_rare,,,
18032,0.0,,too_rare,,,
18033,0.0,,too_rare,,,
18034,0.0,,too_rare,,,
18035,0.004369258346403764,,too_rare,,,
18037,0.0,,too_rare,,,
18038,2.8008066323101054e-05,,too_rare,,,
18039,0.0,,too_rare,,,
18040,0.0,,too_rare,,,
18041,0.0,,too_rare,,,
18042,0.0,,too_rare,,,
18043,8.402419896930316e-05,,too_rare,,,
18044,0.0,,too_rare,,,
18045,0.0,,too_rare,,,
18046,0.0,,too_rare,,,
18047,0.0,,too_rare,,,
18048,0.0,,too_rare,,,
18049,2.8008066323101054e-05,,too_rare,,,
18050,0.0,,too_rare,,,
18051,8.402419896930316e-05,,too_rare,,,
18053,0.0,,too_rare,,,
18054,8.402419896930316e-05,,too_rare,,,
18055,0.008430427963253417,,too_rare,,,
18056,0.0,,too_rare,,,
18057,0.0,,too_rare,,,
18058,0.0,,too_rare,,,
18059,0.0,,too_rare,,,
18060,2.8008066323101054e-05,,too_rare,,,
18061,0.0,,too_rare,,,
18062,0.0,,too_rare,,,
18063,0.0,,too_rare,,,
18064,0.0,,too_rare,,,
18065,0.00011203226529240422,,too_rare,,,
18066,0.00014004033161550526,,too_rare,,,
18067,2.8008066323101054e-05,,too_rare,,,
18068,8.402419896930316e-05,,too_rare,,,
18069,2.8008066323101054e-05,,too_rare,,,
18070,0.0,,too_rare,,,
18071,2.8008066323101054e-05,,too_rare,,,
18072,0.0,,too_rare,,,
18073,0.0,,too_rare,,,
18074,2.8008066323101054e-05,,too_rare,,,
18075,0.0,,too_rare,,,
18076,5.601613264620211e-05,,too_rare,,,
18077,0.0,,too_rare,,,
18078,0.0,,too_rare,,,
18079,0.0,,too_rare,,,
18080,0.0,,too_rare,,,
18081,0.0,,too_rare,,,
18082,0.0,,too_rare,,,
18083,2.8008066323101054e-05,,too_rare,,,
18084,2.8008066323101054e-05,,too_rare,,,
18085,0.0,,too_rare,,,
18086,0.0,,too_rare,,,
18087,2.8008066323101054e-05,,too_rare,,,
18088,0.0,,too_rare,,,
18089,0.0,,too_rare,,,
18090,0.0,,too_rare,,,
18091,0.0,,too_rare,,,
18092,0.0,,too_rare,,,
18093,0.0,,too_rare,,,
18094,0.0,,too_rare,,,
18095,0.0,,too_rare,,,
18096,0.0,,too_rare,,,
18098,0.0,,too_rare,,,
18099,0.0,,too_rare,,,
18100,0.0,,too_rare,,,
18101,0.0,,too_rare,,,
18102,0.0,,too_rare,,,
18103,0.0,,too_rare,,,
18104,0.0,,too_rare,,,
18105,0.0,,too_rare,,,
18106,0.0,,too_rare,,,
18107,0.0,,too_rare,,,
18108,0.0,,too_rare,,,
18109,2.8008066323101054e-05,,too_rare,,,
18110,0.0004761371274927179,,too_rare,,,
18111,0.0,,too_rare,,,
18112,0.0,,too_rare,,,
18113,0.0,,too_rare,,,
18114,0.0,,too_rare,,,
18115,0.0,,too_rare,,,
18116,0.0,,too_rare,,,
18117,0.0,,too_rare,,,
18118,0.0,,too_rare,,,
18119,0.0,,too_rare,,,
18120,0.0,,too_rare,,,
18121,2.8008066323101054e-05,,too_rare,,,
18122,0.0,,too_rare,,,
18123,0.0,,too_rare,,,
18124,0.0,,too_rare,,,
18125,0.0,,too_rare,,,
18126,0.0,,too_rare,,,
18127,0.0,,too_rare,,,
18129,2.8008066323101054e-05,,too_rare,,,
18130,0.0,,too_rare,,,
18131,0.0,,too_rare,,,
18132,0.0,,too_rare,,,
18133,0.0,,too_rare,,,
18135,0.0,,too_rare,,,
18136,0.0,,too_rare,,,
18137,0.0,,too_rare,,,
18138,0.0,,too_rare,,,
18139,0.0,,too_rare,,,
18141,0.0,,too_rare,,,
18142,0.0,,too_rare,,,
18143,0.0,,too_rare,,,
18144,0.0,,too_rare,,,
18145,0.0,,too_rare,,,
18146,0.0,,too_rare,,,
18147,0.0,,too_rare,,,
18148,0.0,,too_rare,,,
18149,0.0,,too_rare,,,
18150,0.0,,too_rare,,,
18151,2.8008066323101054e-05,,too_rare,,,
18152,2.8008066323101054e-05,,too_rare,,,
18153,5.601613264620211e-05,,too_rare,,,
18154,2.8008066323101054e-05,,too_rare,,,
18155,0.0,,too_rare,,,
18156,0.0,,too_rare,,,
18157,0.0,,too_rare,,,
18158,0.0,,too_rare,,,
18159,0.0,,too_rare,,,
18160,0.0,,too_rare,,,
18161,0.0,,too_rare,,,
18162,0.0,,too_rare,,,
18163,0.0,,too_rare,,,
18164,0.0,,too_rare,,,
18165,0.0,,too_rare,,,
18166,0.0,,too_rare,,,
18167,2.8008066323101054e-05,,too_rare,,,
18168,0.0,,too_rare,,,
18169,0.0,,too_rare,,,
18170,2.8008066323101054e-05,,too_rare,,,
18171,0.0,,too_rare,,,
18172,0.0,,too_rare,,,
18173,8.402419896930316e-05,,too_rare,,,
18174,0.0,,too_rare,,,
18175,0.0,,too_rare,,,
18176,0.0,,too_rare,,,
18177,0.0,,too_rare,,,
18178,0.0,,too_rare,,,
18179,0.0,,too_rare,,,
18180,0.0,,too_rare,,,
18181,0.0,,too_rare,,,
18182,0.0003080887295541116,,too_rare,,,
18183,0.0,,too_rare,,,
18184,0.0,,too_rare,,,
18185,0.0,,too_rare,,,
18186,2.8008066323101054e-05,,too_rare,,,
18187,0.0,,too_rare,,,
18188,5.601613264620211e-05,,too_rare,,,
18190,0.0,,too_rare,,,
18191,0.0,,too_rare,,,
18193,0.0,,too_rare,,,
18194,0.0,,too_rare,,,
18195,0.0,,too_rare,,,
18196,0.0,,too_rare,,,
18197,0.001120322652924042,,too_rare,,,
18198,0.0,,too_rare,,,
18199,0.0,,too_rare,,,
18200,0.0,,too_rare,,,
18201,2.8008066323101054e-05,,too_rare,,,
18202,0.0,,too_rare,,,
18203,0.0,,too_rare,,,
18204,0.0,,too_rare,,,
18205,0.0,,too_rare,,,
18206,0.009914855478377773,,too_rare,,,
18207,0.0,,too_rare,,,
18208,0.0,,too_rare,,,
18209,0.0,,too_rare,,,
18210,0.0,,too_rare,,,
18211,0.0,,too_rare,,,
18212,0.0,,too_rare,,,
18213,0.0,,too_rare,,,
18214,0.0,,too_rare,,,
18215,0.0,,too_rare,,,
18216,0.0,,too_rare,,,
18217,0.0,,too_rare,,,
18218,2.8008066323101054e-05,,too_rare,,,
18219,0.0,,too_rare,,,
18220,0.0,,too_rare,,,
18221,0.0,,too_rare,,,
18222,0.0,,too_rare,,,
18223,2.8008066323101054e-05,,too_rare,,,
18224,0.0,,too_rare,,,
18225,0.0,,too_rare,,,
18226,0.0,,too_rare,,,
18227,0.0,,too_rare,,,
18228,0.0,,too_rare,,,
18229,0.00372507282097244,,too_rare,,,
18230,2.8008066323101054e-05,,too_rare,,,
18231,0.0,,too_rare,,,
18232,0.0,,too_rare,,,
18233,5.601613264620211e-05,,too_rare,,,
18234,0.0,,too_rare,,,
18235,0.0,,too_rare,,,
18236,2.8008066323101054e-05,,too_rare,,,
18237,2.8008066323101054e-05,,too_rare,,,
18238,0.0,,too_rare,,,
18239,0.0,,too_rare,,,
18240,0.0,,too_rare,,,
18241,0.0,,too_rare,,,
18242,2.8008066323101054e-05,,too_rare,,,
18243,0.0,,too_rare,,,
18244,0.0,,too_rare,,,
18245,2.8008066323101054e-05,,too_rare,,,
18246,0.00022406453058480843,,too_rare,,,
18247,0.0,,too_rare,,,
18249,0.00011203226529240422,,too_rare,,,
18250,8.402419896930316e-05,,too_rare,,,
18251,0.0,,too_rare,,,
18252,0.00014004033161550526,,too_rare,,,
18253,0.0,,too_rare,,,
18254,0.0,,too_rare,,,
18255,0.0014284113824781536,,too_rare,,,
18256,0.0,,too_rare,,,
18257,0.0,,too_rare,,,
18258,0.0,,too_rare,,,
18259,0.0,,too_rare,,,
18260,0.0,,too_rare,,,
18261,2.8008066323101054e-05,,too_rare,,,
18262,0.0,,too_rare,,,
18263,0.0,,too_rare,,,
18265,0.0,,too_rare,,,
18266,0.0,,too_rare,,,
18267,0.0,,too_rare,,,
18268,2.8008066323101054e-05,,too_rare,,,
18269,0.0,,too_rare,,,
18270,0.0,,too_rare,,,
18271,0.0,,too_rare,,,
18272,0.001568451714093659,,too_rare,,,
18273,0.0,,too_rare,,,
18274,0.0,,too_rare,,,
18275,0.00014004033161550526,,too_rare,,,
18276,2.8008066323101054e-05,,too_rare,,,
18277,0.0,,too_rare,,,
18278,0.0,,too_rare,,,
18279,0.0,,too_rare,,,
18281,0.0,,too_rare,,,
18283,5.601613264620211e-05,,too_rare,,,
18284,0.0,,too_rare,,,
18285,2.8008066323101054e-05,,too_rare,,,
18286,0.0,,too_rare,,,
18287,0.0,,too_rare,,,
18288,0.0,,too_rare,,,
18289,0.0,,too_rare,,,
18290,0.0,,too_rare,,,
18291,0.0,,too_rare,,,
18292,0.0,,too_rare,,,
18293,0.0,,too_rare,,,
18294,0.0,,too_rare,,,
18295,2.8008066323101054e-05,,too_rare,,,
18296,0.0,,too_rare,,,
18297,0.004873403540219584,,too_rare,,,
18298,0.0,,too_rare,,,
18299,0.0,,too_rare,,,
18300,0.0,,too_rare,,,
18301,0.0,,too_rare,,,
18302,0.0,,too_rare,,,
18303,0.0,,too_rare,,,
18304,0.0,,too_rare,,,
18305,2.8008066323101054e-05,,too_rare,,,
18306,2.8008066323101054e-05,,too_rare,,,
18307,0.0,,too_rare,,,
18308,0.0,,too_rare,,,
18309,0.0,,too_rare,,,
18310,0.0,,too_rare,,,
18311,0.0,,too_rare,,,
18312,0.0,,too_rare,,,
18313,2.8008066323101054e-05,,too_rare,,,
18314,0.0,,too_rare,,,
18315,0.0,,too_rare,,,
18316,0.0,,too_rare,,,
18317,0.0,,too_rare,,,
18318,0.0,,too_rare,,,
18319,0.0,,too_rare,,,
18320,0.0,,too_rare,,,
18321,2.8008066323101054e-05,,too_rare,,,
18322,0.0,,too_rare,,,
18323,0.0,,too_rare,,,
18324,0.0,,too_rare,,,
18325,5.601613264620211e-05,,too_rare,,,
18326,0.0,,too_rare,,,
18327,2.8008066323101054e-05,,too_rare,,,
18328,0.0,,too_rare,,,
18329,0.0,,too_rare,,,
18330,0.0,,too_rare,,,
18331,2.8008066323101054e-05,,too_rare,,,
18332,0.0,,too_rare,,,
18333,0.0,,too_rare,,,
18334,0.0,,too_rare,,,
18335,0.0,,too_rare,,,
18336,0.0,,too_rare,,,
18337,0.0,,too_rare,,,
18338,2.8008066323101054e-05,,too_rare,,,
18339,0.0,,too_rare,,,
18340,0.0,,too_rare,,,
18341,0.0,,too_rare,,,
18342,2.8008066323101054e-05,,too_rare,,,
18343,0.0,,too_rare,,,
18344,0.0,,too_rare,,,
18345,0.0,,too_rare,,,
18346,0.0,,too_rare,,,
18347,5.601613264620211e-05,,too_rare,,,
18348,0.0,,too_rare,,,
18349,0.0,,too_rare,,,
18350,2.8008066323101054e-05,,too_rare,,,
18351,0.0,,too_rare,,,
18352,0.0,,too_rare,,,
18353,0.0,,too_rare,,,
18354,0.0,,too_rare,,,
18355,0.0,,too_rare,,,
18356,0.0,,too_rare,,,
18357,0.0,,too_rare,,,
18358,0.0,,too_rare,,,
18359,0.0,,too_rare,,,
18360,0.0,,too_rare,,,
18361,0.0,,too_rare,,,
18362,0.0,,too_rare,,,
18363,2.8008066323101054e-05,,too_rare,,,
18364,0.0,,too_rare,,,
18365,0.0,,too_rare,,,
18366,0.0,,too_rare,,,
18367,0.0,,too_rare,,,
18368,0.0,,too_rare,,,
18369,0.0,,too_rare,,,
18370,0.001568451714093659,,too_rare,,,
18371,0.00019605646426170737,,too_rare,,,
18372,0.0,,too_rare,,,
18373,2.8008066323101054e-05,,too_rare,,,
18374,0.0,,too_rare,,,
18375,0.0,,too_rare,,,
18376,2.8008066323101054e-05,,too_rare,,,
18377,0.0,,too_rare,,,
18378,0.0,,too_rare,,,
18379,0.0005881693927851221,,too_rare,,,
18380,0.0,,too_rare,,,
18381,0.0,,too_rare,,,
18382,0.0009522742549854358,,too_rare,,,
18383,0.0,,too_rare,,,
18384,2.8008066323101054e-05,,too_rare,,,
18385,0.0,,too_rare,,,
18386,0.0,,too_rare,,,
18387,0.0,,too_rare,,,
18388,0.0,,too_rare,,,
18389,2.8008066323101054e-05,,too_rare,,,
18390,0.0,,too_rare,,,
18391,2.8008066323101054e-05,,too_rare,,,
18392,0.0,,too_rare,,,
18393,0.0,,too_rare,,,
18394,2.8008066323101054e-05,,too_rare,,,
18395,0.0,,too_rare,,,
18396,0.0,,too_rare,,,
18397,2.8008066323101054e-05,,too_rare,,,
18398,0.0,,too_rare,,,
18399,0.0,,too_rare,,,
18400,0.0,,too_rare,,,
18401,0.00016804839793860632,,too_rare,,,
18402,0.0007562177907237285,,too_rare,,,
18403,0.0,,too_rare,,,
18404,0.0,,too_rare,,,
18405,0.0,,too_rare,,,
18406,0.0,,too_rare,,,
18407,2.8008066323101054e-05,,too_rare,,,
18408,2.8008066323101054e-05,,too_rare,,,
18409,0.0,,too_rare,,,
18410,0.0,,too_rare,,,
18411,0.0,,too_rare,,,
18412,2.8008066323101054e-05,,too_rare,,,
18413,5.601613264620211e-05,,too_rare,,,
18414,0.0,,too_rare,,,
18415,0.0,,too_rare,,,
18416,0.0,,too_rare,,,
18417,0.0,,too_rare,,,
18418,0.00016804839793860632,,too_rare,,,
18419,0.0,,too_rare,,,
18420,0.0,,too_rare,,,
18421,0.0,,too_rare,,,
18423,5.601613264620211e-05,,too_rare,,,
18424,0.0,,too_rare,,,
18425,5.601613264620211e-05,,too_rare,,,
18426,0.0,,too_rare,,,
18427,0.0,,too_rare,,,
18428,2.8008066323101054e-05,,too_rare,,,
18429,0.0,,too_rare,,,
18430,0.0,,too_rare,,,
18431,0.0003080887295541116,,too_rare,,,
18432,2.8008066323101054e-05,,too_rare,,,
18433,0.0,,too_rare,,,
18434,0.0,,too_rare,,,
18435,0.0,,too_rare,,,
18436,0.0,,too_rare,,,
18437,0.00011203226529240422,,too_rare,,,
18438,0.0,,too_rare,,,
18439,0.0,,too_rare,,,
18440,2.8008066323101054e-05,,too_rare,,,
18441,0.0,,too_rare,,,
18442,8.402419896930316e-05,,too_rare,,,
18443,2.8008066323101054e-05,,too_rare,,,
18444,0.0,,too_rare,,,
18446,0.0,,too_rare,,,
18447,0.0,,too_rare,,,
18448,2.8008066323101054e-05,,too_rare,,,
18449,0.0,,too_rare,,,
18450,0.0,,too_rare,,,
18451,0.0,,too_rare,,,
18452,0.0,,too_rare,,,
18453,0.0,,too_rare,,,
18454,0.0,,too_rare,,,
18455,0.0,,too_rare,,,
18456,0.0,,too_rare,,,
18457,0.0,,too_rare,,,
18458,0.0,,too_rare,,,
18459,0.0,,too_rare,,,
18460,0.0,,too_rare,,,
18461,0.0,,too_rare,,,
18462,0.0,,too_rare,,,
18463,0.005237508402419897,,too_rare,,,
18464,0.0,,too_rare,,,
18465,0.0,,too_rare,,,
18466,0.0,,too_rare,,,
18467,0.0,,too_rare,,,
18468,0.0,,too_rare,,,
18469,0.0,,too_rare,,,
18470,2.8008066323101054e-05,,too_rare,,,
18471,0.0,,too_rare,,,
18472,2.8008066323101054e-05,,too_rare,,,
18473,0.0,,too_rare,,,
18474,0.0,,too_rare,,,
18475,0.0017925162446784674,,too_rare,,,
18476,0.00011203226529240422,,too_rare,,,
18477,0.0,,too_rare,,,
18478,0.0,,too_rare,,,
18479,0.0,,too_rare,,,
18480,0.0,,too_rare,,,
18481,0.0,,too_rare,,,
18483,0.0,,too_rare,,,
18484,0.0,,too_rare,,,
18485,0.0,,too_rare,,,
18486,0.0,,too_rare,,,
18487,2.8008066323101054e-05,,too_rare,,,
18488,0.0,,too_rare,,,
18489,0.0,,too_rare,,,
18491,0.0,,too_rare,,,
18492,0.0,,too_rare,,,
18493,0.0,,too_rare,,,
18494,2.8008066323101054e-05,,too_rare,,,
18495,0.000504145193815819,,too_rare,,,
18496,0.0,,too_rare,,,
18497,0.0,,too_rare,,,
18498,0.0,,too_rare,,,
18499,0.0,,too_rare,,,
18500,0.0,,too_rare,,,
18501,2.8008066323101054e-05,,too_rare,,,
18502,0.0,,too_rare,,,
18503,0.0,,too_rare,,,
18504,5.601613264620211e-05,,too_rare,,,
18505,0.0,,too_rare,,,
18507,0.0,,too_rare,,,
18508,0.0,,too_rare,,,
18509,0.0007002016580775263,,too_rare,,,
18510,2.8008066323101054e-05,,too_rare,,,
18511,0.00011203226529240422,,too_rare,,,
18512,0.0,,too_rare,,,
18513,0.0,,too_rare,,,
18514,0.0,,too_rare,,,
18515,0.0,,too_rare,,,
18516,0.0,,too_rare,,,
18517,0.0,,too_rare,,,
18518,5.601613264620211e-05,,too_rare,,,
18519,2.8008066323101054e-05,,too_rare,,,
18520,0.0,,too_rare,,,
18521,0.0,,too_rare,,,
18524,0.0,,too_rare,,,
18525,0.0,,too_rare,,,
18526,5.601613264620211e-05,,too_rare,,,
18527,0.0,,too_rare,,,
18528,0.0,,too_rare,,,
18529,5.601613264620211e-05,,too_rare,,,
18530,0.0,,too_rare,,,
18531,2.8008066323101054e-05,,too_rare,,,
18532,0.0,,too_rare,,,
18533,0.0,,too_rare,,,
18534,2.8008066323101054e-05,,too_rare,,,
18535,0.0019325565762939726,,too_rare,,,
18536,0.0,,too_rare,,,
18537,0.0017925162446784674,,too_rare,,,
18538,0.0,,too_rare,,,
18539,0.0,,too_rare,,,
18540,0.0,,too_rare,,,
18541,0.0,,too_rare,,,
18542,2.8008066323101054e-05,,too_rare,,,
18543,0.0,,too_rare,,,
18544,0.0,,too_rare,,,
18545,0.0,,too_rare,,,
18546,0.0,,too_rare,,,
18547,0.0,,too_rare,,,
18548,2.8008066323101054e-05,,too_rare,,,
18549,0.0,,too_rare,,,
18550,5.601613264620211e-05,,too_rare,,,
18551,0.0,,too_rare,,,
18552,5.601613264620211e-05,,too_rare,,,
18553,0.0,,too_rare,,,
18554,5.601613264620211e-05,,too_rare,,,
18555,0.0,,too_rare,,,
18556,0.0,,too_rare,,,
18557,0.0,,too_rare,,,
18558,0.0,,too_rare,,,
18559,0.0,,too_rare,,,
18560,0.0,,too_rare,,,
18561,0.0,,too_rare,,,
18562,0.0,,too_rare,,,
18563,0.0,,too_rare,,,
18564,0.0,,too_rare,,,
18565,2.8008066323101054e-05,,too_rare,,,
18566,0.0,,too_rare,,,
18567,0.0,,too_rare,,,
18569,0.0,,too_rare,,,
18570,0.0,,too_rare,,,
18571,0.0,,too_rare,,,
18572,0.0,,too_rare,,,
18573,0.0,,too_rare,,,
18574,0.0,,too_rare,,,
18575,0.0,,too_rare,,,
18576,2.8008066323101054e-05,,too_rare,,,
18577,0.0,,too_rare,,,
18578,0.0,,too_rare,,,
18579,0.004033161550526552,,too_rare,,,
18580,0.0,,too_rare,,,
18581,2.8008066323101054e-05,,too_rare,,,
18582,0.0,,too_rare,,,
18583,0.0,,too_rare,,,
18584,0.0,,too_rare,,,
18585,0.0,,too_rare,,,
18586,0.0,,too_rare,,,
18587,0.0,,too_rare,,,
18589,0.0,,too_rare,,,
18590,0.0,,too_rare,,,
18591,0.0,,too_rare,,,
18592,0.0,,too_rare,,,
18593,0.0,,too_rare,,,
18594,0.0,,too_rare,,,
18595,2.8008066323101054e-05,,too_rare,,,
18596,0.0,,too_rare,,,
18597,0.0,,too_rare,,,
18598,8.402419896930316e-05,,too_rare,,,
18599,0.0,,too_rare,,,
18600,0.0,,too_rare,,,
18601,0.0,,too_rare,,,
18602,0.0,,too_rare,,,
18603,0.0,,too_rare,,,
18604,0.0,,too_rare,,,
18605,0.0,,too_rare,,,
18606,0.0,,too_rare,,,
18607,0.0,,too_rare,,,
18608,0.00016804839793860632,,too_rare,,,
18609,0.0,,too_rare,,,
18610,0.0,,too_rare,,,
18611,0.0,,too_rare,,,
18612,0.0,,too_rare,,,
18613,0.0006161774591082232,,too_rare,,,
18615,2.8008066323101054e-05,,too_rare,,,
18616,0.0,,too_rare,,,
18617,0.0,,too_rare,,,
18618,0.0,,too_rare,,,
18619,2.8008066323101054e-05,,too_rare,,,
18620,0.0023806856374635893,,too_rare,,,
18621,0.0,,too_rare,,,
18622,0.0,,too_rare,,,
18623,0.0,,too_rare,,,
18624,2.8008066323101054e-05,,too_rare,,,
18625,0.0,,too_rare,,,
18626,0.0,,too_rare,,,
18627,0.0,,too_rare,,,
18628,0.0,,too_rare,,,
18629,0.0,,too_rare,,,
18630,0.0,,too_rare,,,
18632,2.8008066323101054e-05,,too_rare,,,
18633,0.0,,too_rare,,,
18634,0.0,,too_rare,,,
18635,0.0,,too_rare,,,
18636,0.0,,too_rare,,,
18637,0.0,,too_rare,,,
18638,0.0,,too_rare,,,
18639,0.0,,too_rare,,,
18640,0.0,,too_rare,,,
18641,2.8008066323101054e-05,,too_rare,,,
18642,0.0,,too_rare,,,
18643,0.0,,too_rare,,,
18644,0.0,,too_rare,,,
18645,0.0,,too_rare,,,
18646,0.0,,too_rare,,,
18647,2.8008066323101054e-05,,too_rare,,,
18649,0.0,,too_rare,,,
18650,0.0,,too_rare,,,
18651,0.0,,too_rare,,,
18652,0.0,,too_rare,,,
18653,0.0,,too_rare,,,
18654,2.8008066323101054e-05,,too_rare,,,
18655,2.8008066323101054e-05,,too_rare,,,
18656,0.0,,too_rare,,,
18657,0.0,,too_rare,,,
18658,2.8008066323101054e-05,,too_rare,,,
18659,0.0,,too_rare,,,
18660,0.0,,too_rare,,,
18661,2.8008066323101054e-05,,too_rare,,,
18662,0.0,,too_rare,,,
18663,0.0,,too_rare,,,
18664,0.0,,too_rare,,,
18665,0.0,,too_rare,,,
18666,0.0,,too_rare,,,
18667,0.0,,too_rare,,,
18668,0.0,,too_rare,,,
18669,0.0,,too_rare,,,
18670,0.0,,too_rare,,,
18671,0.0,,too_rare,,,
18673,0.0,,too_rare,,,
18674,2.8008066323101054e-05,,too_rare,,,
18675,2.8008066323101054e-05,,too_rare,,,
18676,0.0,,too_rare,,,
18677,0.0,,too_rare,,,
18678,0.0,,too_rare,,,
18679,0.00016804839793860632,,too_rare,,,
18680,0.0,,too_rare,,,
18681,2.8008066323101054e-05,,too_rare,,,
18682,0.0,,too_rare,,,
18683,2.8008066323101054e-05,,too_rare,,,
18684,0.0,,too_rare,,,
18685,0.0,,too_rare,,,
18686,5.601613264620211e-05,,too_rare,,,
18687,0.0,,too_rare,,,
18688,2.8008066323101054e-05,,too_rare,,,
18689,0.0,,too_rare,,,
18690,0.0,,too_rare,,,
18691,0.0,,too_rare,,,
18692,0.0,,too_rare,,,
18693,0.0,,too_rare,,,
18694,0.0,,too_rare,,,
18695,0.0,,too_rare,,,
18696,0.0,,too_rare,,,
18697,0.0,,too_rare,,,
18698,0.0,,too_rare,,,
18699,0.0,,too_rare,,,
18700,0.0,,too_rare,,,
18701,0.0,,too_rare,,,
18702,0.0,,too_rare,,,
18703,0.0,,too_rare,,,
18704,0.0,,too_rare,,,
18705,2.8008066323101054e-05,,too_rare,,,
18706,0.0,,too_rare,,,
18707,0.0,,too_rare,,,
18708,0.0,,too_rare,,,
18709,2.8008066323101054e-05,,too_rare,,,
18710,0.0,,too_rare,,,
18711,2.8008066323101054e-05,,too_rare,,,
18712,0.0,,too_rare,,,
18713,5.601613264620211e-05,,too_rare,,,
18714,0.0,,too_rare,,,
18715,0.0017645081783553664,,too_rare,,,
18716,0.0,,too_rare,,,
18717,0.0,,too_rare,,,
18718,2.8008066323101054e-05,,too_rare,,,
18719,0.0,,too_rare,,,
18720,0.0,,too_rare,,,
18721,0.0,,too_rare,,,
18722,0.0,,too_rare,,,
18723,2.8008066323101054e-05,,too_rare,,,
18724,0.0,,too_rare,,,
18725,0.0,,too_rare,,,
18726,0.0,,too_rare,,,
18727,0.0,,too_rare,,,
18728,0.0,,too_rare,,,
18729,2.8008066323101054e-05,,too_rare,,,
18730,0.0,,too_rare,,,
18731,0.0,,too_rare,,,
18732,0.0,,too_rare,,,
18733,0.0,,too_rare,,,
18734,0.0,,too_rare,,,
18735,0.002184629173201882,,too_rare,,,
18736,0.0,,too_rare,,,
18737,0.0,,too_rare,,,
18738,0.0,,too_rare,,,
18739,0.0,,too_rare,,,
18740,2.8008066323101054e-05,,too_rare,,,
18741,0.0,,too_rare,,,
18742,0.0,,too_rare,,,
18743,0.0,,too_rare,,,
18744,0.00019605646426170737,,too_rare,,,
18745,0.0,,too_rare,,,
18746,0.0,,too_rare,,,
18747,0.0,,too_rare,,,
18748,0.0,,too_rare,,,
18749,5.601613264620211e-05,,too_rare,,,
18750,0.0,,too_rare,,,
18751,0.0,,too_rare,,,
18752,0.0,,too_rare,,,
18753,0.0,,too_rare,,,
18754,0.0,,too_rare,,,
18755,0.0,,too_rare,,,
18756,0.0,,too_rare,,,
18757,0.0,,too_rare,,,
18758,2.8008066323101054e-05,,too_rare,,,
18759,0.0,,too_rare,,,
18760,0.0,,too_rare,,,
18761,0.0,,too_rare,,,
18762,0.0,,too_rare,,,
18763,2.8008066323101054e-05,,too_rare,,,
18764,0.0,,too_rare,,,
18765,2.8008066323101054e-05,,too_rare,,,
18766,0.0,,too_rare,,,
18767,2.8008066323101054e-05,,too_rare,,,
18768,0.0,,too_rare,,,
18769,2.8008066323101054e-05,,too_rare,,,
18770,2.8008066323101054e-05,,too_rare,,,
18771,2.8008066323101054e-05,,too_rare,,,
18772,0.0,,too_rare,,,
18773,0.0,,too_rare,,,
18774,0.0,,too_rare,,,
18775,0.0,,too_rare,,,
18776,0.00039211292852341475,,too_rare,,,
18777,0.0,,too_rare,,,
18778,0.0,,too_rare,,,
18779,0.0,,too_rare,,,
18780,0.0,,too_rare,,,
18781,0.0,,too_rare,,,
18782,0.0,,too_rare,,,
18783,0.0,,too_rare,,,
18784,0.0,,too_rare,,,
18785,2.8008066323101054e-05,,too_rare,,,
18786,2.8008066323101054e-05,,too_rare,,,
18787,0.0,,too_rare,,,
18788,0.0,,too_rare,,,
18789,0.0,,too_rare,,,
18790,0.0,,too_rare,,,
18791,0.0,,too_rare,,,
18792,0.0,,too_rare,,,
18793,0.0,,too_rare,,,
18794,0.0,,too_rare,,,
18795,0.0,,too_rare,,,
18796,0.0,,too_rare,,,
18798,0.0,,too_rare,,,
18799,0.0,,too_rare,,,
18800,0.0,,too_rare,,,
18801,2.8008066323101054e-05,,too_rare,,,
18802,0.0,,too_rare,,,
18803,2.8008066323101054e-05,,too_rare,,,
18804,0.0,,too_rare,,,
18806,0.0,,too_rare,,,
18808,0.0,,too_rare,,,
18809,0.0,,too_rare,,,
18810,0.0,,too_rare,,,
18811,2.8008066323101054e-05,,too_rare,,,
18812,2.8008066323101054e-05,,too_rare,,,
18813,0.0,,too_rare,,,
18814,0.0,,too_rare,,,
18815,0.0,,too_rare,,,
18816,0.0,,too_rare,,,
18817,0.0,,too_rare,,,
18818,0.0,,too_rare,,,
18819,8.402419896930316e-05,,too_rare,,,
18820,2.8008066323101054e-05,,too_rare,,,
18821,0.0,,too_rare,,,
18822,0.0,,too_rare,,,
18823,0.0,,too_rare,,,
18824,0.0,,too_rare,,,
18825,0.0,,too_rare,,,
18826,0.0,,too_rare,,,
18827,0.0004761371274927179,,too_rare,,,
18828,2.8008066323101054e-05,,too_rare,,,
18829,0.0,,too_rare,,,
18830,0.0,,too_rare,,,
18832,2.8008066323101054e-05,,too_rare,,,
18833,2.8008066323101054e-05,,too_rare,,,
18834,0.0,,too_rare,,,
18835,0.0,,too_rare,,,
18836,0.0,,too_rare,,,
18838,0.0,,too_rare,,,
18839,0.0,,too_rare,,,
18840,0.0,,too_rare,,,
18841,0.0,,too_rare,,,
18842,0.0,,too_rare,,,
18843,0.0,,too_rare,,,
18844,0.0,,too_rare,,,
18845,0.0,,too_rare,,,
18846,0.0,,too_rare,,,
18847,2.8008066323101054e-05,,too_rare,,,
18848,0.002016580775263276,,too_rare,,,
18849,0.0,,too_rare,,,
18850,5.601613264620211e-05,,too_rare,,,
18851,0.0,,too_rare,,,
18852,0.0,,too_rare,,,
18853,0.0,,too_rare,,,
18854,0.0,,too_rare,,,
18855,0.0,,too_rare,,,
18856,2.8008066323101054e-05,,too_rare,,,
18857,0.0,,too_rare,,,
18858,8.402419896930316e-05,,too_rare,,,
18859,0.008738516692807528,,too_rare,,,
18860,0.0,,too_rare,,,
18861,0.0,,too_rare,,,
18862,2.8008066323101054e-05,,too_rare,,,
18863,2.8008066323101054e-05,,too_rare,,,
18864,0.0,,too_rare,,,
18865,0.0,,too_rare,,,
18866,2.8008066323101054e-05,,too_rare,,,
18867,0.0,,too_rare,,,
18869,0.0,,too_rare,,,
18870,0.0,,too_rare,,,
18871,2.8008066323101054e-05,,too_rare,,,
18872,2.8008066323101054e-05,,too_rare,,,
18873,0.0,,too_rare,,,
18874,0.0,,too_rare,,,
18875,0.0,,too_rare,,,
18876,0.0,,too_rare,,,
18877,0.0,,too_rare,,,
18878,5.601613264620211e-05,,too_rare,,,
18879,0.0,,too_rare,,,
18880,0.0,,too_rare,,,
18881,0.0,,too_rare,,,
18882,0.0,,too_rare,,,
18883,0.0,,too_rare,,,
18884,0.0,,too_rare,,,
18885,0.0,,too_rare,,,
18886,0.0,,too_rare,,,
18887,0.0,,too_rare,,,
18888,0.0,,too_rare,,,
18889,0.0,,too_rare,,,
18890,0.0,,too_rare,,,
18891,0.0,,too_rare,,,
18892,0.0,,too_rare,,,
18893,0.0,,too_rare,,,
18894,0.0,,too_rare,,,
18895,2.8008066323101054e-05,,too_rare,,,
18896,0.0,,too_rare,,,
18897,0.0,,too_rare,,,
18898,0.0,,too_rare,,,
18899,0.0,,too_rare,,,
18900,0.0,,too_rare,,,
18902,0.0,,too_rare,,,
18903,0.0,,too_rare,,,
18904,5.601613264620211e-05,,too_rare,,,
18905,0.0,,too_rare,,,
18906,0.0,,too_rare,,,
18907,0.0,,too_rare,,,
18908,0.0,,too_rare,,,
18909,0.0,,too_rare,,,
18910,0.0,,too_rare,,,
18911,0.0,,too_rare,,,
18912,0.0,,too_rare,,,
18913,0.0,,too_rare,,,
18914,0.0,,too_rare,,,
18915,0.0,,too_rare,,,
18916,0.0,,too_rare,,,
18917,0.0,,too_rare,,,
18918,0.0,,too_rare,,,
18919,0.0,,too_rare,,,
18920,0.0,,too_rare,,,
18921,0.0,,too_rare,,,
18923,0.0,,too_rare,,,
18924,0.0,,too_rare,,,
18925,0.0,,too_rare,,,
18926,0.0,,too_rare,,,
18927,0.0,,too_rare,,,
18928,0.0,,too_rare,,,
18929,0.0,,too_rare,,,
18930,0.0,,too_rare,,,
18931,2.8008066323101054e-05,,too_rare,,,
18932,2.8008066323101054e-05,,too_rare,,,
18933,2.8008066323101054e-05,,too_rare,,,
18934,0.0,,too_rare,,,
18935,0.0,,too_rare,,,
18936,0.0,,too_rare,,,
18937,0.0,,too_rare,,,
18938,0.0,,too_rare,,,
18939,2.8008066323101054e-05,,too_rare,,,
18940,0.0,,too_rare,,,
18941,0.0,,too_rare,,,
18942,0.0,,too_rare,,,
18943,0.0,,too_rare,,,
18944,0.0,,too_rare,,,
18945,0.0,,too_rare,,,
18946,8.402419896930316e-05,,too_rare,,,
18947,0.0,,too_rare,,,
18948,0.0,,too_rare,,,
18949,0.0,,too_rare,,,
18950,0.0,,too_rare,,,
18951,2.8008066323101054e-05,,too_rare,,,
18952,0.0,,too_rare,,,
18953,0.0,,too_rare,,,
18954,0.0,,too_rare,,,
18955,0.0,,too_rare,,,
18956,0.0,,too_rare,,,
18957,0.0,,too_rare,,,
18958,0.0,,too_rare,,,
18959,0.0,,too_rare,,,
18960,0.00019605646426170737,,too_rare,,,
18961,0.0,,too_rare,,,
18962,0.0,,too_rare,,,
18963,0.0,,too_rare,,,
18964,0.0,,too_rare,,,
18965,0.0,,too_rare,,,
18966,0.0,,too_rare,,,
18967,0.0,,too_rare,,,
18968,0.0,,too_rare,,,
18969,0.0,,too_rare,,,
18970,0.0,,too_rare,,,
18971,0.0,,too_rare,,,
18972,0.0,,too_rare,,,
18973,0.0,,too_rare,,,
18974,0.0,,too_rare,,,
18975,0.0,,too_rare,,,
18976,0.00011203226529240422,,too_rare,,,
18977,0.0,,too_rare,,,
18978,0.0,,too_rare,,,
18979,2.8008066323101054e-05,,too_rare,,,
18980,8.402419896930316e-05,,too_rare,,,
18981,0.0,,too_rare,,,
18982,0.0,,too_rare,,,
18983,0.0,,too_rare,,,
18984,0.0,,too_rare,,,
18985,2.8008066323101054e-05,,too_rare,,,
18986,0.0,,too_rare,,,
18987,0.0,,too_rare,,,
18988,0.0,,too_rare,,,
18989,0.0,,too_rare,,,
18990,0.0,,too_rare,,,
18991,0.0,,too_rare,,,
18992,0.00011203226529240422,,too_rare,,,
18993,0.00016804839793860632,,too_rare,,,
18994,5.601613264620211e-05,,too_rare,,,
18995,0.0,,too_rare,,,
18996,2.8008066323101054e-05,,too_rare,,,
18997,0.0,,too_rare,,,
18998,0.0,,too_rare,,,
18999,0.0017645081783553664,,too_rare,,,
19000,0.0,,too_rare,,,
19001,0.0,,too_rare,,,
19002,0.0,,too_rare,,,
19003,0.0,,too_rare,,,
19004,0.0,,too_rare,,,
19005,0.0,,too_rare,,,
19006,0.0,,too_rare,,,
19007,5.601613264620211e-05,,too_rare,,,
19008,0.0,,too_rare,,,
19009,2.8008066323101054e-05,,too_rare,,,
19010,0.0,,too_rare,,,
19011,0.0,,too_rare,,,
19012,0.0,,too_rare,,,
19013,5.601613264620211e-05,,too_rare,,,
19014,0.0,,too_rare,,,
19015,0.0,,too_rare,,,
19016,0.0,,too_rare,,,
19017,0.0,,too_rare,,,
19018,0.0,,too_rare,,,
19019,2.8008066323101054e-05,,too_rare,,,
19020,0.0,,too_rare,,,
19021,0.0,,too_rare,,,
19022,0.0,,too_rare,,,
19023,0.00016804839793860632,,too_rare,,,
19024,0.0,,too_rare,,,
19025,0.0,,too_rare,,,
19026,0.0,,too_rare,,,
19027,0.0,,too_rare,,,
19028,2.8008066323101054e-05,,too_rare,,,
19029,0.0,,too_rare,,,
19030,0.0,,too_rare,,,
19031,0.0,,too_rare,,,
19032,0.0,,too_rare,,,
19033,0.0,,too_rare,,,
19034,0.0,,too_rare,,,
19035,2.8008066323101054e-05,,too_rare,,,
19036,2.8008066323101054e-05,,too_rare,,,
19037,0.0,,too_rare,,,
19038,0.0,,too_rare,,,
19039,0.0,,too_rare,,,
19040,0.0,,too_rare,,,
19041,0.0,,too_rare,,,
19042,0.0,,too_rare,,,
19043,0.0,,too_rare,,,
19044,2.8008066323101054e-05,,too_rare,,,
19045,0.0003080887295541116,,too_rare,,,
19046,2.8008066323101054e-05,,too_rare,,,
19047,0.0,,too_rare,,,
19048,0.0,,too_rare,,,
19050,0.0,,too_rare,,,
19051,5.601613264620211e-05,,too_rare,,,
19053,0.0,,too_rare,,,
19054,0.0,,too_rare,,,
19055,0.0,,too_rare,,,
19056,0.0,,too_rare,,,
19057,5.601613264620211e-05,,too_rare,,,
19058,0.0,,too_rare,,,
19059,0.0,,too_rare,,,
19060,0.0,,too_rare,,,
19061,0.0,,too_rare,,,
19062,0.0,,too_rare,,,
19063,2.8008066323101054e-05,,too_rare,,,
19064,0.0,,too_rare,,,
19065,0.0,,too_rare,,,
19066,0.0,,too_rare,,,
19067,2.8008066323101054e-05,,too_rare,,,
19068,2.8008066323101054e-05,,too_rare,,,
19070,0.0,,too_rare,,,
19071,0.0,,too_rare,,,
19072,0.006217790723728434,,too_rare,,,
19073,0.0,,too_rare,,,
19074,0.0,,too_rare,,,
19075,0.0,,too_rare,,,
19076,5.601613264620211e-05,,too_rare,,,
19077,2.8008066323101054e-05,,too_rare,,,
19078,2.8008066323101054e-05,,too_rare,,,
19079,0.0,,too_rare,,,
19080,0.0,,too_rare,,,
19081,0.0,,too_rare,,,
19082,0.0,,too_rare,,,
19083,0.0,,too_rare,,,
19084,0.0,,too_rare,,,
19085,5.601613264620211e-05,,too_rare,,,
19086,0.0,,too_rare,,,
19087,0.0,,too_rare,,,
19088,2.8008066323101054e-05,,too_rare,,,
19089,0.0,,too_rare,,,
19090,0.0,,too_rare,,,
19091,0.0,,too_rare,,,
19092,5.601613264620211e-05,,too_rare,,,
19093,0.00022406453058480843,,too_rare,,,
19094,0.0,,too_rare,,,
19095,0.0,,too_rare,,,
19096,0.0,,too_rare,,,
19097,0.0,,too_rare,,,
19098,0.0,,too_rare,,,
19099,5.601613264620211e-05,,too_rare,,,
19100,0.00011203226529240422,,too_rare,,,
19101,0.0,,too_rare,,,
19102,0.0,,too_rare,,,
19103,0.0,,too_rare,,,
19104,0.0,,too_rare,,,
19105,0.0,,too_rare,,,
19106,0.0,,too_rare,,,
19107,0.0,,too_rare,,,
19108,0.0,,too_rare,,,
19109,0.0,,too_rare,,,
19110,0.0,,too_rare,,,
19112,5.601613264620211e-05,,too_rare,,,
19113,0.0,,too_rare,,,
19114,0.0,,too_rare,,,
19115,0.0,,too_rare,,,
19116,0.0,,too_rare,,,
19117,0.0,,too_rare,,,
19118,2.8008066323101054e-05,,too_rare,,,
19119,2.8008066323101054e-05,,too_rare,,,
19120,0.0,,too_rare,,,
19122,5.601613264620211e-05,,too_rare,,,
19123,2.8008066323101054e-05,,too_rare,,,
19124,0.0,,too_rare,,,
19125,0.0,,too_rare,,,
19126,0.0,,too_rare,,,
19127,0.0,,too_rare,,,
19128,0.0,,too_rare,,,
19129,0.0,,too_rare,,,
19130,0.0,,too_rare,,,
19131,5.601613264620211e-05,,too_rare,,,
19132,0.0,,too_rare,,,
19133,0.0,,too_rare,,,
19134,0.0,,too_rare,,,
19135,0.0,,too_rare,,,
19136,0.0,,too_rare,,,
19137,0.0,,too_rare,,,
19138,0.0,,too_rare,,,
19139,0.0,,too_rare,,,
19140,2.8008066323101054e-05,,too_rare,,,
19141,0.0,,too_rare,,,
19142,2.8008066323101054e-05,,too_rare,,,
19143,0.0,,too_rare,,,
19144,0.0,,too_rare,,,
19145,0.0,,too_rare,,,
19146,0.0,,too_rare,,,
19147,0.0,,too_rare,,,
19148,0.0,,too_rare,,,
19149,5.601613264620211e-05,,too_rare,,,
19150,0.0,,too_rare,,,
19151,0.0,,too_rare,,,
19152,0.0,,too_rare,,,
19153,2.8008066323101054e-05,,too_rare,,,
19154,0.0,,too_rare,,,
19155,0.0,,too_rare,,,
19156,0.0,,too_rare,,,
19157,0.0,,too_rare,,,
19158,0.0,,too_rare,,,
19159,2.8008066323101054e-05,,too_rare,,,
19160,0.0,,too_rare,,,
19161,0.0,,too_rare,,,
19162,0.0,,too_rare,,,
19163,0.0,,too_rare,,,
19164,0.0,,too_rare,,,
19165,0.0,,too_rare,,,
19166,0.006413847187990141,,too_rare,,,
19167,8.402419896930316e-05,,too_rare,,,
19168,0.0,,too_rare,,,
19169,2.8008066323101054e-05,,too_rare,,,
19170,0.0,,too_rare,,,
19171,0.0,,too_rare,,,
19172,5.601613264620211e-05,,too_rare,,,
19173,0.0,,too_rare,,,
19174,0.00022406453058480843,,too_rare,,,
19175,0.0,,too_rare,,,
19176,2.8008066323101054e-05,,too_rare,,,
19177,0.0,,too_rare,,,
19178,0.0,,too_rare,,,
19180,0.0,,too_rare,,,
19181,2.8008066323101054e-05,,too_rare,,,
19182,0.0,,too_rare,,,
19183,0.0,,too_rare,,,
19184,0.0,,too_rare,,,
19185,0.0,,too_rare,,,
19186,0.0,,too_rare,,,
19187,0.0,,too_rare,,,
19188,0.0,,too_rare,,,
19189,0.0,,too_rare,,,
19190,0.003052879229218015,,too_rare,,,
19191,0.0,,too_rare,,,
19193,0.0,,too_rare,,,
19194,0.0,,too_rare,,,
19195,0.0,,too_rare,,,
19196,2.8008066323101054e-05,,too_rare,,,
19197,0.0,,too_rare,,,
19198,0.0,,too_rare,,,
19199,0.0,,too_rare,,,
19200,0.0,,too_rare,,,
19201,2.8008066323101054e-05,,too_rare,,,
19202,0.0,,too_rare,,,
19203,8.402419896930316e-05,,too_rare,,,
19205,0.0,,too_rare,,,
19206,0.0,,too_rare,,,
19207,0.0,,too_rare,,,
19208,0.0,,too_rare,,,
19209,0.0,,too_rare,,,
19210,0.0,,too_rare,,,
19211,0.0,,too_rare,,,
19213,0.0,,too_rare,,,
19214,0.0,,too_rare,,,
19215,0.0,,too_rare,,,
19216,0.0,,too_rare,,,
19217,2.8008066323101054e-05,,too_rare,,,
19218,0.0013443871835088505,,too_rare,,,
19219,0.00019605646426170737,,too_rare,,,
19220,0.0,,too_rare,,,
19221,0.0,,too_rare,,,
19222,0.00019605646426170737,,too_rare,,,
19223,0.0,,too_rare,,,
19224,0.0,,too_rare,,,
19225,0.0,,too_rare,,,
19226,0.0,,too_rare,,,
19227,0.0,,too_rare,,,
19228,0.0,,too_rare,,,
19229,8.402419896930316e-05,,too_rare,,,
19230,0.0,,too_rare,,,
19231,0.0,,too_rare,,,
19232,0.0,,too_rare,,,
19233,0.0,,too_rare,,,
19234,0.0,,too_rare,,,
19235,0.0,,too_rare,,,
19236,0.0,,too_rare,,,
19238,0.0,,too_rare,,,
19239,0.0,,too_rare,,,
19240,0.0,,too_rare,,,
19241,0.0,,too_rare,,,
19242,0.0,,too_rare,,,
19243,0.0,,too_rare,,,
19244,5.601613264620211e-05,,too_rare,,,
19245,2.8008066323101054e-05,,too_rare,,,
19246,0.0,,too_rare,,,
19247,0.0,,too_rare,,,
19248,0.0,,too_rare,,,
19249,0.0,,too_rare,,,
19250,0.0,,too_rare,,,
19251,0.0,,too_rare,,,
19252,0.0,,too_rare,,,
19253,0.0,,too_rare,,,
19254,0.0,,too_rare,,,
19255,0.0,,too_rare,,,
19256,0.0,,too_rare,,,
19257,0.0,,too_rare,,,
19258,0.0,,too_rare,,,
19259,2.8008066323101054e-05,,too_rare,,,
19260,0.0,,too_rare,,,
19262,2.8008066323101054e-05,,too_rare,,,
19263,0.0,,too_rare,,,
19264,0.0,,too_rare,,,
19265,0.0,,too_rare,,,
19266,0.0,,too_rare,,,
19267,0.0,,too_rare,,,
19268,0.0,,too_rare,,,
19269,0.0,,too_rare,,,
19270,2.8008066323101054e-05,,too_rare,,,
19271,0.0,,too_rare,,,
19272,0.0,,too_rare,,,
19273,0.0,,too_rare,,,
19274,2.8008066323101054e-05,,too_rare,,,
19275,2.8008066323101054e-05,,too_rare,,,
19276,0.0,,too_rare,,,
19277,0.0,,too_rare,,,
19278,0.0,,too_rare,,,
19279,0.0,,too_rare,,,
19280,0.0,,too_rare,,,
19281,0.0,,too_rare,,,
19282,0.0,,too_rare,,,
19283,0.0,,too_rare,,,
19284,0.0,,too_rare,,,
19285,0.0,,too_rare,,,
19286,0.0,,too_rare,,,
19287,0.0,,too_rare,,,
19288,0.008066323101053104,,too_rare,,,
19289,0.0,,too_rare,,,
19290,0.0,,too_rare,,,
19291,0.0,,too_rare,,,
19292,0.0,,too_rare,,,
19293,0.0,,too_rare,,,
19294,0.0,,too_rare,,,
19295,5.601613264620211e-05,,too_rare,,,
19296,0.0,,too_rare,,,
19297,0.0,,too_rare,,,
19298,0.0,,too_rare,,,
19299,0.0,,too_rare,,,
19300,0.0,,too_rare,,,
19301,0.0,,too_rare,,,
19302,0.0,,too_rare,,,
19303,0.0,,too_rare,,,
19304,2.8008066323101054e-05,,too_rare,,,
19305,0.0,,too_rare,,,
19306,0.002492717902755994,,too_rare,,,
19307,0.0,,too_rare,,,
19308,0.0,,too_rare,,,
19309,0.0,,too_rare,,,
19310,0.0,,too_rare,,,
19311,0.0,,too_rare,,,
19312,0.0,,too_rare,,,
19313,2.8008066323101054e-05,,too_rare,,,
19314,0.0,,too_rare,,,
19315,0.0,,too_rare,,,
19316,0.0,,too_rare,,,
19317,8.402419896930316e-05,,too_rare,,,
19318,0.006217790723728434,,too_rare,,,
19319,2.8008066323101054e-05,,too_rare,,,
19320,0.0,,too_rare,,,
19321,0.0,,too_rare,,,
19322,0.0,,too_rare,,,
19323,0.0,,too_rare,,,
19324,0.0,,too_rare,,,
19325,2.8008066323101054e-05,,too_rare,,,
19326,2.8008066323101054e-05,,too_rare,,,
19327,0.0,,too_rare,,,
19328,0.0,,too_rare,,,
19329,8.402419896930316e-05,,too_rare,,,
19330,0.0,,too_rare,,,
19331,0.0007282097244006273,,too_rare,,,
19332,0.0,,too_rare,,,
19333,2.8008066323101054e-05,,too_rare,,,
19334,0.0,,too_rare,,,
19335,0.0,,too_rare,,,
19336,0.0,,too_rare,,,
19337,0.0,,too_rare,,,
19338,0.0,,too_rare,,,
19339,0.0,,too_rare,,,
19340,0.0,,too_rare,,,
19341,0.0,,too_rare,,,
19342,0.0,,too_rare,,,
19343,0.0,,too_rare,,,
19344,0.0,,too_rare,,,
19345,0.003641048622003137,,too_rare,,,
19346,0.0,,too_rare,,,
19347,0.0,,too_rare,,,
19348,0.0,,too_rare,,,
19349,0.0,,too_rare,,,
19350,0.0,,too_rare,,,
19351,0.0,,too_rare,,,
19352,0.0,,too_rare,,,
19353,0.0,,too_rare,,,
19354,8.402419896930316e-05,,too_rare,,,
19356,0.0,,too_rare,,,
19357,0.0,,too_rare,,,
19358,0.0,,too_rare,,,
19359,0.0,,too_rare,,,
19360,0.0,,too_rare,,,
19361,0.0,,too_rare,,,
19362,0.0,,too_rare,,,
19363,0.0,,too_rare,,,
19364,0.0,,too_rare,,,
19365,0.0,,too_rare,,,
19366,0.0,,too_rare,,,
19367,0.0,,too_rare,,,
19368,2.8008066323101054e-05,,too_rare,,,
19369,0.0,,too_rare,,,
19370,0.0,,too_rare,,,
19371,2.8008066323101054e-05,,too_rare,,,
19372,0.0,,too_rare,,,
19373,0.0,,too_rare,,,
19374,0.0,,too_rare,,,
19375,0.0,,too_rare,,,
19376,0.0,,too_rare,,,
19377,0.0,,too_rare,,,
19378,2.8008066323101054e-05,,too_rare,,,
19379,0.0,,too_rare,,,
19380,0.0,,too_rare,,,
19381,2.8008066323101054e-05,,too_rare,,,
19382,0.0,,too_rare,,,
19383,0.0,,too_rare,,,
19384,0.00016804839793860632,,too_rare,,,
19385,0.0,,too_rare,,,
19387,0.0,,too_rare,,,
19388,0.0,,too_rare,,,
19389,0.0,,too_rare,,,
19390,0.0,,too_rare,,,
19391,2.8008066323101054e-05,,too_rare,,,
19392,0.0,,too_rare,,,
19393,0.0,,too_rare,,,
19394,0.0,,too_rare,,,
19395,0.0,,too_rare,,,
19396,0.0,,too_rare,,,
19397,0.0,,too_rare,,,
19398,2.8008066323101054e-05,,too_rare,,,
19399,2.8008066323101054e-05,,too_rare,,,
19400,0.0,,too_rare,,,
19401,0.0,,too_rare,,,
19402,0.0,,too_rare,,,
19403,0.0,,too_rare,,,
19404,0.00011203226529240422,,too_rare,,,
19405,0.0,,too_rare,,,
19406,0.0,,too_rare,,,
19407,0.0,,too_rare,,,
19408,0.0,,too_rare,,,
19409,0.0,,too_rare,,,
19410,0.002772798565987004,,too_rare,,,
19411,0.0,,too_rare,,,
19413,0.00011203226529240422,,too_rare,,,
19414,0.0,,too_rare,,,
19415,0.0,,too_rare,,,
19416,0.0,,too_rare,,,
19418,5.601613264620211e-05,,too_rare,,,
19419,0.0,,too_rare,,,
19420,0.0,,too_rare,,,
19421,0.0,,too_rare,,,
19422,2.8008066323101054e-05,,too_rare,,,
19423,0.0,,too_rare,,,
19424,0.0,,too_rare,,,
19425,0.0,,too_rare,,,
19426,0.0,,too_rare,,,
19427,2.8008066323101054e-05,,too_rare,,,
19428,0.0,,too_rare,,,
19429,0.0,,too_rare,,,
19430,0.0,,too_rare,,,
19431,0.0,,too_rare,,,
19432,0.0,,too_rare,,,
19433,0.0,,too_rare,,,
19434,0.0,,too_rare,,,
19435,0.0,,too_rare,,,
19436,0.0,,too_rare,,,
19437,2.8008066323101054e-05,,too_rare,,,
19438,0.0,,too_rare,,,
19439,0.0,,too_rare,,,
19440,0.0,,too_rare,,,
19441,0.0,,too_rare,,,
19442,0.0,,too_rare,,,
19443,5.601613264620211e-05,,too_rare,,,
19444,0.0,,too_rare,,,
19445,0.0,,too_rare,,,
19446,0.0,,too_rare,,,
19447,0.0,,too_rare,,,
19448,2.8008066323101054e-05,,too_rare,,,
19449,5.601613264620211e-05,,too_rare,,,
19450,0.0,,too_rare,,,
19451,0.0008122339233699305,,too_rare,,,
19452,0.0,,too_rare,,,
19453,0.0,,too_rare,,,
19454,0.0,,too_rare,,,
19455,2.8008066323101054e-05,,too_rare,,,
19456,0.0,,too_rare,,,
19457,0.0,,too_rare,,,
19458,0.0,,too_rare,,,
19459,0.0,,too_rare,,,
19460,2.8008066323101054e-05,,too_rare,,,
19461,8.402419896930316e-05,,too_rare,,,
19462,0.0,,too_rare,,,
19463,0.0,,too_rare,,,
19464,0.0,,too_rare,,,
19465,0.0,,too_rare,,,
19466,0.0,,too_rare,,,
19467,0.0,,too_rare,,,
19468,0.00011203226529240422,,too_rare,,,
19469,0.0,,too_rare,,,
19470,0.0,,too_rare,,,
19471,2.8008066323101054e-05,,too_rare,,,
19472,0.0,,too_rare,,,
19473,2.8008066323101054e-05,,too_rare,,,
19474,0.0,,too_rare,,,
19475,0.0,,too_rare,,,
19476,0.0,,too_rare,,,
19477,0.0,,too_rare,,,
19478,0.0,,too_rare,,,
19479,0.0,,too_rare,,,
19480,0.0,,too_rare,,,
19481,0.0,,too_rare,,,
19482,0.0,,too_rare,,,
19483,0.0,,too_rare,,,
19484,0.0,,too_rare,,,
19486,0.0,,too_rare,,,
19487,0.0002800806632310105,,too_rare,,,
19488,0.0,,too_rare,,,
19489,0.0,,too_rare,,,
19490,0.0,,too_rare,,,
19491,0.0,,too_rare,,,
19492,0.0,,too_rare,,,
19493,0.0,,too_rare,,,
19494,0.000980282321308537,,too_rare,,,
19495,5.601613264620211e-05,,too_rare,,,
19496,0.0,,too_rare,,,
19497,0.0,,too_rare,,,
19498,0.0,,too_rare,,,
19499,5.601613264620211e-05,,too_rare,,,
19500,0.0,,too_rare,,,
19501,0.0,,too_rare,,,
19502,0.0,,too_rare,,,
19503,8.402419896930316e-05,,too_rare,,,
19504,0.0,,too_rare,,,
19505,0.0,,too_rare,,,
19506,2.8008066323101054e-05,,too_rare,,,
19507,0.0,,too_rare,,,
19508,0.0,,too_rare,,,
19509,0.0,,too_rare,,,
19510,0.0,,too_rare,,,
19511,0.0,,too_rare,,,
19512,0.0,,too_rare,,,
19513,0.0,,too_rare,,,
19514,2.8008066323101054e-05,,too_rare,,,
19515,0.0,,too_rare,,,
19516,0.0,,too_rare,,,
19517,0.0,,too_rare,,,
19518,2.8008066323101054e-05,,too_rare,,,
19519,0.0,,too_rare,,,
19520,0.0,,too_rare,,,
19521,5.601613264620211e-05,,too_rare,,,
19522,0.0,,too_rare,,,
19523,0.0,,too_rare,,,
19524,0.0,,too_rare,,,
19525,2.8008066323101054e-05,,too_rare,,,
19526,0.0,,too_rare,,,
19528,2.8008066323101054e-05,,too_rare,,,
19529,0.0,,too_rare,,,
19530,0.0,,too_rare,,,
19531,0.0,,too_rare,,,
19532,2.8008066323101054e-05,,too_rare,,,
19533,0.0,,too_rare,,,
19534,0.0,,too_rare,,,
19535,0.0,,too_rare,,,
19536,0.0,,too_rare,,,
19537,5.601613264620211e-05,,too_rare,,,
19538,0.0,,too_rare,,,
19539,0.0,,too_rare,,,
19540,0.0,,too_rare,,,
19541,0.005349540667712301,,too_rare,,,
19542,2.8008066323101054e-05,,too_rare,,,
19543,0.0,,too_rare,,,
19544,0.0,,too_rare,,,
19545,0.0,,too_rare,,,
19546,0.0,,too_rare,,,
19548,0.0,,too_rare,,,
19549,0.0,,too_rare,,,
19550,0.0,,too_rare,,,
19551,0.0,,too_rare,,,
19552,0.0006721935917544253,,too_rare,,,
19553,0.0,,too_rare,,,
19554,0.0,,too_rare,,,
19555,0.0,,too_rare,,,
19556,0.0,,too_rare,,,
19557,0.0,,too_rare,,,
19558,0.0,,too_rare,,,
19559,0.0,,too_rare,,,
19560,0.0,,too_rare,,,
19561,5.601613264620211e-05,,too_rare,,,
19562,0.00011203226529240422,,too_rare,,,
19563,0.0,,too_rare,,,
19564,2.8008066323101054e-05,,too_rare,,,
19565,0.0,,too_rare,,,
19566,0.0,,too_rare,,,
19567,2.8008066323101054e-05,,too_rare,,,
19568,0.0,,too_rare,,,
19569,0.0,,too_rare,,,
19570,0.0,,too_rare,,,
19571,0.0,,too_rare,,,
19572,0.0,,too_rare,,,
19573,0.0,,too_rare,,,
19574,2.8008066323101054e-05,,too_rare,,,
19575,0.0,,too_rare,,,
19576,0.0,,too_rare,,,
19577,0.0,,too_rare,,,
19578,0.0,,too_rare,,,
19579,0.0,,too_rare,,,
19580,0.0,,too_rare,,,
19581,0.0,,too_rare,,,
19583,0.0,,too_rare,,,
19584,0.0,,too_rare,,,
19585,0.0,,too_rare,,,
19586,0.0,,too_rare,,,
19587,5.601613264620211e-05,,too_rare,,,
19588,0.0,,too_rare,,,
19589,0.0,,too_rare,,,
19590,0.00014004033161550526,,too_rare,,,
19591,2.8008066323101054e-05,,too_rare,,,
19592,2.8008066323101054e-05,,too_rare,,,
19594,0.0,,too_rare,,,
19595,0.0,,too_rare,,,
19596,0.0,,too_rare,,,
19597,0.0,,too_rare,,,
19598,0.0,,too_rare,,,
19599,0.0,,too_rare,,,
19600,0.0,,too_rare,,,
19602,0.0008402419896930316,,too_rare,,,
19603,0.0,,too_rare,,,
19604,0.0,,too_rare,,,
19605,0.0,,too_rare,,,
19606,5.601613264620211e-05,,too_rare,,,
19607,0.0,,too_rare,,,
19608,0.0,,too_rare,,,
19609,0.0,,too_rare,,,
19610,0.0,,too_rare,,,
19611,0.0004761371274927179,,too_rare,,,
19612,2.8008066323101054e-05,,too_rare,,,
19613,0.0,,too_rare,,,
19614,0.0002520725969079095,,too_rare,,,
19615,5.601613264620211e-05,,too_rare,,,
19616,0.0,,too_rare,,,
19617,0.00011203226529240422,,too_rare,,,
19618,0.0,,too_rare,,,
19619,0.0,,too_rare,,,
19620,0.0,,too_rare,,,
19621,0.0,,too_rare,,,
19622,0.0,,too_rare,,,
19623,0.0,,too_rare,,,
19624,0.0,,too_rare,,,
19625,0.0,,too_rare,,,
19626,0.0,,too_rare,,,
19627,0.0,,too_rare,,,
19629,2.8008066323101054e-05,,too_rare,,,
19630,0.0,,too_rare,,,
19631,0.0,,too_rare,,,
19632,0.0,,too_rare,,,
19633,2.8008066323101054e-05,,too_rare,,,
19634,0.0,,too_rare,,,
19635,0.0,,too_rare,,,
19636,2.8008066323101054e-05,,too_rare,,,
19637,0.0,,too_rare,,,
19638,0.0,,too_rare,,,
19639,5.601613264620211e-05,,too_rare,,,
19640,0.0,,too_rare,,,
19641,0.0,,too_rare,,,
19642,0.0,,too_rare,,,
19643,0.0,,too_rare,,,
19644,0.0,,too_rare,,,
19645,0.0,,too_rare,,,
19646,0.001148330719247143,,too_rare,,,
19647,0.0,,too_rare,,,
19648,0.0,,too_rare,,,
19649,0.0,,too_rare,,,
19650,0.0,,too_rare,,,
19651,2.8008066323101054e-05,,too_rare,,,
19652,0.0,,too_rare,,,
19653,0.0,,too_rare,,,
19654,0.0,,too_rare,,,
19655,0.0,,too_rare,,,
19656,2.8008066323101054e-05,,too_rare,,,
19657,0.0,,too_rare,,,
19658,0.0,,too_rare,,,
19659,0.0,,too_rare,,,
19660,0.0,,too_rare,,,
19662,0.0,,too_rare,,,
19663,0.0,,too_rare,,,
19664,0.0,,too_rare,,,
19665,0.0,,too_rare,,,
19666,0.0,,too_rare,,,
19667,0.0,,too_rare,,,
19668,0.0,,too_rare,,,
19669,0.00826237956531481,,too_rare,,,
19670,0.0,,too_rare,,,
19671,5.601613264620211e-05,,too_rare,,,
19672,0.0,,too_rare,,,
19673,0.0,,too_rare,,,
19674,0.0,,too_rare,,,
19675,2.8008066323101054e-05,,too_rare,,,
19676,0.0,,too_rare,,,
19677,0.0,,too_rare,,,
19678,0.0,,too_rare,,,
19679,0.0,,too_rare,,,
19680,0.0,,too_rare,,,
19681,0.0,,too_rare,,,
19683,2.8008066323101054e-05,,too_rare,,,
19684,0.0,,too_rare,,,
19685,0.0,,too_rare,,,
19686,2.8008066323101054e-05,,too_rare,,,
19687,0.0,,too_rare,,,
19688,0.0,,too_rare,,,
19689,0.0,,too_rare,,,
19690,0.0,,too_rare,,,
19691,0.0,,too_rare,,,
19692,0.0,,too_rare,,,
19693,2.8008066323101054e-05,,too_rare,,,
19694,5.601613264620211e-05,,too_rare,,,
19695,0.0,,too_rare,,,
19696,2.8008066323101054e-05,,too_rare,,,
19697,0.002044588841586377,,too_rare,,,
19698,0.0,,too_rare,,,
19699,0.0,,too_rare,,,
19700,0.0,,too_rare,,,
19701,0.0,,too_rare,,,
19702,0.0006721935917544253,,too_rare,,,
19703,0.0,,too_rare,,,
19704,0.0,,too_rare,,,
19705,0.0,,too_rare,,,
19706,0.0,,too_rare,,,
19707,0.0,,too_rare,,,
19708,0.0,,too_rare,,,
19709,0.0,,too_rare,,,
19710,0.0,,too_rare,,,
19711,0.0,,too_rare,,,
19712,0.0,,too_rare,,,
19714,0.0,,too_rare,,,
19715,0.0,,too_rare,,,
19716,0.0,,too_rare,,,
19717,0.00014004033161550526,,too_rare,,,
19718,0.0,,too_rare,,,
19719,0.00011203226529240422,,too_rare,,,
19720,0.0,,too_rare,,,
19721,0.0,,too_rare,,,
19722,0.0,,too_rare,,,
19723,0.0,,too_rare,,,
19724,0.0,,too_rare,,,
19725,0.0,,too_rare,,,
19726,0.0,,too_rare,,,
19727,0.0,,too_rare,,,
19728,0.0,,too_rare,,,
19729,0.0002520725969079095,,too_rare,,,
19730,2.8008066323101054e-05,,too_rare,,,
19731,0.0,,too_rare,,,
19732,0.0,,too_rare,,,
19733,0.0,,too_rare,,,
19734,0.0,,too_rare,,,
19735,0.0,,too_rare,,,
19736,0.0,,too_rare,,,
19737,0.0,,too_rare,,,
19738,0.0,,too_rare,,,
19739,0.0,,too_rare,,,
19740,0.0,,too_rare,,,
19741,2.8008066323101054e-05,,too_rare,,,
19742,0.0,,too_rare,,,
19743,0.0,,too_rare,,,
19744,5.601613264620211e-05,,too_rare,,,
19745,0.0,,too_rare,,,
19746,0.0,,too_rare,,,
19747,2.8008066323101054e-05,,too_rare,,,
19748,0.0,,too_rare,,,
19749,0.0,,too_rare,,,
19750,0.0,,too_rare,,,
19751,0.0,,too_rare,,,
19752,5.601613264620211e-05,,too_rare,,,
19753,2.8008066323101054e-05,,too_rare,,,
19754,0.0,,too_rare,,,
19755,5.601613264620211e-05,,too_rare,,,
19757,0.0,,too_rare,,,
19758,2.8008066323101054e-05,,too_rare,,,
19759,0.0,,too_rare,,,
19760,0.0,,too_rare,,,
19761,0.0,,too_rare,,,
19762,0.0017084920457091641,,too_rare,,,
19763,0.0,,too_rare,,,
19764,0.0,,too_rare,,,
19765,5.601613264620211e-05,,too_rare,,,
19766,0.0002800806632310105,,too_rare,,,
19767,0.0,,too_rare,,,
19768,5.601613264620211e-05,,too_rare,,,
19769,0.0,,too_rare,,,
19770,0.0,,too_rare,,,
19771,2.8008066323101054e-05,,too_rare,,,
19772,0.0,,too_rare,,,
19773,0.0,,too_rare,,,
19774,2.8008066323101054e-05,,too_rare,,,
19775,0.0,,too_rare,,,
19776,0.0,,too_rare,,,
19777,0.0,,too_rare,,,
19778,0.0,,too_rare,,,
19779,0.0,,too_rare,,,
19780,0.0,,too_rare,,,
19781,2.8008066323101054e-05,,too_rare,,,
19782,0.0,,too_rare,,,
19783,0.003865113152587945,,too_rare,,,
19784,0.0,,too_rare,,,
19786,0.0,,too_rare,,,
19787,0.0,,too_rare,,,
19788,0.0,,too_rare,,,
19789,0.0,,too_rare,,,
19790,0.0,,too_rare,,,
19791,0.0,,too_rare,,,
19792,0.0,,too_rare,,,
19793,0.0,,too_rare,,,
19794,0.0,,too_rare,,,
19795,0.0,,too_rare,,,
19796,2.8008066323101054e-05,,too_rare,,,
19797,0.0,,too_rare,,,
19798,0.0,,too_rare,,,
19799,0.0,,too_rare,,,
19800,0.0,,too_rare,,,
19803,0.0,,too_rare,,,
19804,0.0,,too_rare,,,
19805,8.402419896930316e-05,,too_rare,,,
19806,0.0,,too_rare,,,
19807,2.8008066323101054e-05,,too_rare,,,
19808,0.0,,too_rare,,,
19809,0.0,,too_rare,,,
19810,0.0,,too_rare,,,
19811,0.0,,too_rare,,,
19812,0.0,,too_rare,,,
19814,0.0,,too_rare,,,
19815,0.0,,too_rare,,,
19816,0.0,,too_rare,,,
19817,0.0,,too_rare,,,
19818,0.0,,too_rare,,,
19819,0.0,,too_rare,,,
19820,2.8008066323101054e-05,,too_rare,,,
19821,5.601613264620211e-05,,too_rare,,,
19822,0.0,,too_rare,,,
19823,0.0,,too_rare,,,
19824,0.0,,too_rare,,,
19825,0.0,,too_rare,,,
19826,2.8008066323101054e-05,,too_rare,,,
19827,0.0,,too_rare,,,
19828,2.8008066323101054e-05,,too_rare,,,
19829,0.0,,too_rare,,,
19830,0.0,,too_rare,,,
19831,8.402419896930316e-05,,too_rare,,,
19832,0.0,,too_rare,,,
19833,2.8008066323101054e-05,,too_rare,,,
19834,5.601613264620211e-05,,too_rare,,,
19836,0.0,,too_rare,,,
19837,2.8008066323101054e-05,,too_rare,,,
19838,0.0,,too_rare,,,
19839,0.0,,too_rare,,,
19840,0.006217790723728434,,too_rare,,,
19841,0.0,,too_rare,,,
19842,0.0,,too_rare,,,
19843,0.0,,too_rare,,,
19844,0.0003080887295541116,,too_rare,,,
19845,0.0,,too_rare,,,
19846,0.0,,too_rare,,,
19847,5.601613264620211e-05,,too_rare,,,
19848,0.0,,too_rare,,,
19849,2.8008066323101054e-05,,too_rare,,,
19850,0.0006161774591082232,,too_rare,,,
19851,0.0,,too_rare,,,
19852,0.00053215326013892,,too_rare,,,
19853,0.0,,too_rare,,,
19854,0.0,,too_rare,,,
19855,0.0,,too_rare,,,
19856,0.0,,too_rare,,,
19857,0.0,,too_rare,,,
19858,0.0,,too_rare,,,
19859,0.0008682500560161327,,too_rare,,,
19860,0.0,,too_rare,,,
19861,0.0,,too_rare,,,
19862,0.0,,too_rare,,,
19863,0.0,,too_rare,,,
19864,0.0,,too_rare,,,
19865,0.0,,too_rare,,,
19866,0.0,,too_rare,,,
19867,0.0,,too_rare,,,
19868,0.0,,too_rare,,,
19869,0.0,,too_rare,,,
19871,0.0,,too_rare,,,
19872,0.0,,too_rare,,,
19873,0.0,,too_rare,,,
19874,0.0,,too_rare,,,
19875,0.0,,too_rare,,,
19876,0.0,,too_rare,,,
19877,2.8008066323101054e-05,,too_rare,,,
19878,0.0,,too_rare,,,
19880,0.0,,too_rare,,,
19881,0.0,,too_rare,,,
19882,0.0,,too_rare,,,
19883,0.0,,too_rare,,,
19884,0.0,,too_rare,,,
19885,0.0,,too_rare,,,
19886,5.601613264620211e-05,,too_rare,,,
19887,0.0,,too_rare,,,
19888,8.402419896930316e-05,,too_rare,,,
19889,0.0,,too_rare,,,
19890,0.0,,too_rare,,,
19891,0.0,,too_rare,,,
19892,0.0,,too_rare,,,
19893,0.0,,too_rare,,,
19894,0.0,,too_rare,,,
19895,0.0,,too_rare,,,
19896,0.0,,too_rare,,,
19897,0.0,,too_rare,,,
19898,0.0,,too_rare,,,
19899,0.0,,too_rare,,,
19900,0.0,,too_rare,,,
19901,0.0,,too_rare,,,
19902,0.0,,too_rare,,,
19903,0.0,,too_rare,,,
19904,0.00014004033161550526,,too_rare,,,
19905,0.0,,too_rare,,,
19906,0.00036410486220031366,,too_rare,,,
19907,0.0,,too_rare,,,
19908,0.0,,too_rare,,,
19909,0.0,,too_rare,,,
19910,0.0,,too_rare,,,
19912,2.8008066323101054e-05,,too_rare,,,
19913,0.0,,too_rare,,,
19914,2.8008066323101054e-05,,too_rare,,,
19915,0.0,,too_rare,,,
19917,0.0,,too_rare,,,
19918,0.0,,too_rare,,,
19919,0.0,,too_rare,,,
19920,0.0,,too_rare,,,
19921,0.0,,too_rare,,,
19922,0.0,,too_rare,,,
19923,2.8008066323101054e-05,,too_rare,,,
19924,0.0,,too_rare,,,
19925,0.0,,too_rare,,,
19926,0.0,,too_rare,,,
19927,0.0,,too_rare,,,
19928,2.8008066323101054e-05,,too_rare,,,
19929,0.0,,too_rare,,,
19930,0.0,,too_rare,,,
19931,2.8008066323101054e-05,,too_rare,,,
19932,0.0,,too_rare,,,
19933,0.0,,too_rare,,,
19934,0.0,,too_rare,,,
19935,2.8008066323101054e-05,,too_rare,,,
19936,0.0,,too_rare,,,
19938,0.0,,too_rare,,,
19939,0.0,,too_rare,,,
19940,0.0,,too_rare,,,
19941,0.0,,too_rare,,,
19942,0.004033161550526552,,too_rare,,,
19943,0.0,,too_rare,,,
19944,0.0,,too_rare,,,
19945,0.0,,too_rare,,,
19946,0.0,,too_rare,,,
19947,0.0,,too_rare,,,
19948,0.0,,too_rare,,,
19949,0.0,,too_rare,,,
19950,0.0,,too_rare,,,
19951,0.0,,too_rare,,,
19952,8.402419896930316e-05,,too_rare,,,
19953,0.0,,too_rare,,,
19954,0.0,,too_rare,,,
19955,8.402419896930316e-05,,too_rare,,,
19956,0.0,,too_rare,,,
19957,0.0,,too_rare,,,
19958,0.0,,too_rare,,,
19959,5.601613264620211e-05,,too_rare,,,
19960,5.601613264620211e-05,,too_rare,,,
19961,0.0,,too_rare,,,
19962,0.0,,too_rare,,,
19963,0.0,,too_rare,,,
19964,0.0,,too_rare,,,
19965,0.0,,too_rare,,,
19966,0.0,,too_rare,,,
19967,0.0,,too_rare,,,
19968,5.601613264620211e-05,,too_rare,,,
19969,0.0,,too_rare,,,
19970,0.0,,too_rare,,,
19971,2.8008066323101054e-05,,too_rare,,,
19972,0.0,,too_rare,,,
19973,0.00011203226529240422,,too_rare,,,
19974,2.8008066323101054e-05,,too_rare,,,
19975,0.0,,too_rare,,,
19976,0.0,,too_rare,,,
19977,0.0,,too_rare,,,
19978,5.601613264620211e-05,,too_rare,,,
19979,2.8008066323101054e-05,,too_rare,,,
19980,0.0,,too_rare,,,
19982,0.00106430652027784,,too_rare,,,
19983,0.00019605646426170737,,too_rare,,,
19984,0.0,,too_rare,,,
19985,0.0,,too_rare,,,
19986,0.0,,too_rare,,,
19987,0.0,,too_rare,,,
19988,0.0,,too_rare,,,
19989,0.0,,too_rare,,,
19990,0.0,,too_rare,,,
19991,0.0,,too_rare,,,
19992,0.0,,too_rare,,,
19993,0.0,,too_rare,,,
19994,2.8008066323101054e-05,,too_rare,,,
19995,0.0,,too_rare,,,
19996,0.0,,too_rare,,,
19997,8.402419896930316e-05,,too_rare,,,
19998,0.0,,too_rare,,,
19999,0.0,,too_rare,,,
20000,0.0,,too_rare,,,
20001,0.0,,too_rare,,,
20002,0.0,,too_rare,,,
20003,0.0,,too_rare,,,
20004,0.0,,too_rare,,,
20005,0.0,,too_rare,,,
20006,0.0,,too_rare,,,
20007,0.0,,too_rare,,,
20008,0.0,,too_rare,,,
20009,0.0,,too_rare,,,
20010,0.0,,too_rare,,,
20011,0.0,,too_rare,,,
20013,5.601613264620211e-05,,too_rare,,,
20014,0.0,,too_rare,,,
20015,0.0,,too_rare,,,
20016,0.0,,too_rare,,,
20017,0.00036410486220031366,,too_rare,,,
20018,5.601613264620211e-05,,too_rare,,,
20019,2.8008066323101054e-05,,too_rare,,,
20020,0.0,,too_rare,,,
20021,0.0,,too_rare,,,
20022,0.0,,too_rare,,,
20023,0.0,,too_rare,,,
20024,0.0,,too_rare,,,
20025,0.0,,too_rare,,,
20026,0.00011203226529240422,,too_rare,,,
20027,0.000560161326462021,,too_rare,,,
20028,0.0,,too_rare,,,
20029,0.0,,too_rare,,,
20030,0.0,,too_rare,,,
20031,0.0,,too_rare,,,
20032,0.0,,too_rare,,,
20033,2.8008066323101054e-05,,too_rare,,,
20034,0.0,,too_rare,,,
20035,0.0,,too_rare,,,
20036,0.0,,too_rare,,,
20037,0.0,,too_rare,,,
20038,0.0,,too_rare,,,
20040,5.601613264620211e-05,,too_rare,,,
20041,2.8008066323101054e-05,,too_rare,,,
20042,0.0,,too_rare,,,
20044,0.0,,too_rare,,,
20045,0.0,,too_rare,,,
20046,0.0,,too_rare,,,
20047,0.0,,too_rare,,,
20048,0.0,,too_rare,,,
20049,0.0,,too_rare,,,
20050,2.8008066323101054e-05,,too_rare,,,
20051,0.0,,too_rare,,,
20052,0.0,,too_rare,,,
20053,0.0,,too_rare,,,
20054,2.8008066323101054e-05,,too_rare,,,
20055,0.0,,too_rare,,,
20056,0.0,,too_rare,,,
20057,0.0,,too_rare,,,
20058,0.0,,too_rare,,,
20059,0.0,,too_rare,,,
20060,0.0,,too_rare,,,
20061,0.0,,too_rare,,,
20062,0.0,,too_rare,,,
20063,0.0,,too_rare,,,
20064,0.0,,too_rare,,,
20065,2.8008066323101054e-05,,too_rare,,,
20066,0.0,,too_rare,,,
20067,0.0,,too_rare,,,
20068,0.0,,too_rare,,,
20069,0.0,,too_rare,,,
20070,0.0,,too_rare,,,
20071,0.0,,too_rare,,,
20072,0.0,,too_rare,,,
20073,2.8008066323101054e-05,,too_rare,,,
20074,0.0,,too_rare,,,
20075,0.0,,too_rare,,,
20076,0.0,,too_rare,,,
20077,0.0,,too_rare,,,
20078,2.8008066323101054e-05,,too_rare,,,
20079,8.402419896930316e-05,,too_rare,,,
20080,0.0,,too_rare,,,
20081,0.0,,too_rare,,,
20082,0.0,,too_rare,,,
20083,0.0,,too_rare,,,
20084,0.0,,too_rare,,,
20085,0.0,,too_rare,,,
20086,0.0,,too_rare,,,
20087,0.0,,too_rare,,,
20088,0.0,,too_rare,,,
20089,2.8008066323101054e-05,,too_rare,,,
20090,0.0,,too_rare,,,
20091,0.0,,too_rare,,,
20092,0.0,,too_rare,,,
20093,0.0,,too_rare,,,
20094,0.0,,too_rare,,,
20095,2.8008066323101054e-05,,too_rare,,,
20097,2.8008066323101054e-05,,too_rare,,,
20098,2.8008066323101054e-05,,too_rare,,,
20099,5.601613264620211e-05,,too_rare,,,
20100,0.0,,too_rare,,,
20101,2.8008066323101054e-05,,too_rare,,,
20102,0.0,,too_rare,,,
20103,0.0,,too_rare,,,
20104,0.0,,too_rare,,,
20105,0.0,,too_rare,,,
20106,0.0,,too_rare,,,
20107,2.8008066323101054e-05,,too_rare,,,
20108,0.00014004033161550526,,too_rare,,,
20109,0.0,,too_rare,,,
20110,0.0,,too_rare,,,
20111,0.0,,too_rare,,,
20112,0.0,,too_rare,,,
20113,0.0,,too_rare,,,
20114,0.00033609679587721263,,too_rare,,,
20116,2.8008066323101054e-05,,too_rare,,,
20118,0.0,,too_rare,,,
20119,0.0,,too_rare,,,
20120,0.00014004033161550526,,too_rare,,,
20121,0.0,,too_rare,,,
20122,8.402419896930316e-05,,too_rare,,,
20123,0.0,,too_rare,,,
20125,0.0,,too_rare,,,
20126,2.8008066323101054e-05,,too_rare,,,
20127,0.0,,too_rare,,,
20128,5.601613264620211e-05,,too_rare,,,
20129,0.0,,too_rare,,,
20130,0.0,,too_rare,,,
20131,2.8008066323101054e-05,,too_rare,,,
20132,0.0,,too_rare,,,
20133,0.0,,too_rare,,,
20134,2.8008066323101054e-05,,too_rare,,,
20135,0.0,,too_rare,,,
20136,0.0,,too_rare,,,
20137,0.0,,too_rare,,,
20138,0.0,,too_rare,,,
20139,2.8008066323101054e-05,,too_rare,,,
20140,0.0,,too_rare,,,
20141,0.0,,too_rare,,,
20142,0.0,,too_rare,,,
20143,0.00019605646426170737,,too_rare,,,
20144,0.0,,too_rare,,,
20145,2.8008066323101054e-05,,too_rare,,,
20147,0.0,,too_rare,,,
20148,0.0,,too_rare,,,
20149,0.00011203226529240422,,too_rare,,,
20150,0.0,,too_rare,,,
20151,2.8008066323101054e-05,,too_rare,,,
20152,0.0,,too_rare,,,
20153,0.0,,too_rare,,,
20154,0.0,,too_rare,,,
20156,2.8008066323101054e-05,,too_rare,,,
20157,0.0,,too_rare,,,
20158,0.0,,too_rare,,,
20159,2.8008066323101054e-05,,too_rare,,,
20160,2.8008066323101054e-05,,too_rare,,,
20161,0.0,,too_rare,,,
20162,2.8008066323101054e-05,,too_rare,,,
20163,0.0,,too_rare,,,
20164,5.601613264620211e-05,,too_rare,,,
20166,0.0,,too_rare,,,
20167,0.0008122339233699305,,too_rare,,,
20168,0.0,,too_rare,,,
20169,0.0,,too_rare,,,
20170,5.601613264620211e-05,,too_rare,,,
20171,0.0,,too_rare,,,
20172,2.8008066323101054e-05,,too_rare,,,
20173,0.0,,too_rare,,,
20174,0.0,,too_rare,,,
20175,0.0,,too_rare,,,
20176,0.0,,too_rare,,,
20177,0.0,,too_rare,,,
20178,0.0,,too_rare,,,
20179,0.0,,too_rare,,,
20180,0.0,,too_rare,,,
20181,0.0,,too_rare,,,
20182,2.8008066323101054e-05,,too_rare,,,
20183,0.0,,too_rare,,,
20184,0.0,,too_rare,,,
20185,0.0,,too_rare,,,
20186,0.0,,too_rare,,,
20187,0.0,,too_rare,,,
20188,0.0,,too_rare,,,
20189,0.0,,too_rare,,,
20190,0.0,,too_rare,,,
20191,5.601613264620211e-05,,too_rare,,,
20192,0.0,,too_rare,,,
20193,0.00011203226529240422,,too_rare,,,
20194,0.0,,too_rare,,,
20195,0.0,,too_rare,,,
20196,0.0,,too_rare,,,
20197,0.0,,too_rare,,,
20198,0.004873403540219584,,too_rare,,,
20199,0.0,,too_rare,,,
20200,0.0,,too_rare,,,
20201,5.601613264620211e-05,,too_rare,,,
20202,0.0,,too_rare,,,
20203,0.0,,too_rare,,,
20204,0.0,,too_rare,,,
20205,0.0,,too_rare,,,
20206,0.0,,too_rare,,,
20207,5.601613264620211e-05,,too_rare,,,
20208,0.0,,too_rare,,,
20209,0.0,,too_rare,,,
20210,0.0,,too_rare,,,
20211,0.00011203226529240422,,too_rare,,,
20212,0.0,,too_rare,,,
20213,0.0,,too_rare,,,
20214,0.0,,too_rare,,,
20215,0.0,,too_rare,,,
20216,0.0,,too_rare,,,
20217,0.0,,too_rare,,,
20218,2.8008066323101054e-05,,too_rare,,,
20219,0.0,,too_rare,,,
20220,0.0,,too_rare,,,
20221,0.0,,too_rare,,,
20222,2.8008066323101054e-05,,too_rare,,,
20223,0.0,,too_rare,,,
20224,2.8008066323101054e-05,,too_rare,,,
20225,0.0,,too_rare,,,
20226,0.0,,too_rare,,,
20227,0.0,,too_rare,,,
20228,2.8008066323101054e-05,,too_rare,,,
20229,0.0,,too_rare,,,
20230,2.8008066323101054e-05,,too_rare,,,
20231,0.0,,too_rare,,,
20232,0.0,,too_rare,,,
20233,2.8008066323101054e-05,,too_rare,,,
20234,0.0,,too_rare,,,
20235,2.8008066323101054e-05,,too_rare,,,
20236,0.0,,too_rare,,,
20237,0.0,,too_rare,,,
20238,0.0,,too_rare,,,
20239,0.0,,too_rare,,,
20240,2.8008066323101054e-05,,too_rare,,,
20241,0.0,,too_rare,,,
20242,0.0,,too_rare,,,
20243,0.0,,too_rare,,,
20244,2.8008066323101054e-05,,too_rare,,,
20245,0.0,,too_rare,,,
20246,0.0,,too_rare,,,
20247,5.601613264620211e-05,,too_rare,,,
20248,0.0,,too_rare,,,
20249,0.0,,too_rare,,,
20250,0.0,,too_rare,,,
20251,2.8008066323101054e-05,,too_rare,,,
20252,2.8008066323101054e-05,,too_rare,,,
20253,0.0,,too_rare,,,
20254,0.0,,too_rare,,,
20255,0.0,,too_rare,,,
20256,0.0,,too_rare,,,
20257,0.0,,too_rare,,,
20258,0.0,,too_rare,,,
20259,0.0,,too_rare,,,
20260,5.601613264620211e-05,,too_rare,,,
20261,0.0,,too_rare,,,
20262,0.0,,too_rare,,,
20263,0.0,,too_rare,,,
20264,0.0,,too_rare,,,
20265,2.8008066323101054e-05,,too_rare,,,
20266,0.0,,too_rare,,,
20267,0.0,,too_rare,,,
20268,0.0,,too_rare,,,
20269,0.0,,too_rare,,,
20270,8.402419896930316e-05,,too_rare,,,
20271,0.0,,too_rare,,,
20272,0.00016804839793860632,,too_rare,,,
20273,0.0,,too_rare,,,
20274,0.0,,too_rare,,,
20275,0.0,,too_rare,,,
20276,0.0,,too_rare,,,
20278,0.0,,too_rare,,,
20279,0.0,,too_rare,,,
20280,0.0,,too_rare,,,
20281,0.0,,too_rare,,,
20282,0.0,,too_rare,,,
20284,0.0,,too_rare,,,
20285,0.0,,too_rare,,,
20286,2.8008066323101054e-05,,too_rare,,,
20287,0.0,,too_rare,,,
20288,0.0,,too_rare,,,
20289,0.0,,too_rare,,,
20290,0.0,,too_rare,,,
20291,2.8008066323101054e-05,,too_rare,,,
20292,0.0,,too_rare,,,
20293,2.8008066323101054e-05,,too_rare,,,
20294,0.0,,too_rare,,,
20295,0.0,,too_rare,,,
20296,2.8008066323101054e-05,,too_rare,,,
20297,0.00019605646426170737,,too_rare,,,
20298,0.0,,too_rare,,,
20299,0.0,,too_rare,,,
20300,0.00019605646426170737,,too_rare,,,
20301,0.0,,too_rare,,,
20302,0.0,,too_rare,,,
20303,0.0,,too_rare,,,
20304,0.0,,too_rare,,,
20305,0.0,,too_rare,,,
20306,0.0,,too_rare,,,
20307,0.0,,too_rare,,,
20308,0.0,,too_rare,,,
20309,0.0008402419896930316,,too_rare,,,
20310,0.0,,too_rare,,,
20311,0.0,,too_rare,,,
20312,0.0,,too_rare,,,
20313,0.0013443871835088505,,too_rare,,,
20314,0.0,,too_rare,,,
20315,0.0,,too_rare,,,
20316,0.0,,too_rare,,,
20317,0.0,,too_rare,,,
20318,0.0,,too_rare,,,
20319,2.8008066323101054e-05,,too_rare,,,
20320,0.0,,too_rare,,,
20321,0.0,,too_rare,,,
20322,0.0,,too_rare,,,
20323,0.0,,too_rare,,,
20324,0.009018597356038539,,too_rare,,,
20325,0.0,,too_rare,,,
20326,0.0,,too_rare,,,
20327,0.0,,too_rare,,,
20328,2.8008066323101054e-05,,too_rare,,,
20329,5.601613264620211e-05,,too_rare,,,
20330,0.0,,too_rare,,,
20331,0.0,,too_rare,,,
20332,2.8008066323101054e-05,,too_rare,,,
20333,0.0,,too_rare,,,
20334,0.0,,too_rare,,,
20335,0.0,,too_rare,,,
20336,0.0,,too_rare,,,
20337,0.0,,too_rare,,,
20338,2.8008066323101054e-05,,too_rare,,,
20339,0.00053215326013892,,too_rare,,,
20340,0.0,,too_rare,,,
20341,0.0,,too_rare,,,
20342,0.00011203226529240422,,too_rare,,,
20343,0.0,,too_rare,,,
20344,0.0,,too_rare,,,
20345,0.001652475913062962,,too_rare,,,
20346,0.0,,too_rare,,,
20347,0.0,,too_rare,,,
20348,0.0,,too_rare,,,
20349,0.0,,too_rare,,,
20350,0.0,,too_rare,,,
20352,0.0,,too_rare,,,
20353,0.0,,too_rare,,,
20354,2.8008066323101054e-05,,too_rare,,,
20355,0.0,,too_rare,,,
20356,0.0,,too_rare,,,
20357,0.0,,too_rare,,,
20358,0.00773022630517589,,too_rare,,,
20359,0.0,,too_rare,,,
20360,0.0,,too_rare,,,
20361,0.0,,too_rare,,,
20362,0.0,,too_rare,,,
20363,0.0,,too_rare,,,
20364,0.0,,too_rare,,,
20365,0.0,,too_rare,,,
20366,5.601613264620211e-05,,too_rare,,,
20367,0.0,,too_rare,,,
20369,0.0,,too_rare,,,
20370,0.0,,too_rare,,,
20371,2.8008066323101054e-05,,too_rare,,,
20372,0.0,,too_rare,,,
20373,0.0,,too_rare,,,
20374,0.0,,too_rare,,,
20375,2.8008066323101054e-05,,too_rare,,,
20376,0.0,,too_rare,,,
20377,2.8008066323101054e-05,,too_rare,,,
20378,0.0,,too_rare,,,
20379,0.00011203226529240422,,too_rare,,,
20380,0.0,,too_rare,,,
20381,0.0,,too_rare,,,
20382,0.0,,too_rare,,,
20383,0.0,,too_rare,,,
20384,0.0,,too_rare,,,
20385,0.0,,too_rare,,,
20386,0.0,,too_rare,,,
20387,0.0,,too_rare,,,
20388,0.0,,too_rare,,,
20389,0.0,,too_rare,,,
20390,0.0,,too_rare,,,
20391,0.0,,too_rare,,,
20392,0.0,,too_rare,,,
20393,0.0002800806632310105,,too_rare,,,
20394,0.0,,too_rare,,,
20395,0.0,,too_rare,,,
20396,0.0,,too_rare,,,
20397,0.0,,too_rare,,,
20398,2.8008066323101054e-05,,too_rare,,,
20399,0.0,,too_rare,,,
20400,2.8008066323101054e-05,,too_rare,,,
20401,0.0,,too_rare,,,
20402,0.0,,too_rare,,,
20403,0.0,,too_rare,,,
20404,0.0,,too_rare,,,
20405,0.0,,too_rare,,,
20406,0.0,,too_rare,,,
20407,0.0,,too_rare,,,
20408,2.8008066323101054e-05,,too_rare,,,
20409,0.004005153484203451,,too_rare,,,
20410,0.002156621106878781,,too_rare,,,
20411,2.8008066323101054e-05,,too_rare,,,
20412,0.0,,too_rare,,,
20413,0.0,,too_rare,,,
20414,0.0,,too_rare,,,
20415,0.0,,too_rare,,,
20416,0.0,,too_rare,,,
20418,0.0,,too_rare,,,
20419,5.601613264620211e-05,,too_rare,,,
20420,0.0,,too_rare,,,
20421,0.00044812906116961686,,too_rare,,,
20422,0.0,,too_rare,,,
20423,0.0,,too_rare,,,
20424,0.0,,too_rare,,,
20425,0.0,,too_rare,,,
20426,5.601613264620211e-05,,too_rare,,,
20427,0.0,,too_rare,,,
20428,0.0,,too_rare,,,
20429,0.0,,too_rare,,,
20430,0.0,,too_rare,,,
20431,0.00014004033161550526,,too_rare,,,
20432,0.0,,too_rare,,,
20433,0.0,,too_rare,,,
20434,0.0,,too_rare,,,
20435,0.0,,too_rare,,,
20436,0.0,,too_rare,,,
20437,0.0,,too_rare,,,
20438,2.8008066323101054e-05,,too_rare,,,
20439,0.0,,too_rare,,,
20440,2.8008066323101054e-05,,too_rare,,,
20441,5.601613264620211e-05,,too_rare,,,
20442,0.0,,too_rare,,,
20443,0.00014004033161550526,,too_rare,,,
20444,0.0,,too_rare,,,
20445,0.0,,too_rare,,,
20446,0.0,,too_rare,,,
20447,2.8008066323101054e-05,,too_rare,,,
20448,5.601613264620211e-05,,too_rare,,,
20449,2.8008066323101054e-05,,too_rare,,,
20450,0.0,,too_rare,,,
20451,0.00014004033161550526,,too_rare,,,
20452,0.0,,too_rare,,,
20453,2.8008066323101054e-05,,too_rare,,,
20454,0.0,,too_rare,,,
20455,0.0,,too_rare,,,
20456,0.0,,too_rare,,,
20457,0.0,,too_rare,,,
20458,5.601613264620211e-05,,too_rare,,,
20459,0.0,,too_rare,,,
20460,0.00011203226529240422,,too_rare,,,
20461,0.0,,too_rare,,,
20462,0.0,,too_rare,,,
20463,0.0,,too_rare,,,
20464,0.0,,too_rare,,,
20465,0.002576742101725297,,too_rare,,,
20466,2.8008066323101054e-05,,too_rare,,,
20467,0.0,,too_rare,,,
20468,0.0,,too_rare,,,
20469,0.0,,too_rare,,,
20470,0.0,,too_rare,,,
20471,2.8008066323101054e-05,,too_rare,,,
20472,0.0,,too_rare,,,
20473,2.8008066323101054e-05,,too_rare,,,
20474,0.0,,too_rare,,,
20476,0.0,,too_rare,,,
20477,0.0,,too_rare,,,
20478,0.006974008514452163,,too_rare,,,
20479,0.0,,too_rare,,,
20480,2.8008066323101054e-05,,too_rare,,,
20481,0.0,,too_rare,,,
20482,0.0,,too_rare,,,
20483,0.0,,too_rare,,,
20484,0.0,,too_rare,,,
20485,0.0,,too_rare,,,
20486,0.0,,too_rare,,,
20487,0.0,,too_rare,,,
20488,0.0,,too_rare,,,
20489,0.0,,too_rare,,,
20490,0.0,,too_rare,,,
20491,0.0,,too_rare,,,
20492,0.0,,too_rare,,,
20493,0.0,,too_rare,,,
20494,0.0,,too_rare,,,
20495,0.0,,too_rare,,,
20496,0.0,,too_rare,,,
20497,2.8008066323101054e-05,,too_rare,,,
20498,0.0,,too_rare,,,
20499,0.0,,too_rare,,,
20500,0.0,,too_rare,,,
20501,0.0,,too_rare,,,
20503,0.0,,too_rare,,,
20504,0.0,,too_rare,,,
20505,0.0,,too_rare,,,
20506,0.0,,too_rare,,,
20507,0.001036298453954739,,too_rare,,,
20508,0.0,,too_rare,,,
20509,0.0,,too_rare,,,
20510,0.0,,too_rare,,,
20511,0.0,,too_rare,,,
20512,0.0,,too_rare,,,
20513,0.0,,too_rare,,,
20514,0.0,,too_rare,,,
20515,0.0,,too_rare,,,
20516,5.601613264620211e-05,,too_rare,,,
20517,0.0,,too_rare,,,
20518,2.8008066323101054e-05,,too_rare,,,
20519,0.0,,too_rare,,,
20521,0.0,,too_rare,,,
20522,0.00016804839793860632,,too_rare,,,
20523,0.0,,too_rare,,,
20524,0.00019605646426170737,,too_rare,,,
20525,2.8008066323101054e-05,,too_rare,,,
20526,0.004117185749495855,,too_rare,,,
20527,0.0,,too_rare,,,
20528,0.0,,too_rare,,,
20529,0.0,,too_rare,,,
20530,0.0,,too_rare,,,
20531,0.0,,too_rare,,,
20532,0.0,,too_rare,,,
20533,0.0,,too_rare,,,
20534,0.0,,too_rare,,,
20535,0.0,,too_rare,,,
20536,0.0,,too_rare,,,
20537,0.0,,too_rare,,,
20538,0.0,,too_rare,,,
20539,0.0,,too_rare,,,
20540,0.0,,too_rare,,,
20541,0.0,,too_rare,,,
20542,0.0,,too_rare,,,
20543,2.8008066323101054e-05,,too_rare,,,
20544,0.0,,too_rare,,,
20545,0.0,,too_rare,,,
20546,0.0,,too_rare,,,
20547,0.002296661438494286,,too_rare,,,
20548,0.0,,too_rare,,,
20550,0.0,,too_rare,,,
20551,0.0,,too_rare,,,
20552,2.8008066323101054e-05,,too_rare,,,
20553,0.0,,too_rare,,,
20554,0.0,,too_rare,,,
20555,0.0,,too_rare,,,
20556,2.8008066323101054e-05,,too_rare,,,
20557,0.0,,too_rare,,,
20558,2.8008066323101054e-05,,too_rare,,,
20559,0.0,,too_rare,,,
20560,0.0048453954738964826,,too_rare,,,
20561,0.0,,too_rare,,,
20562,0.001036298453954739,,too_rare,,,
20563,0.0,,too_rare,,,
20564,0.0,,too_rare,,,
20565,0.0,,too_rare,,,
20566,0.0,,too_rare,,,
20567,2.8008066323101054e-05,,too_rare,,,
20568,0.0,,too_rare,,,
20569,0.0,,too_rare,,,
20570,0.0,,too_rare,,,
20571,0.0,,too_rare,,,
20572,0.0,,too_rare,,,
20573,0.0,,too_rare,,,
20574,0.0,,too_rare,,,
20576,2.8008066323101054e-05,,too_rare,,,
20577,5.601613264620211e-05,,too_rare,,,
20578,8.402419896930316e-05,,too_rare,,,
20579,0.0,,too_rare,,,
20580,0.0,,too_rare,,,
20581,0.0,,too_rare,,,
20582,2.8008066323101054e-05,,too_rare,,,
20583,0.0,,too_rare,,,
20584,2.8008066323101054e-05,,too_rare,,,
20585,0.0,,too_rare,,,
20586,2.8008066323101054e-05,,too_rare,,,
20587,2.8008066323101054e-05,,too_rare,,,
20588,0.0,,too_rare,,,
20589,5.601613264620211e-05,,too_rare,,,
20590,2.8008066323101054e-05,,too_rare,,,
20591,0.0,,too_rare,,,
20592,0.0,,too_rare,,,
20593,0.0,,too_rare,,,
20594,0.00044812906116961686,,too_rare,,,
20595,0.0,,too_rare,,,
20596,0.0,,too_rare,,,
20597,0.0006441855254313242,,too_rare,,,
20598,0.0,,too_rare,,,
20599,0.0,,too_rare,,,
20600,0.001568451714093659,,too_rare,,,
20601,0.0,,too_rare,,,
20602,0.0,,too_rare,,,
20603,0.0,,too_rare,,,
20604,0.0,,too_rare,,,
20605,0.0,,too_rare,,,
20606,0.0,,too_rare,,,
20607,0.0,,too_rare,,,
20608,2.8008066323101054e-05,,too_rare,,,
20609,0.0,,too_rare,,,
20610,0.00019605646426170737,,too_rare,,,
20611,0.0,,too_rare,,,
20612,0.0,,too_rare,,,
20613,0.0,,too_rare,,,
20614,2.8008066323101054e-05,,too_rare,,,
20615,0.0,,too_rare,,,
20616,0.0,,too_rare,,,
20617,0.0003080887295541116,,too_rare,,,
20618,0.0,,too_rare,,,
20619,0.001120322652924042,,too_rare,,,
20620,0.0,,too_rare,,,
20621,0.0,,too_rare,,,
20622,0.0,,too_rare,,,
20623,0.0003080887295541116,,too_rare,,,
20624,2.8008066323101054e-05,,too_rare,,,
20625,2.8008066323101054e-05,,too_rare,,,
20626,0.0,,too_rare,,,
20627,0.005125476137127493,,too_rare,,,
20628,0.0,,too_rare,,,
20629,0.0,,too_rare,,,
20630,0.0,,too_rare,,,
20631,0.0,,too_rare,,,
20632,2.8008066323101054e-05,,too_rare,,,
20633,0.00036410486220031366,,too_rare,,,
20634,0.0,,too_rare,,,
20636,0.0,,too_rare,,,
20637,0.0,,too_rare,,,
20638,0.0,,too_rare,,,
20639,2.8008066323101054e-05,,too_rare,,,
20640,0.0,,too_rare,,,
20641,0.0,,too_rare,,,
20642,5.601613264620211e-05,,too_rare,,,
20643,0.0,,too_rare,,,
20644,0.0,,too_rare,,,
20645,0.0,,too_rare,,,
20646,0.0,,too_rare,,,
20647,0.0,,too_rare,,,
20648,2.8008066323101054e-05,,too_rare,,,
20649,0.0,,too_rare,,,
20650,8.402419896930316e-05,,too_rare,,,
20651,2.8008066323101054e-05,,too_rare,,,
20652,0.0,,too_rare,,,
20653,0.0,,too_rare,,,
20654,0.0,,too_rare,,,
20655,2.8008066323101054e-05,,too_rare,,,
20656,0.0,,too_rare,,,
20657,5.601613264620211e-05,,too_rare,,,
20658,0.004145193815818956,,too_rare,,,
20659,2.8008066323101054e-05,,too_rare,,,
20660,0.0,,too_rare,,,
20661,0.0,,too_rare,,,
20662,0.0,,too_rare,,,
20663,2.8008066323101054e-05,,too_rare,,,
20664,5.601613264620211e-05,,too_rare,,,
20665,0.0,,too_rare,,,
20666,0.0,,too_rare,,,
20667,0.00011203226529240422,,too_rare,,,
20668,2.8008066323101054e-05,,too_rare,,,
20669,0.0,,too_rare,,,
20670,2.8008066323101054e-05,,too_rare,,,
20671,2.8008066323101054e-05,,too_rare,,,
20672,0.0,,too_rare,,,
20673,0.0,,too_rare,,,
20674,0.0,,too_rare,,,
20675,0.0,,too_rare,,,
20676,0.0,,too_rare,,,
20677,2.8008066323101054e-05,,too_rare,,,
20678,2.8008066323101054e-05,,too_rare,,,
20679,0.0,,too_rare,,,
20680,0.0,,too_rare,,,
20681,0.0,,too_rare,,,
20682,0.0,,too_rare,,,
20683,0.00016804839793860632,,too_rare,,,
20684,0.0,,too_rare,,,
20685,0.0,,too_rare,,,
20686,0.0,,too_rare,,,
20687,0.0,,too_rare,,,
20688,2.8008066323101054e-05,,too_rare,,,
20689,0.0,,too_rare,,,
20690,0.0,,too_rare,,,
20691,0.0,,too_rare,,,
20692,0.0,,too_rare,,,
20694,0.0,,too_rare,,,
20695,0.0,,too_rare,,,
20696,0.0,,too_rare,,,
20697,2.8008066323101054e-05,,too_rare,,,
20698,0.0,,too_rare,,,
20699,0.00106430652027784,,too_rare,,,
20700,0.0,,too_rare,,,
20701,0.0,,too_rare,,,
20702,0.0,,too_rare,,,
20703,0.0,,too_rare,,,
20704,0.0,,too_rare,,,
20705,0.0,,too_rare,,,
20706,0.0,,too_rare,,,
20707,5.601613264620211e-05,,too_rare,,,
20708,0.0,,too_rare,,,
20709,0.0,,too_rare,,,
20710,2.8008066323101054e-05,,too_rare,,,
20711,0.00019605646426170737,,too_rare,,,
20712,0.0007002016580775263,,too_rare,,,
20713,2.8008066323101054e-05,,too_rare,,,
20714,2.8008066323101054e-05,,too_rare,,,
20715,0.0,,too_rare,,,
20716,0.0,,too_rare,,,
20717,5.601613264620211e-05,,too_rare,,,
20718,0.00011203226529240422,,too_rare,,,
20719,0.0,,too_rare,,,
20720,0.0,,too_rare,,,
20721,0.0,,too_rare,,,
20722,0.0,,too_rare,,,
20723,0.0,,too_rare,,,
20725,0.0,,too_rare,,,
20726,0.0,,too_rare,,,
20727,0.0,,too_rare,,,
20729,0.0,,too_rare,,,
20730,0.0,,too_rare,,,
20731,2.8008066323101054e-05,,too_rare,,,
20732,0.0,,too_rare,,,
20733,0.005461572933004705,,too_rare,,,
20734,0.0,,too_rare,,,
20735,0.0,,too_rare,,,
20736,2.8008066323101054e-05,,too_rare,,,
20737,0.0,,too_rare,,,
20738,0.0,,too_rare,,,
20739,0.0,,too_rare,,,
20740,0.0,,too_rare,,,
20741,0.0,,too_rare,,,
20742,0.0,,too_rare,,,
20743,2.8008066323101054e-05,,too_rare,,,
20744,0.0,,too_rare,,,
20745,2.8008066323101054e-05,,too_rare,,,
20746,0.0,,too_rare,,,
20747,0.0,,too_rare,,,
20748,0.0,,too_rare,,,
20749,0.0,,too_rare,,,
20750,0.0,,too_rare,,,
20751,2.8008066323101054e-05,,too_rare,,,
20752,0.0,,too_rare,,,
20753,0.0,,too_rare,,,
20754,2.8008066323101054e-05,,too_rare,,,
20755,0.0,,too_rare,,,
20756,0.0,,too_rare,,,
20757,2.8008066323101054e-05,,too_rare,,,
20758,0.0,,too_rare,,,
20759,0.0,,too_rare,,,
20760,2.8008066323101054e-05,,too_rare,,,
20761,2.8008066323101054e-05,,too_rare,,,
20762,0.0,,too_rare,,,
20763,0.0,,too_rare,,,
20765,0.0,,too_rare,,,
20766,0.0,,too_rare,,,
20767,0.0,,too_rare,,,
20768,2.8008066323101054e-05,,too_rare,,,
20769,0.0,,too_rare,,,
20770,0.0,,too_rare,,,
20771,0.0,,too_rare,,,
20772,0.0,,too_rare,,,
20773,0.0,,too_rare,,,
20774,0.0,,too_rare,,,
20775,0.0,,too_rare,,,
20776,0.0,,too_rare,,,
20777,0.0,,too_rare,,,
20778,0.0,,too_rare,,,
20779,0.0,,too_rare,,,
20780,0.0,,too_rare,,,
20781,0.0,,too_rare,,,
20782,0.0,,too_rare,,,
20783,0.0,,too_rare,,,
20784,2.8008066323101054e-05,,too_rare,,,
20785,0.0,,too_rare,,,
20786,0.0,,too_rare,,,
20787,0.0,,too_rare,,,
20788,0.0,,too_rare,,,
20789,0.00022406453058480843,,too_rare,,,
20790,0.0002800806632310105,,too_rare,,,
20791,0.0,,too_rare,,,
20792,0.0,,too_rare,,,
20793,0.0007842258570468295,,too_rare,,,
20794,0.0,,too_rare,,,
20795,0.0,,too_rare,,,
20796,0.0,,too_rare,,,
20797,0.0,,too_rare,,,
20798,0.0,,too_rare,,,
20799,2.8008066323101054e-05,,too_rare,,,
20800,0.0,,too_rare,,,
20801,0.0,,too_rare,,,
20802,2.8008066323101054e-05,,too_rare,,,
20803,5.601613264620211e-05,,too_rare,,,
20804,0.0,,too_rare,,,
20805,0.0,,too_rare,,,
20806,2.8008066323101054e-05,,too_rare,,,
20807,0.0,,too_rare,,,
20808,2.8008066323101054e-05,,too_rare,,,
20809,0.0,,too_rare,,,
20810,0.0,,too_rare,,,
20811,0.0,,too_rare,,,
20812,0.0,,too_rare,,,
20813,0.0,,too_rare,,,
20814,0.0,,too_rare,,,
20815,0.0,,too_rare,,,
20816,0.0,,too_rare,,,
20817,0.0,,too_rare,,,
20818,0.0,,too_rare,,,
20819,0.0,,too_rare,,,
20820,2.8008066323101054e-05,,too_rare,,,
20822,0.0,,too_rare,,,
20823,2.8008066323101054e-05,,too_rare,,,
20824,0.00033609679587721263,,too_rare,,,
20825,0.0,,too_rare,,,
20826,0.0,,too_rare,,,
20827,0.0,,too_rare,,,
20828,0.0,,too_rare,,,
20829,0.0,,too_rare,,,
20830,0.0,,too_rare,,,
20831,0.0,,too_rare,,,
20832,0.0,,too_rare,,,
20833,0.0,,too_rare,,,
20834,0.00014004033161550526,,too_rare,,,
20835,0.0,,too_rare,,,
20836,2.8008066323101054e-05,,too_rare,,,
20837,0.0,,too_rare,,,
20838,0.0,,too_rare,,,
20839,0.0,,too_rare,,,
20840,0.0,,too_rare,,,
20842,0.0,,too_rare,,,
20843,0.0,,too_rare,,,
20844,0.0,,too_rare,,,
20845,2.8008066323101054e-05,,too_rare,,,
20846,2.8008066323101054e-05,,too_rare,,,
20847,0.0,,too_rare,,,
20848,0.004229218014788259,,too_rare,,,
20849,0.0,,too_rare,,,
20850,2.8008066323101054e-05,,too_rare,,,
20851,0.001484427515124356,,too_rare,,,
20852,0.0,,too_rare,,,
20853,0.0,,too_rare,,,
20854,0.0,,too_rare,,,
20855,0.0,,too_rare,,,
20856,0.0,,too_rare,,,
20857,0.0,,too_rare,,,
20858,0.0,,too_rare,,,
20859,0.0,,too_rare,,,
20860,0.0,,too_rare,,,
20861,0.0,,too_rare,,,
20862,0.0,,too_rare,,,
20863,2.8008066323101054e-05,,too_rare,,,
20864,0.0,,too_rare,,,
20865,0.0,,too_rare,,,
20866,0.0,,too_rare,,,
20867,0.00011203226529240422,,too_rare,,,
20868,0.0,,too_rare,,,
20869,0.0,,too_rare,,,
20870,0.0,,too_rare,,,
20871,2.8008066323101054e-05,,too_rare,,,
20872,0.0,,too_rare,,,
20873,0.0,,too_rare,,,
20874,0.0,,too_rare,,,
20876,0.00014004033161550526,,too_rare,,,
20877,0.0,,too_rare,,,
20878,0.0,,too_rare,,,
20879,8.402419896930316e-05,,too_rare,,,
20880,0.0,,too_rare,,,
20881,0.0,,too_rare,,,
20882,5.601613264620211e-05,,too_rare,,,
20883,8.402419896930316e-05,,too_rare,,,
20884,0.0,,too_rare,,,
20885,0.0,,too_rare,,,
20886,0.0,,too_rare,,,
20887,0.0,,too_rare,,,
20888,0.0,,too_rare,,,
20889,5.601613264620211e-05,,too_rare,,,
20890,0.0,,too_rare,,,
20891,8.402419896930316e-05,,too_rare,,,
20892,0.0,,too_rare,,,
20893,0.0,,too_rare,,,
20894,0.0,,too_rare,,,
20895,0.0,,too_rare,,,
20896,0.0,,too_rare,,,
20897,0.0,,too_rare,,,
20898,0.0,,too_rare,,,
20899,0.0,,too_rare,,,
20900,2.8008066323101054e-05,,too_rare,,,
20901,0.0,,too_rare,,,
20902,0.0,,too_rare,,,
20903,2.8008066323101054e-05,,too_rare,,,
20904,0.0018765404436477705,,too_rare,,,
20905,0.0,,too_rare,,,
20906,0.0,,too_rare,,,
20908,2.8008066323101054e-05,,too_rare,,,
20909,0.0,,too_rare,,,
20910,0.0,,too_rare,,,
20911,0.0,,too_rare,,,
20913,0.0,,too_rare,,,
20915,0.0,,too_rare,,,
20916,2.8008066323101054e-05,,too_rare,,,
20917,0.0,,too_rare,,,
20918,0.0006721935917544253,,too_rare,,,
20919,0.0,,too_rare,,,
20920,0.0,,too_rare,,,
20921,0.0,,too_rare,,,
20922,8.402419896930316e-05,,too_rare,,,
20923,0.0,,too_rare,,,
20924,0.0,,too_rare,,,
20925,0.0,,too_rare,,,
20926,8.402419896930316e-05,,too_rare,,,
20927,0.0,,too_rare,,,
20928,0.0,,too_rare,,,
20929,0.0,,too_rare,,,
20930,2.8008066323101054e-05,,too_rare,,,
20931,0.0,,too_rare,,,
20932,0.0,,too_rare,,,
20933,0.0,,too_rare,,,
20934,0.0,,too_rare,,,
20935,5.601613264620211e-05,,too_rare,,,
20936,0.00019605646426170737,,too_rare,,,
20937,0.0,,too_rare,,,
20938,5.601613264620211e-05,,too_rare,,,
20939,0.0,,too_rare,,,
20940,0.0,,too_rare,,,
20941,2.8008066323101054e-05,,too_rare,,,
20942,0.0,,too_rare,,,
20943,0.0,,too_rare,,,
20944,0.0,,too_rare,,,
20945,0.0,,too_rare,,,
20946,0.0,,too_rare,,,
20947,0.0,,too_rare,,,
20948,0.0,,too_rare,,,
20949,0.0,,too_rare,,,
20950,0.005237508402419897,,too_rare,,,
20951,0.0,,too_rare,,,
20952,0.0,,too_rare,,,
20953,8.402419896930316e-05,,too_rare,,,
20954,0.0,,too_rare,,,
20955,2.8008066323101054e-05,,too_rare,,,
20956,0.0,,too_rare,,,
20958,0.0,,too_rare,,,
20959,0.0,,too_rare,,,
20960,0.0,,too_rare,,,
20961,0.0,,too_rare,,,
20962,0.0,,too_rare,,,
20963,0.0,,too_rare,,,
20964,0.0,,too_rare,,,
20965,0.0,,too_rare,,,
20966,0.0,,too_rare,,,
20967,0.0,,too_rare,,,
20968,0.0,,too_rare,,,
20969,0.0,,too_rare,,,
20970,0.0,,too_rare,,,
20971,0.0,,too_rare,,,
20972,0.0,,too_rare,,,
20973,0.0,,too_rare,,,
20974,0.0,,too_rare,,,
20975,0.0,,too_rare,,,
20976,0.0,,too_rare,,,
20977,0.0,,too_rare,,,
20978,0.0,,too_rare,,,
20979,0.0,,too_rare,,,
20980,0.0,,too_rare,,,
20981,0.001988572708940175,,too_rare,,,
20982,0.0,,too_rare,,,
20983,0.0,,too_rare,,,
20984,0.0,,too_rare,,,
20985,0.0,,too_rare,,,
20986,0.0,,too_rare,,,
20987,0.0,,too_rare,,,
20988,0.0,,too_rare,,,
20989,0.0,,too_rare,,,
20990,0.0,,too_rare,,,
20991,2.8008066323101054e-05,,too_rare,,,
20992,0.0,,too_rare,,,
20993,0.0,,too_rare,,,
20994,0.0,,too_rare,,,
20995,0.0,,too_rare,,,
20996,0.0,,too_rare,,,
20997,0.0,,too_rare,,,
20998,0.0,,too_rare,,,
20999,0.0,,too_rare,,,
21000,0.0,,too_rare,,,
21001,0.0,,too_rare,,,
21002,0.0,,too_rare,,,
21003,2.8008066323101054e-05,,too_rare,,,
21004,0.0,,too_rare,,,
21005,0.0,,too_rare,,,
21006,0.0,,too_rare,,,
21007,5.601613264620211e-05,,too_rare,,,
21008,0.0,,too_rare,,,
21009,2.8008066323101054e-05,,too_rare,,,
21010,0.0,,too_rare,,,
21011,0.0,,too_rare,,,
21012,0.0,,too_rare,,,
21013,2.8008066323101054e-05,,too_rare,,,
21014,0.0,,too_rare,,,
21015,0.0,,too_rare,,,
21016,0.0,,too_rare,,,
21017,0.0,,too_rare,,,
21018,2.8008066323101054e-05,,too_rare,,,
21019,0.0,,too_rare,,,
21020,0.0,,too_rare,,,
21021,0.0,,too_rare,,,
21022,0.0,,too_rare,,,
21023,0.0,,too_rare,,,
21024,2.8008066323101054e-05,,too_rare,,,
21025,0.0,,too_rare,,,
21026,0.0,,too_rare,,,
21027,0.0,,too_rare,,,
21028,0.0,,too_rare,,,
21029,0.00011203226529240422,,too_rare,,,
21030,0.0,,too_rare,,,
21031,0.0,,too_rare,,,
21032,0.0,,too_rare,,,
21033,0.0,,too_rare,,,
21034,2.8008066323101054e-05,,too_rare,,,
21035,0.0,,too_rare,,,
21036,0.0,,too_rare,,,
21037,0.0,,too_rare,,,
21038,0.0,,too_rare,,,
21039,0.0,,too_rare,,,
21040,0.0,,too_rare,,,
21041,0.00036410486220031366,,too_rare,,,
21042,0.0,,too_rare,,,
21043,0.0,,too_rare,,,
21044,0.0,,too_rare,,,
21045,0.0,,too_rare,,,
21046,0.0,,too_rare,,,
21047,0.0,,too_rare,,,
21048,0.0,,too_rare,,,
21049,0.0,,too_rare,,,
21050,0.0,,too_rare,,,
21051,0.0,,too_rare,,,
21052,0.0,,too_rare,,,
21053,0.0,,too_rare,,,
21054,0.0,,too_rare,,,
21055,0.0,,too_rare,,,
21056,0.0,,too_rare,,,
21057,0.0,,too_rare,,,
21058,0.0,,too_rare,,,
21059,0.0,,too_rare,,,
21060,0.0003080887295541116,,too_rare,,,
21061,0.0,,too_rare,,,
21062,0.0,,too_rare,,,
21063,0.0,,too_rare,,,
21064,0.0,,too_rare,,,
21065,0.0,,too_rare,,,
21066,0.0,,too_rare,,,
21067,0.0,,too_rare,,,
21068,0.0,,too_rare,,,
21069,5.601613264620211e-05,,too_rare,,,
21070,0.0,,too_rare,,,
21071,0.0029128388976025093,,too_rare,,,
21072,2.8008066323101054e-05,,too_rare,,,
21074,0.0,,too_rare,,,
21075,0.0,,too_rare,,,
21076,0.00014004033161550526,,too_rare,,,
21077,0.0,,too_rare,,,
21078,0.0,,too_rare,,,
21079,0.0,,too_rare,,,
21080,0.0,,too_rare,,,
21081,0.0,,too_rare,,,
21082,0.0,,too_rare,,,
21083,0.0,,too_rare,,,
21084,8.402419896930316e-05,,too_rare,,,
21085,0.0008682500560161327,,too_rare,,,
21086,8.402419896930316e-05,,too_rare,,,
21087,0.0,,too_rare,,,
21088,0.0,,too_rare,,,
21089,2.8008066323101054e-05,,too_rare,,,
21090,0.0,,too_rare,,,
21091,0.0,,too_rare,,,
21093,5.601613264620211e-05,,too_rare,,,
21094,0.0,,too_rare,,,
21095,0.00016804839793860632,,too_rare,,,
21096,0.0,,too_rare,,,
21097,0.0,,too_rare,,,
21098,0.0,,too_rare,,,
21099,0.0,,too_rare,,,
21100,0.0,,too_rare,,,
21101,0.0,,too_rare,,,
21102,0.0,,too_rare,,,
21103,2.8008066323101054e-05,,too_rare,,,
21104,0.0,,too_rare,,,
21106,0.0,,too_rare,,,
21107,0.0,,too_rare,,,
21108,0.0,,too_rare,,,
21109,5.601613264620211e-05,,too_rare,,,
21110,0.0,,too_rare,,,
21111,0.0,,too_rare,,,
21112,0.0,,too_rare,,,
21113,0.0,,too_rare,,,
21114,0.0,,too_rare,,,
21115,0.0004761371274927179,,too_rare,,,
21116,0.0,,too_rare,,,
21117,0.0,,too_rare,,,
21118,0.0,,too_rare,,,
21119,2.8008066323101054e-05,,too_rare,,,
21120,0.0,,too_rare,,,
21121,0.0,,too_rare,,,
21123,0.0,,too_rare,,,
21124,8.402419896930316e-05,,too_rare,,,
21125,2.8008066323101054e-05,,too_rare,,,
21127,0.0,,too_rare,,,
21128,0.0,,too_rare,,,
21129,0.0,,too_rare,,,
21130,0.004425274479049966,,too_rare,,,
21131,2.8008066323101054e-05,,too_rare,,,
21132,0.0,,too_rare,,,
21133,2.8008066323101054e-05,,too_rare,,,
21134,0.0,,too_rare,,,
21135,0.0,,too_rare,,,
21136,0.0019045485099708716,,too_rare,,,
21137,0.0,,too_rare,,,
21138,0.0,,too_rare,,,
21139,0.0,,too_rare,,,
21141,0.0,,too_rare,,,
21142,0.0,,too_rare,,,
21143,0.0068899843154828595,,too_rare,,,
21144,0.0,,too_rare,,,
21145,0.0,,too_rare,,,
21146,0.0,,too_rare,,,
21147,0.0,,too_rare,,,
21148,0.0,,too_rare,,,
21149,2.8008066323101054e-05,,too_rare,,,
21150,0.0,,too_rare,,,
21151,2.8008066323101054e-05,,too_rare,,,
21152,0.0,,too_rare,,,
21153,0.0,,too_rare,,,
21154,0.0,,too_rare,,,
21155,2.8008066323101054e-05,,too_rare,,,
21156,0.0,,too_rare,,,
21157,0.0,,too_rare,,,
21158,0.0,,too_rare,,,
21159,0.0,,too_rare,,,
21160,0.0,,too_rare,,,
21161,0.0,,too_rare,,,
21162,0.0,,too_rare,,,
21163,0.0,,too_rare,,,
21164,0.0,,too_rare,,,
21165,2.8008066323101054e-05,,too_rare,,,
21166,2.8008066323101054e-05,,too_rare,,,
21167,0.0,,too_rare,,,
21168,0.0,,too_rare,,,
21169,0.0,,too_rare,,,
21170,0.0,,too_rare,,,
21171,0.0,,too_rare,,,
21172,0.0,,too_rare,,,
21173,0.0,,too_rare,,,
21174,0.0,,too_rare,,,
21175,0.0,,too_rare,,,
21176,0.0,,too_rare,,,
21177,0.002828814698633206,,too_rare,,,
21178,0.0,,too_rare,,,
21179,0.0,,too_rare,,,
21180,0.0,,too_rare,,,
21181,0.0,,too_rare,,,
21182,0.0,,too_rare,,,
21183,0.0,,too_rare,,,
21184,0.0,,too_rare,,,
21185,2.8008066323101054e-05,,too_rare,,,
21186,0.0,,too_rare,,,
21187,0.0,,too_rare,,,
21188,0.0,,too_rare,,,
21189,0.0,,too_rare,,,
21190,0.0,,too_rare,,,
21191,0.0,,too_rare,,,
21192,0.0,,too_rare,,,
21193,8.402419896930316e-05,,too_rare,,,
21194,8.402419896930316e-05,,too_rare,,,
21195,8.402419896930316e-05,,too_rare,,,
21196,0.0,,too_rare,,,
21197,8.402419896930316e-05,,too_rare,,,
21198,0.0,,too_rare,,,
21199,5.601613264620211e-05,,too_rare,,,
21200,2.8008066323101054e-05,,too_rare,,,
21201,0.0,,too_rare,,,
21202,0.0,,too_rare,,,
21203,0.0,,too_rare,,,
21204,0.0,,too_rare,,,
21205,0.00053215326013892,,too_rare,,,
21206,0.0,,too_rare,,,
21207,0.0,,too_rare,,,
21208,0.0,,too_rare,,,
21209,0.0,,too_rare,,,
21210,0.0,,too_rare,,,
21211,0.0,,too_rare,,,
21212,0.0,,too_rare,,,
21213,0.0,,too_rare,,,
21214,0.0,,too_rare,,,
21215,0.0,,too_rare,,,
21216,0.0,,too_rare,,,
21217,0.0,,too_rare,,,
21218,2.8008066323101054e-05,,too_rare,,,
21219,0.0,,too_rare,,,
21220,0.0,,too_rare,,,
21221,0.0,,too_rare,,,
21222,0.0,,too_rare,,,
21223,0.0,,too_rare,,,
21224,0.0,,too_rare,,,
21226,0.0014284113824781536,,too_rare,,,
21227,2.8008066323101054e-05,,too_rare,,,
21228,0.0,,too_rare,,,
21229,0.0,,too_rare,,,
21230,0.0,,too_rare,,,
21231,0.0,,too_rare,,,
21232,0.0,,too_rare,,,
21233,2.8008066323101054e-05,,too_rare,,,
21234,0.0,,too_rare,,,
21235,0.001484427515124356,,too_rare,,,
21236,0.0,,too_rare,,,
21237,0.00019605646426170737,,too_rare,,,
21238,2.8008066323101054e-05,,too_rare,,,
21239,2.8008066323101054e-05,,too_rare,,,
21240,0.0,,too_rare,,,
21241,0.0,,too_rare,,,
21242,0.0,,too_rare,,,
21243,0.0,,too_rare,,,
21244,0.0,,too_rare,,,
21245,2.8008066323101054e-05,,too_rare,,,
21246,0.0,,too_rare,,,
21247,0.0,,too_rare,,,
21248,0.0,,too_rare,,,
21249,0.0,,too_rare,,,
21250,0.0,,too_rare,,,
21251,0.0,,too_rare,,,
21252,0.0,,too_rare,,,
21253,0.0,,too_rare,,,
21254,0.0,,too_rare,,,
21255,0.0,,too_rare,,,
21256,0.0,,too_rare,,,
21257,0.0,,too_rare,,,
21258,0.0,,too_rare,,,
21259,2.8008066323101054e-05,,too_rare,,,
21260,0.00159645978041676,,too_rare,,,
21261,0.0,,too_rare,,,
21262,0.00044812906116961686,,too_rare,,,
21263,0.0,,too_rare,,,
21264,0.0,,too_rare,,,
21265,0.0003080887295541116,,too_rare,,,
21266,0.0,,too_rare,,,
21267,2.8008066323101054e-05,,too_rare,,,
21269,0.0,,too_rare,,,
21270,2.8008066323101054e-05,,too_rare,,,
21271,0.0,,too_rare,,,
21272,0.0,,too_rare,,,
21273,8.402419896930316e-05,,too_rare,,,
21274,0.0,,too_rare,,,
21275,0.0,,too_rare,,,
21278,0.0,,too_rare,,,
21279,2.8008066323101054e-05,,too_rare,,,
21280,0.0,,too_rare,,,
21281,0.002604750168048398,,too_rare,,,
21283,0.0,,too_rare,,,
21284,0.0,,too_rare,,,
21285,0.0,,too_rare,,,
21286,0.001568451714093659,,too_rare,,,
21287,0.0,,too_rare,,,
21288,0.0,,too_rare,,,
21289,0.0,,too_rare,,,
21290,0.00036410486220031366,,too_rare,,,
21291,0.0,,too_rare,,,
21292,0.0,,too_rare,,,
21293,0.0,,too_rare,,,
21294,0.0,,too_rare,,,
21295,2.8008066323101054e-05,,too_rare,,,
21296,0.0,,too_rare,,,
21297,0.0,,too_rare,,,
21298,0.0,,too_rare,,,
21299,2.8008066323101054e-05,,too_rare,,,
21301,0.0,,too_rare,,,
21302,0.0,,too_rare,,,
21303,0.0,,too_rare,,,
21304,0.0,,too_rare,,,
21305,0.0,,too_rare,,,
21306,0.0,,too_rare,,,
21307,0.0,,too_rare,,,
21308,0.0,,too_rare,,,
21309,0.0,,too_rare,,,
21310,0.0,,too_rare,,,
21311,2.8008066323101054e-05,,too_rare,,,
21312,0.0,,too_rare,,,
21313,0.0,,too_rare,,,
21314,5.601613264620211e-05,,too_rare,,,
21315,0.0,,too_rare,,,
21316,0.0,,too_rare,,,
21317,0.0,,too_rare,,,
21318,0.0,,too_rare,,,
21319,0.0,,too_rare,,,
21320,0.0,,too_rare,,,
21321,0.0,,too_rare,,,
21322,0.0,,too_rare,,,
21323,0.0,,too_rare,,,
21324,0.0,,too_rare,,,
21325,0.0,,too_rare,,,
21326,0.0,,too_rare,,,
21327,2.8008066323101054e-05,,too_rare,,,
21328,2.8008066323101054e-05,,too_rare,,,
21329,0.0,,too_rare,,,
21330,2.8008066323101054e-05,,too_rare,,,
21331,0.0,,too_rare,,,
21332,2.8008066323101054e-05,,too_rare,,,
21333,0.0,,too_rare,,,
21334,0.0,,too_rare,,,
21335,0.0,,too_rare,,,
21336,0.0,,too_rare,,,
21337,2.8008066323101054e-05,,too_rare,,,
21338,2.8008066323101054e-05,,too_rare,,,
21339,0.0,,too_rare,,,
21340,2.8008066323101054e-05,,too_rare,,,
21341,2.8008066323101054e-05,,too_rare,,,
21342,0.0,,too_rare,,,
21343,0.0008122339233699305,,too_rare,,,
21344,0.0,,too_rare,,,
21345,2.8008066323101054e-05,,too_rare,,,
21346,2.8008066323101054e-05,,too_rare,,,
21347,0.0,,too_rare,,,
21348,0.0,,too_rare,,,
21350,0.0,,too_rare,,,
21351,0.0,,too_rare,,,
21352,0.0,,too_rare,,,
21354,0.0,,too_rare,,,
21355,0.0,,too_rare,,,
21356,0.0,,too_rare,,,
21357,0.0,,too_rare,,,
21358,0.0,,too_rare,,,
21359,0.0,,too_rare,,,
21360,0.0,,too_rare,,,
21361,0.0,,too_rare,,,
21362,0.0,,too_rare,,,
21363,0.00016804839793860632,,too_rare,,,
21364,0.0,,too_rare,,,
21365,0.0,,too_rare,,,
21366,0.0,,too_rare,,,
21368,2.8008066323101054e-05,,too_rare,,,
21369,2.8008066323101054e-05,,too_rare,,,
21370,0.00773022630517589,,too_rare,,,
21371,2.8008066323101054e-05,,too_rare,,,
21372,0.0,,too_rare,,,
21373,2.8008066323101054e-05,,too_rare,,,
21374,0.0,,too_rare,,,
21376,0.0,,too_rare,,,
21377,0.0,,too_rare,,,
21378,0.0,,too_rare,,,
21379,0.0,,too_rare,,,
21380,0.0,,too_rare,,,
21381,0.0,,too_rare,,,
21382,0.0,,too_rare,,,
21383,0.0,,too_rare,,,
21384,2.8008066323101054e-05,,too_rare,,,
21385,0.0,,too_rare,,,
21386,5.601613264620211e-05,,too_rare,,,
21387,0.0,,too_rare,,,
21388,0.0,,too_rare,,,
21390,0.0,,too_rare,,,
21391,2.8008066323101054e-05,,too_rare,,,
21392,0.0,,too_rare,,,
21393,2.8008066323101054e-05,,too_rare,,,
21394,0.0,,too_rare,,,
21395,0.00016804839793860632,,too_rare,,,
21396,2.8008066323101054e-05,,too_rare,,,
21397,0.0,,too_rare,,,
21398,0.0,,too_rare,,,
21399,0.0,,too_rare,,,
21400,2.8008066323101054e-05,,too_rare,,,
21401,0.0,,too_rare,,,
21402,0.0,,too_rare,,,
21403,0.0,,too_rare,,,
21405,0.0,,too_rare,,,
21406,0.0,,too_rare,,,
21407,0.0,,too_rare,,,
21408,0.0,,too_rare,,,
21409,0.0,,too_rare,,,
21410,0.0,,too_rare,,,
21412,0.0,,too_rare,,,
21413,0.0,,too_rare,,,
21414,0.0,,too_rare,,,
21415,2.8008066323101054e-05,,too_rare,,,
21416,0.0,,too_rare,,,
21417,0.0,,too_rare,,,
21418,2.8008066323101054e-05,,too_rare,,,
21419,0.0,,too_rare,,,
21420,0.0,,too_rare,,,
21421,2.8008066323101054e-05,,too_rare,,,
21422,0.0,,too_rare,,,
21423,0.0014004033161550526,,too_rare,,,
21424,0.0,,too_rare,,,
21425,0.0,,too_rare,,,
21426,0.0,,too_rare,,,
21427,0.0,,too_rare,,,
21428,0.0,,too_rare,,,
21429,2.8008066323101054e-05,,too_rare,,,
21430,0.0,,too_rare,,,
21431,2.8008066323101054e-05,,too_rare,,,
21432,0.005825677795205019,,too_rare,,,
21433,0.0,,too_rare,,,
21434,0.0,,too_rare,,,
21435,0.0,,too_rare,,,
21436,0.0,,too_rare,,,
21437,0.0,,too_rare,,,
21439,0.0,,too_rare,,,
21440,0.0,,too_rare,,,
21441,0.0,,too_rare,,,
21442,0.0,,too_rare,,,
21443,2.8008066323101054e-05,,too_rare,,,
21444,0.0,,too_rare,,,
21445,0.0,,too_rare,,,
21446,2.8008066323101054e-05,,too_rare,,,
21447,0.0,,too_rare,,,
21448,0.00159645978041676,,too_rare,,,
21449,0.0,,too_rare,,,
21450,0.00019605646426170737,,too_rare,,,
21451,2.8008066323101054e-05,,too_rare,,,
21452,5.601613264620211e-05,,too_rare,,,
21453,2.8008066323101054e-05,,too_rare,,,
21454,2.8008066323101054e-05,,too_rare,,,
21455,0.00014004033161550526,,too_rare,,,
21456,0.0,,too_rare,,,
21457,0.0002800806632310105,,too_rare,,,
21458,0.0,,too_rare,,,
21459,0.0,,too_rare,,,
21460,2.8008066323101054e-05,,too_rare,,,
21461,0.0,,too_rare,,,
21462,0.0,,too_rare,,,
21463,0.0,,too_rare,,,
21464,0.0,,too_rare,,,
21465,0.004173201882142057,,too_rare,,,
21466,0.0,,too_rare,,,
21467,0.0,,too_rare,,,
21468,0.0,,too_rare,,,
21469,0.0,,too_rare,,,
21470,0.0,,too_rare,,,
21471,0.0,,too_rare,,,
21472,0.0,,too_rare,,,
21473,0.0,,too_rare,,,
21474,0.0,,too_rare,,,
21476,0.00022406453058480843,,too_rare,,,
21477,0.0,,too_rare,,,
21479,0.0,,too_rare,,,
21480,0.0,,too_rare,,,
21481,0.0,,too_rare,,,
21482,0.0,,too_rare,,,
21483,0.0,,too_rare,,,
21484,0.0,,too_rare,,,
21485,0.0077862424378220925,,too_rare,,,
21486,0.0,,too_rare,,,
21487,0.0,,too_rare,,,
21488,0.0,,too_rare,,,
21489,2.8008066323101054e-05,,too_rare,,,
21490,0.0,,too_rare,,,
21491,2.8008066323101054e-05,,too_rare,,,
21492,0.0,,too_rare,,,
21493,0.0,,too_rare,,,
21494,0.0,,too_rare,,,
21495,2.8008066323101054e-05,,too_rare,,,
21496,0.0,,too_rare,,,
21497,0.0,,too_rare,,,
21498,0.0,,too_rare,,,
21499,2.8008066323101054e-05,,too_rare,,,
21500,2.8008066323101054e-05,,too_rare,,,
21501,0.0,,too_rare,,,
21502,0.0,,too_rare,,,
21503,0.0,,too_rare,,,
21504,0.0,,too_rare,,,
21505,2.8008066323101054e-05,,too_rare,,,
21506,0.0,,too_rare,,,
21507,2.8008066323101054e-05,,too_rare,,,
21509,0.0,,too_rare,,,
21510,0.0,,too_rare,,,
21511,5.601613264620211e-05,,too_rare,,,
21512,0.0,,too_rare,,,
21513,0.0,,too_rare,,,
21514,0.0,,too_rare,,,
21515,0.0,,too_rare,,,
21516,0.0,,too_rare,,,
21517,5.601613264620211e-05,,too_rare,,,
21518,0.0,,too_rare,,,
21520,5.601613264620211e-05,,too_rare,,,
21521,0.0,,too_rare,,,
21522,0.0002520725969079095,,too_rare,,,
21523,0.0,,too_rare,,,
21524,0.0,,too_rare,,,
21525,0.0,,too_rare,,,
21526,2.8008066323101054e-05,,too_rare,,,
21527,0.0,,too_rare,,,
21528,0.00011203226529240422,,too_rare,,,
21529,0.0,,too_rare,,,
21530,0.0,,too_rare,,,
21531,0.0,,too_rare,,,
21532,2.8008066323101054e-05,,too_rare,,,
21533,0.0,,too_rare,,,
21534,0.0,,too_rare,,,
21535,0.0,,too_rare,,,
21536,5.601613264620211e-05,,too_rare,,,
21537,0.0,,too_rare,,,
21538,0.0,,too_rare,,,
21539,0.0,,too_rare,,,
21540,0.0,,too_rare,,,
21541,0.0,,too_rare,,,
21542,0.0,,too_rare,,,
21543,0.0,,too_rare,,,
21544,0.0,,too_rare,,,
21545,0.0,,too_rare,,,
21546,0.0,,too_rare,,,
21547,0.0,,too_rare,,,
21548,0.0,,too_rare,,,
21549,0.0,,too_rare,,,
21550,0.0,,too_rare,,,
21551,0.0,,too_rare,,,
21552,0.0,,too_rare,,,
21553,0.0,,too_rare,,,
21554,0.0,,too_rare,,,
21555,0.0,,too_rare,,,
21556,5.601613264620211e-05,,too_rare,,,
21557,0.0,,too_rare,,,
21559,0.0,,too_rare,,,
21560,0.0,,too_rare,,,
21561,0.0,,too_rare,,,
21562,0.0,,too_rare,,,
21563,0.0,,too_rare,,,
21564,0.0006161774591082232,,too_rare,,,
21565,0.0007842258570468295,,too_rare,,,
21566,0.0,,too_rare,,,
21567,0.0,,too_rare,,,
21568,0.0,,too_rare,,,
21569,0.0,,too_rare,,,
21570,0.0,,too_rare,,,
21571,0.0,,too_rare,,,
21572,0.002156621106878781,,too_rare,,,
21573,0.0,,too_rare,,,
21574,0.0,,too_rare,,,
21575,0.0,,too_rare,,,
21576,0.0,,too_rare,,,
21577,0.0,,too_rare,,,
21578,0.0,,too_rare,,,
21579,0.0,,too_rare,,,
21580,0.0,,too_rare,,,
21581,0.0,,too_rare,,,
21582,0.0,,too_rare,,,
21583,0.0,,too_rare,,,
21584,0.0,,too_rare,,,
21585,0.0,,too_rare,,,
21586,0.00016804839793860632,,too_rare,,,
21587,2.8008066323101054e-05,,too_rare,,,
21588,2.8008066323101054e-05,,too_rare,,,
21589,0.0,,too_rare,,,
21590,0.0,,too_rare,,,
21591,0.0,,too_rare,,,
21592,0.0,,too_rare,,,
21593,0.0,,too_rare,,,
21594,0.0,,too_rare,,,
21595,0.0,,too_rare,,,
21596,0.0,,too_rare,,,
21597,0.0,,too_rare,,,
21598,0.0,,too_rare,,,
21599,0.0,,too_rare,,,
21600,0.0,,too_rare,,,
21601,2.8008066323101054e-05,,too_rare,,,
21602,0.0,,too_rare,,,
21603,0.0,,too_rare,,,
21604,5.601613264620211e-05,,too_rare,,,
21605,0.00159645978041676,,too_rare,,,
21606,0.00036410486220031366,,too_rare,,,
21607,0.0,,too_rare,,,
21608,5.601613264620211e-05,,too_rare,,,
21609,0.0,,too_rare,,,
21610,0.0,,too_rare,,,
21611,5.601613264620211e-05,,too_rare,,,
21612,0.0,,too_rare,,,
21613,0.0,,too_rare,,,
21614,0.0,,too_rare,,,
21615,0.0,,too_rare,,,
21617,0.0,,too_rare,,,
21618,0.0,,too_rare,,,
21619,0.0,,too_rare,,,
21620,0.0006441855254313242,,too_rare,,,
21621,0.0,,too_rare,,,
21622,0.0,,too_rare,,,
21623,0.0,,too_rare,,,
21624,0.0,,too_rare,,,
21625,0.0,,too_rare,,,
21626,8.402419896930316e-05,,too_rare,,,
21627,0.0,,too_rare,,,
21628,0.0,,too_rare,,,
21629,0.0,,too_rare,,,
21630,0.0,,too_rare,,,
21631,0.0,,too_rare,,,
21632,0.0,,too_rare,,,
21633,0.0,,too_rare,,,
21634,0.0,,too_rare,,,
21635,0.0,,too_rare,,,
21636,0.0,,too_rare,,,
21637,0.0,,too_rare,,,
21638,0.0,,too_rare,,,
21639,0.0,,too_rare,,,
21640,0.0,,too_rare,,,
21641,0.0,,too_rare,,,
21642,0.0,,too_rare,,,
21643,0.0,,too_rare,,,
21645,0.0,,too_rare,,,
21646,0.0,,too_rare,,,
21647,0.0,,too_rare,,,
21648,0.0,,too_rare,,,
21649,0.0007562177907237285,,too_rare,,,
21650,2.8008066323101054e-05,,too_rare,,,
21651,0.0,,too_rare,,,
21652,0.0,,too_rare,,,
21653,0.009298678019269549,,too_rare,,,
21654,0.0,,too_rare,,,
21655,5.601613264620211e-05,,too_rare,,,
21656,0.0,,too_rare,,,
21657,0.0,,too_rare,,,
21658,0.0,,too_rare,,,
21659,0.0,,too_rare,,,
21660,0.0,,too_rare,,,
21661,5.601613264620211e-05,,too_rare,,,
21662,0.0,,too_rare,,,
21663,0.0,,too_rare,,,
21664,0.0,,too_rare,,,
21665,0.0,,too_rare,,,
21666,0.0,,too_rare,,,
21667,0.0,,too_rare,,,
21668,0.0,,too_rare,,,
21669,0.0,,too_rare,,,
21670,0.00016804839793860632,,too_rare,,,
21671,0.0,,too_rare,,,
21672,2.8008066323101054e-05,,too_rare,,,
21673,0.0,,too_rare,,,
21674,0.0,,too_rare,,,
21675,0.0,,too_rare,,,
21676,2.8008066323101054e-05,,too_rare,,,
21677,8.402419896930316e-05,,too_rare,,,
21678,0.0,,too_rare,,,
21679,0.0,,too_rare,,,
21680,2.8008066323101054e-05,,too_rare,,,
21681,0.0,,too_rare,,,
21682,0.0,,too_rare,,,
21683,2.8008066323101054e-05,,too_rare,,,
21684,0.0019325565762939726,,too_rare,,,
21685,0.0,,too_rare,,,
21686,0.0,,too_rare,,,
21687,0.0,,too_rare,,,
21688,0.0,,too_rare,,,
21689,0.0,,too_rare,,,
21690,0.0,,too_rare,,,
21691,0.0,,too_rare,,,
21692,0.0,,too_rare,,,
21693,0.0,,too_rare,,,
21694,0.0,,too_rare,,,
21695,2.8008066323101054e-05,,too_rare,,,
21696,0.0,,too_rare,,,
21697,0.0,,too_rare,,,
21698,0.0,,too_rare,,,
21699,0.0,,too_rare,,,
21700,0.0,,too_rare,,,
21701,0.0,,too_rare,,,
21702,2.8008066323101054e-05,,too_rare,,,
21703,0.0,,too_rare,,,
21704,0.0,,too_rare,,,
21705,0.0,,too_rare,,,
21706,5.601613264620211e-05,,too_rare,,,
21707,5.601613264620211e-05,,too_rare,,,
21708,0.0,,too_rare,,,
21709,0.0,,too_rare,,,
21710,0.0,,too_rare,,,
21712,0.00016804839793860632,,too_rare,,,
21713,0.0,,too_rare,,,
21714,0.0,,too_rare,,,
21715,0.0,,too_rare,,,
21716,5.601613264620211e-05,,too_rare,,,
21717,0.0,,too_rare,,,
21718,0.0,,too_rare,,,
21719,2.8008066323101054e-05,,too_rare,,,
21720,0.0,,too_rare,,,
21721,0.0,,too_rare,,,
21722,0.0,,too_rare,,,
21723,0.0,,too_rare,,,
21724,0.0,,too_rare,,,
21726,2.8008066323101054e-05,,too_rare,,,
21727,0.0,,too_rare,,,
21728,0.0,,too_rare,,,
21729,0.0,,too_rare,,,
21731,0.0,,too_rare,,,
21732,0.0,,too_rare,,,
21733,0.0,,too_rare,,,
21734,8.402419896930316e-05,,too_rare,,,
21735,0.0,,too_rare,,,
21736,2.8008066323101054e-05,,too_rare,,,
21737,0.0,,too_rare,,,
21738,0.0,,too_rare,,,
21739,0.0,,too_rare,,,
21740,0.0,,too_rare,,,
21741,0.0,,too_rare,,,
21742,0.0,,too_rare,,,
21743,0.0,,too_rare,,,
21744,0.0,,too_rare,,,
21745,0.0,,too_rare,,,
21746,0.0,,too_rare,,,
21747,0.0,,too_rare,,,
21748,0.0,,too_rare,,,
21749,0.002072596907909478,,too_rare,,,
21750,0.0,,too_rare,,,
21751,0.0,,too_rare,,,
21752,0.0,,too_rare,,,
21753,0.0,,too_rare,,,
21754,0.0,,too_rare,,,
21755,0.0,,too_rare,,,
21756,2.8008066323101054e-05,,too_rare,,,
21757,0.0,,too_rare,,,
21758,0.0,,too_rare,,,
21759,0.0,,too_rare,,,
21760,2.8008066323101054e-05,,too_rare,,,
21761,0.00011203226529240422,,too_rare,,,
21762,0.0,,too_rare,,,
21763,2.8008066323101054e-05,,too_rare,,,
21764,0.0,,too_rare,,,
21765,0.0,,too_rare,,,
21766,0.0,,too_rare,,,
21767,0.0,,too_rare,,,
21768,0.0,,too_rare,,,
21769,0.0,,too_rare,,,
21770,0.0,,too_rare,,,
21771,0.0,,too_rare,,,
21772,2.8008066323101054e-05,,too_rare,,,
21773,5.601613264620211e-05,,too_rare,,,
21774,0.004285234147434461,,too_rare,,,
21775,0.0,,too_rare,,,
21776,0.0,,too_rare,,,
21777,0.0,,too_rare,,,
21778,2.8008066323101054e-05,,too_rare,,,
21779,0.0,,too_rare,,,
21780,0.0,,too_rare,,,
21781,0.0,,too_rare,,,
21782,0.0,,too_rare,,,
21783,0.0,,too_rare,,,
21784,0.0,,too_rare,,,
21785,0.0,,too_rare,,,
21786,2.8008066323101054e-05,,too_rare,,,
21787,0.0,,too_rare,,,
21788,8.402419896930316e-05,,too_rare,,,
21789,0.0,,too_rare,,,
21790,0.0,,too_rare,,,
21791,0.0,,too_rare,,,
21792,0.00011203226529240422,,too_rare,,,
21793,0.0,,too_rare,,,
21794,0.0,,too_rare,,,
21795,0.00053215326013892,,too_rare,,,
21796,0.00011203226529240422,,too_rare,,,
21797,0.0,,too_rare,,,
21798,0.0,,too_rare,,,
21799,0.0,,too_rare,,,
21800,0.0,,too_rare,,,
21801,0.0,,too_rare,,,
21802,0.0,,too_rare,,,
21803,0.0,,too_rare,,,
21804,0.0,,too_rare,,,
21805,0.0,,too_rare,,,
21806,0.0,,too_rare,,,
21807,0.0,,too_rare,,,
21808,0.0,,too_rare,,,
21809,0.0,,too_rare,,,
21810,0.0,,too_rare,,,
21811,0.0,,too_rare,,,
21812,0.00014004033161550526,,too_rare,,,
21814,0.0,,too_rare,,,
21815,0.008010306968406902,,too_rare,,,
21816,2.8008066323101054e-05,,too_rare,,,
21817,2.8008066323101054e-05,,too_rare,,,
21818,0.0,,too_rare,,,
21819,5.601613264620211e-05,,too_rare,,,
21820,0.0,,too_rare,,,
21821,5.601613264620211e-05,,too_rare,,,
21822,0.0,,too_rare,,,
21823,0.0,,too_rare,,,
21824,0.0,,too_rare,,,
21825,0.0,,too_rare,,,
21826,5.601613264620211e-05,,too_rare,,,
21827,0.0,,too_rare,,,
21828,0.00011203226529240422,,too_rare,,,
21829,0.0,,too_rare,,,
21830,0.0,,too_rare,,,
21831,0.0,,too_rare,,,
21832,8.402419896930316e-05,,too_rare,,,
21833,2.8008066323101054e-05,,too_rare,,,
21834,2.8008066323101054e-05,,too_rare,,,
21835,0.0,,too_rare,,,
21836,0.0,,too_rare,,,
21837,0.0,,too_rare,,,
21838,2.8008066323101054e-05,,too_rare,,,
21839,0.0,,too_rare,,,
21840,0.0,,too_rare,,,
21841,0.0,,too_rare,,,
21842,0.0,,too_rare,,,
21843,0.0,,too_rare,,,
21844,2.8008066323101054e-05,,too_rare,,,
21845,2.8008066323101054e-05,,too_rare,,,
21846,0.0,,too_rare,,,
21848,0.0,,too_rare,,,
21849,0.0,,too_rare,,,
21850,0.0,,too_rare,,,
21851,0.0,,too_rare,,,
21852,0.0,,too_rare,,,
21853,2.8008066323101054e-05,,too_rare,,,
21855,0.0,,too_rare,,,
21856,0.0,,too_rare,,,
21857,5.601613264620211e-05,,too_rare,,,
21858,0.0,,too_rare,,,
21859,2.8008066323101054e-05,,too_rare,,,
21860,2.8008066323101054e-05,,too_rare,,,
21861,0.0,,too_rare,,,
21863,0.0,,too_rare,,,
21864,0.0,,too_rare,,,
21865,0.00014004033161550526,,too_rare,,,
21866,0.0,,too_rare,,,
21867,0.0,,too_rare,,,
21868,0.0,,too_rare,,,
21869,0.0,,too_rare,,,
21870,0.0,,too_rare,,,
21871,0.0,,too_rare,,,
21872,2.8008066323101054e-05,,too_rare,,,
21873,0.0,,too_rare,,,
21874,0.0,,too_rare,,,
21875,0.0,,too_rare,,,
21876,0.0,,too_rare,,,
21877,0.0,,too_rare,,,
21878,0.0,,too_rare,,,
21879,0.0,,too_rare,,,
21880,0.0,,too_rare,,,
21881,0.0,,too_rare,,,
21882,0.0,,too_rare,,,
21883,0.0,,too_rare,,,
21884,0.0,,too_rare,,,
21885,0.0,,too_rare,,,
21886,0.0,,too_rare,,,
21887,0.0,,too_rare,,,
21888,0.0,,too_rare,,,
21889,0.0,,too_rare,,,
21890,5.601613264620211e-05,,too_rare,,,
21891,0.0,,too_rare,,,
21892,0.0,,too_rare,,,
21893,2.8008066323101054e-05,,too_rare,,,
21894,0.0,,too_rare,,,
21895,0.0,,too_rare,,,
21896,0.0,,too_rare,,,
21897,0.0,,too_rare,,,
21898,2.8008066323101054e-05,,too_rare,,,
21899,0.0,,too_rare,,,
21900,0.0,,too_rare,,,
21901,0.0,,too_rare,,,
21902,0.0,,too_rare,,,
21903,0.00011203226529240422,,too_rare,,,
21904,0.0,,too_rare,,,
21905,2.8008066323101054e-05,,too_rare,,,
21907,0.0,,too_rare,,,
21908,0.0,,too_rare,,,
21909,0.0,,too_rare,,,
21910,0.00014004033161550526,,too_rare,,,
21911,2.8008066323101054e-05,,too_rare,,,
21912,0.0,,too_rare,,,
21913,0.0,,too_rare,,,
21914,0.0,,too_rare,,,
21915,0.0,,too_rare,,,
21916,0.0,,too_rare,,,
21917,0.0,,too_rare,,,
21918,0.0,,too_rare,,,
21919,0.0,,too_rare,,,
21920,0.0,,too_rare,,,
21921,0.0,,too_rare,,,
21922,0.0,,too_rare,,,
21923,0.00022406453058480843,,too_rare,,,
21924,0.0,,too_rare,,,
21925,0.0,,too_rare,,,
21926,0.0,,too_rare,,,
21927,0.001092314586600941,,too_rare,,,
21929,0.0,,too_rare,,,
21930,0.0,,too_rare,,,
21931,0.0,,too_rare,,,
21932,2.8008066323101054e-05,,too_rare,,,
21933,8.402419896930316e-05,,too_rare,,,
21934,2.8008066323101054e-05,,too_rare,,,
21935,0.0,,too_rare,,,
21936,0.0,,too_rare,,,
21937,0.0,,too_rare,,,
21938,0.00011203226529240422,,too_rare,,,
21939,2.8008066323101054e-05,,too_rare,,,
21940,0.0,,too_rare,,,
21941,0.0,,too_rare,,,
21942,0.0,,too_rare,,,
21943,0.0,,too_rare,,,
21944,0.0,,too_rare,,,
21945,0.00014004033161550526,,too_rare,,,
21946,0.0,,too_rare,,,
21947,0.0,,too_rare,,,
21948,0.0,,too_rare,,,
21949,0.0,,too_rare,,,
21950,0.0,,too_rare,,,
21951,0.0,,too_rare,,,
21952,0.0,,too_rare,,,
21953,0.0,,too_rare,,,
21954,0.0,,too_rare,,,
21955,0.0,,too_rare,,,
21956,0.00033609679587721263,,too_rare,,,
21957,0.0,,too_rare,,,
21958,5.601613264620211e-05,,too_rare,,,
21959,0.0,,too_rare,,,
21960,2.8008066323101054e-05,,too_rare,,,
21961,0.0,,too_rare,,,
21962,0.00019605646426170737,,too_rare,,,
21963,0.0,,too_rare,,,
21964,0.0,,too_rare,,,
21965,0.0,,too_rare,,,
21966,8.402419896930316e-05,,too_rare,,,
21968,0.0,,too_rare,,,
21969,0.0,,too_rare,,,
21970,0.0004201209948465158,,too_rare,,,
21971,0.0003080887295541116,,too_rare,,,
21972,0.0,,too_rare,,,
21973,0.0,,too_rare,,,
21974,0.0,,too_rare,,,
21975,2.8008066323101054e-05,,too_rare,,,
21976,0.0,,too_rare,,,
21977,0.0,,too_rare,,,
21978,0.0,,too_rare,,,
21979,0.0,,too_rare,,,
21980,0.00016804839793860632,,too_rare,,,
21981,2.8008066323101054e-05,,too_rare,,,
21982,0.0,,too_rare,,,
21983,0.0,,too_rare,,,
21984,0.0,,too_rare,,,
21985,0.0,,too_rare,,,
21986,0.0,,too_rare,,,
21987,0.0,,too_rare,,,
21988,0.0,,too_rare,,,
21989,0.0,,too_rare,,,
21990,0.0,,too_rare,,,
21991,2.8008066323101054e-05,,too_rare,,,
21992,0.0,,too_rare,,,
21993,0.0,,too_rare,,,
21994,2.8008066323101054e-05,,too_rare,,,
21995,0.0,,too_rare,,,
21996,0.0,,too_rare,,,
21997,0.0,,too_rare,,,
21998,0.00011203226529240422,,too_rare,,,
21999,0.0,,too_rare,,,
22000,0.0,,too_rare,,,
22001,0.0,,too_rare,,,
22002,0.0,,too_rare,,,
22003,0.0,,too_rare,,,
22004,0.003641048622003137,,too_rare,,,
22005,0.0,,too_rare,,,
22006,0.0,,too_rare,,,
22007,8.402419896930316e-05,,too_rare,,,
22008,0.0,,too_rare,,,
22009,0.0,,too_rare,,,
22010,0.00014004033161550526,,too_rare,,,
22011,0.0,,too_rare,,,
22012,0.002436701770109792,,too_rare,,,
22013,0.0,,too_rare,,,
22014,2.8008066323101054e-05,,too_rare,,,
22015,0.0,,too_rare,,,
22016,0.0,,too_rare,,,
22017,0.0,,too_rare,,,
22018,0.0,,too_rare,,,
22020,0.0,,too_rare,,,
22021,2.8008066323101054e-05,,too_rare,,,
22022,0.0,,too_rare,,,
22023,0.0,,too_rare,,,
22024,0.0,,too_rare,,,
22025,0.0,,too_rare,,,
22026,0.0,,too_rare,,,
22027,0.0,,too_rare,,,
22028,0.00014004033161550526,,too_rare,,,
22029,0.0,,too_rare,,,
22030,2.8008066323101054e-05,,too_rare,,,
22031,0.0,,too_rare,,,
22032,0.0,,too_rare,,,
22033,0.0,,too_rare,,,
22034,0.0,,too_rare,,,
22035,0.0,,too_rare,,,
22036,0.0,,too_rare,,,
22037,0.0,,too_rare,,,
22038,0.0,,too_rare,,,
22039,0.0,,too_rare,,,
22040,2.8008066323101054e-05,,too_rare,,,
22041,2.8008066323101054e-05,,too_rare,,,
22042,8.402419896930316e-05,,too_rare,,,
22043,2.8008066323101054e-05,,too_rare,,,
22044,0.0,,too_rare,,,
22045,0.0,,too_rare,,,
22046,0.0,,too_rare,,,
22047,0.0,,too_rare,,,
22048,0.0,,too_rare,,,
22049,0.0,,too_rare,,,
22050,2.8008066323101054e-05,,too_rare,,,
22051,0.0,,too_rare,,,
22052,0.0,,too_rare,,,
22053,0.0007282097244006273,,too_rare,,,
22054,0.0,,too_rare,,,
22055,0.0,,too_rare,,,
22056,0.0,,too_rare,,,
22057,0.0,,too_rare,,,
22058,0.0,,too_rare,,,
22059,0.0,,too_rare,,,
22060,0.0,,too_rare,,,
22061,0.0,,too_rare,,,
22062,0.0,,too_rare,,,
22063,0.0,,too_rare,,,
22065,0.0,,too_rare,,,
22066,2.8008066323101054e-05,,too_rare,,,
22067,5.601613264620211e-05,,too_rare,,,
22068,0.0,,too_rare,,,
22069,8.402419896930316e-05,,too_rare,,,
22070,0.0,,too_rare,,,
22071,0.00011203226529240422,,too_rare,,,
22073,2.8008066323101054e-05,,too_rare,,,
22074,0.0,,too_rare,,,
22076,2.8008066323101054e-05,,too_rare,,,
22077,0.0,,too_rare,,,
22078,0.0,,too_rare,,,
22079,0.0,,too_rare,,,
22081,0.0,,too_rare,,,
22082,0.0,,too_rare,,,
22083,0.0,,too_rare,,,
22084,8.402419896930316e-05,,too_rare,,,
22085,0.0,,too_rare,,,
22087,2.8008066323101054e-05,,too_rare,,,
22088,0.00011203226529240422,,too_rare,,,
22089,0.0,,too_rare,,,
22090,0.0,,too_rare,,,
22091,0.0,,too_rare,,,
22092,0.0,,too_rare,,,
22093,0.0002520725969079095,,too_rare,,,
22094,0.0,,too_rare,,,
22095,0.0,,too_rare,,,
22096,0.0,,too_rare,,,
22097,0.00019605646426170737,,too_rare,,,
22098,0.0,,too_rare,,,
22099,0.0,,too_rare,,,
22100,0.0,,too_rare,,,
22101,0.0,,too_rare,,,
22102,0.0,,too_rare,,,
22103,0.0,,too_rare,,,
22104,0.0,,too_rare,,,
22105,0.0,,too_rare,,,
22106,2.8008066323101054e-05,,too_rare,,,
22107,0.0,,too_rare,,,
22108,2.8008066323101054e-05,,too_rare,,,
22109,0.0,,too_rare,,,
22110,2.8008066323101054e-05,,too_rare,,,
22112,0.0,,too_rare,,,
22113,0.0,,too_rare,,,
22114,0.00011203226529240422,,too_rare,,,
22115,0.0,,too_rare,,,
22116,0.0,,too_rare,,,
22117,0.0,,too_rare,,,
22118,0.0,,too_rare,,,
22119,0.0,,too_rare,,,
22120,0.0,,too_rare,,,
22121,2.8008066323101054e-05,,too_rare,,,
22122,5.601613264620211e-05,,too_rare,,,
22123,0.0,,too_rare,,,
22124,0.0,,too_rare,,,
22125,0.0,,too_rare,,,
22126,5.601613264620211e-05,,too_rare,,,
22127,0.0,,too_rare,,,
22129,0.0,,too_rare,,,
22130,0.0,,too_rare,,,
22131,0.00014004033161550526,,too_rare,,,
22132,0.0,,too_rare,,,
22133,0.0,,too_rare,,,
22134,0.0,,too_rare,,,
22135,0.00014004033161550526,,too_rare,,,
22136,0.0,,too_rare,,,
22137,0.0,,too_rare,,,
22138,0.0,,too_rare,,,
22139,0.0,,too_rare,,,
22140,0.0,,too_rare,,,
22141,0.0,,too_rare,,,
22142,2.8008066323101054e-05,,too_rare,,,
22143,0.0,,too_rare,,,
22144,0.0,,too_rare,,,
22145,0.000560161326462021,,too_rare,,,
22146,0.0,,too_rare,,,
22147,8.402419896930316e-05,,too_rare,,,
22148,0.0,,too_rare,,,
22149,2.8008066323101054e-05,,too_rare,,,
22150,0.00014004033161550526,,too_rare,,,
22151,0.0,,too_rare,,,
22152,0.0,,too_rare,,,
22153,0.0,,too_rare,,,
22154,0.0,,too_rare,,,
22155,0.0,,too_rare,,,
22156,0.002744790499663903,,too_rare,,,
22157,0.0,,too_rare,,,
22158,5.601613264620211e-05,,too_rare,,,
22160,0.0,,too_rare,,,
22161,0.0,,too_rare,,,
22162,2.8008066323101054e-05,,too_rare,,,
22163,0.0,,too_rare,,,
22164,0.0,,too_rare,,,
22165,8.402419896930316e-05,,too_rare,,,
22166,0.0,,too_rare,,,
22167,0.0,,too_rare,,,
22168,0.0,,too_rare,,,
22169,0.0,,too_rare,,,
22170,0.00022406453058480843,,too_rare,,,
22171,0.0,,too_rare,,,
22172,0.0,,too_rare,,,
22173,2.8008066323101054e-05,,too_rare,,,
22174,0.0,,too_rare,,,
22175,0.0,,too_rare,,,
22176,5.601613264620211e-05,,too_rare,,,
22177,0.0,,too_rare,,,
22178,0.0,,too_rare,,,
22179,0.0,,too_rare,,,
22180,0.0,,too_rare,,,
22181,0.0,,too_rare,,,
22182,0.0,,too_rare,,,
22183,0.0,,too_rare,,,
22184,0.0,,too_rare,,,
22185,2.8008066323101054e-05,,too_rare,,,
22186,0.00019605646426170737,,too_rare,,,
22187,5.601613264620211e-05,,too_rare,,,
22188,2.8008066323101054e-05,,too_rare,,,
22189,0.0,,too_rare,,,
22190,0.0,,too_rare,,,
22191,0.0,,too_rare,,,
22192,0.0,,too_rare,,,
22193,0.0,,too_rare,,,
22194,0.0,,too_rare,,,
22195,0.0,,too_rare,,,
22196,5.601613264620211e-05,,too_rare,,,
22197,0.0,,too_rare,,,
22198,0.0,,too_rare,,,
22199,0.0,,too_rare,,,
22200,0.0,,too_rare,,,
22201,0.0,,too_rare,,,
22202,0.0,,too_rare,,,
22203,0.0,,too_rare,,,
22204,0.0,,too_rare,,,
22205,0.0,,too_rare,,,
22206,0.0,,too_rare,,,
22207,2.8008066323101054e-05,,too_rare,,,
22208,0.0,,too_rare,,,
22209,0.0,,too_rare,,,
22210,0.0,,too_rare,,,
22211,0.0,,too_rare,,,
22212,0.0,,too_rare,,,
22213,2.8008066323101054e-05,,too_rare,,,
22214,0.0,,too_rare,,,
22215,0.0,,too_rare,,,
22216,0.0,,too_rare,,,
22217,0.0,,too_rare,,,
22218,0.0,,too_rare,,,
22219,0.0,,too_rare,,,
22220,0.0,,too_rare,,,
22221,2.8008066323101054e-05,,too_rare,,,
22222,0.0,,too_rare,,,
22223,0.0,,too_rare,,,
22225,0.0,,too_rare,,,
22226,0.0,,too_rare,,,
22227,5.601613264620211e-05,,too_rare,,,
22228,0.0,,too_rare,,,
22229,0.0,,too_rare,,,
22230,0.0,,too_rare,,,
22231,0.0,,too_rare,,,
22232,2.8008066323101054e-05,,too_rare,,,
22233,0.0,,too_rare,,,
22234,2.8008066323101054e-05,,too_rare,,,
22235,0.0,,too_rare,,,
22236,0.0,,too_rare,,,
22237,0.0,,too_rare,,,
22238,0.0,,too_rare,,,
22239,0.0,,too_rare,,,
22240,2.8008066323101054e-05,,too_rare,,,
22241,8.402419896930316e-05,,too_rare,,,
22242,0.0,,too_rare,,,
22243,0.0,,too_rare,,,
22245,2.8008066323101054e-05,,too_rare,,,
22246,0.0,,too_rare,,,
22247,0.0,,too_rare,,,
22248,0.0,,too_rare,,,
22249,0.0,,too_rare,,,
22250,0.0,,too_rare,,,
22251,0.0,,too_rare,,,
22252,0.0,,too_rare,,,
22253,0.0,,too_rare,,,
22254,0.0,,too_rare,,,
22255,0.0,,too_rare,,,
22256,0.0,,too_rare,,,
22257,0.0,,too_rare,,,
22258,0.0,,too_rare,,,
22259,0.0,,too_rare,,,
22260,0.0,,too_rare,,,
22261,0.0,,too_rare,,,
22262,0.0,,too_rare,,,
22263,5.601613264620211e-05,,too_rare,,,
22264,0.0,,too_rare,,,
22265,0.0,,too_rare,,,
22266,2.8008066323101054e-05,,too_rare,,,
22267,0.0,,too_rare,,,
22268,0.0,,too_rare,,,
22269,0.0,,too_rare,,,
22270,2.8008066323101054e-05,,too_rare,,,
22271,0.0,,too_rare,,,
22272,0.0,,too_rare,,,
22273,0.0,,too_rare,,,
22274,0.0,,too_rare,,,
22275,0.0,,too_rare,,,
22276,0.0,,too_rare,,,
22277,0.0,,too_rare,,,
22278,0.0,,too_rare,,,
22280,2.8008066323101054e-05,,too_rare,,,
22281,0.0,,too_rare,,,
22282,8.402419896930316e-05,,too_rare,,,
22283,0.0,,too_rare,,,
22284,0.0,,too_rare,,,
22285,0.0,,too_rare,,,
22286,0.0,,too_rare,,,
22287,0.0,,too_rare,,,
22288,5.601613264620211e-05,,too_rare,,,
22289,0.0,,too_rare,,,
22290,0.0,,too_rare,,,
22291,0.003669056688326238,,too_rare,,,
22292,0.0,,too_rare,,,
22293,2.8008066323101054e-05,,too_rare,,,
22294,0.0,,too_rare,,,
22295,0.0,,too_rare,,,
22296,8.402419896930316e-05,,too_rare,,,
22297,0.0,,too_rare,,,
22298,0.0,,too_rare,,,
22299,0.0,,too_rare,,,
22300,0.0,,too_rare,,,
22301,0.0,,too_rare,,,
22302,2.8008066323101054e-05,,too_rare,,,
22303,0.0,,too_rare,,,
22304,0.0,,too_rare,,,
22305,5.601613264620211e-05,,too_rare,,,
22306,0.0,,too_rare,,,
22307,0.0,,too_rare,,,
22308,0.0,,too_rare,,,
22309,2.8008066323101054e-05,,too_rare,,,
22310,2.8008066323101054e-05,,too_rare,,,
22311,0.0,,too_rare,,,
22312,0.0,,too_rare,,,
22313,2.8008066323101054e-05,,too_rare,,,
22314,0.0,,too_rare,,,
22315,0.0,,too_rare,,,
22316,2.8008066323101054e-05,,too_rare,,,
22317,2.8008066323101054e-05,,too_rare,,,
22318,0.0002800806632310105,,too_rare,,,
22320,0.0,,too_rare,,,
22321,0.0,,too_rare,,,
22322,0.0,,too_rare,,,
22323,8.402419896930316e-05,,too_rare,,,
22324,0.0,,too_rare,,,
22325,0.0,,too_rare,,,
22326,0.0,,too_rare,,,
22327,0.0,,too_rare,,,
22328,0.0,,too_rare,,,
22329,0.0,,too_rare,,,
22330,2.8008066323101054e-05,,too_rare,,,
22331,0.0,,too_rare,,,
22332,5.601613264620211e-05,,too_rare,,,
22333,5.601613264620211e-05,,too_rare,,,
22334,0.0,,too_rare,,,
22335,0.0,,too_rare,,,
22336,0.0,,too_rare,,,
22337,5.601613264620211e-05,,too_rare,,,
22338,0.0,,too_rare,,,
22339,0.0,,too_rare,,,
22340,0.0,,too_rare,,,
22341,0.0,,too_rare,,,
22342,0.0,,too_rare,,,
22344,0.0,,too_rare,,,
22345,0.0,,too_rare,,,
22346,0.0,,too_rare,,,
22347,2.8008066323101054e-05,,too_rare,,,
22348,0.00014004033161550526,,too_rare,,,
22349,0.0,,too_rare,,,
22350,0.0,,too_rare,,,
22351,0.0,,too_rare,,,
22352,2.8008066323101054e-05,,too_rare,,,
22353,8.402419896930316e-05,,too_rare,,,
22354,0.0,,too_rare,,,
22355,2.8008066323101054e-05,,too_rare,,,
22356,0.0,,too_rare,,,
22357,0.0,,too_rare,,,
22358,0.0,,too_rare,,,
22359,0.0,,too_rare,,,
22360,0.0,,too_rare,,,
22361,8.402419896930316e-05,,too_rare,,,
22362,2.8008066323101054e-05,,too_rare,,,
22363,0.0,,too_rare,,,
22364,0.0,,too_rare,,,
22365,0.0,,too_rare,,,
22366,2.8008066323101054e-05,,too_rare,,,
22367,0.0,,too_rare,,,
22368,0.0,,too_rare,,,
22369,0.0,,too_rare,,,
22370,2.8008066323101054e-05,,too_rare,,,
22371,0.0,,too_rare,,,
22372,0.0,,too_rare,,,
22373,0.0,,too_rare,,,
22374,0.0,,too_rare,,,
22375,0.0,,too_rare,,,
22376,0.0,,too_rare,,,
22377,0.0,,too_rare,,,
22378,0.0,,too_rare,,,
22379,0.0,,too_rare,,,
22380,0.0,,too_rare,,,
22381,0.0,,too_rare,,,
22382,0.0,,too_rare,,,
22383,0.0,,too_rare,,,
22384,0.0,,too_rare,,,
22385,0.0,,too_rare,,,
22386,0.0,,too_rare,,,
22387,0.0,,too_rare,,,
22388,2.8008066323101054e-05,,too_rare,,,
22389,5.601613264620211e-05,,too_rare,,,
22390,0.0,,too_rare,,,
22391,0.0,,too_rare,,,
22392,2.8008066323101054e-05,,too_rare,,,
22393,5.601613264620211e-05,,too_rare,,,
22394,0.0,,too_rare,,,
22395,0.0,,too_rare,,,
22396,0.0,,too_rare,,,
22397,0.0,,too_rare,,,
22398,0.0,,too_rare,,,
22399,2.8008066323101054e-05,,too_rare,,,
22400,0.0,,too_rare,,,
22401,0.0,,too_rare,,,
22402,0.0,,too_rare,,,
22404,2.8008066323101054e-05,,too_rare,,,
22405,0.0,,too_rare,,,
22406,0.0,,too_rare,,,
22407,0.0,,too_rare,,,
22408,2.8008066323101054e-05,,too_rare,,,
22409,2.8008066323101054e-05,,too_rare,,,
22410,0.0,,too_rare,,,
22411,5.601613264620211e-05,,too_rare,,,
22413,0.0,,too_rare,,,
22414,2.8008066323101054e-05,,too_rare,,,
22415,0.0,,too_rare,,,
22416,0.0,,too_rare,,,
22417,5.601613264620211e-05,,too_rare,,,
22418,0.0,,too_rare,,,
22419,0.0,,too_rare,,,
22420,0.0,,too_rare,,,
22421,0.0,,too_rare,,,
22422,0.0,,too_rare,,,
22423,0.0,,too_rare,,,
22424,0.0,,too_rare,,,
22425,0.0,,too_rare,,,
22426,0.0,,too_rare,,,
22427,8.402419896930316e-05,,too_rare,,,
22428,0.0,,too_rare,,,
22429,0.0,,too_rare,,,
22430,0.0,,too_rare,,,
22433,2.8008066323101054e-05,,too_rare,,,
22434,0.0,,too_rare,,,
22435,0.0,,too_rare,,,
22436,2.8008066323101054e-05,,too_rare,,,
22437,0.0,,too_rare,,,
22438,0.0,,too_rare,,,
22439,0.0005881693927851221,,too_rare,,,
22440,0.00011203226529240422,,too_rare,,,
22441,0.0,,too_rare,,,
22442,0.0,,too_rare,,,
22443,8.402419896930316e-05,,too_rare,,,
22444,0.0,,too_rare,,,
22445,0.0,,too_rare,,,
22446,0.0,,too_rare,,,
22447,0.0,,too_rare,,,
22448,0.0,,too_rare,,,
22449,0.0,,too_rare,,,
22450,0.0,,too_rare,,,
22451,0.0,,too_rare,,,
22452,2.8008066323101054e-05,,too_rare,,,
22453,0.0,,too_rare,,,
22454,0.0,,too_rare,,,
22455,2.8008066323101054e-05,,too_rare,,,
22456,0.0,,too_rare,,,
22457,0.0,,too_rare,,,
22458,0.0,,too_rare,,,
22459,0.0,,too_rare,,,
22460,0.0007282097244006273,,too_rare,,,
22461,0.0,,too_rare,,,
22462,0.0,,too_rare,,,
22463,0.0,,too_rare,,,
22464,2.8008066323101054e-05,,too_rare,,,
22465,0.0,,too_rare,,,
22466,0.0,,too_rare,,,
22468,0.0,,too_rare,,,
22469,0.0,,too_rare,,,
22470,0.0,,too_rare,,,
22471,0.0,,too_rare,,,
22472,0.0,,too_rare,,,
22473,0.0,,too_rare,,,
22474,0.0,,too_rare,,,
22475,0.0,,too_rare,,,
22476,0.0,,too_rare,,,
22477,0.0,,too_rare,,,
22478,0.0,,too_rare,,,
22479,0.0,,too_rare,,,
22481,0.0,,too_rare,,,
22482,0.0,,too_rare,,,
22483,0.0,,too_rare,,,
22484,0.0,,too_rare,,,
22485,0.0,,too_rare,,,
22486,0.0,,too_rare,,,
22487,0.0,,too_rare,,,
22488,0.0,,too_rare,,,
22489,0.0,,too_rare,,,
22490,0.0,,too_rare,,,
22491,0.0,,too_rare,,,
22492,2.8008066323101054e-05,,too_rare,,,
22493,0.0,,too_rare,,,
22494,2.8008066323101054e-05,,too_rare,,,
22495,0.000560161326462021,,too_rare,,,
22496,0.0,,too_rare,,,
22497,0.0,,too_rare,,,
22498,0.0,,too_rare,,,
22499,0.0,,too_rare,,,
22500,0.0,,too_rare,,,
22502,0.0,,too_rare,,,
22503,0.0,,too_rare,,,
22504,0.0,,too_rare,,,
22505,0.0002520725969079095,,too_rare,,,
22506,0.0,,too_rare,,,
22507,0.0,,too_rare,,,
22508,0.0,,too_rare,,,
22509,0.0,,too_rare,,,
22510,0.0,,too_rare,,,
22511,0.0,,too_rare,,,
22512,0.0,,too_rare,,,
22513,0.0,,too_rare,,,
22514,0.0,,too_rare,,,
22515,2.8008066323101054e-05,,too_rare,,,
22516,0.0,,too_rare,,,
22517,0.0,,too_rare,,,
22518,0.0,,too_rare,,,
22519,0.0,,too_rare,,,
22520,0.0,,too_rare,,,
22521,0.0,,too_rare,,,
22522,0.0,,too_rare,,,
22523,0.0,,too_rare,,,
22524,0.0,,too_rare,,,
22525,0.0,,too_rare,,,
22527,0.0,,too_rare,,,
22528,0.0,,too_rare,,,
22529,0.0,,too_rare,,,
22530,0.0,,too_rare,,,
22531,0.0,,too_rare,,,
22532,0.0,,too_rare,,,
22533,0.0,,too_rare,,,
22534,0.0,,too_rare,,,
22535,0.0,,too_rare,,,
22536,0.00638583912166704,,too_rare,,,
22537,0.00011203226529240422,,too_rare,,,
22539,2.8008066323101054e-05,,too_rare,,,
22540,2.8008066323101054e-05,,too_rare,,,
22541,0.0,,too_rare,,,
22542,0.0,,too_rare,,,
22543,2.8008066323101054e-05,,too_rare,,,
22544,0.0,,too_rare,,,
22545,0.0,,too_rare,,,
22546,0.0,,too_rare,,,
22547,0.0,,too_rare,,,
22548,0.0,,too_rare,,,
22549,2.8008066323101054e-05,,too_rare,,,
22550,0.0,,too_rare,,,
22551,0.0,,too_rare,,,
22552,2.8008066323101054e-05,,too_rare,,,
22553,0.0,,too_rare,,,
22554,0.0,,too_rare,,,
22556,0.0,,too_rare,,,
22557,0.0,,too_rare,,,
22558,0.0,,too_rare,,,
22559,0.0,,too_rare,,,
22560,2.8008066323101054e-05,,too_rare,,,
22561,0.0,,too_rare,,,
22562,0.0,,too_rare,,,
22563,0.0,,too_rare,,,
22564,0.0,,too_rare,,,
22565,0.0,,too_rare,,,
22566,8.402419896930316e-05,,too_rare,,,
22567,0.0,,too_rare,,,
22568,0.0,,too_rare,,,
22569,2.8008066323101054e-05,,too_rare,,,
22570,0.0,,too_rare,,,
22571,0.0,,too_rare,,,
22572,2.8008066323101054e-05,,too_rare,,,
22573,0.0,,too_rare,,,
22574,0.0,,too_rare,,,
22575,0.0,,too_rare,,,
22576,0.0,,too_rare,,,
22577,0.0,,too_rare,,,
22578,0.0,,too_rare,,,
22579,0.00011203226529240422,,too_rare,,,
22580,0.0,,too_rare,,,
22581,0.0,,too_rare,,,
22582,0.0,,too_rare,,,
22583,0.0,,too_rare,,,
22584,0.0,,too_rare,,,
22585,0.0,,too_rare,,,
22586,2.8008066323101054e-05,,too_rare,,,
22587,0.0,,too_rare,,,
22588,0.0,,too_rare,,,
22589,0.0,,too_rare,,,
22590,0.0,,too_rare,,,
22591,0.0,,too_rare,,,
22592,0.0,,too_rare,,,
22593,0.0,,too_rare,,,
22594,0.005461572933004705,,too_rare,,,
22595,0.0,,too_rare,,,
22596,0.0,,too_rare,,,
22597,0.0,,too_rare,,,
22598,0.0,,too_rare,,,
22599,0.0,,too_rare,,,
22600,0.0,,too_rare,,,
22601,0.0,,too_rare,,,
22602,2.8008066323101054e-05,,too_rare,,,
22603,0.0,,too_rare,,,
22605,5.601613264620211e-05,,too_rare,,,
22606,0.0,,too_rare,,,
22607,0.0,,too_rare,,,
22608,0.0,,too_rare,,,
22609,0.0,,too_rare,,,
22610,0.0,,too_rare,,,
22611,0.0,,too_rare,,,
22612,0.0,,too_rare,,,
22613,2.8008066323101054e-05,,too_rare,,,
22615,8.402419896930316e-05,,too_rare,,,
22616,2.8008066323101054e-05,,too_rare,,,
22617,0.0,,too_rare,,,
22618,0.0006721935917544253,,too_rare,,,
22619,0.0,,too_rare,,,
22620,0.0,,too_rare,,,
22621,2.8008066323101054e-05,,too_rare,,,
22622,0.0,,too_rare,,,
22623,0.0,,too_rare,,,
22624,2.8008066323101054e-05,,too_rare,,,
22625,0.0,,too_rare,,,
22626,0.0,,too_rare,,,
22627,0.0,,too_rare,,,
22628,0.0,,too_rare,,,
22629,0.000504145193815819,,too_rare,,,
22630,0.0,,too_rare,,,
22631,0.0,,too_rare,,,
22632,0.0,,too_rare,,,
22633,2.8008066323101054e-05,,too_rare,,,
22634,0.0,,too_rare,,,
22635,0.0,,too_rare,,,
22636,0.0,,too_rare,,,
22637,0.0,,too_rare,,,
22638,0.0,,too_rare,,,
22639,0.0,,too_rare,,,
22640,2.8008066323101054e-05,,too_rare,,,
22641,0.0,,too_rare,,,
22642,0.0,,too_rare,,,
22643,0.0,,too_rare,,,
22644,0.0,,too_rare,,,
22645,5.601613264620211e-05,,too_rare,,,
22646,0.0,,too_rare,,,
22647,0.0,,too_rare,,,
22648,0.0,,too_rare,,,
22649,0.0,,too_rare,,,
22650,0.0,,too_rare,,,
22651,0.0,,too_rare,,,
22652,0.0,,too_rare,,,
22653,8.402419896930316e-05,,too_rare,,,
22654,5.601613264620211e-05,,too_rare,,,
22655,0.0,,too_rare,,,
22656,0.0,,too_rare,,,
22658,0.0,,too_rare,,,
22659,0.0,,too_rare,,,
22660,0.0,,too_rare,,,
22661,0.0,,too_rare,,,
22662,0.0,,too_rare,,,
22663,0.0,,too_rare,,,
22664,0.00011203226529240422,,too_rare,,,
22665,0.0,,too_rare,,,
22666,2.8008066323101054e-05,,too_rare,,,
22667,0.0,,too_rare,,,
22668,0.0,,too_rare,,,
22669,0.00011203226529240422,,too_rare,,,
22670,0.000504145193815819,,too_rare,,,
22671,0.0,,too_rare,,,
22672,0.0,,too_rare,,,
22673,0.0002520725969079095,,too_rare,,,
22674,0.0,,too_rare,,,
22675,0.0,,too_rare,,,
22676,0.0,,too_rare,,,
22678,0.0,,too_rare,,,
22679,0.0,,too_rare,,,
22680,0.0,,too_rare,,,
22681,0.0,,too_rare,,,
22682,0.0,,too_rare,,,
22683,0.0,,too_rare,,,
22684,0.0,,too_rare,,,
22685,0.0,,too_rare,,,
22686,0.0,,too_rare,,,
22687,0.0,,too_rare,,,
22688,2.8008066323101054e-05,,too_rare,,,
22689,0.0,,too_rare,,,
22690,0.0,,too_rare,,,
22691,0.0,,too_rare,,,
22693,0.0,,too_rare,,,
22694,0.0,,too_rare,,,
22695,0.0,,too_rare,,,
22697,0.0,,too_rare,,,
22699,2.8008066323101054e-05,,too_rare,,,
22700,2.8008066323101054e-05,,too_rare,,,
22701,0.0,,too_rare,,,
22702,0.0,,too_rare,,,
22703,8.402419896930316e-05,,too_rare,,,
22704,0.0,,too_rare,,,
22705,0.0,,too_rare,,,
22706,2.8008066323101054e-05,,too_rare,,,
22707,2.8008066323101054e-05,,too_rare,,,
22708,0.0,,too_rare,,,
22709,0.0,,too_rare,,,
22710,5.601613264620211e-05,,too_rare,,,
22711,5.601613264620211e-05,,too_rare,,,
22712,0.0,,too_rare,,,
22713,0.0,,too_rare,,,
22714,0.0,,too_rare,,,
22715,0.0,,too_rare,,,
22716,2.8008066323101054e-05,,too_rare,,,
22717,2.8008066323101054e-05,,too_rare,,,
22718,0.0,,too_rare,,,
22719,2.8008066323101054e-05,,too_rare,,,
22720,2.8008066323101054e-05,,too_rare,,,
22721,0.0,,too_rare,,,
22722,0.0,,too_rare,,,
22723,0.0,,too_rare,,,
22724,0.0,,too_rare,,,
22725,0.0,,too_rare,,,
22726,0.0,,too_rare,,,
22727,0.0,,too_rare,,,
22728,0.0,,too_rare,,,
22729,0.0,,too_rare,,,
22730,0.0,,too_rare,,,
22731,0.0,,too_rare,,,
22732,0.0,,too_rare,,,
22733,2.8008066323101054e-05,,too_rare,,,
22734,8.402419896930316e-05,,too_rare,,,
22735,0.0,,too_rare,,,
22736,0.0,,too_rare,,,
22737,8.402419896930316e-05,,too_rare,,,
22738,2.8008066323101054e-05,,too_rare,,,
22739,0.0,,too_rare,,,
22740,0.0,,too_rare,,,
22741,0.000560161326462021,,too_rare,,,
22742,2.8008066323101054e-05,,too_rare,,,
22744,0.0,,too_rare,,,
22745,0.0,,too_rare,,,
22746,2.8008066323101054e-05,,too_rare,,,
22747,0.0,,too_rare,,,
22748,2.8008066323101054e-05,,too_rare,,,
22749,0.0,,too_rare,,,
22750,0.0,,too_rare,,,
22751,0.0,,too_rare,,,
22752,0.0,,too_rare,,,
22753,0.0,,too_rare,,,
22754,0.0,,too_rare,,,
22755,0.0,,too_rare,,,
22756,0.0,,too_rare,,,
22757,2.8008066323101054e-05,,too_rare,,,
22758,0.0,,too_rare,,,
22760,2.8008066323101054e-05,,too_rare,,,
22761,0.00044812906116961686,,too_rare,,,
22762,0.0,,too_rare,,,
22763,0.0,,too_rare,,,
22764,0.0,,too_rare,,,
22765,0.002548734035402196,,too_rare,,,
22766,0.0,,too_rare,,,
22767,0.0,,too_rare,,,
22768,0.0,,too_rare,,,
22769,0.0,,too_rare,,,
22770,0.0,,too_rare,,,
22771,0.0,,too_rare,,,
22772,0.0,,too_rare,,,
22773,0.0,,too_rare,,,
22774,0.0,,too_rare,,,
22775,2.8008066323101054e-05,,too_rare,,,
22776,0.0,,too_rare,,,
22777,0.0,,too_rare,,,
22778,0.0,,too_rare,,,
22779,0.0,,too_rare,,,
22780,0.0,,too_rare,,,
22781,0.0,,too_rare,,,
22782,0.00033609679587721263,,too_rare,,,
22783,0.0,,too_rare,,,
22784,2.8008066323101054e-05,,too_rare,,,
22785,0.0,,too_rare,,,
22786,0.00014004033161550526,,too_rare,,,
22788,2.8008066323101054e-05,,too_rare,,,
22789,0.0,,too_rare,,,
22790,5.601613264620211e-05,,too_rare,,,
22791,0.0,,too_rare,,,
22792,0.00372507282097244,,too_rare,,,
22793,2.8008066323101054e-05,,too_rare,,,
22794,0.00019605646426170737,,too_rare,,,
22795,2.8008066323101054e-05,,too_rare,,,
22796,0.0,,too_rare,,,
22798,0.0,,too_rare,,,
22799,2.8008066323101054e-05,,too_rare,,,
22800,0.0,,too_rare,,,
22801,0.0,,too_rare,,,
22802,0.0,,too_rare,,,
22803,5.601613264620211e-05,,too_rare,,,
22804,0.0007562177907237285,,too_rare,,,
22805,0.0,,too_rare,,,
22806,0.0,,too_rare,,,
22807,0.0,,too_rare,,,
22808,0.0,,too_rare,,,
22809,0.0,,too_rare,,,
22810,8.402419896930316e-05,,too_rare,,,
22811,2.8008066323101054e-05,,too_rare,,,
22812,0.0,,too_rare,,,
22813,0.0,,too_rare,,,
22814,0.0,,too_rare,,,
22815,0.0,,too_rare,,,
22816,0.00014004033161550526,,too_rare,,,
22817,0.0,,too_rare,,,
22818,0.0,,too_rare,,,
22819,0.00014004033161550526,,too_rare,,,
22820,2.8008066323101054e-05,,too_rare,,,
22821,0.0,,too_rare,,,
22822,0.0,,too_rare,,,
22823,0.0,,too_rare,,,
22825,2.8008066323101054e-05,,too_rare,,,
22826,0.0,,too_rare,,,
22827,0.0,,too_rare,,,
22828,0.0,,too_rare,,,
22829,2.8008066323101054e-05,,too_rare,,,
22830,0.0,,too_rare,,,
22831,0.0,,too_rare,,,
22832,2.8008066323101054e-05,,too_rare,,,
22833,0.0,,too_rare,,,
22834,0.0,,too_rare,,,
22835,0.0,,too_rare,,,
22836,0.0,,too_rare,,,
22837,0.0,,too_rare,,,
22838,0.0,,too_rare,,,
22839,0.0,,too_rare,,,
22840,0.0,,too_rare,,,
22841,0.0,,too_rare,,,
22842,0.0,,too_rare,,,
22843,0.0,,too_rare,,,
22844,2.8008066323101054e-05,,too_rare,,,
22845,2.8008066323101054e-05,,too_rare,,,
22846,0.0,,too_rare,,,
22847,0.0,,too_rare,,,
22848,0.0,,too_rare,,,
22849,0.0,,too_rare,,,
22850,2.8008066323101054e-05,,too_rare,,,
22851,0.0,,too_rare,,,
22852,0.0,,too_rare,,,
22853,2.8008066323101054e-05,,too_rare,,,
22854,0.0,,too_rare,,,
22855,0.0,,too_rare,,,
22856,0.0,,too_rare,,,
22857,2.8008066323101054e-05,,too_rare,,,
22858,0.0,,too_rare,,,
22859,0.00011203226529240422,,too_rare,,,
22860,0.0,,too_rare,,,
22861,0.0,,too_rare,,,
22862,0.0,,too_rare,,,
22863,0.0,,too_rare,,,
22864,0.0,,too_rare,,,
22865,0.0,,too_rare,,,
22866,0.0,,too_rare,,,
22867,0.00019605646426170737,,too_rare,,,
22868,0.0,,too_rare,,,
22869,2.8008066323101054e-05,,too_rare,,,
22870,0.0,,too_rare,,,
22871,0.0,,too_rare,,,
22872,0.0,,too_rare,,,
22873,0.0,,too_rare,,,
22874,0.0,,too_rare,,,
22875,2.8008066323101054e-05,,too_rare,,,
22876,0.0,,too_rare,,,
22877,0.0,,too_rare,,,
22878,0.0,,too_rare,,,
22879,0.0,,too_rare,,,
22880,0.0,,too_rare,,,
22881,0.0,,too_rare,,,
22882,0.0,,too_rare,,,
22883,0.0,,too_rare,,,
22884,0.0,,too_rare,,,
22885,0.0,,too_rare,,,
22886,0.0,,too_rare,,,
22887,2.8008066323101054e-05,,too_rare,,,
22888,0.0,,too_rare,,,
22890,2.8008066323101054e-05,,too_rare,,,
22891,0.0004761371274927179,,too_rare,,,
22892,0.0,,too_rare,,,
22893,0.0,,too_rare,,,
22894,2.8008066323101054e-05,,too_rare,,,
22895,0.0,,too_rare,,,
22896,0.0,,too_rare,,,
22897,0.0,,too_rare,,,
22899,0.0,,too_rare,,,
22900,0.0,,too_rare,,,
22901,0.0,,too_rare,,,
22902,0.0,,too_rare,,,
22903,0.0,,too_rare,,,
22904,0.0,,too_rare,,,
22905,0.0,,too_rare,,,
22906,0.0,,too_rare,,,
22907,0.0,,too_rare,,,
22908,0.0,,too_rare,,,
22909,0.0,,too_rare,,,
22910,0.0,,too_rare,,,
22911,0.0,,too_rare,,,
22912,0.0,,too_rare,,,
22913,0.0,,too_rare,,,
22914,0.0,,too_rare,,,
22915,0.0,,too_rare,,,
22916,0.0,,too_rare,,,
22917,0.0,,too_rare,,,
22918,0.0,,too_rare,,,
22919,0.0,,too_rare,,,
22920,0.0,,too_rare,,,
22921,0.0,,too_rare,,,
22922,0.0,,too_rare,,,
22923,0.0,,too_rare,,,
22924,0.0,,too_rare,,,
22925,0.00016804839793860632,,too_rare,,,
22926,0.0,,too_rare,,,
22927,0.0,,too_rare,,,
22928,0.0,,too_rare,,,
22929,0.0,,too_rare,,,
22930,0.0,,too_rare,,,
22931,0.0,,too_rare,,,
22932,0.0,,too_rare,,,
22934,0.0,,too_rare,,,
22935,0.0,,too_rare,,,
22936,0.0,,too_rare,,,
22937,0.0,,too_rare,,,
22938,0.0,,too_rare,,,
22939,0.0023526775711404883,,too_rare,,,
22940,0.0,,too_rare,,,
22941,0.00011203226529240422,,too_rare,,,
22942,0.0,,too_rare,,,
22943,0.0,,too_rare,,,
22944,0.0,,too_rare,,,
22945,0.0,,too_rare,,,
22946,0.0,,too_rare,,,
22947,0.0,,too_rare,,,
22948,0.00011203226529240422,,too_rare,,,
22949,0.0,,too_rare,,,
22950,0.0,,too_rare,,,
22951,0.0,,too_rare,,,
22952,0.0,,too_rare,,,
22953,0.0,,too_rare,,,
22954,0.0,,too_rare,,,
22955,0.0,,too_rare,,,
22956,2.8008066323101054e-05,,too_rare,,,
22957,2.8008066323101054e-05,,too_rare,,,
22958,0.0,,too_rare,,,
22959,0.00016804839793860632,,too_rare,,,
22960,0.00014004033161550526,,too_rare,,,
22961,0.0,,too_rare,,,
22962,2.8008066323101054e-05,,too_rare,,,
22963,0.0,,too_rare,,,
22964,0.0,,too_rare,,,
22965,0.0,,too_rare,,,
22966,0.0,,too_rare,,,
22967,2.8008066323101054e-05,,too_rare,,,
22968,0.0,,too_rare,,,
22969,0.0,,too_rare,,,
22970,0.0,,too_rare,,,
22971,0.0,,too_rare,,,
22972,0.0,,too_rare,,,
22973,0.0,,too_rare,,,
22974,0.0,,too_rare,,,
22975,0.0,,too_rare,,,
22976,0.0,,too_rare,,,
22977,0.0,,too_rare,,,
22978,0.0,,too_rare,,,
22979,0.0,,too_rare,,,
22980,0.0,,too_rare,,,
22981,0.0,,too_rare,,,
22983,0.0,,too_rare,,,
22984,0.0,,too_rare,,,
22985,0.0,,too_rare,,,
22986,2.8008066323101054e-05,,too_rare,,,
22987,0.0,,too_rare,,,
22988,0.0,,too_rare,,,
22989,0.0,,too_rare,,,
22990,0.0,,too_rare,,,
22991,0.0,,too_rare,,,
22992,0.0,,too_rare,,,
22993,0.00011203226529240422,,too_rare,,,
22994,0.00053215326013892,,too_rare,,,
22996,0.0,,too_rare,,,
22997,0.00019605646426170737,,too_rare,,,
22998,0.0,,too_rare,,,
22999,0.0,,too_rare,,,
23000,0.0,,too_rare,,,
23001,0.0,,too_rare,,,
23002,0.0,,too_rare,,,
23003,0.0,,too_rare,,,
23004,0.0,,too_rare,,,
23005,0.0,,too_rare,,,
23006,0.0,,too_rare,,,
23007,0.0,,too_rare,,,
23008,0.0,,too_rare,,,
23009,0.0,,too_rare,,,
23010,0.0,,too_rare,,,
23011,2.8008066323101054e-05,,too_rare,,,
23012,0.0,,too_rare,,,
23013,0.0,,too_rare,,,
23014,0.001988572708940175,,too_rare,,,
23015,2.8008066323101054e-05,,too_rare,,,
23016,0.0,,too_rare,,,
23017,0.0,,too_rare,,,
23019,0.0,,too_rare,,,
23020,0.0,,too_rare,,,
23021,0.0,,too_rare,,,
23022,0.0,,too_rare,,,
23023,2.8008066323101054e-05,,too_rare,,,
23024,0.000504145193815819,,too_rare,,,
23025,0.0,,too_rare,,,
23026,0.0,,too_rare,,,
23027,0.0,,too_rare,,,
23028,5.601613264620211e-05,,too_rare,,,
23029,0.0,,too_rare,,,
23030,0.0,,too_rare,,,
23031,0.0,,too_rare,,,
23032,0.0,,too_rare,,,
23033,8.402419896930316e-05,,too_rare,,,
23034,0.00016804839793860632,,too_rare,,,
23035,2.8008066323101054e-05,,too_rare,,,
23036,0.0,,too_rare,,,
23037,0.0,,too_rare,,,
23038,0.0,,too_rare,,,
23039,5.601613264620211e-05,,too_rare,,,
23040,0.0,,too_rare,,,
23041,2.8008066323101054e-05,,too_rare,,,
23042,0.0,,too_rare,,,
23043,0.0,,too_rare,,,
23044,5.601613264620211e-05,,too_rare,,,
23045,2.8008066323101054e-05,,too_rare,,,
23046,0.0,,too_rare,,,
23047,5.601613264620211e-05,,too_rare,,,
23048,0.0,,too_rare,,,
23049,0.0,,too_rare,,,
23050,0.0,,too_rare,,,
23051,0.0,,too_rare,,,
23052,0.0,,too_rare,,,
23053,8.402419896930316e-05,,too_rare,,,
23054,0.0,,too_rare,,,
23055,0.0,,too_rare,,,
23056,8.402419896930316e-05,,too_rare,,,
23057,0.0,,too_rare,,,
23058,0.0,,too_rare,,,
23059,0.0,,too_rare,,,
23060,0.0,,too_rare,,,
23061,0.0,,too_rare,,,
23062,0.0,,too_rare,,,
23063,0.0,,too_rare,,,
23064,0.0,,too_rare,,,
23065,0.0,,too_rare,,,
23066,0.0,,too_rare,,,
23067,0.0,,too_rare,,,
23068,0.0,,too_rare,,,
23069,0.0,,too_rare,,,
23070,0.0,,too_rare,,,
23071,0.0,,too_rare,,,
23072,0.0,,too_rare,,,
23073,0.0,,too_rare,,,
23074,0.0,,too_rare,,,
23075,0.00014004033161550526,,too_rare,,,
23076,0.0,,too_rare,,,
23077,2.8008066323101054e-05,,too_rare,,,
23078,0.0,,too_rare,,,
23079,0.0,,too_rare,,,
23080,2.8008066323101054e-05,,too_rare,,,
23081,0.0,,too_rare,,,
23082,0.0,,too_rare,,,
23083,0.0,,too_rare,,,
23084,0.0,,too_rare,,,
23085,5.601613264620211e-05,,too_rare,,,
23086,0.0,,too_rare,,,
23087,2.8008066323101054e-05,,too_rare,,,
23088,0.0,,too_rare,,,
23089,0.0,,too_rare,,,
23090,0.0,,too_rare,,,
23091,0.0,,too_rare,,,
23092,0.0,,too_rare,,,
23093,0.0,,too_rare,,,
23094,0.0,,too_rare,,,
23095,0.0,,too_rare,,,
23096,0.0,,too_rare,,,
23097,5.601613264620211e-05,,too_rare,,,
23098,0.0,,too_rare,,,
23099,0.0,,too_rare,,,
23100,0.0,,too_rare,,,
23101,0.0,,too_rare,,,
23102,0.0,,too_rare,,,
23103,0.0,,too_rare,,,
23104,0.00019605646426170737,,too_rare,,,
23105,0.0,,too_rare,,,
23106,0.0,,too_rare,,,
23107,0.0,,too_rare,,,
23108,0.0,,too_rare,,,
23109,0.0,,too_rare,,,
23110,0.0,,too_rare,,,
23111,0.0,,too_rare,,,
23112,0.0009522742549854358,,too_rare,,,
23113,0.0,,too_rare,,,
23114,0.0,,too_rare,,,
23115,0.0,,too_rare,,,
23116,0.0,,too_rare,,,
23117,0.00016804839793860632,,too_rare,,,
23119,0.0,,too_rare,,,
23120,0.0,,too_rare,,,
23121,0.0,,too_rare,,,
23122,0.0,,too_rare,,,
23123,0.0,,too_rare,,,
23124,0.0,,too_rare,,,
23125,0.0,,too_rare,,,
23126,0.0,,too_rare,,,
23128,0.0,,too_rare,,,
23129,0.0,,too_rare,,,
23130,0.0,,too_rare,,,
23131,0.0,,too_rare,,,
23132,0.0,,too_rare,,,
23133,0.0,,too_rare,,,
23134,0.0,,too_rare,,,
23135,0.0,,too_rare,,,
23136,0.0,,too_rare,,,
23137,0.0,,too_rare,,,
23138,0.0,,too_rare,,,
23139,0.0,,too_rare,,,
23140,0.0,,too_rare,,,
23141,0.0,,too_rare,,,
23142,0.0,,too_rare,,,
23143,2.8008066323101054e-05,,too_rare,,,
23144,0.0,,too_rare,,,
23145,0.0,,too_rare,,,
23146,0.0,,too_rare,,,
23147,0.0,,too_rare,,,
23148,0.0,,too_rare,,,
23149,0.0,,too_rare,,,
23150,0.0,,too_rare,,,
23151,2.8008066323101054e-05,,too_rare,,,
23152,0.0,,too_rare,,,
23153,0.0,,too_rare,,,
23154,0.0,,too_rare,,,
23155,2.8008066323101054e-05,,too_rare,,,
23156,2.8008066323101054e-05,,too_rare,,,
23157,0.0,,too_rare,,,
23158,0.0,,too_rare,,,
23159,2.8008066323101054e-05,,too_rare,,,
23161,0.0,,too_rare,,,
23162,8.402419896930316e-05,,too_rare,,,
23163,2.8008066323101054e-05,,too_rare,,,
23164,0.0,,too_rare,,,
23165,0.0,,too_rare,,,
23166,0.0,,too_rare,,,
23167,0.0,,too_rare,,,
23168,0.0,,too_rare,,,
23169,0.0,,too_rare,,,
23170,0.00014004033161550526,,too_rare,,,
23171,2.8008066323101054e-05,,too_rare,,,
23172,0.0,,too_rare,,,
23173,2.8008066323101054e-05,,too_rare,,,
23174,0.0,,too_rare,,,
23175,0.0,,too_rare,,,
23176,0.0,,too_rare,,,
23177,0.0,,too_rare,,,
23178,0.0,,too_rare,,,
23179,8.402419896930316e-05,,too_rare,,,
23180,0.0,,too_rare,,,
23181,0.0,,too_rare,,,
23182,0.0,,too_rare,,,
23183,0.0,,too_rare,,,
23184,2.8008066323101054e-05,,too_rare,,,
23185,0.0,,too_rare,,,
23186,0.0,,too_rare,,,
23187,0.0,,too_rare,,,
23188,0.0,,too_rare,,,
23189,0.0,,too_rare,,,
23190,0.0,,too_rare,,,
23191,0.0,,too_rare,,,
23192,0.0,,too_rare,,,
23193,0.0,,too_rare,,,
23194,0.0,,too_rare,,,
23195,0.0,,too_rare,,,
23196,0.0,,too_rare,,,
23197,0.0,,too_rare,,,
23198,0.0,,too_rare,,,
23199,8.402419896930316e-05,,too_rare,,,
23200,2.8008066323101054e-05,,too_rare,,,
23201,5.601613264620211e-05,,too_rare,,,
23202,2.8008066323101054e-05,,too_rare,,,
23203,0.0,,too_rare,,,
23204,2.8008066323101054e-05,,too_rare,,,
23205,0.0,,too_rare,,,
23206,2.8008066323101054e-05,,too_rare,,,
23207,0.0,,too_rare,,,
23208,0.0,,too_rare,,,
23209,0.0,,too_rare,,,
23210,2.8008066323101054e-05,,too_rare,,,
23211,0.0,,too_rare,,,
23212,0.0,,too_rare,,,
23213,0.0,,too_rare,,,
23214,0.0,,too_rare,,,
23215,0.0,,too_rare,,,
23216,0.0,,too_rare,,,
23217,5.601613264620211e-05,,too_rare,,,
23218,0.0,,too_rare,,,
23219,0.0,,too_rare,,,
23220,0.0,,too_rare,,,
23221,0.0,,too_rare,,,
23222,0.0,,too_rare,,,
23223,2.8008066323101054e-05,,too_rare,,,
23224,5.601613264620211e-05,,too_rare,,,
23225,2.8008066323101054e-05,,too_rare,,,
23226,0.0,,too_rare,,,
23227,0.0,,too_rare,,,
23228,0.0,,too_rare,,,
23229,0.0,,too_rare,,,
23230,0.0,,too_rare,,,
23231,0.0,,too_rare,,,
23232,0.0,,too_rare,,,
23233,0.0,,too_rare,,,
23234,0.0,,too_rare,,,
23235,5.601613264620211e-05,,too_rare,,,
23236,0.0,,too_rare,,,
23237,0.0,,too_rare,,,
23238,0.0,,too_rare,,,
23239,0.0,,too_rare,,,
23240,0.0,,too_rare,,,
23241,0.0,,too_rare,,,
23242,0.0,,too_rare,,,
23243,2.8008066323101054e-05,,too_rare,,,
23244,0.0,,too_rare,,,
23245,0.0,,too_rare,,,
23246,0.0,,too_rare,,,
23247,0.0,,too_rare,,,
23248,0.0,,too_rare,,,
23249,0.0003080887295541116,,too_rare,,,
23250,0.0,,too_rare,,,
23252,0.0,,too_rare,,,
23253,0.0,,too_rare,,,
23255,0.0,,too_rare,,,
23256,0.0,,too_rare,,,
23257,2.8008066323101054e-05,,too_rare,,,
23258,0.00011203226529240422,,too_rare,,,
23259,0.0,,too_rare,,,
23260,2.8008066323101054e-05,,too_rare,,,
23261,0.0,,too_rare,,,
23262,0.0,,too_rare,,,
23263,8.402419896930316e-05,,too_rare,,,
23264,0.0,,too_rare,,,
23265,0.0,,too_rare,,,
23266,0.0,,too_rare,,,
23267,0.0,,too_rare,,,
23268,0.0,,too_rare,,,
23269,0.0,,too_rare,,,
23270,0.0002800806632310105,,too_rare,,,
23271,0.0,,too_rare,,,
23272,0.0,,too_rare,,,
23273,0.00011203226529240422,,too_rare,,,
23274,2.8008066323101054e-05,,too_rare,,,
23275,0.0,,too_rare,,,
23276,0.0,,too_rare,,,
23277,0.0,,too_rare,,,
23278,0.0,,too_rare,,,
23279,0.0,,too_rare,,,
23280,0.0,,too_rare,,,
23281,0.0,,too_rare,,,
23282,0.0,,too_rare,,,
23283,0.0,,too_rare,,,
23284,0.0,,too_rare,,,
23285,0.0,,too_rare,,,
23286,0.0,,too_rare,,,
23287,0.0,,too_rare,,,
23288,0.0,,too_rare,,,
23289,0.0,,too_rare,,,
23290,0.0,,too_rare,,,
23291,0.0,,too_rare,,,
23292,0.0,,too_rare,,,
23293,0.0,,too_rare,,,
23294,0.0003080887295541116,,too_rare,,,
23295,0.0,,too_rare,,,
23296,2.8008066323101054e-05,,too_rare,,,
23297,0.0003080887295541116,,too_rare,,,
23298,0.0,,too_rare,,,
23299,0.0,,too_rare,,,
23300,0.0,,too_rare,,,
23301,0.0,,too_rare,,,
23302,0.0,,too_rare,,,
23303,2.8008066323101054e-05,,too_rare,,,
23304,0.0,,too_rare,,,
23305,0.0,,too_rare,,,
23306,2.8008066323101054e-05,,too_rare,,,
23307,0.0,,too_rare,,,
23308,0.0,,too_rare,,,
23309,2.8008066323101054e-05,,too_rare,,,
23310,0.0,,too_rare,,,
23311,0.0,,too_rare,,,
23312,0.0,,too_rare,,,
23313,0.0,,too_rare,,,
23314,0.0,,too_rare,,,
23315,2.8008066323101054e-05,,too_rare,,,
23316,0.0,,too_rare,,,
23317,0.0,,too_rare,,,
23318,0.0,,too_rare,,,
23319,8.402419896930316e-05,,too_rare,,,
23320,0.0,,too_rare,,,
23321,0.0,,too_rare,,,
23322,0.0,,too_rare,,,
23323,0.0,,too_rare,,,
23324,0.0,,too_rare,,,
23325,2.8008066323101054e-05,,too_rare,,,
23326,0.0,,too_rare,,,
23327,0.0,,too_rare,,,
23328,0.0,,too_rare,,,
23329,0.0,,too_rare,,,
23330,0.0,,too_rare,,,
23331,0.0,,too_rare,,,
23332,0.0,,too_rare,,,
23333,0.0,,too_rare,,,
23334,2.8008066323101054e-05,,too_rare,,,
23335,0.0,,too_rare,,,
23336,5.601613264620211e-05,,too_rare,,,
23337,0.0,,too_rare,,,
23338,8.402419896930316e-05,,too_rare,,,
23339,0.0,,too_rare,,,
23340,0.0,,too_rare,,,
23341,0.0,,too_rare,,,
23342,0.0,,too_rare,,,
23343,0.0,,too_rare,,,
23344,2.8008066323101054e-05,,too_rare,,,
23345,0.0,,too_rare,,,
23346,0.0,,too_rare,,,
23347,0.0,,too_rare,,,
23348,2.8008066323101054e-05,,too_rare,,,
23349,0.0,,too_rare,,,
23350,0.0008682500560161327,,too_rare,,,
23351,0.0,,too_rare,,,
23352,5.601613264620211e-05,,too_rare,,,
23353,0.0,,too_rare,,,
23354,5.601613264620211e-05,,too_rare,,,
23355,0.0,,too_rare,,,
23356,0.0,,too_rare,,,
23357,0.0,,too_rare,,,
23358,0.0,,too_rare,,,
23359,0.0,,too_rare,,,
23360,0.0,,too_rare,,,
23361,0.0,,too_rare,,,
23363,0.0,,too_rare,,,
23364,0.0,,too_rare,,,
23365,0.0,,too_rare,,,
23366,0.0,,too_rare,,,
23368,0.0,,too_rare,,,
23369,5.601613264620211e-05,,too_rare,,,
23370,0.0,,too_rare,,,
23371,0.0,,too_rare,,,
23372,0.0,,too_rare,,,
23373,0.0,,too_rare,,,
23374,0.0,,too_rare,,,
23375,0.0,,too_rare,,,
23376,0.0,,too_rare,,,
23377,0.0,,too_rare,,,
23378,0.0,,too_rare,,,
23380,0.0,,too_rare,,,
23381,0.0,,too_rare,,,
23382,0.0,,too_rare,,,
23383,0.0,,too_rare,,,
23384,0.0,,too_rare,,,
23385,2.8008066323101054e-05,,too_rare,,,
23386,5.601613264620211e-05,,too_rare,,,
23387,0.0,,too_rare,,,
23388,0.0,,too_rare,,,
23389,0.0,,too_rare,,,
23390,2.8008066323101054e-05,,too_rare,,,
23391,0.0,,too_rare,,,
23392,0.0,,too_rare,,,
23393,0.0,,too_rare,,,
23394,0.0,,too_rare,,,
23395,0.0,,too_rare,,,
23396,2.8008066323101054e-05,,too_rare,,,
23397,0.0,,too_rare,,,
23398,2.8008066323101054e-05,,too_rare,,,
23399,8.402419896930316e-05,,too_rare,,,
23400,0.0,,too_rare,,,
23401,0.00011203226529240422,,too_rare,,,
23402,2.8008066323101054e-05,,too_rare,,,
23403,0.0,,too_rare,,,
23404,0.0,,too_rare,,,
23405,0.0,,too_rare,,,
23406,0.0,,too_rare,,,
23407,0.0,,too_rare,,,
23408,0.0,,too_rare,,,
23409,0.008626484427515124,,too_rare,,,
23410,0.0,,too_rare,,,
23411,2.8008066323101054e-05,,too_rare,,,
23412,2.8008066323101054e-05,,too_rare,,,
23413,0.0,,too_rare,,,
23414,0.0,,too_rare,,,
23415,0.00014004033161550526,,too_rare,,,
23416,2.8008066323101054e-05,,too_rare,,,
23417,0.0,,too_rare,,,
23418,0.0,,too_rare,,,
23419,0.0,,too_rare,,,
23420,0.0,,too_rare,,,
23421,0.0,,too_rare,,,
23422,0.0,,too_rare,,,
23423,2.8008066323101054e-05,,too_rare,,,
23424,0.0,,too_rare,,,
23426,0.0,,too_rare,,,
23427,0.0,,too_rare,,,
23428,0.0,,too_rare,,,
23429,0.0,,too_rare,,,
23430,0.0,,too_rare,,,
23432,0.0,,too_rare,,,
23433,0.0,,too_rare,,,
23434,0.0002520725969079095,,too_rare,,,
23435,0.0,,too_rare,,,
23436,2.8008066323101054e-05,,too_rare,,,
23437,0.0,,too_rare,,,
23438,0.0,,too_rare,,,
23439,5.601613264620211e-05,,too_rare,,,
23440,0.0,,too_rare,,,
23441,2.8008066323101054e-05,,too_rare,,,
23442,0.0002800806632310105,,too_rare,,,
23443,0.0,,too_rare,,,
23444,8.402419896930316e-05,,too_rare,,,
23445,0.0,,too_rare,,,
23446,2.8008066323101054e-05,,too_rare,,,
23447,2.8008066323101054e-05,,too_rare,,,
23448,0.0,,too_rare,,,
23449,0.0,,too_rare,,,
23450,0.0,,too_rare,,,
23451,0.0,,too_rare,,,
23452,0.0,,too_rare,,,
23453,0.004061169616849653,,too_rare,,,
23455,0.0,,too_rare,,,
23456,2.8008066323101054e-05,,too_rare,,,
23457,0.0,,too_rare,,,
23458,2.8008066323101054e-05,,too_rare,,,
23459,0.0,,too_rare,,,
23460,0.0,,too_rare,,,
23461,0.0,,too_rare,,,
23462,0.0,,too_rare,,,
23463,0.0004761371274927179,,too_rare,,,
23465,0.0,,too_rare,,,
23466,0.0,,too_rare,,,
23467,0.0,,too_rare,,,
23468,2.8008066323101054e-05,,too_rare,,,
23469,0.0,,too_rare,,,
23470,5.601613264620211e-05,,too_rare,,,
23471,0.0,,too_rare,,,
23472,2.8008066323101054e-05,,too_rare,,,
23473,0.0,,too_rare,,,
23475,0.0,,too_rare,,,
23476,0.0,,too_rare,,,
23477,0.0,,too_rare,,,
23478,0.0,,too_rare,,,
23479,0.0,,too_rare,,,
23480,0.0,,too_rare,,,
23481,0.00039211292852341475,,too_rare,,,
23482,0.0,,too_rare,,,
23483,0.0,,too_rare,,,
23484,0.0,,too_rare,,,
23485,5.601613264620211e-05,,too_rare,,,
23486,0.0,,too_rare,,,
23487,0.0,,too_rare,,,
23488,0.0,,too_rare,,,
23489,0.0,,too_rare,,,
23490,0.0,,too_rare,,,
23491,0.0,,too_rare,,,
23492,2.8008066323101054e-05,,too_rare,,,
23493,0.0,,too_rare,,,
23494,0.0,,too_rare,,,
23495,0.0,,too_rare,,,
23496,0.00011203226529240422,,too_rare,,,
23497,0.0,,too_rare,,,
23498,0.0,,too_rare,,,
23499,0.0,,too_rare,,,
23501,0.0,,too_rare,,,
23502,0.0,,too_rare,,,
23503,0.0,,too_rare,,,
23504,0.0,,too_rare,,,
23505,0.0,,too_rare,,,
23506,0.0,,too_rare,,,
23507,2.8008066323101054e-05,,too_rare,,,
23508,0.0,,too_rare,,,
23509,0.0,,too_rare,,,
23510,0.0,,too_rare,,,
23511,0.0,,too_rare,,,
23513,0.008486444095899619,,too_rare,,,
23514,0.0,,too_rare,,,
23515,2.8008066323101054e-05,,too_rare,,,
23516,2.8008066323101054e-05,,too_rare,,,
23517,2.8008066323101054e-05,,too_rare,,,
23518,0.0,,too_rare,,,
23519,0.0,,too_rare,,,
23520,0.0,,too_rare,,,
23521,2.8008066323101054e-05,,too_rare,,,
23522,0.0,,too_rare,,,
23523,0.0,,too_rare,,,
23524,0.0,,too_rare,,,
23525,0.0,,too_rare,,,
23526,0.0,,too_rare,,,
23527,0.0,,too_rare,,,
23528,0.0,,too_rare,,,
23529,0.000504145193815819,,too_rare,,,
23530,2.8008066323101054e-05,,too_rare,,,
23531,0.0,,too_rare,,,
23532,5.601613264620211e-05,,too_rare,,,
23533,0.0,,too_rare,,,
23534,2.8008066323101054e-05,,too_rare,,,
23535,0.0,,too_rare,,,
23536,0.0,,too_rare,,,
23537,0.0,,too_rare,,,
23538,0.0,,too_rare,,,
23539,2.8008066323101054e-05,,too_rare,,,
23540,5.601613264620211e-05,,too_rare,,,
23541,0.0,,too_rare,,,
23542,0.0,,too_rare,,,
23543,0.0,,too_rare,,,
23544,0.0,,too_rare,,,
23545,0.0,,too_rare,,,
23547,0.0,,too_rare,,,
23548,0.0,,too_rare,,,
23549,0.0,,too_rare,,,
23550,2.8008066323101054e-05,,too_rare,,,
23551,0.0,,too_rare,,,
23552,0.0,,too_rare,,,
23553,0.0,,too_rare,,,
23554,0.0,,too_rare,,,
23555,0.0,,too_rare,,,
23556,0.0,,too_rare,,,
23557,0.0,,too_rare,,,
23558,0.0,,too_rare,,,
23559,0.0,,too_rare,,,
23560,0.0006161774591082232,,too_rare,,,
23561,0.0,,too_rare,,,
23562,0.0,,too_rare,,,
23563,8.402419896930316e-05,,too_rare,,,
23564,0.0,,too_rare,,,
23565,0.0,,too_rare,,,
23566,0.0,,too_rare,,,
23567,0.0,,too_rare,,,
23568,0.0,,too_rare,,,
23569,5.601613264620211e-05,,too_rare,,,
23570,2.8008066323101054e-05,,too_rare,,,
23571,0.0,,too_rare,,,
23572,0.0,,too_rare,,,
23573,0.0,,too_rare,,,
23574,2.8008066323101054e-05,,too_rare,,,
23575,0.0,,too_rare,,,
23576,0.00016804839793860632,,too_rare,,,
23577,0.0,,too_rare,,,
23578,0.0,,too_rare,,,
23579,0.0,,too_rare,,,
23580,2.8008066323101054e-05,,too_rare,,,
23581,0.0,,too_rare,,,
23582,0.0,,too_rare,,,
23583,2.8008066323101054e-05,,too_rare,,,
23584,0.00014004033161550526,,too_rare,,,
23585,0.0,,too_rare,,,
23586,0.0,,too_rare,,,
23587,0.0,,too_rare,,,
23588,0.0,,too_rare,,,
23589,5.601613264620211e-05,,too_rare,,,
23590,2.8008066323101054e-05,,too_rare,,,
23591,0.0,,too_rare,,,
23593,0.0,,too_rare,,,
23594,0.0,,too_rare,,,
23595,0.0,,too_rare,,,
23596,0.00019605646426170737,,too_rare,,,
23597,0.00011203226529240422,,too_rare,,,
23598,0.0,,too_rare,,,
23599,0.00053215326013892,,too_rare,,,
23600,2.8008066323101054e-05,,too_rare,,,
23603,0.0,,too_rare,,,
23604,0.0,,too_rare,,,
23605,2.8008066323101054e-05,,too_rare,,,
23606,5.601613264620211e-05,,too_rare,,,
23607,0.0,,too_rare,,,
23608,0.0,,too_rare,,,
23609,0.0,,too_rare,,,
23610,0.0,,too_rare,,,
23611,0.0,,too_rare,,,
23612,0.0,,too_rare,,,
23613,0.0,,too_rare,,,
23614,0.0,,too_rare,,,
23615,0.0,,too_rare,,,
23616,0.0,,too_rare,,,
23617,2.8008066323101054e-05,,too_rare,,,
23618,2.8008066323101054e-05,,too_rare,,,
23619,0.0,,too_rare,,,
23620,0.0,,too_rare,,,
23621,0.0,,too_rare,,,
23622,0.0,,too_rare,,,
23623,0.0,,too_rare,,,
23624,0.0,,too_rare,,,
23625,0.0,,too_rare,,,
23626,0.0,,too_rare,,,
23627,0.0,,too_rare,,,
23628,0.0,,too_rare,,,
23629,0.0,,too_rare,,,
23630,0.0,,too_rare,,,
23631,0.0,,too_rare,,,
23632,0.00011203226529240422,,too_rare,,,
23633,5.601613264620211e-05,,too_rare,,,
23634,2.8008066323101054e-05,,too_rare,,,
23635,2.8008066323101054e-05,,too_rare,,,
23636,2.8008066323101054e-05,,too_rare,,,
23637,0.0006721935917544253,,too_rare,,,
23638,0.0,,too_rare,,,
23639,0.0,,too_rare,,,
23640,0.0,,too_rare,,,
23641,0.0,,too_rare,,,
23642,0.0,,too_rare,,,
23643,0.0,,too_rare,,,
23644,0.0,,too_rare,,,
23645,0.0,,too_rare,,,
23646,2.8008066323101054e-05,,too_rare,,,
23647,0.0,,too_rare,,,
23648,5.601613264620211e-05,,too_rare,,,
23649,0.0,,too_rare,,,
23650,0.0,,too_rare,,,
23651,0.0,,too_rare,,,
23653,0.0,,too_rare,,,
23654,2.8008066323101054e-05,,too_rare,,,
23655,0.0,,too_rare,,,
23656,0.0,,too_rare,,,
23657,0.0,,too_rare,,,
23658,0.0,,too_rare,,,
23659,0.0,,too_rare,,,
23660,0.0,,too_rare,,,
23661,8.402419896930316e-05,,too_rare,,,
23662,0.0,,too_rare,,,
23663,0.0,,too_rare,,,
23664,0.0,,too_rare,,,
23665,0.0,,too_rare,,,
23666,0.0,,too_rare,,,
23667,0.0,,too_rare,,,
23668,0.0,,too_rare,,,
23669,0.0,,too_rare,,,
23670,0.0,,too_rare,,,
23671,2.8008066323101054e-05,,too_rare,,,
23672,0.0,,too_rare,,,
23673,0.0,,too_rare,,,
23674,0.0,,too_rare,,,
23675,0.0,,too_rare,,,
23676,0.0,,too_rare,,,
23677,0.0,,too_rare,,,
23678,0.0,,too_rare,,,
23679,0.007590185973560385,,too_rare,,,
23680,0.0,,too_rare,,,
23681,0.0,,too_rare,,,
23682,2.8008066323101054e-05,,too_rare,,,
23683,0.0009242661886623348,,too_rare,,,
23684,0.0,,too_rare,,,
23685,0.0,,too_rare,,,
23686,0.0,,too_rare,,,
23687,5.601613264620211e-05,,too_rare,,,
23688,0.0,,too_rare,,,
23689,0.0,,too_rare,,,
23690,0.0,,too_rare,,,
23692,0.0,,too_rare,,,
23693,0.0,,too_rare,,,
23694,0.0,,too_rare,,,
23695,0.0,,too_rare,,,
23696,0.00016804839793860632,,too_rare,,,
23697,0.0,,too_rare,,,
23699,0.0002520725969079095,,too_rare,,,
23701,0.0,,too_rare,,,
23702,0.0,,too_rare,,,
23703,0.0,,too_rare,,,
23704,0.007842258570468295,,too_rare,,,
23705,0.0,,too_rare,,,
23706,0.0,,too_rare,,,
23707,0.0,,too_rare,,,
23708,0.0,,too_rare,,,
23709,0.0,,too_rare,,,
23710,8.402419896930316e-05,,too_rare,,,
23712,0.0,,too_rare,,,
23713,0.00022406453058480843,,too_rare,,,
23715,0.0,,too_rare,,,
23716,0.0,,too_rare,,,
23717,0.0,,too_rare,,,
23718,0.0,,too_rare,,,
23719,0.00014004033161550526,,too_rare,,,
23720,2.8008066323101054e-05,,too_rare,,,
23721,0.0,,too_rare,,,
23722,0.0,,too_rare,,,
23723,0.0,,too_rare,,,
23724,0.0,,too_rare,,,
23725,0.0,,too_rare,,,
23726,0.00011203226529240422,,too_rare,,,
23727,0.0,,too_rare,,,
23728,0.0,,too_rare,,,
23729,0.0,,too_rare,,,
23730,0.0,,too_rare,,,
23731,2.8008066323101054e-05,,too_rare,,,
23733,0.0,,too_rare,,,
23734,0.0,,too_rare,,,
23735,0.0,,too_rare,,,
23736,2.8008066323101054e-05,,too_rare,,,
23737,5.601613264620211e-05,,too_rare,,,
23738,0.00014004033161550526,,too_rare,,,
23739,0.0,,too_rare,,,
23740,0.00022406453058480843,,too_rare,,,
23741,0.0,,too_rare,,,
23742,0.0,,too_rare,,,
23743,0.0,,too_rare,,,
23744,2.8008066323101054e-05,,too_rare,,,
23745,0.0,,too_rare,,,
23746,0.0,,too_rare,,,
23747,0.0,,too_rare,,,
23748,0.0,,too_rare,,,
23749,0.0,,too_rare,,,
23750,0.0,,too_rare,,,
23751,0.0,,too_rare,,,
23752,0.0,,too_rare,,,
23753,0.0,,too_rare,,,
23754,2.8008066323101054e-05,,too_rare,,,
23755,2.8008066323101054e-05,,too_rare,,,
23756,2.8008066323101054e-05,,too_rare,,,
23757,0.0,,too_rare,,,
23758,0.0,,too_rare,,,
23759,0.0,,too_rare,,,
23760,0.0,,too_rare,,,
23761,0.0,,too_rare,,,
23762,0.0,,too_rare,,,
23763,0.0,,too_rare,,,
23764,0.0,,too_rare,,,
23765,2.8008066323101054e-05,,too_rare,,,
23766,0.0,,too_rare,,,
23767,0.0,,too_rare,,,
23768,0.0,,too_rare,,,
23769,2.8008066323101054e-05,,too_rare,,,
23770,0.0,,too_rare,,,
23771,0.0,,too_rare,,,
23772,0.0,,too_rare,,,
23774,0.0,,too_rare,,,
23775,0.0,,too_rare,,,
23776,0.0,,too_rare,,,
23777,0.0,,too_rare,,,
23778,2.8008066323101054e-05,,too_rare,,,
23779,0.0,,too_rare,,,
23780,0.0,,too_rare,,,
23781,0.0,,too_rare,,,
23782,0.0,,too_rare,,,
23783,0.0,,too_rare,,,
23784,0.0,,too_rare,,,
23785,2.8008066323101054e-05,,too_rare,,,
23786,0.0,,too_rare,,,
23787,0.0,,too_rare,,,
23788,2.8008066323101054e-05,,too_rare,,,
23789,2.8008066323101054e-05,,too_rare,,,
23790,0.0,,too_rare,,,
23791,0.0,,too_rare,,,
23792,0.00666591978489805,,too_rare,,,
23793,0.0,,too_rare,,,
23794,0.0,,too_rare,,,
23795,0.0,,too_rare,,,
23796,5.601613264620211e-05,,too_rare,,,
23797,0.0,,too_rare,,,
23798,0.0,,too_rare,,,
23799,0.0,,too_rare,,,
23800,2.8008066323101054e-05,,too_rare,,,
23801,0.0,,too_rare,,,
23802,5.601613264620211e-05,,too_rare,,,
23803,0.0,,too_rare,,,
23804,0.001652475913062962,,too_rare,,,
23805,0.0,,too_rare,,,
23806,0.0,,too_rare,,,
23807,0.0,,too_rare,,,
23808,0.0,,too_rare,,,
23809,0.0,,too_rare,,,
23810,0.0,,too_rare,,,
23811,0.0,,too_rare,,,
23812,0.0,,too_rare,,,
23813,0.0,,too_rare,,,
23814,0.0,,too_rare,,,
23815,0.0,,too_rare,,,
23816,0.0,,too_rare,,,
23817,0.0,,too_rare,,,
23818,0.00011203226529240422,,too_rare,,,
23819,0.00014004033161550526,,too_rare,,,
23820,0.0,,too_rare,,,
23821,0.0,,too_rare,,,
23822,0.0,,too_rare,,,
23823,0.0008682500560161327,,too_rare,,,
23824,0.0,,too_rare,,,
23825,2.8008066323101054e-05,,too_rare,,,
23826,0.0,,too_rare,,,
23827,0.0,,too_rare,,,
23828,0.0,,too_rare,,,
23829,0.0,,too_rare,,,
23830,0.0,,too_rare,,,
23831,0.0,,too_rare,,,
23832,5.601613264620211e-05,,too_rare,,,
23833,0.0,,too_rare,,,
23834,0.0,,too_rare,,,
23835,5.601613264620211e-05,,too_rare,,,
23836,0.0,,too_rare,,,
23837,0.0,,too_rare,,,
23838,2.8008066323101054e-05,,too_rare,,,
23839,0.0,,too_rare,,,
23840,0.0,,too_rare,,,
23841,0.0,,too_rare,,,
23842,2.8008066323101054e-05,,too_rare,,,
23843,0.0,,too_rare,,,
23844,0.0,,too_rare,,,
23845,0.0,,too_rare,,,
23846,0.0,,too_rare,,,
23847,0.0,,too_rare,,,
23848,0.0,,too_rare,,,
23849,0.0,,too_rare,,,
23850,0.0,,too_rare,,,
23851,0.0,,too_rare,,,
23852,0.0,,too_rare,,,
23853,2.8008066323101054e-05,,too_rare,,,
23854,0.0,,too_rare,,,
23855,0.0,,too_rare,,,
23856,0.00053215326013892,,too_rare,,,
23857,0.0,,too_rare,,,
23858,0.0,,too_rare,,,
23859,0.0,,too_rare,,,
23860,0.0,,too_rare,,,
23861,0.0,,too_rare,,,
23862,0.0,,too_rare,,,
23863,0.0,,too_rare,,,
23864,0.0,,too_rare,,,
23865,0.0,,too_rare,,,
23866,0.0,,too_rare,,,
23867,0.0008682500560161327,,too_rare,,,
23868,0.0,,too_rare,,,
23869,0.0,,too_rare,,,
23870,0.0,,too_rare,,,
23871,2.8008066323101054e-05,,too_rare,,,
23872,0.0,,too_rare,,,
23873,0.0,,too_rare,,,
23875,0.0,,too_rare,,,
23876,0.0,,too_rare,,,
23877,0.0,,too_rare,,,
23878,0.0,,too_rare,,,
23879,2.8008066323101054e-05,,too_rare,,,
23880,0.0,,too_rare,,,
23881,0.0,,too_rare,,,
23882,0.0,,too_rare,,,
23883,0.0,,too_rare,,,
23884,0.0,,too_rare,,,
23885,2.8008066323101054e-05,,too_rare,,,
23886,2.8008066323101054e-05,,too_rare,,,
23887,0.00011203226529240422,,too_rare,,,
23888,0.0,,too_rare,,,
23889,0.0,,too_rare,,,
23890,0.0012323549182164464,,too_rare,,,
23891,0.002996863096571813,,too_rare,,,
23892,2.8008066323101054e-05,,too_rare,,,
23893,0.0,,too_rare,,,
23894,0.0,,too_rare,,,
23895,0.0,,too_rare,,,
23896,0.0,,too_rare,,,
23897,0.0,,too_rare,,,
23898,0.0,,too_rare,,,
23899,0.0,,too_rare,,,
23900,0.0,,too_rare,,,
23901,0.0,,too_rare,,,
23902,2.8008066323101054e-05,,too_rare,,,
23903,2.8008066323101054e-05,,too_rare,,,
23904,0.0,,too_rare,,,
23905,0.0,,too_rare,,,
23906,0.0,,too_rare,,,
23907,2.8008066323101054e-05,,too_rare,,,
23908,2.8008066323101054e-05,,too_rare,,,
23909,0.0002520725969079095,,too_rare,,,
23910,0.0,,too_rare,,,
23911,0.0,,too_rare,,,
23912,0.0,,too_rare,,,
23914,2.8008066323101054e-05,,too_rare,,,
23915,0.0,,too_rare,,,
23916,0.0,,too_rare,,,
23917,0.0,,too_rare,,,
23918,2.8008066323101054e-05,,too_rare,,,
23919,8.402419896930316e-05,,too_rare,,,
23920,0.0,,too_rare,,,
23921,0.0,,too_rare,,,
23922,0.0,,too_rare,,,
23923,0.0,,too_rare,,,
23924,0.0,,too_rare,,,
23925,0.0,,too_rare,,,
23926,0.0,,too_rare,,,
23928,0.0,,too_rare,,,
23929,0.0,,too_rare,,,
23930,0.0,,too_rare,,,
23931,0.0,,too_rare,,,
23932,0.0,,too_rare,,,
23933,0.00016804839793860632,,too_rare,,,
23934,0.0,,too_rare,,,
23935,0.0,,too_rare,,,
23936,0.0,,too_rare,,,
23937,2.8008066323101054e-05,,too_rare,,,
23938,8.402419896930316e-05,,too_rare,,,
23939,0.0,,too_rare,,,
23940,0.0,,too_rare,,,
23941,2.8008066323101054e-05,,too_rare,,,
23942,0.0,,too_rare,,,
23943,0.0,,too_rare,,,
23945,0.00039211292852341475,,too_rare,,,
23946,0.0,,too_rare,,,
23947,0.0,,too_rare,,,
23948,2.8008066323101054e-05,,too_rare,,,
23949,0.0,,too_rare,,,
23950,2.8008066323101054e-05,,too_rare,,,
23952,0.0,,too_rare,,,
23954,0.0,,too_rare,,,
23955,0.0,,too_rare,,,
23956,0.0,,too_rare,,,
23957,2.8008066323101054e-05,,too_rare,,,
23958,0.0,,too_rare,,,
23959,0.0,,too_rare,,,
23960,2.8008066323101054e-05,,too_rare,,,
23961,0.0,,too_rare,,,
23963,2.8008066323101054e-05,,too_rare,,,
23964,0.0,,too_rare,,,
23965,0.0,,too_rare,,,
23966,0.0,,too_rare,,,
23967,2.8008066323101054e-05,,too_rare,,,
23968,0.0,,too_rare,,,
23969,0.0,,too_rare,,,
23970,0.0,,too_rare,,,
23971,0.0,,too_rare,,,
23972,0.0,,too_rare,,,
23973,0.0,,too_rare,,,
23974,0.0,,too_rare,,,
23975,0.0,,too_rare,,,
23976,2.8008066323101054e-05,,too_rare,,,
23977,2.8008066323101054e-05,,too_rare,,,
23978,0.0,,too_rare,,,
23979,0.0,,too_rare,,,
23980,0.0,,too_rare,,,
23981,0.0,,too_rare,,,
23982,5.601613264620211e-05,,too_rare,,,
23983,0.0,,too_rare,,,
23984,0.0,,too_rare,,,
23985,2.8008066323101054e-05,,too_rare,,,
23986,0.0,,too_rare,,,
23987,0.0,,too_rare,,,
23988,0.0,,too_rare,,,
23989,0.0,,too_rare,,,
23990,0.0,,too_rare,,,
23991,0.0,,too_rare,,,
23992,0.0,,too_rare,,,
23993,0.00016804839793860632,,too_rare,,,
23994,0.0,,too_rare,,,
23995,0.0,,too_rare,,,
23996,2.8008066323101054e-05,,too_rare,,,
23997,0.0,,too_rare,,,
23998,0.0,,too_rare,,,
23999,0.0,,too_rare,,,
24000,2.8008066323101054e-05,,too_rare,,,
24001,5.601613264620211e-05,,too_rare,,,
24002,0.0,,too_rare,,,
24003,0.0,,too_rare,,,
24004,2.8008066323101054e-05,,too_rare,,,
24005,0.0,,too_rare,,,
24006,2.8008066323101054e-05,,too_rare,,,
24007,0.0,,too_rare,,,
24008,0.0,,too_rare,,,
24009,0.0,,too_rare,,,
24010,0.0,,too_rare,,,
24011,0.0,,too_rare,,,
24012,0.00053215326013892,,too_rare,,,
24013,0.0,,too_rare,,,
24014,0.0,,too_rare,,,
24015,0.0,,too_rare,,,
24016,0.0,,too_rare,,,
24017,0.0,,too_rare,,,
24018,0.0,,too_rare,,,
24019,2.8008066323101054e-05,,too_rare,,,
24020,0.0,,too_rare,,,
24021,0.0,,too_rare,,,
24022,0.0,,too_rare,,,
24023,0.0,,too_rare,,,
24024,0.0,,too_rare,,,
24025,8.402419896930316e-05,,too_rare,,,
24026,0.0,,too_rare,,,
24027,0.0,,too_rare,,,
24028,0.00019605646426170737,,too_rare,,,
24029,8.402419896930316e-05,,too_rare,,,
24030,0.0,,too_rare,,,
24031,0.0,,too_rare,,,
24032,0.0,,too_rare,,,
24033,0.0,,too_rare,,,
24034,0.0,,too_rare,,,
24035,0.0,,too_rare,,,
24036,2.8008066323101054e-05,,too_rare,,,
24037,0.0,,too_rare,,,
24038,0.0,,too_rare,,,
24039,0.0,,too_rare,,,
24040,0.0,,too_rare,,,
24041,0.0,,too_rare,,,
24042,2.8008066323101054e-05,,too_rare,,,
24043,0.0,,too_rare,,,
24044,0.0,,too_rare,,,
24045,0.0,,too_rare,,,
24046,5.601613264620211e-05,,too_rare,,,
24047,0.0,,too_rare,,,
24048,0.0,,too_rare,,,
24049,5.601613264620211e-05,,too_rare,,,
24050,0.0,,too_rare,,,
24051,0.0,,too_rare,,,
24052,0.0,,too_rare,,,
24053,0.0,,too_rare,,,
24054,0.0,,too_rare,,,
24055,0.0,,too_rare,,,
24056,0.0,,too_rare,,,
24057,0.0,,too_rare,,,
24058,0.0,,too_rare,,,
24059,0.0,,too_rare,,,
24060,0.0,,too_rare,,,
24061,5.601613264620211e-05,,too_rare,,,
24062,0.005965718126820525,,too_rare,,,
24063,0.0,,too_rare,,,
24064,0.0,,too_rare,,,
24065,5.601613264620211e-05,,too_rare,,,
24066,0.0,,too_rare,,,
24067,0.0,,too_rare,,,
24068,0.0,,too_rare,,,
24069,0.0,,too_rare,,,
24070,5.601613264620211e-05,,too_rare,,,
24071,0.0,,too_rare,,,
24072,2.8008066323101054e-05,,too_rare,,,
24073,0.0,,too_rare,,,
24074,2.8008066323101054e-05,,too_rare,,,
24075,0.0,,too_rare,,,
24076,2.8008066323101054e-05,,too_rare,,,
24077,0.0,,too_rare,,,
24078,2.8008066323101054e-05,,too_rare,,,
24079,0.0,,too_rare,,,
24080,0.0,,too_rare,,,
24081,0.002268653372171185,,too_rare,,,
24082,0.0,,too_rare,,,
24083,0.0,,too_rare,,,
24084,0.0,,too_rare,,,
24085,0.0,,too_rare,,,
24086,0.0,,too_rare,,,
24087,0.0,,too_rare,,,
24088,0.002520725969079095,,too_rare,,,
24089,0.0,,too_rare,,,
24090,0.0,,too_rare,,,
24091,5.601613264620211e-05,,too_rare,,,
24092,0.0,,too_rare,,,
24093,0.0,,too_rare,,,
24094,5.601613264620211e-05,,too_rare,,,
24095,0.0,,too_rare,,,
24096,0.0,,too_rare,,,
24097,0.0008682500560161327,,too_rare,,,
24098,0.0,,too_rare,,,
24099,0.0,,too_rare,,,
24100,0.0,,too_rare,,,
24101,0.00033609679587721263,,too_rare,,,
24102,0.0,,too_rare,,,
24103,0.0,,too_rare,,,
24104,5.601613264620211e-05,,too_rare,,,
24105,2.8008066323101054e-05,,too_rare,,,
24106,0.0,,too_rare,,,
24107,0.0,,too_rare,,,
24108,0.0,,too_rare,,,
24109,0.0,,too_rare,,,
24110,0.0,,too_rare,,,
24111,8.402419896930316e-05,,too_rare,,,
24112,2.8008066323101054e-05,,too_rare,,,
24113,0.0,,too_rare,,,
24114,0.0,,too_rare,,,
24115,0.0,,too_rare,,,
24116,0.0,,too_rare,,,
24117,0.0,,too_rare,,,
24118,2.8008066323101054e-05,,too_rare,,,
24119,0.0,,too_rare,,,
24120,0.0,,too_rare,,,
24121,0.0,,too_rare,,,
24122,0.0,,too_rare,,,
24123,0.0,,too_rare,,,
24124,0.0,,too_rare,,,
24125,8.402419896930316e-05,,too_rare,,,
24126,2.8008066323101054e-05,,too_rare,,,
24127,0.0,,too_rare,,,
24128,0.0,,too_rare,,,
24129,0.0,,too_rare,,,
24130,0.0,,too_rare,,,
24131,0.000504145193815819,,too_rare,,,
24132,0.0,,too_rare,,,
24133,0.0,,too_rare,,,
24134,0.0,,too_rare,,,
24135,0.0,,too_rare,,,
24136,0.0,,too_rare,,,
24137,0.0,,too_rare,,,
24138,0.0,,too_rare,,,
24139,0.0,,too_rare,,,
24140,0.0,,too_rare,,,
24141,5.601613264620211e-05,,too_rare,,,
24142,0.0,,too_rare,,,
24143,0.0,,too_rare,,,
24144,0.00011203226529240422,,too_rare,,,
24145,0.0,,too_rare,,,
24146,0.0,,too_rare,,,
24147,0.0,,too_rare,,,
24148,2.8008066323101054e-05,,too_rare,,,
24150,0.0,,too_rare,,,
24151,5.601613264620211e-05,,too_rare,,,
24152,0.0,,too_rare,,,
24153,0.0,,too_rare,,,
24154,0.0,,too_rare,,,
24155,0.0,,too_rare,,,
24156,8.402419896930316e-05,,too_rare,,,
24157,0.0,,too_rare,,,
24158,0.0,,too_rare,,,
24159,2.8008066323101054e-05,,too_rare,,,
24160,0.0,,too_rare,,,
24161,8.402419896930316e-05,,too_rare,,,
24162,0.0,,too_rare,,,
24164,5.601613264620211e-05,,too_rare,,,
24165,0.0,,too_rare,,,
24166,0.0019045485099708716,,too_rare,,,
24167,0.0,,too_rare,,,
24168,0.004313242213757562,,too_rare,,,
24169,0.0,,too_rare,,,
24170,0.0,,too_rare,,,
24171,0.0,,too_rare,,,
24172,0.0,,too_rare,,,
24173,0.0,,too_rare,,,
24174,0.0,,too_rare,,,
24175,2.8008066323101054e-05,,too_rare,,,
24176,0.0008122339233699305,,too_rare,,,
24177,0.0,,too_rare,,,
24178,0.0,,too_rare,,,
24179,0.0,,too_rare,,,
24180,0.0,,too_rare,,,
24181,2.8008066323101054e-05,,too_rare,,,
24182,0.0,,too_rare,,,
24183,0.0,,too_rare,,,
24184,0.009298678019269549,,too_rare,,,
24185,0.0,,too_rare,,,
24186,0.0,,too_rare,,,
24187,0.0,,too_rare,,,
24188,0.0,,too_rare,,,
24189,0.0,,too_rare,,,
24190,2.8008066323101054e-05,,too_rare,,,
24191,0.0,,too_rare,,,
24192,0.0,,too_rare,,,
24193,0.0,,too_rare,,,
24194,0.0,,too_rare,,,
24195,0.0,,too_rare,,,
24196,0.0,,too_rare,,,
24197,0.0,,too_rare,,,
24198,0.0,,too_rare,,,
24199,0.0,,too_rare,,,
24200,0.0,,too_rare,,,
24201,0.0,,too_rare,,,
24202,0.0,,too_rare,,,
24203,0.0,,too_rare,,,
24204,2.8008066323101054e-05,,too_rare,,,
24205,0.0,,too_rare,,,
24206,0.0,,too_rare,,,
24207,0.0,,too_rare,,,
24208,0.0,,too_rare,,,
24209,0.0,,too_rare,,,
24210,0.0,,too_rare,,,
24212,0.0,,too_rare,,,
24213,0.0,,too_rare,,,
24214,0.0,,too_rare,,,
24215,0.0,,too_rare,,,
24216,0.0,,too_rare,,,
24217,0.0,,too_rare,,,
24218,0.0,,too_rare,,,
24219,0.0,,too_rare,,,
24220,0.0,,too_rare,,,
24221,0.0,,too_rare,,,
24222,2.8008066323101054e-05,,too_rare,,,
24223,0.0,,too_rare,,,
24224,2.8008066323101054e-05,,too_rare,,,
24225,0.0,,too_rare,,,
24226,0.0,,too_rare,,,
24227,0.0,,too_rare,,,
24228,0.0,,too_rare,,,
24229,0.0,,too_rare,,,
24230,0.00019605646426170737,,too_rare,,,
24231,0.0,,too_rare,,,
24232,0.004229218014788259,,too_rare,,,
24233,0.0,,too_rare,,,
24234,0.0,,too_rare,,,
24235,0.0,,too_rare,,,
24236,0.001484427515124356,,too_rare,,,
24237,0.0,,too_rare,,,
24238,0.0,,too_rare,,,
24239,0.0,,too_rare,,,
24240,0.0,,too_rare,,,
24241,2.8008066323101054e-05,,too_rare,,,
24242,0.0,,too_rare,,,
24243,0.0,,too_rare,,,
24244,0.0,,too_rare,,,
24245,0.0,,too_rare,,,
24246,0.00014004033161550526,,too_rare,,,
24247,0.0,,too_rare,,,
24248,0.002212637239524983,,too_rare,,,
24249,0.0,,too_rare,,,
24250,0.00011203226529240422,,too_rare,,,
24251,0.0,,too_rare,,,
24252,0.0,,too_rare,,,
24253,0.0,,too_rare,,,
24254,0.0,,too_rare,,,
24255,0.0,,too_rare,,,
24256,0.0,,too_rare,,,
24257,2.8008066323101054e-05,,too_rare,,,
24258,0.0,,too_rare,,,
24259,0.0,,too_rare,,,
24260,0.0,,too_rare,,,
24261,0.0,,too_rare,,,
24262,0.0,,too_rare,,,
24263,2.8008066323101054e-05,,too_rare,,,
24264,0.005573605198297109,,too_rare,,,
24265,0.0,,too_rare,,,
24266,0.0,,too_rare,,,
24267,0.0,,too_rare,,,
24268,0.0,,too_rare,,,
24269,0.0,,too_rare,,,
24270,0.0,,too_rare,,,
24271,0.0,,too_rare,,,
24272,0.0,,too_rare,,,
24273,0.0,,too_rare,,,
24274,0.0,,too_rare,,,
24275,5.601613264620211e-05,,too_rare,,,
24276,0.0,,too_rare,,,
24277,0.0,,too_rare,,,
24279,0.0,,too_rare,,,
24280,0.0,,too_rare,,,
24281,0.0,,too_rare,,,
24282,0.0,,too_rare,,,
24283,0.0,,too_rare,,,
24284,2.8008066323101054e-05,,too_rare,,,
24285,0.0,,too_rare,,,
24286,0.0,,too_rare,,,
24287,0.0,,too_rare,,,
24288,2.8008066323101054e-05,,too_rare,,,
24289,0.0,,too_rare,,,
24290,0.0,,too_rare,,,
24291,0.0,,too_rare,,,
24292,0.0,,too_rare,,,
24293,5.601613264620211e-05,,too_rare,,,
24294,0.0,,too_rare,,,
24295,5.601613264620211e-05,,too_rare,,,
24296,0.0,,too_rare,,,
24297,5.601613264620211e-05,,too_rare,,,
24298,0.0,,too_rare,,,
24299,0.0,,too_rare,,,
24300,0.002632758234371499,,too_rare,,,
24301,0.0,,too_rare,,,
24302,0.0,,too_rare,,,
24303,0.00016804839793860632,,too_rare,,,
24304,0.007618194039883486,,too_rare,,,
24305,5.601613264620211e-05,,too_rare,,,
24306,0.0,,too_rare,,,
24307,0.0,,too_rare,,,
24308,0.0,,too_rare,,,
24309,0.0,,too_rare,,,
24310,0.0,,too_rare,,,
24311,0.00014004033161550526,,too_rare,,,
24312,0.0,,too_rare,,,
24313,0.0,,too_rare,,,
24314,0.0,,too_rare,,,
24315,0.0,,too_rare,,,
24316,5.601613264620211e-05,,too_rare,,,
24317,0.0,,too_rare,,,
24318,0.0006161774591082232,,too_rare,,,
24319,0.0,,too_rare,,,
24320,0.0006441855254313242,,too_rare,,,
24321,0.0,,too_rare,,,
24323,0.0,,too_rare,,,
24324,0.0,,too_rare,,,
24325,0.0,,too_rare,,,
24326,0.0,,too_rare,,,
24327,2.8008066323101054e-05,,too_rare,,,
24328,0.0,,too_rare,,,
24329,0.0,,too_rare,,,
24330,0.0,,too_rare,,,
24331,0.0,,too_rare,,,
24332,0.0,,too_rare,,,
24333,2.8008066323101054e-05,,too_rare,,,
24334,0.0,,too_rare,,,
24335,2.8008066323101054e-05,,too_rare,,,
24336,8.402419896930316e-05,,too_rare,,,
24337,0.0,,too_rare,,,
24339,0.0,,too_rare,,,
24340,2.8008066323101054e-05,,too_rare,,,
24341,0.0,,too_rare,,,
24342,2.8008066323101054e-05,,too_rare,,,
24343,8.402419896930316e-05,,too_rare,,,
24344,0.0,,too_rare,,,
24345,2.8008066323101054e-05,,too_rare,,,
24346,0.0,,too_rare,,,
24347,0.0,,too_rare,,,
24348,0.0,,too_rare,,,
24349,5.601613264620211e-05,,too_rare,,,
24350,0.0,,too_rare,,,
24351,0.0003080887295541116,,too_rare,,,
24352,0.0,,too_rare,,,
24353,0.0,,too_rare,,,
24354,0.0,,too_rare,,,
24355,0.0,,too_rare,,,
24356,0.0,,too_rare,,,
24357,0.0,,too_rare,,,
24358,0.0,,too_rare,,,
24359,0.0,,too_rare,,,
24360,0.0,,too_rare,,,
24361,0.0,,too_rare,,,
24362,0.0,,too_rare,,,
24363,0.0,,too_rare,,,
24364,0.0,,too_rare,,,
24365,0.0,,too_rare,,,
24366,0.0,,too_rare,,,
24367,0.0,,too_rare,,,
24368,0.0,,too_rare,,,
24369,0.0,,too_rare,,,
24370,0.0,,too_rare,,,
24371,2.8008066323101054e-05,,too_rare,,,
24372,5.601613264620211e-05,,too_rare,,,
24373,2.8008066323101054e-05,,too_rare,,,
24375,5.601613264620211e-05,,too_rare,,,
24376,0.0,,too_rare,,,
24377,0.0,,too_rare,,,
24378,0.0,,too_rare,,,
24379,0.003052879229218015,,too_rare,,,
24380,2.8008066323101054e-05,,too_rare,,,
24381,0.0,,too_rare,,,
24382,2.8008066323101054e-05,,too_rare,,,
24383,0.0,,too_rare,,,
24384,0.0,,too_rare,,,
24385,0.0,,too_rare,,,
24386,0.0,,too_rare,,,
24387,0.0,,too_rare,,,
24388,5.601613264620211e-05,,too_rare,,,
24389,0.0003080887295541116,,too_rare,,,
24390,0.0,,too_rare,,,
24391,0.0,,too_rare,,,
24392,2.8008066323101054e-05,,too_rare,,,
24393,0.0,,too_rare,,,
24394,0.0,,too_rare,,,
24395,0.0,,too_rare,,,
24396,0.0,,too_rare,,,
24397,0.00033609679587721263,,too_rare,,,
24398,0.0,,too_rare,,,
24399,0.0,,too_rare,,,
24400,0.0,,too_rare,,,
24401,2.8008066323101054e-05,,too_rare,,,
24402,0.0,,too_rare,,,
24403,0.0003080887295541116,,too_rare,,,
24404,0.0,,too_rare,,,
24405,0.0,,too_rare,,,
24406,2.8008066323101054e-05,,too_rare,,,
24407,0.0,,too_rare,,,
24408,0.0,,too_rare,,,
24409,2.8008066323101054e-05,,too_rare,,,
24410,0.0,,too_rare,,,
24411,0.0,,too_rare,,,
24412,0.0,,too_rare,,,
24413,0.0,,too_rare,,,
24414,0.0,,too_rare,,,
24415,0.0,,too_rare,,,
24416,5.601613264620211e-05,,too_rare,,,
24417,0.0,,too_rare,,,
24418,0.0,,too_rare,,,
24419,0.0,,too_rare,,,
24420,5.601613264620211e-05,,too_rare,,,
24421,0.0,,too_rare,,,
24422,2.8008066323101054e-05,,too_rare,,,
24423,0.0,,too_rare,,,
24424,0.0,,too_rare,,,
24425,2.8008066323101054e-05,,too_rare,,,
24426,2.8008066323101054e-05,,too_rare,,,
24427,0.0,,too_rare,,,
24428,0.0,,too_rare,,,
24429,2.8008066323101054e-05,,too_rare,,,
24430,0.0,,too_rare,,,
24431,5.601613264620211e-05,,too_rare,,,
24432,2.8008066323101054e-05,,too_rare,,,
24433,8.402419896930316e-05,,too_rare,,,
24434,0.0,,too_rare,,,
24435,0.0,,too_rare,,,
24436,0.0,,too_rare,,,
24437,0.0,,too_rare,,,
24438,0.0,,too_rare,,,
24439,2.8008066323101054e-05,,too_rare,,,
24440,0.0,,too_rare,,,
24441,0.0,,too_rare,,,
24442,0.0,,too_rare,,,
24443,0.0,,too_rare,,,
24444,0.0,,too_rare,,,
24445,0.0,,too_rare,,,
24446,0.0,,too_rare,,,
24447,0.0,,too_rare,,,
24448,0.0,,too_rare,,,
24449,2.8008066323101054e-05,,too_rare,,,
24450,2.8008066323101054e-05,,too_rare,,,
24451,2.8008066323101054e-05,,too_rare,,,
24452,2.8008066323101054e-05,,too_rare,,,
24453,0.0,,too_rare,,,
24454,0.0,,too_rare,,,
24455,2.8008066323101054e-05,,too_rare,,,
24456,0.0,,too_rare,,,
24457,2.8008066323101054e-05,,too_rare,,,
24458,0.0,,too_rare,,,
24459,0.0,,too_rare,,,
24460,2.8008066323101054e-05,,too_rare,,,
24462,0.0,,too_rare,,,
24463,0.0,,too_rare,,,
24464,2.8008066323101054e-05,,too_rare,,,
24465,2.8008066323101054e-05,,too_rare,,,
24466,0.0,,too_rare,,,
24467,0.0,,too_rare,,,
24468,0.001624467846739861,,too_rare,,,
24469,0.0,,too_rare,,,
24470,0.0,,too_rare,,,
24471,8.402419896930316e-05,,too_rare,,,
24472,0.0,,too_rare,,,
24473,0.0,,too_rare,,,
24474,0.0,,too_rare,,,
24475,0.0,,too_rare,,,
24477,0.0,,too_rare,,,
24478,0.0,,too_rare,,,
24479,0.0,,too_rare,,,
24480,0.0,,too_rare,,,
24481,0.0,,too_rare,,,
24482,0.0,,too_rare,,,
24483,0.0,,too_rare,,,
24484,0.0,,too_rare,,,
24485,0.0,,too_rare,,,
24486,0.0,,too_rare,,,
24487,2.8008066323101054e-05,,too_rare,,,
24488,0.0034169840914183283,,too_rare,,,
24489,0.0,,too_rare,,,
24490,0.0,,too_rare,,,
24491,2.8008066323101054e-05,,too_rare,,,
24492,0.0,,too_rare,,,
24493,0.0,,too_rare,,,
24494,0.00011203226529240422,,too_rare,,,
24495,0.0,,too_rare,,,
24496,0.0048173874075733815,,too_rare,,,
24497,0.0,,too_rare,,,
24499,8.402419896930316e-05,,too_rare,,,
24500,0.0,,too_rare,,,
24501,0.0,,too_rare,,,
24502,0.0,,too_rare,,,
24503,8.402419896930316e-05,,too_rare,,,
24504,0.0,,too_rare,,,
24505,0.0,,too_rare,,,
24506,0.00014004033161550526,,too_rare,,,
24507,0.0,,too_rare,,,
24508,0.00011203226529240422,,too_rare,,,
24509,5.601613264620211e-05,,too_rare,,,
24510,0.0,,too_rare,,,
24511,0.0,,too_rare,,,
24512,0.0,,too_rare,,,
24513,0.0,,too_rare,,,
24514,0.0,,too_rare,,,
24515,0.0,,too_rare,,,
24516,0.0,,too_rare,,,
24517,2.8008066323101054e-05,,too_rare,,,
24518,0.0,,too_rare,,,
24519,0.0,,too_rare,,,
24520,0.001540443647770558,,too_rare,,,
24521,0.0,,too_rare,,,
24522,0.0,,too_rare,,,
24523,0.0,,too_rare,,,
24524,0.0,,too_rare,,,
24525,0.0,,too_rare,,,
24526,0.0,,too_rare,,,
24527,0.0,,too_rare,,,
24528,0.0,,too_rare,,,
24529,8.402419896930316e-05,,too_rare,,,
24530,0.0,,too_rare,,,
24531,0.0,,too_rare,,,
24533,0.0,,too_rare,,,
24534,2.8008066323101054e-05,,too_rare,,,
24535,0.0,,too_rare,,,
24536,0.0,,too_rare,,,
24537,0.0,,too_rare,,,
24538,0.0,,too_rare,,,
24539,0.0,,too_rare,,,
24540,0.0,,too_rare,,,
24541,0.0,,too_rare,,,
24542,0.0,,too_rare,,,
24544,0.0,,too_rare,,,
24545,0.0,,too_rare,,,
24546,0.0,,too_rare,,,
24547,0.0,,too_rare,,,
24548,0.0,,too_rare,,,
24549,0.0,,too_rare,,,
24550,0.0,,too_rare,,,
24551,0.0,,too_rare,,,
24552,0.0,,too_rare,,,
24553,0.0,,too_rare,,,
24554,0.0,,too_rare,,,
24555,0.00011203226529240422,,too_rare,,,
24556,0.0,,too_rare,,,
24557,2.8008066323101054e-05,,too_rare,,,
24558,0.00033609679587721263,,too_rare,,,
24559,0.0,,too_rare,,,
24560,0.0,,too_rare,,,
24561,0.0,,too_rare,,,
24562,0.0,,too_rare,,,
24563,0.0,,too_rare,,,
24564,0.0,,too_rare,,,
24565,2.8008066323101054e-05,,too_rare,,,
24566,0.0,,too_rare,,,
24567,0.0,,too_rare,,,
24568,0.0,,too_rare,,,
24569,0.0,,too_rare,,,
24570,2.8008066323101054e-05,,too_rare,,,
24571,0.0,,too_rare,,,
24572,0.0,,too_rare,,,
24573,0.0,,too_rare,,,
24574,0.00955075061617746,,too_rare,,,
24575,2.8008066323101054e-05,,too_rare,,,
24576,0.0,,too_rare,,,
24577,0.0,,too_rare,,,
24578,2.8008066323101054e-05,,too_rare,,,
24579,0.0,,too_rare,,,
24580,2.8008066323101054e-05,,too_rare,,,
24581,0.0,,too_rare,,,
24582,2.8008066323101054e-05,,too_rare,,,
24583,0.0005881693927851221,,too_rare,,,
24584,8.402419896930316e-05,,too_rare,,,
24585,0.0,,too_rare,,,
24586,0.0,,too_rare,,,
24587,0.0,,too_rare,,,
24588,0.0,,too_rare,,,
24589,0.0,,too_rare,,,
24590,0.0,,too_rare,,,
24591,0.0,,too_rare,,,
24592,0.0,,too_rare,,,
24593,0.0,,too_rare,,,
24594,0.0,,too_rare,,,
24595,0.0,,too_rare,,,
24596,2.8008066323101054e-05,,too_rare,,,
24597,0.0,,too_rare,,,
24598,0.0,,too_rare,,,
24599,0.0,,too_rare,,,
24600,0.0,,too_rare,,,
24601,0.00011203226529240422,,too_rare,,,
24602,0.0,,too_rare,,,
24603,0.0,,too_rare,,,
24604,0.0,,too_rare,,,
24605,0.0,,too_rare,,,
24606,0.0,,too_rare,,,
24607,0.005097468070804392,,too_rare,,,
24608,2.8008066323101054e-05,,too_rare,,,
24610,0.0,,too_rare,,,
24611,0.0,,too_rare,,,
24612,0.0,,too_rare,,,
24613,0.0,,too_rare,,,
24614,0.0,,too_rare,,,
24615,0.0,,too_rare,,,
24616,2.8008066323101054e-05,,too_rare,,,
24617,0.0,,too_rare,,,
24618,0.0,,too_rare,,,
24619,0.0,,too_rare,,,
24620,0.0,,too_rare,,,
24621,0.0,,too_rare,,,
24622,0.0,,too_rare,,,
24623,0.0,,too_rare,,,
24624,0.0,,too_rare,,,
24625,0.0,,too_rare,,,
24626,0.0,,too_rare,,,
24627,0.0,,too_rare,,,
24628,0.0,,too_rare,,,
24629,0.0,,too_rare,,,
24630,0.0,,too_rare,,,
24631,0.00022406453058480843,,too_rare,,,
24632,0.0,,too_rare,,,
24633,0.0,,too_rare,,,
24635,0.0,,too_rare,,,
24636,0.0,,too_rare,,,
24637,0.00019605646426170737,,too_rare,,,
24638,0.0,,too_rare,,,
24639,2.8008066323101054e-05,,too_rare,,,
24640,0.0,,too_rare,,,
24641,2.8008066323101054e-05,,too_rare,,,
24642,0.0,,too_rare,,,
24643,0.0,,too_rare,,,
24644,0.0,,too_rare,,,
24645,0.0,,too_rare,,,
24646,5.601613264620211e-05,,too_rare,,,
24647,2.8008066323101054e-05,,too_rare,,,
24648,2.8008066323101054e-05,,too_rare,,,
24649,0.0,,too_rare,,,
24650,0.0,,too_rare,,,
24651,0.0,,too_rare,,,
24652,0.0,,too_rare,,,
24653,0.0,,too_rare,,,
24654,0.0,,too_rare,,,
24655,0.0,,too_rare,,,
24656,0.0,,too_rare,,,
24657,0.0,,too_rare,,,
24658,0.0,,too_rare,,,
24659,0.0,,too_rare,,,
24660,0.0,,too_rare,,,
24661,2.8008066323101054e-05,,too_rare,,,
24662,0.0,,too_rare,,,
24663,0.0,,too_rare,,,
24664,0.0,,too_rare,,,
24665,0.0,,too_rare,,,
24666,0.0,,too_rare,,,
24667,0.0,,too_rare,,,
24668,2.8008066323101054e-05,,too_rare,,,
24669,0.0,,too_rare,,,
24670,0.0,,too_rare,,,
24671,0.0,,too_rare,,,
24672,0.0,,too_rare,,,
24673,0.0,,too_rare,,,
24674,0.0,,too_rare,,,
24675,0.0,,too_rare,,,
24676,0.0,,too_rare,,,
24677,0.0,,too_rare,,,
24678,5.601613264620211e-05,,too_rare,,,
24679,0.0,,too_rare,,,
24680,0.0,,too_rare,,,
24681,2.8008066323101054e-05,,too_rare,,,
24682,0.00039211292852341475,,too_rare,,,
24683,0.0,,too_rare,,,
24684,0.0,,too_rare,,,
24685,2.8008066323101054e-05,,too_rare,,,
24686,0.0,,too_rare,,,
24687,0.0,,too_rare,,,
24688,2.8008066323101054e-05,,too_rare,,,
24689,0.0,,too_rare,,,
24690,0.0,,too_rare,,,
24691,0.0,,too_rare,,,
24692,0.00011203226529240422,,too_rare,,,
24695,2.8008066323101054e-05,,too_rare,,,
24696,0.0,,too_rare,,,
24697,0.0,,too_rare,,,
24698,0.0,,too_rare,,,
24699,0.0,,too_rare,,,
24700,2.8008066323101054e-05,,too_rare,,,
24701,0.0,,too_rare,,,
24702,0.0,,too_rare,,,
24703,0.0,,too_rare,,,
24704,5.601613264620211e-05,,too_rare,,,
24705,0.0,,too_rare,,,
24706,0.0,,too_rare,,,
24708,0.0,,too_rare,,,
24709,0.0,,too_rare,,,
24710,0.0,,too_rare,,,
24711,0.0,,too_rare,,,
24712,0.0,,too_rare,,,
24713,0.0,,too_rare,,,
24714,0.0,,too_rare,,,
24715,0.0,,too_rare,,,
24716,5.601613264620211e-05,,too_rare,,,
24717,0.0,,too_rare,,,
24718,0.0,,too_rare,,,
24719,0.0,,too_rare,,,
24720,0.0,,too_rare,,,
24721,0.0,,too_rare,,,
24722,0.0,,too_rare,,,
24723,0.0,,too_rare,,,
24724,0.0,,too_rare,,,
24725,0.0,,too_rare,,,
24726,0.0002800806632310105,,too_rare,,,
24727,0.0,,too_rare,,,
24728,0.0,,too_rare,,,
24729,0.0,,too_rare,,,
24730,0.0,,too_rare,,,
24731,0.0,,too_rare,,,
24732,0.0,,too_rare,,,
24734,0.0,,too_rare,,,
24735,0.00016804839793860632,,too_rare,,,
24736,0.0,,too_rare,,,
24737,0.0,,too_rare,,,
24738,0.0,,too_rare,,,
24739,0.0,,too_rare,,,
24740,0.005825677795205019,,too_rare,,,
24741,0.0,,too_rare,,,
24742,0.0005881693927851221,,too_rare,,,
24743,0.00011203226529240422,,too_rare,,,
24744,0.0,,too_rare,,,
24745,0.0002800806632310105,,too_rare,,,
24746,0.0,,too_rare,,,
24747,0.00019605646426170737,,too_rare,,,
24748,0.0,,too_rare,,,
24749,0.0,,too_rare,,,
24750,0.0,,too_rare,,,
24751,2.8008066323101054e-05,,too_rare,,,
24752,0.0,,too_rare,,,
24753,2.8008066323101054e-05,,too_rare,,,
24754,0.0,,too_rare,,,
24755,0.0,,too_rare,,,
24756,0.0,,too_rare,,,
24757,0.0,,too_rare,,,
24758,0.0,,too_rare,,,
24759,0.0,,too_rare,,,
24760,0.0,,too_rare,,,
24761,0.0,,too_rare,,,
24762,0.0,,too_rare,,,
24763,0.0,,too_rare,,,
24764,2.8008066323101054e-05,,too_rare,,,
24765,0.0,,too_rare,,,
24766,0.0,,too_rare,,,
24767,0.0,,too_rare,,,
24768,0.0,,too_rare,,,
24769,0.0,,too_rare,,,
24770,0.00022406453058480843,,too_rare,,,
24771,0.0,,too_rare,,,
24772,0.0,,too_rare,,,
24773,0.0,,too_rare,,,
24774,0.0,,too_rare,,,
24775,0.0,,too_rare,,,
24776,0.0,,too_rare,,,
24777,0.0,,too_rare,,,
24778,0.0,,too_rare,,,
24779,0.0,,too_rare,,,
24780,0.0,,too_rare,,,
24781,0.0,,too_rare,,,
24782,0.0,,too_rare,,,
24783,0.0,,too_rare,,,
24784,0.0,,too_rare,,,
24785,0.0,,too_rare,,,
24786,0.0,,too_rare,,,
24787,0.0,,too_rare,,,
24788,2.8008066323101054e-05,,too_rare,,,
24789,0.0,,too_rare,,,
24790,0.0,,too_rare,,,
24791,0.0,,too_rare,,,
24792,0.0,,too_rare,,,
24793,2.8008066323101054e-05,,too_rare,,,
24794,0.0,,too_rare,,,
24795,0.0,,too_rare,,,
24796,2.8008066323101054e-05,,too_rare,,,
24797,0.0,,too_rare,,,
24798,0.0,,too_rare,,,
24799,0.0,,too_rare,,,
24800,0.0,,too_rare,,,
24801,0.0,,too_rare,,,
24802,0.0,,too_rare,,,
24803,0.0,,too_rare,,,
24804,0.0,,too_rare,,,
24806,0.0,,too_rare,,,
24807,0.0,,too_rare,,,
24808,0.0,,too_rare,,,
24810,0.0,,too_rare,,,
24811,0.0,,too_rare,,,
24812,0.0,,too_rare,,,
24813,0.0,,too_rare,,,
24814,0.0,,too_rare,,,
24815,0.0,,too_rare,,,
24816,0.0,,too_rare,,,
24817,0.0,,too_rare,,,
24818,0.0,,too_rare,,,
24819,0.0,,too_rare,,,
24820,0.0,,too_rare,,,
24821,0.0,,too_rare,,,
24822,0.0,,too_rare,,,
24823,0.0,,too_rare,,,
24824,2.8008066323101054e-05,,too_rare,,,
24825,0.0,,too_rare,,,
24826,0.0,,too_rare,,,
24827,0.0,,too_rare,,,
24828,0.0,,too_rare,,,
24830,0.0,,too_rare,,,
24831,0.0,,too_rare,,,
24832,0.0,,too_rare,,,
24833,5.601613264620211e-05,,too_rare,,,
24834,0.0,,too_rare,,,
24836,0.0,,too_rare,,,
24837,0.0,,too_rare,,,
24838,0.0,,too_rare,,,
24839,2.8008066323101054e-05,,too_rare,,,
24840,0.0,,too_rare,,,
24841,0.0,,too_rare,,,
24842,2.8008066323101054e-05,,too_rare,,,
24843,5.601613264620211e-05,,too_rare,,,
24844,0.0,,too_rare,,,
24845,0.009662782881469864,,too_rare,,,
24846,5.601613264620211e-05,,too_rare,,,
24847,0.0,,too_rare,,,
24848,0.0,,too_rare,,,
24849,0.0013723952498319516,,too_rare,,,
24850,0.0,,too_rare,,,
24851,0.0,,too_rare,,,
24852,0.0,,too_rare,,,
24853,0.0,,too_rare,,,
24854,0.0,,too_rare,,,
24855,0.0,,too_rare,,,
24856,2.8008066323101054e-05,,too_rare,,,
24857,0.0,,too_rare,,,
24858,0.00014004033161550526,,too_rare,,,
24859,0.0,,too_rare,,,
24860,5.601613264620211e-05,,too_rare,,,
24861,0.0,,too_rare,,,
24862,0.00011203226529240422,,too_rare,,,
24863,5.601613264620211e-05,,too_rare,,,
24864,2.8008066323101054e-05,,too_rare,,,
24865,0.0,,too_rare,,,
24866,0.0,,too_rare,,,
24867,0.0,,too_rare,,,
24868,0.0,,too_rare,,,
24869,0.0,,too_rare,,,
24870,0.0,,too_rare,,,
24871,0.0,,too_rare,,,
24872,0.0,,too_rare,,,
24874,0.0,,too_rare,,,
24875,0.0,,too_rare,,,
24876,0.0,,too_rare,,,
24877,0.0,,too_rare,,,
24878,0.0,,too_rare,,,
24879,0.0,,too_rare,,,
24880,0.0,,too_rare,,,
24881,2.8008066323101054e-05,,too_rare,,,
24882,2.8008066323101054e-05,,too_rare,,,
24883,0.0,,too_rare,,,
24884,0.0,,too_rare,,,
24886,0.0,,too_rare,,,
24887,0.0,,too_rare,,,
24888,0.00022406453058480843,,too_rare,,,
24889,0.0,,too_rare,,,
24890,0.0,,too_rare,,,
24891,0.0,,too_rare,,,
24892,0.0,,too_rare,,,
24893,0.0,,too_rare,,,
24894,0.0,,too_rare,,,
24895,0.0,,too_rare,,,
24896,0.0,,too_rare,,,
24897,0.0,,too_rare,,,
24898,0.0,,too_rare,,,
24899,0.0,,too_rare,,,
24900,5.601613264620211e-05,,too_rare,,,
24901,0.0,,too_rare,,,
24902,0.0,,too_rare,,,
24903,0.0,,too_rare,,,
24904,0.0,,too_rare,,,
24905,0.00011203226529240422,,too_rare,,,
24906,0.0,,too_rare,,,
24907,0.00019605646426170737,,too_rare,,,
24908,0.0,,too_rare,,,
24909,0.0,,too_rare,,,
24910,2.8008066323101054e-05,,too_rare,,,
24911,0.0,,too_rare,,,
24912,0.0006161774591082232,,too_rare,,,
24913,0.0,,too_rare,,,
24914,0.0,,too_rare,,,
24915,0.0,,too_rare,,,
24916,0.0,,too_rare,,,
24917,0.0,,too_rare,,,
24918,0.0,,too_rare,,,
24919,0.0,,too_rare,,,
24920,2.8008066323101054e-05,,too_rare,,,
24921,0.0,,too_rare,,,
24922,0.0,,too_rare,,,
24923,0.0,,too_rare,,,
24924,0.00039211292852341475,,too_rare,,,
24925,0.0013723952498319516,,too_rare,,,
24926,0.0,,too_rare,,,
24927,0.0,,too_rare,,,
24928,2.8008066323101054e-05,,too_rare,,,
24929,0.0,,too_rare,,,
24930,0.0,,too_rare,,,
24931,0.0,,too_rare,,,
24932,2.8008066323101054e-05,,too_rare,,,
24933,5.601613264620211e-05,,too_rare,,,
24934,2.8008066323101054e-05,,too_rare,,,
24935,0.0,,too_rare,,,
24936,2.8008066323101054e-05,,too_rare,,,
24937,0.0,,too_rare,,,
24938,2.8008066323101054e-05,,too_rare,,,
24939,0.0,,too_rare,,,
24940,0.0,,too_rare,,,
24941,0.0,,too_rare,,,
24942,0.0,,too_rare,,,
24943,0.0,,too_rare,,,
24944,0.0,,too_rare,,,
24945,0.0,,too_rare,,,
24946,0.0004201209948465158,,too_rare,,,
24947,2.8008066323101054e-05,,too_rare,,,
24948,2.8008066323101054e-05,,too_rare,,,
24950,0.0,,too_rare,,,
24951,0.0,,too_rare,,,
24952,0.0,,too_rare,,,
24953,0.0,,too_rare,,,
24954,5.601613264620211e-05,,too_rare,,,
24955,0.0014564194488012547,,too_rare,,,
24956,0.0,,too_rare,,,
24957,0.0,,too_rare,,,
24958,0.0,,too_rare,,,
24959,0.0,,too_rare,,,
24960,0.0,,too_rare,,,
24961,0.0004201209948465158,,too_rare,,,
24962,2.8008066323101054e-05,,too_rare,,,
24964,0.0,,too_rare,,,
24965,0.0,,too_rare,,,
24966,0.0,,too_rare,,,
24967,8.402419896930316e-05,,too_rare,,,
24968,2.8008066323101054e-05,,too_rare,,,
24969,0.0,,too_rare,,,
24970,0.0,,too_rare,,,
24971,0.0,,too_rare,,,
24972,0.0,,too_rare,,,
24973,0.0,,too_rare,,,
24974,2.8008066323101054e-05,,too_rare,,,
24975,2.8008066323101054e-05,,too_rare,,,
24976,2.8008066323101054e-05,,too_rare,,,
24977,0.0,,too_rare,,,
24978,0.0,,too_rare,,,
24979,0.0,,too_rare,,,
24980,0.0,,too_rare,,,
24981,0.0,,too_rare,,,
24982,0.0,,too_rare,,,
24983,0.0,,too_rare,,,
24984,0.0,,too_rare,,,
24985,0.0,,too_rare,,,
24986,0.0,,too_rare,,,
24987,0.0,,too_rare,,,
24988,0.0,,too_rare,,,
24989,0.0,,too_rare,,,
24991,2.8008066323101054e-05,,too_rare,,,
24992,0.0,,too_rare,,,
24993,0.0,,too_rare,,,
24994,0.0,,too_rare,,,
24995,0.0,,too_rare,,,
24996,0.0,,too_rare,,,
24997,0.0,,too_rare,,,
24998,0.0,,too_rare,,,
24999,0.0,,too_rare,,,
25000,0.0,,too_rare,,,
25001,2.8008066323101054e-05,,too_rare,,,
25002,2.8008066323101054e-05,,too_rare,,,
25003,0.0,,too_rare,,,
25004,0.0,,too_rare,,,
25005,0.0,,too_rare,,,
25006,0.0,,too_rare,,,
25007,0.0,,too_rare,,,
25008,0.0,,too_rare,,,
25009,0.0,,too_rare,,,
25010,2.8008066323101054e-05,,too_rare,,,
25011,0.0,,too_rare,,,
25012,0.0,,too_rare,,,
25013,2.8008066323101054e-05,,too_rare,,,
25014,2.8008066323101054e-05,,too_rare,,,
25015,0.0,,too_rare,,,
25016,2.8008066323101054e-05,,too_rare,,,
25017,0.0,,too_rare,,,
25018,0.0,,too_rare,,,
25019,0.0,,too_rare,,,
25020,0.0,,too_rare,,,
25021,0.0,,too_rare,,,
25022,0.0,,too_rare,,,
25023,2.8008066323101054e-05,,too_rare,,,
25024,0.0,,too_rare,,,
25025,0.0,,too_rare,,,
25026,0.0,,too_rare,,,
25027,0.0,,too_rare,,,
25028,2.8008066323101054e-05,,too_rare,,,
25029,0.0,,too_rare,,,
25030,0.0,,too_rare,,,
25031,0.0,,too_rare,,,
25033,0.0,,too_rare,,,
25034,0.0,,too_rare,,,
25035,0.0,,too_rare,,,
25037,0.0,,too_rare,,,
25038,0.0,,too_rare,,,
25039,2.8008066323101054e-05,,too_rare,,,
25040,0.0,,too_rare,,,
25041,0.0,,too_rare,,,
25042,0.0,,too_rare,,,
25043,0.0,,too_rare,,,
25044,0.0,,too_rare,,,
25045,2.8008066323101054e-05,,too_rare,,,
25046,0.0,,too_rare,,,
25047,0.0,,too_rare,,,
25048,0.0,,too_rare,,,
25049,5.601613264620211e-05,,too_rare,,,
25050,0.0,,too_rare,,,
25051,2.8008066323101054e-05,,too_rare,,,
25052,0.0006161774591082232,,too_rare,,,
25053,0.0,,too_rare,,,
25054,0.0,,too_rare,,,
25055,0.0,,too_rare,,,
25056,0.0,,too_rare,,,
25057,0.0,,too_rare,,,
25059,0.0,,too_rare,,,
25060,0.0,,too_rare,,,
25061,2.8008066323101054e-05,,too_rare,,,
25062,5.601613264620211e-05,,too_rare,,,
25063,0.0,,too_rare,,,
25064,0.008654492493838225,,too_rare,,,
25065,0.0,,too_rare,,,
25066,0.0,,too_rare,,,
25067,5.601613264620211e-05,,too_rare,,,
25068,0.0,,too_rare,,,
25069,0.0,,too_rare,,,
25070,0.0,,too_rare,,,
25071,2.8008066323101054e-05,,too_rare,,,
25072,0.0,,too_rare,,,
25073,0.0,,too_rare,,,
25074,0.0,,too_rare,,,
25075,0.0,,too_rare,,,
25076,0.0,,too_rare,,,
25077,0.0,,too_rare,,,
25078,0.0,,too_rare,,,
25079,0.0008122339233699305,,too_rare,,,
25080,0.0,,too_rare,,,
25081,0.00014004033161550526,,too_rare,,,
25082,0.0,,too_rare,,,
25083,0.0,,too_rare,,,
25084,0.0,,too_rare,,,
25086,5.601613264620211e-05,,too_rare,,,
25087,5.601613264620211e-05,,too_rare,,,
25088,0.0,,too_rare,,,
25089,0.0,,too_rare,,,
25090,0.0,,too_rare,,,
25091,0.0008682500560161327,,too_rare,,,
25092,0.0002800806632310105,,too_rare,,,
25093,0.0,,too_rare,,,
25094,0.0,,too_rare,,,
25095,0.0,,too_rare,,,
25096,0.0,,too_rare,,,
25098,0.0,,too_rare,,,
25099,0.00014004033161550526,,too_rare,,,
25100,0.0,,too_rare,,,
25101,0.0,,too_rare,,,
25102,0.0,,too_rare,,,
25103,0.0,,too_rare,,,
25104,0.0,,too_rare,,,
25105,0.0,,too_rare,,,
25106,0.0,,too_rare,,,
25107,0.0,,too_rare,,,
25108,0.0,,too_rare,,,
25109,0.0,,too_rare,,,
25110,0.0,,too_rare,,,
25111,0.0,,too_rare,,,
25112,0.0,,too_rare,,,
25113,0.00039211292852341475,,too_rare,,,
25114,0.0,,too_rare,,,
25115,2.8008066323101054e-05,,too_rare,,,
25116,0.0,,too_rare,,,
25117,0.0,,too_rare,,,
25118,0.0,,too_rare,,,
25119,0.0,,too_rare,,,
25121,0.0,,too_rare,,,
25122,0.0,,too_rare,,,
25123,0.0,,too_rare,,,
25124,0.0,,too_rare,,,
25125,0.0,,too_rare,,,
25126,0.0,,too_rare,,,
25127,0.0,,too_rare,,,
25128,0.0002800806632310105,,too_rare,,,
25129,0.0,,too_rare,,,
25130,0.0,,too_rare,,,
25131,0.0,,too_rare,,,
25132,0.0,,too_rare,,,
25133,2.8008066323101054e-05,,too_rare,,,
25134,0.0014004033161550526,,too_rare,,,
25135,0.0,,too_rare,,,
25136,0.0,,too_rare,,,
25137,5.601613264620211e-05,,too_rare,,,
25138,0.0,,too_rare,,,
25139,2.8008066323101054e-05,,too_rare,,,
25140,2.8008066323101054e-05,,too_rare,,,
25141,5.601613264620211e-05,,too_rare,,,
25142,2.8008066323101054e-05,,too_rare,,,
25143,0.0,,too_rare,,,
25144,0.0,,too_rare,,,
25145,0.0,,too_rare,,,
25147,0.0,,too_rare,,,
25148,0.0,,too_rare,,,
25149,0.0028848308312794083,,too_rare,,,
25150,0.0,,too_rare,,,
25151,5.601613264620211e-05,,too_rare,,,
25152,0.0,,too_rare,,,
25153,2.8008066323101054e-05,,too_rare,,,
25154,0.0,,too_rare,,,
25155,5.601613264620211e-05,,too_rare,,,
25156,0.0,,too_rare,,,
25157,0.0,,too_rare,,,
25158,0.00016804839793860632,,too_rare,,,
25159,0.0,,too_rare,,,
25160,0.0,,too_rare,,,
25161,0.0,,too_rare,,,
25162,0.0,,too_rare,,,
25163,0.0,,too_rare,,,
25164,0.0,,too_rare,,,
25165,0.0,,too_rare,,,
25167,0.0,,too_rare,,,
25168,0.0,,too_rare,,,
25169,0.0,,too_rare,,,
25170,0.0,,too_rare,,,
25171,0.0,,too_rare,,,
25172,0.0,,too_rare,,,
25173,0.0,,too_rare,,,
25174,2.8008066323101054e-05,,too_rare,,,
25175,0.0,,too_rare,,,
25176,0.0,,too_rare,,,
25177,0.0,,too_rare,,,
25178,0.0,,too_rare,,,
25179,0.0,,too_rare,,,
25180,0.0,,too_rare,,,
25181,0.0,,too_rare,,,
25182,0.0,,too_rare,,,
25183,0.0,,too_rare,,,
25184,2.8008066323101054e-05,,too_rare,,,
25185,8.402419896930316e-05,,too_rare,,,
25186,0.0,,too_rare,,,
25187,0.0,,too_rare,,,
25188,0.0,,too_rare,,,
25189,0.0,,too_rare,,,
25190,0.0007002016580775263,,too_rare,,,
25191,0.0,,too_rare,,,
25192,0.0,,too_rare,,,
25193,0.0,,too_rare,,,
25194,2.8008066323101054e-05,,too_rare,,,
25195,0.0,,too_rare,,,
25196,0.0,,too_rare,,,
25197,0.0,,too_rare,,,
25198,0.0,,too_rare,,,
25199,5.601613264620211e-05,,too_rare,,,
25200,0.0,,too_rare,,,
25201,0.0,,too_rare,,,
25202,0.0,,too_rare,,,
25203,0.0003080887295541116,,too_rare,,,
25204,5.601613264620211e-05,,too_rare,,,
25205,0.0,,too_rare,,,
25206,0.0,,too_rare,,,
25207,0.0,,too_rare,,,
25208,2.8008066323101054e-05,,too_rare,,,
25209,2.8008066323101054e-05,,too_rare,,,
25210,0.00019605646426170737,,too_rare,,,
25211,0.0,,too_rare,,,
25212,0.0,,too_rare,,,
25213,0.0,,too_rare,,,
25214,0.0,,too_rare,,,
25215,0.0,,too_rare,,,
25217,2.8008066323101054e-05,,too_rare,,,
25218,8.402419896930316e-05,,too_rare,,,
25219,0.0,,too_rare,,,
25220,0.0,,too_rare,,,
25221,0.0,,too_rare,,,
25222,0.0008122339233699305,,too_rare,,,
25223,2.8008066323101054e-05,,too_rare,,,
25224,2.8008066323101054e-05,,too_rare,,,
25225,0.0,,too_rare,,,
25226,0.0,,too_rare,,,
25227,2.8008066323101054e-05,,too_rare,,,
25228,0.0,,too_rare,,,
25229,0.0,,too_rare,,,
25231,0.0,,too_rare,,,
25232,0.0,,too_rare,,,
25233,0.0,,too_rare,,,
25234,0.0,,too_rare,,,
25235,0.0,,too_rare,,,
25236,0.0,,too_rare,,,
25238,0.0,,too_rare,,,
25239,0.0,,too_rare,,,
25240,0.0,,too_rare,,,
25241,0.0,,too_rare,,,
25242,0.0,,too_rare,,,
25243,0.0,,too_rare,,,
25244,5.601613264620211e-05,,too_rare,,,
25245,0.0,,too_rare,,,
25246,0.00019605646426170737,,too_rare,,,
25247,2.8008066323101054e-05,,too_rare,,,
25248,0.0,,too_rare,,,
25249,0.0,,too_rare,,,
25250,0.0,,too_rare,,,
25251,0.0002800806632310105,,too_rare,,,
25252,0.0,,too_rare,,,
25253,0.0,,too_rare,,,
25254,0.0,,too_rare,,,
25255,0.0,,too_rare,,,
25256,0.0,,too_rare,,,
25257,0.0,,too_rare,,,
25258,0.009886847412054672,,too_rare,,,
25259,0.0,,too_rare,,,
25260,0.0,,too_rare,,,
25261,0.0,,too_rare,,,
25262,0.0,,too_rare,,,
25263,0.0,,too_rare,,,
25264,0.0,,too_rare,,,
25265,0.0,,too_rare,,,
25266,0.0,,too_rare,,,
25267,0.0,,too_rare,,,
25268,0.0,,too_rare,,,
25269,0.0,,too_rare,,,
25270,0.0,,too_rare,,,
25271,0.0,,too_rare,,,
25272,0.00011203226529240422,,too_rare,,,
25273,0.0,,too_rare,,,
25274,0.0,,too_rare,,,
25275,0.0,,too_rare,,,
25276,0.0,,too_rare,,,
25277,0.0,,too_rare,,,
25278,0.0,,too_rare,,,
25279,0.0,,too_rare,,,
25280,0.0,,too_rare,,,
25281,0.0,,too_rare,,,
25282,0.0,,too_rare,,,
25283,0.0,,too_rare,,,
25284,0.0,,too_rare,,,
25285,0.0,,too_rare,,,
25286,0.0,,too_rare,,,
25287,2.8008066323101054e-05,,too_rare,,,
25288,0.0,,too_rare,,,
25289,0.0,,too_rare,,,
25290,0.0,,too_rare,,,
25291,0.0,,too_rare,,,
25292,2.8008066323101054e-05,,too_rare,,,
25293,5.601613264620211e-05,,too_rare,,,
25294,0.0,,too_rare,,,
25295,0.0,,too_rare,,,
25296,2.8008066323101054e-05,,too_rare,,,
25297,0.008346403764284114,,too_rare,,,
25298,0.0,,too_rare,,,
25299,0.0,,too_rare,,,
25300,0.0,,too_rare,,,
25301,2.8008066323101054e-05,,too_rare,,,
25302,0.0,,too_rare,,,
25303,0.0,,too_rare,,,
25304,0.0,,too_rare,,,
25305,0.0,,too_rare,,,
25306,0.0,,too_rare,,,
25307,0.0,,too_rare,,,
25308,2.8008066323101054e-05,,too_rare,,,
25309,0.0,,too_rare,,,
25310,0.0,,too_rare,,,
25311,0.0,,too_rare,,,
25312,0.0,,too_rare,,,
25313,0.0,,too_rare,,,
25314,0.0,,too_rare,,,
25315,2.8008066323101054e-05,,too_rare,,,
25316,0.0,,too_rare,,,
25317,0.0,,too_rare,,,
25318,0.0,,too_rare,,,
25321,0.0,,too_rare,,,
25322,0.0,,too_rare,,,
25323,0.0,,too_rare,,,
25324,0.0,,too_rare,,,
25325,0.0,,too_rare,,,
25326,0.0,,too_rare,,,
25327,0.0,,too_rare,,,
25328,5.601613264620211e-05,,too_rare,,,
25329,0.0,,too_rare,,,
25330,0.0,,too_rare,,,
25332,0.0,,too_rare,,,
25333,0.0,,too_rare,,,
25334,0.0,,too_rare,,,
25335,0.0,,too_rare,,,
25336,0.0,,too_rare,,,
25337,0.0,,too_rare,,,
25338,0.0,,too_rare,,,
25339,0.0,,too_rare,,,
25340,0.0,,too_rare,,,
25341,0.0,,too_rare,,,
25342,2.8008066323101054e-05,,too_rare,,,
25343,0.0,,too_rare,,,
25344,0.0,,too_rare,,,
25345,0.0,,too_rare,,,
25346,0.0,,too_rare,,,
25347,0.0,,too_rare,,,
25348,0.0,,too_rare,,,
25349,0.0,,too_rare,,,
25350,0.0,,too_rare,,,
25351,0.0,,too_rare,,,
25352,0.0,,too_rare,,,
25353,0.0,,too_rare,,,
25354,0.0,,too_rare,,,
25355,0.0,,too_rare,,,
25356,0.0,,too_rare,,,
25357,0.0,,too_rare,,,
25358,0.0,,too_rare,,,
25359,0.0,,too_rare,,,
25360,0.00014004033161550526,,too_rare,,,
25361,0.0,,too_rare,,,
25362,0.0,,too_rare,,,
25363,0.0,,too_rare,,,
25364,0.0,,too_rare,,,
25365,5.601613264620211e-05,,too_rare,,,
25366,2.8008066323101054e-05,,too_rare,,,
25367,0.0,,too_rare,,,
25370,0.0,,too_rare,,,
25371,0.0,,too_rare,,,
25372,0.0,,too_rare,,,
25374,0.00011203226529240422,,too_rare,,,
25375,0.0,,too_rare,,,
25376,0.0,,too_rare,,,
25377,0.0,,too_rare,,,
25378,5.601613264620211e-05,,too_rare,,,
25379,0.00033609679587721263,,too_rare,,,
25380,0.0,,too_rare,,,
25381,0.0,,too_rare,,,
25382,0.0,,too_rare,,,
25383,0.0,,too_rare,,,
25384,0.0,,too_rare,,,
25385,0.0,,too_rare,,,
25386,0.0,,too_rare,,,
25387,0.0,,too_rare,,,
25389,0.0,,too_rare,,,
25390,0.0,,too_rare,,,
25391,0.0,,too_rare,,,
25392,0.0,,too_rare,,,
25393,0.0,,too_rare,,,
25394,0.0,,too_rare,,,
25395,0.0,,too_rare,,,
25396,0.0,,too_rare,,,
25397,0.0,,too_rare,,,
25398,0.0,,too_rare,,,
25399,2.8008066323101054e-05,,too_rare,,,
25400,0.0,,too_rare,,,
25401,0.0,,too_rare,,,
25402,0.0,,too_rare,,,
25403,0.0,,too_rare,,,
25404,0.0,,too_rare,,,
25405,0.0,,too_rare,,,
25406,0.0,,too_rare,,,
25407,0.0,,too_rare,,,
25408,0.0,,too_rare,,,
25409,0.0,,too_rare,,,
25410,5.601613264620211e-05,,too_rare,,,
25411,0.0,,too_rare,,,
25412,0.0,,too_rare,,,
25413,0.0,,too_rare,,,
25414,0.00016804839793860632,,too_rare,,,
25415,0.0,,too_rare,,,
25416,0.0,,too_rare,,,
25418,0.0,,too_rare,,,
25419,0.0,,too_rare,,,
25421,0.0,,too_rare,,,
25422,0.0,,too_rare,,,
25424,0.0,,too_rare,,,
25425,0.0,,too_rare,,,
25426,0.0,,too_rare,,,
25427,0.0,,too_rare,,,
25430,0.0,,too_rare,,,
25431,0.0,,too_rare,,,
25432,8.402419896930316e-05,,too_rare,,,
25433,0.0,,too_rare,,,
25434,5.601613264620211e-05,,too_rare,,,
25435,0.0,,too_rare,,,
25436,0.0,,too_rare,,,
25437,0.0,,too_rare,,,
25438,0.0,,too_rare,,,
25440,0.0,,too_rare,,,
25441,0.0,,too_rare,,,
25442,0.0,,too_rare,,,
25443,0.0,,too_rare,,,
25444,0.0,,too_rare,,,
25445,0.0,,too_rare,,,
25446,0.0,,too_rare,,,
25447,2.8008066323101054e-05,,too_rare,,,
25448,0.0,,too_rare,,,
25449,0.0,,too_rare,,,
25450,0.0,,too_rare,,,
25451,0.0,,too_rare,,,
25452,0.0,,too_rare,,,
25453,0.0,,too_rare,,,
25454,0.0,,too_rare,,,
25455,2.8008066323101054e-05,,too_rare,,,
25456,5.601613264620211e-05,,too_rare,,,
25457,0.0,,too_rare,,,
25458,0.0,,too_rare,,,
25459,0.0,,too_rare,,,
25460,2.8008066323101054e-05,,too_rare,,,
25461,0.0,,too_rare,,,
25462,5.601613264620211e-05,,too_rare,,,
25463,0.0,,too_rare,,,
25464,0.0,,too_rare,,,
25465,0.0,,too_rare,,,
25466,0.0,,too_rare,,,
25467,0.0,,too_rare,,,
25468,0.0,,too_rare,,,
25469,0.0,,too_rare,,,
25470,0.0,,too_rare,,,
25471,0.0,,too_rare,,,
25472,0.0,,too_rare,,,
25473,0.00019605646426170737,,too_rare,,,
25474,0.0,,too_rare,,,
25475,2.8008066323101054e-05,,too_rare,,,
25476,0.0,,too_rare,,,
25477,0.0,,too_rare,,,
25478,0.0,,too_rare,,,
25479,0.0,,too_rare,,,
25480,2.8008066323101054e-05,,too_rare,,,
25481,0.0,,too_rare,,,
25482,0.0,,too_rare,,,
25483,0.0,,too_rare,,,
25484,0.0,,too_rare,,,
25486,0.0,,too_rare,,,
25487,0.0,,too_rare,,,
25488,0.0,,too_rare,,,
25489,2.8008066323101054e-05,,too_rare,,,
25490,0.0,,too_rare,,,
25491,0.0,,too_rare,,,
25492,0.0,,too_rare,,,
25493,2.8008066323101054e-05,,too_rare,,,
25494,0.0,,too_rare,,,
25495,0.0,,too_rare,,,
25496,0.0,,too_rare,,,
25497,2.8008066323101054e-05,,too_rare,,,
25499,0.0,,too_rare,,,
25500,0.0,,too_rare,,,
25501,2.8008066323101054e-05,,too_rare,,,
25502,0.0,,too_rare,,,
25503,0.0,,too_rare,,,
25504,0.0,,too_rare,,,
25505,2.8008066323101054e-05,,too_rare,,,
25506,0.0,,too_rare,,,
25507,0.0,,too_rare,,,
25508,0.0,,too_rare,,,
25509,0.0,,too_rare,,,
25510,5.601613264620211e-05,,too_rare,,,
25511,0.0,,too_rare,,,
25512,0.0,,too_rare,,,
25513,0.0,,too_rare,,,
25514,0.0,,too_rare,,,
25515,0.0,,too_rare,,,
25517,0.0,,too_rare,,,
25518,0.0,,too_rare,,,
25519,0.0,,too_rare,,,
25520,0.0006721935917544253,,too_rare,,,
25521,0.0,,too_rare,,,
25522,0.0,,too_rare,,,
25523,2.8008066323101054e-05,,too_rare,,,
25524,0.0,,too_rare,,,
25525,0.0,,too_rare,,,
25526,0.0,,too_rare,,,
25527,0.0,,too_rare,,,
25528,2.8008066323101054e-05,,too_rare,,,
25529,0.0,,too_rare,,,
25531,0.0,,too_rare,,,
25532,0.0,,too_rare,,,
25533,0.0,,too_rare,,,
25534,0.0,,too_rare,,,
25535,5.601613264620211e-05,,too_rare,,,
25536,0.0,,too_rare,,,
25537,0.0,,too_rare,,,
25538,0.0,,too_rare,,,
25539,0.0,,too_rare,,,
25540,0.0,,too_rare,,,
25541,0.0,,too_rare,,,
25542,0.0,,too_rare,,,
25543,0.0,,too_rare,,,
25544,0.0,,too_rare,,,
25545,0.0,,too_rare,,,
25546,0.0,,too_rare,,,
25547,0.0,,too_rare,,,
25548,0.0,,too_rare,,,
25549,0.0,,too_rare,,,
25550,0.0,,too_rare,,,
25551,0.0,,too_rare,,,
25552,0.0,,too_rare,,,
25553,0.0,,too_rare,,,
25554,0.0,,too_rare,,,
25555,2.8008066323101054e-05,,too_rare,,,
25556,0.0,,too_rare,,,
25557,0.0,,too_rare,,,
25558,0.0,,too_rare,,,
25559,0.0,,too_rare,,,
25560,8.402419896930316e-05,,too_rare,,,
25561,0.0,,too_rare,,,
25562,5.601613264620211e-05,,too_rare,,,
25563,0.0,,too_rare,,,
25564,0.0,,too_rare,,,
25565,5.601613264620211e-05,,too_rare,,,
25566,0.0,,too_rare,,,
25567,0.0,,too_rare,,,
25568,0.0,,too_rare,,,
25569,0.0,,too_rare,,,
25570,0.002268653372171185,,too_rare,,,
25571,0.00016804839793860632,,too_rare,,,
25572,5.601613264620211e-05,,too_rare,,,
25573,0.0,,too_rare,,,
25574,2.8008066323101054e-05,,too_rare,,,
25575,0.0,,too_rare,,,
25576,2.8008066323101054e-05,,too_rare,,,
25577,0.0,,too_rare,,,
25578,0.0,,too_rare,,,
25579,2.8008066323101054e-05,,too_rare,,,
25580,0.0,,too_rare,,,
25581,0.0,,too_rare,,,
25582,0.0,,too_rare,,,
25583,0.0,,too_rare,,,
25584,5.601613264620211e-05,,too_rare,,,
25585,0.0,,too_rare,,,
25588,5.601613264620211e-05,,too_rare,,,
25589,0.0,,too_rare,,,
25590,0.0,,too_rare,,,
25591,0.0,,too_rare,,,
25592,0.0,,too_rare,,,
25593,0.0,,too_rare,,,
25594,0.0,,too_rare,,,
25595,0.0,,too_rare,,,
25596,0.0,,too_rare,,,
25597,0.0,,too_rare,,,
25598,2.8008066323101054e-05,,too_rare,,,
25599,0.0,,too_rare,,,
25601,0.0,,too_rare,,,
25602,0.0,,too_rare,,,
25603,0.0,,too_rare,,,
25604,0.0,,too_rare,,,
25605,0.0,,too_rare,,,
25606,0.0,,too_rare,,,
25607,0.0,,too_rare,,,
25608,0.0,,too_rare,,,
25609,0.0,,too_rare,,,
25610,0.0,,too_rare,,,
25611,0.0,,too_rare,,,
25612,0.0,,too_rare,,,
25613,0.0,,too_rare,,,
25614,0.0,,too_rare,,,
25615,0.0,,too_rare,,,
25616,0.0,,too_rare,,,
25617,2.8008066323101054e-05,,too_rare,,,
25618,2.8008066323101054e-05,,too_rare,,,
25619,0.0,,too_rare,,,
25620,0.0,,too_rare,,,
25621,0.0,,too_rare,,,
25622,0.0,,too_rare,,,
25623,0.0,,too_rare,,,
25624,2.8008066323101054e-05,,too_rare,,,
25625,0.008682500560161326,,too_rare,,,
25626,0.0,,too_rare,,,
25627,0.0,,too_rare,,,
25628,0.0,,too_rare,,,
25629,0.0,,too_rare,,,
25630,0.0,,too_rare,,,
25631,0.00011203226529240422,,too_rare,,,
25632,8.402419896930316e-05,,too_rare,,,
25633,0.0,,too_rare,,,
25634,0.0,,too_rare,,,
25635,0.0,,too_rare,,,
25636,0.0,,too_rare,,,
25637,0.0,,too_rare,,,
25638,2.8008066323101054e-05,,too_rare,,,
25639,0.0,,too_rare,,,
25641,0.0,,too_rare,,,
25642,0.0,,too_rare,,,
25643,5.601613264620211e-05,,too_rare,,,
25644,0.0,,too_rare,,,
25645,0.0,,too_rare,,,
25646,0.0,,too_rare,,,
25647,2.8008066323101054e-05,,too_rare,,,
25648,0.0,,too_rare,,,
25649,0.0,,too_rare,,,
25650,0.000504145193815819,,too_rare,,,
25651,0.0,,too_rare,,,
25652,0.0,,too_rare,,,
25653,0.0,,too_rare,,,
25654,0.0007282097244006273,,too_rare,,,
25655,0.0,,too_rare,,,
25656,0.0,,too_rare,,,
25657,0.0,,too_rare,,,
25658,0.0,,too_rare,,,
25659,2.8008066323101054e-05,,too_rare,,,
25660,0.0,,too_rare,,,
25661,0.0,,too_rare,,,
25662,0.0,,too_rare,,,
25663,0.0,,too_rare,,,
25664,0.0,,too_rare,,,
25665,0.0,,too_rare,,,
25667,0.0,,too_rare,,,
25668,0.0,,too_rare,,,
25669,0.0,,too_rare,,,
25670,0.00011203226529240422,,too_rare,,,
25671,0.0,,too_rare,,,
25672,2.8008066323101054e-05,,too_rare,,,
25673,0.0,,too_rare,,,
25674,2.8008066323101054e-05,,too_rare,,,
25675,0.0,,too_rare,,,
25676,0.0,,too_rare,,,
25677,0.0,,too_rare,,,
25678,0.0,,too_rare,,,
25679,0.0,,too_rare,,,
25680,0.0,,too_rare,,,
25681,2.8008066323101054e-05,,too_rare,,,
25682,0.00044812906116961686,,too_rare,,,
25683,0.0,,too_rare,,,
25684,0.0,,too_rare,,,
25685,0.0,,too_rare,,,
25686,0.0,,too_rare,,,
25687,0.0,,too_rare,,,
25688,0.0,,too_rare,,,
25689,0.0,,too_rare,,,
25690,0.0,,too_rare,,,
25691,0.0,,too_rare,,,
25692,0.0,,too_rare,,,
25693,5.601613264620211e-05,,too_rare,,,
25694,0.0,,too_rare,,,
25695,0.0,,too_rare,,,
25696,2.8008066323101054e-05,,too_rare,,,
25697,0.0,,too_rare,,,
25698,0.0,,too_rare,,,
25699,0.0,,too_rare,,,
25700,0.0,,too_rare,,,
25702,0.0,,too_rare,,,
25703,0.0,,too_rare,,,
25704,0.0,,too_rare,,,
25705,0.0,,too_rare,,,
25706,5.601613264620211e-05,,too_rare,,,
25707,0.0,,too_rare,,,
25708,0.0008402419896930316,,too_rare,,,
25709,2.8008066323101054e-05,,too_rare,,,
25710,0.0,,too_rare,,,
25712,0.0,,too_rare,,,
25713,0.0,,too_rare,,,
25714,0.0,,too_rare,,,
25715,0.0,,too_rare,,,
25716,0.0,,too_rare,,,
25717,0.0,,too_rare,,,
25718,0.0,,too_rare,,,
25719,2.8008066323101054e-05,,too_rare,,,
25720,0.0,,too_rare,,,
25721,0.0,,too_rare,,,
25722,0.0,,too_rare,,,
25723,0.0,,too_rare,,,
25724,0.0,,too_rare,,,
25725,0.0,,too_rare,,,
25726,0.0003080887295541116,,too_rare,,,
25727,2.8008066323101054e-05,,too_rare,,,
25728,0.0,,too_rare,,,
25729,0.0,,too_rare,,,
25730,2.8008066323101054e-05,,too_rare,,,
25731,0.0,,too_rare,,,
25732,0.0,,too_rare,,,
25733,0.0,,too_rare,,,
25734,0.0,,too_rare,,,
25735,0.0,,too_rare,,,
25736,0.0,,too_rare,,,
25737,2.8008066323101054e-05,,too_rare,,,
25738,0.0,,too_rare,,,
25739,0.0,,too_rare,,,
25740,0.0,,too_rare,,,
25741,0.0,,too_rare,,,
25742,2.8008066323101054e-05,,too_rare,,,
25743,0.0,,too_rare,,,
25744,0.0,,too_rare,,,
25745,0.0,,too_rare,,,
25746,0.0,,too_rare,,,
25747,0.0,,too_rare,,,
25748,0.0,,too_rare,,,
25750,0.0,,too_rare,,,
25751,0.0,,too_rare,,,
25752,0.0,,too_rare,,,
25753,0.0,,too_rare,,,
25754,0.0,,too_rare,,,
25755,0.0,,too_rare,,,
25756,8.402419896930316e-05,,too_rare,,,
25757,0.0,,too_rare,,,
25758,0.0,,too_rare,,,
25759,0.0,,too_rare,,,
25760,0.0,,too_rare,,,
25761,0.0,,too_rare,,,
25762,0.0,,too_rare,,,
25763,0.0,,too_rare,,,
25764,0.00014004033161550526,,too_rare,,,
25765,0.0,,too_rare,,,
25766,2.8008066323101054e-05,,too_rare,,,
25767,0.0,,too_rare,,,
25768,0.0,,too_rare,,,
25769,2.8008066323101054e-05,,too_rare,,,
25770,0.0,,too_rare,,,
25771,0.0,,too_rare,,,
25772,0.0,,too_rare,,,
25773,0.0,,too_rare,,,
25774,0.0,,too_rare,,,
25775,0.0,,too_rare,,,
25776,0.0,,too_rare,,,
25777,0.0,,too_rare,,,
25778,0.0,,too_rare,,,
25779,0.0,,too_rare,,,
25780,0.0,,too_rare,,,
25781,0.0,,too_rare,,,
25782,2.8008066323101054e-05,,too_rare,,,
25783,0.0,,too_rare,,,
25784,0.0,,too_rare,,,
25785,0.0,,too_rare,,,
25786,0.0,,too_rare,,,
25787,0.0,,too_rare,,,
25789,0.0,,too_rare,,,
25790,0.0,,too_rare,,,
25791,8.402419896930316e-05,,too_rare,,,
25792,0.0,,too_rare,,,
25793,0.0,,too_rare,,,
25794,0.0006441855254313242,,too_rare,,,
25795,0.0,,too_rare,,,
25796,0.0,,too_rare,,,
25798,0.0,,too_rare,,,
25799,0.0,,too_rare,,,
25800,0.0,,too_rare,,,
25801,0.0,,too_rare,,,
25802,0.0,,too_rare,,,
25803,0.0,,too_rare,,,
25804,0.0,,too_rare,,,
25805,2.8008066323101054e-05,,too_rare,,,
25806,0.0,,too_rare,,,
25807,0.00019605646426170737,,too_rare,,,
25808,0.0,,too_rare,,,
25809,2.8008066323101054e-05,,too_rare,,,
25810,0.0,,too_rare,,,
25811,0.0,,too_rare,,,
25812,0.0,,too_rare,,,
25813,0.0,,too_rare,,,
25814,0.0,,too_rare,,,
25815,0.0,,too_rare,,,
25816,0.0,,too_rare,,,
25817,2.8008066323101054e-05,,too_rare,,,
25818,0.000560161326462021,,too_rare,,,
25819,0.0,,too_rare,,,
25820,0.0,,too_rare,,,
25822,0.0,,too_rare,,,
25823,2.8008066323101054e-05,,too_rare,,,
25824,0.0,,too_rare,,,
25825,0.0,,too_rare,,,
25826,0.0,,too_rare,,,
25827,0.0,,too_rare,,,
25828,0.0,,too_rare,,,
25829,0.0,,too_rare,,,
25830,0.0,,too_rare,,,
25831,0.0,,too_rare,,,
25832,0.0,,too_rare,,,
25833,0.0,,too_rare,,,
25835,0.0,,too_rare,,,
25836,0.0,,too_rare,,,
25837,0.0006721935917544253,,too_rare,,,
25838,0.0,,too_rare,,,
25839,0.0,,too_rare,,,
25840,0.0,,too_rare,,,
25841,2.8008066323101054e-05,,too_rare,,,
25842,0.0,,too_rare,,,
25843,0.0,,too_rare,,,
25844,0.0,,too_rare,,,
25845,0.0,,too_rare,,,
25846,0.0,,too_rare,,,
25847,0.0,,too_rare,,,
25848,0.0,,too_rare,,,
25849,0.0,,too_rare,,,
25850,0.0,,too_rare,,,
25851,0.0,,too_rare,,,
25852,0.0,,too_rare,,,
25853,0.0,,too_rare,,,
25854,2.8008066323101054e-05,,too_rare,,,
25856,0.0,,too_rare,,,
25857,0.0,,too_rare,,,
25858,0.0,,too_rare,,,
25859,0.0,,too_rare,,,
25860,0.0002520725969079095,,too_rare,,,
25861,0.0,,too_rare,,,
25862,0.0,,too_rare,,,
25863,0.0,,too_rare,,,
25864,0.0,,too_rare,,,
25865,0.00036410486220031366,,too_rare,,,
25866,0.00011203226529240422,,too_rare,,,
25867,0.0,,too_rare,,,
25868,0.0,,too_rare,,,
25869,0.0,,too_rare,,,
25870,2.8008066323101054e-05,,too_rare,,,
25871,0.0,,too_rare,,,
25872,0.0,,too_rare,,,
25873,0.0,,too_rare,,,
25874,0.0,,too_rare,,,
25875,0.0,,too_rare,,,
25876,0.0,,too_rare,,,
25877,2.8008066323101054e-05,,too_rare,,,
25878,0.0,,too_rare,,,
25879,0.0,,too_rare,,,
25880,0.0,,too_rare,,,
25881,5.601613264620211e-05,,too_rare,,,
25882,0.0,,too_rare,,,
25883,0.0,,too_rare,,,
25885,0.0,,too_rare,,,
25886,0.0,,too_rare,,,
25887,8.402419896930316e-05,,too_rare,,,
25888,0.0,,too_rare,,,
25889,0.0,,too_rare,,,
25890,2.8008066323101054e-05,,too_rare,,,
25891,0.0,,too_rare,,,
25892,0.0,,too_rare,,,
25894,0.0,,too_rare,,,
25895,0.0,,too_rare,,,
25896,0.0,,too_rare,,,
25897,0.0,,too_rare,,,
25898,0.0,,too_rare,,,
25899,0.0,,too_rare,,,
25900,0.0,,too_rare,,,
25901,2.8008066323101054e-05,,too_rare,,,
25902,0.0,,too_rare,,,
25903,0.0,,too_rare,,,
25904,2.8008066323101054e-05,,too_rare,,,
25905,0.0,,too_rare,,,
25906,0.0,,too_rare,,,
25907,0.0,,too_rare,,,
25909,0.0,,too_rare,,,
25910,0.0,,too_rare,,,
25911,0.0,,too_rare,,,
25912,0.0,,too_rare,,,
25913,0.0,,too_rare,,,
25914,0.00014004033161550526,,too_rare,,,
25915,0.0,,too_rare,,,
25916,0.0,,too_rare,,,
25917,0.0,,too_rare,,,
25919,0.0,,too_rare,,,
25920,0.0,,too_rare,,,
25921,0.0008402419896930316,,too_rare,,,
25922,0.0009522742549854358,,too_rare,,,
25923,0.0,,too_rare,,,
25924,0.0,,too_rare,,,
25925,0.0,,too_rare,,,
25926,0.0,,too_rare,,,
25927,0.0,,too_rare,,,
25929,0.0,,too_rare,,,
25930,0.0,,too_rare,,,
25931,0.0,,too_rare,,,
25932,0.0,,too_rare,,,
25933,2.8008066323101054e-05,,too_rare,,,
25934,0.0,,too_rare,,,
25935,0.0,,too_rare,,,
25936,0.0,,too_rare,,,
25937,0.0,,too_rare,,,
25938,0.0,,too_rare,,,
25939,0.0,,too_rare,,,
25940,0.0,,too_rare,,,
25941,0.0,,too_rare,,,
25942,2.8008066323101054e-05,,too_rare,,,
25943,0.0,,too_rare,,,
25944,0.0,,too_rare,,,
25945,0.0,,too_rare,,,
25946,0.0,,too_rare,,,
25947,0.0,,too_rare,,,
25948,2.8008066323101054e-05,,too_rare,,,
25949,0.0,,too_rare,,,
25950,0.0,,too_rare,,,
25951,0.0,,too_rare,,,
25952,0.0003080887295541116,,too_rare,,,
25953,5.601613264620211e-05,,too_rare,,,
25954,0.0,,too_rare,,,
25955,0.0,,too_rare,,,
25956,0.0,,too_rare,,,
25957,0.0,,too_rare,,,
25958,0.0,,too_rare,,,
25959,0.0,,too_rare,,,
25960,2.8008066323101054e-05,,too_rare,,,
25961,0.0,,too_rare,,,
25962,0.0,,too_rare,,,
25963,0.0,,too_rare,,,
25964,0.0,,too_rare,,,
25965,0.0,,too_rare,,,
25966,0.0,,too_rare,,,
25967,2.8008066323101054e-05,,too_rare,,,
25968,0.0,,too_rare,,,
25969,0.0,,too_rare,,,
25970,0.0,,too_rare,,,
25971,2.8008066323101054e-05,,too_rare,,,
25972,0.0,,too_rare,,,
25973,0.0,,too_rare,,,
25974,8.402419896930316e-05,,too_rare,,,
25975,0.0,,too_rare,,,
25976,2.8008066323101054e-05,,too_rare,,,
25977,0.0,,too_rare,,,
25979,0.0,,too_rare,,,
25980,0.0,,too_rare,,,
25981,0.0,,too_rare,,,
25983,0.0,,too_rare,,,
25984,2.8008066323101054e-05,,too_rare,,,
25985,2.8008066323101054e-05,,too_rare,,,
25986,0.0,,too_rare,,,
25987,0.0,,too_rare,,,
25988,0.0,,too_rare,,,
25989,0.0,,too_rare,,,
25990,0.0,,too_rare,,,
25991,0.0,,too_rare,,,
25992,2.8008066323101054e-05,,too_rare,,,
25993,0.0,,too_rare,,,
25994,0.0,,too_rare,,,
25995,0.0,,too_rare,,,
25996,2.8008066323101054e-05,,too_rare,,,
25997,0.0,,too_rare,,,
25998,0.0,,too_rare,,,
25999,0.0,,too_rare,,,
26000,2.8008066323101054e-05,,too_rare,,,
26001,0.0,,too_rare,,,
26002,0.0,,too_rare,,,
26003,0.0,,too_rare,,,
26004,0.0,,too_rare,,,
26005,0.0,,too_rare,,,
26006,2.8008066323101054e-05,,too_rare,,,
26007,0.0,,too_rare,,,
26008,0.0,,too_rare,,,
26009,2.8008066323101054e-05,,too_rare,,,
26010,0.0,,too_rare,,,
26011,0.0,,too_rare,,,
26012,2.8008066323101054e-05,,too_rare,,,
26013,0.0,,too_rare,,,
26014,5.601613264620211e-05,,too_rare,,,
26015,0.0,,too_rare,,,
26016,0.0,,too_rare,,,
26017,2.8008066323101054e-05,,too_rare,,,
26018,0.0,,too_rare,,,
26019,0.0,,too_rare,,,
26020,0.003052879229218015,,too_rare,,,
26021,0.0,,too_rare,,,
26022,0.0,,too_rare,,,
26023,0.0004201209948465158,,too_rare,,,
26024,0.0006441855254313242,,too_rare,,,
26025,0.0,,too_rare,,,
26026,0.0,,too_rare,,,
26027,0.0,,too_rare,,,
26028,0.0,,too_rare,,,
26029,0.0,,too_rare,,,
26030,0.0,,too_rare,,,
26031,5.601613264620211e-05,,too_rare,,,
26032,0.0,,too_rare,,,
26033,2.8008066323101054e-05,,too_rare,,,
26034,0.005461572933004705,,too_rare,,,
26035,2.8008066323101054e-05,,too_rare,,,
26036,2.8008066323101054e-05,,too_rare,,,
26037,0.0,,too_rare,,,
26038,2.8008066323101054e-05,,too_rare,,,
26039,2.8008066323101054e-05,,too_rare,,,
26040,0.0,,too_rare,,,
26041,0.0,,too_rare,,,
26042,0.0,,too_rare,,,
26043,0.0,,too_rare,,,
26044,0.0018765404436477705,,too_rare,,,
26045,0.00014004033161550526,,too_rare,,,
26046,5.601613264620211e-05,,too_rare,,,
26047,0.0,,too_rare,,,
26048,0.0012043468518933454,,too_rare,,,
26049,0.0,,too_rare,,,
26050,0.0,,too_rare,,,
26051,0.0,,too_rare,,,
26052,0.0,,too_rare,,,
26054,2.8008066323101054e-05,,too_rare,,,
26055,0.0,,too_rare,,,
26056,0.0,,too_rare,,,
26057,0.0,,too_rare,,,
26058,2.8008066323101054e-05,,too_rare,,,
26059,2.8008066323101054e-05,,too_rare,,,
26060,2.8008066323101054e-05,,too_rare,,,
26061,0.0,,too_rare,,,
26062,0.0,,too_rare,,,
26063,0.0,,too_rare,,,
26064,0.0,,too_rare,,,
26065,0.0,,too_rare,,,
26066,2.8008066323101054e-05,,too_rare,,,
26068,0.0,,too_rare,,,
26069,2.8008066323101054e-05,,too_rare,,,
26070,5.601613264620211e-05,,too_rare,,,
26071,0.0,,too_rare,,,
26072,0.0,,too_rare,,,
26073,0.0057696616625588166,,too_rare,,,
26074,0.0,,too_rare,,,
26075,0.0,,too_rare,,,
26076,0.0,,too_rare,,,
26077,0.0,,too_rare,,,
26078,0.0,,too_rare,,,
26079,8.402419896930316e-05,,too_rare,,,
26080,2.8008066323101054e-05,,too_rare,,,
26081,2.8008066323101054e-05,,too_rare,,,
26082,2.8008066323101054e-05,,too_rare,,,
26083,0.0,,too_rare,,,
26084,5.601613264620211e-05,,too_rare,,,
26085,0.0,,too_rare,,,
26086,0.0,,too_rare,,,
26087,0.00039211292852341475,,too_rare,,,
26088,0.008654492493838225,,too_rare,,,
26090,0.0,,too_rare,,,
26091,2.8008066323101054e-05,,too_rare,,,
26092,0.0,,too_rare,,,
26093,0.0,,too_rare,,,
26094,0.0,,too_rare,,,
26095,0.0,,too_rare,,,
26096,0.0,,too_rare,,,
26097,0.0,,too_rare,,,
26098,0.0004761371274927179,,too_rare,,,
26099,0.0,,too_rare,,,
26100,0.0,,too_rare,,,
26101,0.0,,too_rare,,,
26102,0.0,,too_rare,,,
26103,2.8008066323101054e-05,,too_rare,,,
26104,0.0,,too_rare,,,
26105,0.0,,too_rare,,,
26106,0.0,,too_rare,,,
26107,0.0,,too_rare,,,
26108,2.8008066323101054e-05,,too_rare,,,
26109,0.0,,too_rare,,,
26110,2.8008066323101054e-05,,too_rare,,,
26111,2.8008066323101054e-05,,too_rare,,,
26112,0.0,,too_rare,,,
26113,0.0,,too_rare,,,
26114,0.0,,too_rare,,,
26115,0.0,,too_rare,,,
26116,0.0,,too_rare,,,
26117,5.601613264620211e-05,,too_rare,,,
26118,0.0,,too_rare,,,
26119,0.0,,too_rare,,,
26120,8.402419896930316e-05,,too_rare,,,
26121,0.0,,too_rare,,,
26122,0.0,,too_rare,,,
26123,8.402419896930316e-05,,too_rare,,,
26124,2.8008066323101054e-05,,too_rare,,,
26125,0.0,,too_rare,,,
26126,0.0,,too_rare,,,
26127,0.0,,too_rare,,,
26128,0.0,,too_rare,,,
26129,0.0,,too_rare,,,
26130,0.0,,too_rare,,,
26131,0.0,,too_rare,,,
26132,0.0,,too_rare,,,
26133,0.0,,too_rare,,,
26134,0.0,,too_rare,,,
26135,8.402419896930316e-05,,too_rare,,,
26136,0.0,,too_rare,,,
26137,0.0,,too_rare,,,
26138,0.0,,too_rare,,,
26139,0.0,,too_rare,,,
26140,0.0,,too_rare,,,
26141,0.0,,too_rare,,,
26142,2.8008066323101054e-05,,too_rare,,,
26143,0.0,,too_rare,,,
26144,0.0,,too_rare,,,
26145,2.8008066323101054e-05,,too_rare,,,
26146,0.0,,too_rare,,,
26147,0.0,,too_rare,,,
26149,0.0,,too_rare,,,
26150,0.0,,too_rare,,,
26151,0.0,,too_rare,,,
26152,0.0,,too_rare,,,
26153,0.0,,too_rare,,,
26154,0.0,,too_rare,,,
26155,2.8008066323101054e-05,,too_rare,,,
26156,0.0,,too_rare,,,
26160,0.0,,too_rare,,,
26161,0.0,,too_rare,,,
26162,0.0,,too_rare,,,
26163,0.0,,too_rare,,,
26164,0.0,,too_rare,,,
26165,8.402419896930316e-05,,too_rare,,,
26166,0.0,,too_rare,,,
26167,0.0,,too_rare,,,
26169,2.8008066323101054e-05,,too_rare,,,
26170,0.0,,too_rare,,,
26171,0.00033609679587721263,,too_rare,,,
26172,0.0,,too_rare,,,
26173,0.0,,too_rare,,,
26174,0.0,,too_rare,,,
26175,0.0,,too_rare,,,
26176,0.0,,too_rare,,,
26177,2.8008066323101054e-05,,too_rare,,,
26178,0.0,,too_rare,,,
26179,0.0,,too_rare,,,
26180,2.8008066323101054e-05,,too_rare,,,
26181,0.0,,too_rare,,,
26182,0.0,,too_rare,,,
26183,0.0,,too_rare,,,
26184,0.0,,too_rare,,,
26185,0.0,,too_rare,,,
26186,0.0,,too_rare,,,
26187,0.0,,too_rare,,,
26188,0.0,,too_rare,,,
26189,0.0,,too_rare,,,
26190,0.0,,too_rare,,,
26191,0.0,,too_rare,,,
26192,0.0,,too_rare,,,
26193,0.0,,too_rare,,,
26194,0.0,,too_rare,,,
26195,0.0,,too_rare,,,
26196,0.0,,too_rare,,,
26197,0.0,,too_rare,,,
26198,8.402419896930316e-05,,too_rare,,,
26199,0.0,,too_rare,,,
26200,2.8008066323101054e-05,,too_rare,,,
26201,0.0,,too_rare,,,
26202,0.0,,too_rare,,,
26203,0.0,,too_rare,,,
26204,2.8008066323101054e-05,,too_rare,,,
26205,0.0,,too_rare,,,
26206,0.0,,too_rare,,,
26207,2.8008066323101054e-05,,too_rare,,,
26208,0.0,,too_rare,,,
26209,0.0,,too_rare,,,
26210,0.0,,too_rare,,,
26211,0.0,,too_rare,,,
26212,0.0,,too_rare,,,
26213,0.0,,too_rare,,,
26214,0.0,,too_rare,,,
26215,0.0,,too_rare,,,
26216,0.0,,too_rare,,,
26217,0.0,,too_rare,,,
26218,0.0,,too_rare,,,
26219,0.0,,too_rare,,,
26220,0.0,,too_rare,,,
26221,0.0,,too_rare,,,
26222,0.0,,too_rare,,,
26223,0.0,,too_rare,,,
26224,0.0,,too_rare,,,
26225,0.0,,too_rare,,,
26226,0.0,,too_rare,,,
26227,0.0,,too_rare,,,
26228,0.0,,too_rare,,,
26229,0.0,,too_rare,,,
26230,2.8008066323101054e-05,,too_rare,,,
26231,0.0,,too_rare,,,
26232,0.0,,too_rare,,,
26233,0.0,,too_rare,,,
26234,0.0,,too_rare,,,
26235,0.0,,too_rare,,,
26236,0.0,,too_rare,,,
26237,5.601613264620211e-05,,too_rare,,,
26238,0.0,,too_rare,,,
26239,0.0,,too_rare,,,
26240,0.0,,too_rare,,,
26241,0.0,,too_rare,,,
26242,0.0,,too_rare,,,
26243,0.0,,too_rare,,,
26244,0.0,,too_rare,,,
26245,0.0,,too_rare,,,
26246,2.8008066323101054e-05,,too_rare,,,
26247,0.0,,too_rare,,,
26248,0.0,,too_rare,,,
26249,2.8008066323101054e-05,,too_rare,,,
26250,2.8008066323101054e-05,,too_rare,,,
26251,0.0,,too_rare,,,
26252,0.0,,too_rare,,,
26253,0.0,,too_rare,,,
26254,0.0,,too_rare,,,
26255,0.0,,too_rare,,,
26256,0.00014004033161550526,,too_rare,,,
26257,0.0,,too_rare,,,
26258,0.0,,too_rare,,,
26259,0.0,,too_rare,,,
26260,0.0,,too_rare,,,
26261,2.8008066323101054e-05,,too_rare,,,
26263,0.0,,too_rare,,,
26264,0.0,,too_rare,,,
26265,0.0,,too_rare,,,
26266,8.402419896930316e-05,,too_rare,,,
26267,0.0,,too_rare,,,
26268,0.0,,too_rare,,,
26269,2.8008066323101054e-05,,too_rare,,,
26270,0.0,,too_rare,,,
26271,0.0,,too_rare,,,
26272,0.0,,too_rare,,,
26273,0.0,,too_rare,,,
26274,0.0,,too_rare,,,
26275,0.0,,too_rare,,,
26276,0.0,,too_rare,,,
26277,2.8008066323101054e-05,,too_rare,,,
26278,0.0,,too_rare,,,
26280,0.0,,too_rare,,,
26281,2.8008066323101054e-05,,too_rare,,,
26282,0.007870266636791396,,too_rare,,,
26283,0.0,,too_rare,,,
26284,0.0,,too_rare,,,
26285,0.0,,too_rare,,,
26286,0.0,,too_rare,,,
26287,2.8008066323101054e-05,,too_rare,,,
26288,0.0,,too_rare,,,
26289,0.0,,too_rare,,,
26290,0.0,,too_rare,,,
26291,0.0,,too_rare,,,
26292,0.0,,too_rare,,,
26293,0.0,,too_rare,,,
26294,0.0,,too_rare,,,
26295,0.0,,too_rare,,,
26296,0.0,,too_rare,,,
26297,0.0,,too_rare,,,
26298,0.0,,too_rare,,,
26299,0.0,,too_rare,,,
26300,0.0,,too_rare,,,
26301,0.0,,too_rare,,,
26302,0.0,,too_rare,,,
26303,0.0,,too_rare,,,
26304,0.0,,too_rare,,,
26305,0.0,,too_rare,,,
26306,0.0,,too_rare,,,
26307,0.0,,too_rare,,,
26308,0.0,,too_rare,,,
26309,0.0,,too_rare,,,
26310,0.0,,too_rare,,,
26311,0.0,,too_rare,,,
26312,0.0,,too_rare,,,
26313,2.8008066323101054e-05,,too_rare,,,
26314,0.0,,too_rare,,,
26315,2.8008066323101054e-05,,too_rare,,,
26316,0.0,,too_rare,,,
26317,0.00014004033161550526,,too_rare,,,
26318,0.0,,too_rare,,,
26319,0.0,,too_rare,,,
26320,8.402419896930316e-05,,too_rare,,,
26321,0.0,,too_rare,,,
26322,0.00036410486220031366,,too_rare,,,
26323,0.0,,too_rare,,,
26324,0.0,,too_rare,,,
26325,0.0,,too_rare,,,
26326,0.0,,too_rare,,,
26327,2.8008066323101054e-05,,too_rare,,,
26328,0.0,,too_rare,,,
26329,2.8008066323101054e-05,,too_rare,,,
26330,0.0,,too_rare,,,
26331,2.8008066323101054e-05,,too_rare,,,
26332,0.0,,too_rare,,,
26333,0.0,,too_rare,,,
26334,0.0,,too_rare,,,
26335,2.8008066323101054e-05,,too_rare,,,
26336,0.0,,too_rare,,,
26338,0.0,,too_rare,,,
26339,5.601613264620211e-05,,too_rare,,,
26340,0.0,,too_rare,,,
26341,0.0,,too_rare,,,
26342,0.0,,too_rare,,,
26343,0.0,,too_rare,,,
26344,0.0,,too_rare,,,
26345,0.0,,too_rare,,,
26346,0.001148330719247143,,too_rare,,,
26347,0.0,,too_rare,,,
26348,0.0,,too_rare,,,
26349,0.0,,too_rare,,,
26350,0.0,,too_rare,,,
26351,0.0,,too_rare,,,
26352,0.0,,too_rare,,,
26353,0.0,,too_rare,,,
26354,2.8008066323101054e-05,,too_rare,,,
26355,0.0,,too_rare,,,
26356,0.0,,too_rare,,,
26357,0.0,,too_rare,,,
26358,0.0002800806632310105,,too_rare,,,
26359,0.0,,too_rare,,,
26360,0.0,,too_rare,,,
26361,0.0,,too_rare,,,
26362,0.0,,too_rare,,,
26363,0.0,,too_rare,,,
26364,2.8008066323101054e-05,,too_rare,,,
26365,0.0,,too_rare,,,
26366,2.8008066323101054e-05,,too_rare,,,
26367,0.0,,too_rare,,,
26368,0.0,,too_rare,,,
26369,0.0,,too_rare,,,
26370,0.0,,too_rare,,,
26371,0.0,,too_rare,,,
26373,0.0,,too_rare,,,
26374,0.0,,too_rare,,,
26375,2.8008066323101054e-05,,too_rare,,,
26376,0.0,,too_rare,,,
26378,0.0,,too_rare,,,
26379,0.0,,too_rare,,,
26380,0.0,,too_rare,,,
26381,0.0,,too_rare,,,
26382,0.0,,too_rare,,,
26384,0.00011203226529240422,,too_rare,,,
26385,0.0,,too_rare,,,
26386,0.0,,too_rare,,,
26389,0.0,,too_rare,,,
26390,0.0,,too_rare,,,
26391,0.0,,too_rare,,,
26392,2.8008066323101054e-05,,too_rare,,,
26393,0.0,,too_rare,,,
26396,0.0,,too_rare,,,
26397,8.402419896930316e-05,,too_rare,,,
26398,2.8008066323101054e-05,,too_rare,,,
26399,0.0,,too_rare,,,
26400,0.0005881693927851221,,too_rare,,,
26402,0.0,,too_rare,,,
26403,0.0,,too_rare,,,
26404,0.0,,too_rare,,,
26405,0.0,,too_rare,,,
26406,0.0,,too_rare,,,
26407,0.0,,too_rare,,,
26408,0.0,,too_rare,,,
26409,0.0,,too_rare,,,
26410,0.0,,too_rare,,,
26411,0.0,,too_rare,,,
26412,0.0,,too_rare,,,
26413,2.8008066323101054e-05,,too_rare,,,
26414,0.0,,too_rare,,,
26415,0.0,,too_rare,,,
26416,0.0,,too_rare,,,
26417,0.0,,too_rare,,,
26418,0.00016804839793860632,,too_rare,,,
26419,2.8008066323101054e-05,,too_rare,,,
26420,2.8008066323101054e-05,,too_rare,,,
26421,0.0,,too_rare,,,
26422,0.0,,too_rare,,,
26423,0.0,,too_rare,,,
26424,0.0,,too_rare,,,
26425,0.0,,too_rare,,,
26426,0.0,,too_rare,,,
26427,2.8008066323101054e-05,,too_rare,,,
26428,0.0,,too_rare,,,
26429,0.0,,too_rare,,,
26430,0.0,,too_rare,,,
26431,0.0,,too_rare,,,
26433,0.0,,too_rare,,,
26434,0.0,,too_rare,,,
26435,2.8008066323101054e-05,,too_rare,,,
26437,0.0,,too_rare,,,
26438,0.0,,too_rare,,,
26439,0.0,,too_rare,,,
26440,0.0,,too_rare,,,
26441,0.0003080887295541116,,too_rare,,,
26442,5.601613264620211e-05,,too_rare,,,
26443,0.0,,too_rare,,,
26444,0.0002800806632310105,,too_rare,,,
26445,0.0,,too_rare,,,
26447,0.0,,too_rare,,,
26448,0.0,,too_rare,,,
26450,0.0,,too_rare,,,
26451,0.0,,too_rare,,,
26452,0.0,,too_rare,,,
26453,0.0,,too_rare,,,
26454,0.00036410486220031366,,too_rare,,,
26455,0.0,,too_rare,,,
26456,0.0,,too_rare,,,
26457,0.0,,too_rare,,,
26458,0.0017084920457091641,,too_rare,,,
26459,0.0,,too_rare,,,
26460,0.0,,too_rare,,,
26461,0.0,,too_rare,,,
26462,0.0,,too_rare,,,
26463,0.0,,too_rare,,,
26464,0.0,,too_rare,,,
26465,0.0,,too_rare,,,
26467,0.0,,too_rare,,,
26468,0.0004201209948465158,,too_rare,,,
26469,0.0,,too_rare,,,
26470,0.0,,too_rare,,,
26471,0.0,,too_rare,,,
26472,0.0,,too_rare,,,
26473,0.0,,too_rare,,,
26474,0.0,,too_rare,,,
26475,0.0,,too_rare,,,
26476,0.0,,too_rare,,,
26477,0.0,,too_rare,,,
26478,0.0,,too_rare,,,
26479,0.0,,too_rare,,,
26480,0.0,,too_rare,,,
26481,0.0,,too_rare,,,
26482,8.402419896930316e-05,,too_rare,,,
26483,0.0,,too_rare,,,
26484,0.0,,too_rare,,,
26485,2.8008066323101054e-05,,too_rare,,,
26486,0.0,,too_rare,,,
26488,0.0,,too_rare,,,
26489,2.8008066323101054e-05,,too_rare,,,
26490,0.0,,too_rare,,,
26491,0.003697064754649339,,too_rare,,,
26492,0.0,,too_rare,,,
26493,8.402419896930316e-05,,too_rare,,,
26494,0.0,,too_rare,,,
26495,0.0,,too_rare,,,
26496,0.0,,too_rare,,,
26497,0.0,,too_rare,,,
26498,0.0,,too_rare,,,
26499,2.8008066323101054e-05,,too_rare,,,
26500,0.0,,too_rare,,,
26501,0.0,,too_rare,,,
26502,0.0,,too_rare,,,
26503,0.0,,too_rare,,,
26504,0.0,,too_rare,,,
26505,0.0,,too_rare,,,
26506,0.0,,too_rare,,,
26507,0.0,,too_rare,,,
26508,0.0,,too_rare,,,
26509,0.0,,too_rare,,,
26510,0.0,,too_rare,,,
26511,2.8008066323101054e-05,,too_rare,,,
26512,0.0,,too_rare,,,
26513,0.0,,too_rare,,,
26514,0.0,,too_rare,,,
26515,0.0,,too_rare,,,
26516,0.0,,too_rare,,,
26517,8.402419896930316e-05,,too_rare,,,
26518,2.8008066323101054e-05,,too_rare,,,
26520,0.0,,too_rare,,,
26521,2.8008066323101054e-05,,too_rare,,,
26522,0.0,,too_rare,,,
26523,8.402419896930316e-05,,too_rare,,,
26525,0.0,,too_rare,,,
26526,5.601613264620211e-05,,too_rare,,,
26527,0.0,,too_rare,,,
26528,0.0,,too_rare,,,
26529,0.0,,too_rare,,,
26530,0.0,,too_rare,,,
26532,0.0,,too_rare,,,
26533,0.0,,too_rare,,,
26534,0.0,,too_rare,,,
26535,0.0,,too_rare,,,
26536,0.0,,too_rare,,,
26537,0.0,,too_rare,,,
26538,0.0,,too_rare,,,
26539,0.0,,too_rare,,,
26540,0.0,,too_rare,,,
26541,2.8008066323101054e-05,,too_rare,,,
26542,2.8008066323101054e-05,,too_rare,,,
26543,0.0,,too_rare,,,
26544,0.0,,too_rare,,,
26545,0.0,,too_rare,,,
26546,0.0,,too_rare,,,
26547,0.0,,too_rare,,,
26548,0.0,,too_rare,,,
26549,0.0,,too_rare,,,
26550,0.0,,too_rare,,,
26551,0.0,,too_rare,,,
26552,0.0,,too_rare,,,
26553,0.0,,too_rare,,,
26554,0.0,,too_rare,,,
26555,0.0,,too_rare,,,
26556,0.0,,too_rare,,,
26557,0.0,,too_rare,,,
26558,2.8008066323101054e-05,,too_rare,,,
26559,0.0,,too_rare,,,
26560,0.0,,too_rare,,,
26561,0.0,,too_rare,,,
26562,5.601613264620211e-05,,too_rare,,,
26563,0.0,,too_rare,,,
26564,0.0,,too_rare,,,
26565,0.0,,too_rare,,,
26566,2.8008066323101054e-05,,too_rare,,,
26567,0.0,,too_rare,,,
26568,0.0,,too_rare,,,
26569,2.8008066323101054e-05,,too_rare,,,
26570,2.8008066323101054e-05,,too_rare,,,
26571,0.002576742101725297,,too_rare,,,
26572,0.0,,too_rare,,,
26573,8.402419896930316e-05,,too_rare,,,
26574,0.0,,too_rare,,,
26575,0.0,,too_rare,,,
26576,0.0,,too_rare,,,
26577,0.0,,too_rare,,,
26578,2.8008066323101054e-05,,too_rare,,,
26579,0.0,,too_rare,,,
26580,0.0,,too_rare,,,
26581,0.0,,too_rare,,,
26582,0.0,,too_rare,,,
26583,0.0,,too_rare,,,
26584,0.0,,too_rare,,,
26585,0.0,,too_rare,,,
26586,0.00011203226529240422,,too_rare,,,
26587,0.0,,too_rare,,,
26588,0.0,,too_rare,,,
26589,0.0,,too_rare,,,
26590,0.0,,too_rare,,,
26591,0.0,,too_rare,,,
26592,0.00039211292852341475,,too_rare,,,
26593,0.0,,too_rare,,,
26594,2.8008066323101054e-05,,too_rare,,,
26595,0.0,,too_rare,,,
26596,0.0,,too_rare,,,
26597,0.0,,too_rare,,,
26598,0.0008962581223392337,,too_rare,,,
26599,0.0,,too_rare,,,
26600,0.0,,too_rare,,,
26601,5.601613264620211e-05,,too_rare,,,
26602,0.0,,too_rare,,,
26603,0.0,,too_rare,,,
26604,8.402419896930316e-05,,too_rare,,,
26605,2.8008066323101054e-05,,too_rare,,,
26607,0.0,,too_rare,,,
26608,0.0,,too_rare,,,
26609,0.0,,too_rare,,,
26610,2.8008066323101054e-05,,too_rare,,,
26612,0.0,,too_rare,,,
26613,0.0004761371274927179,,too_rare,,,
26614,2.8008066323101054e-05,,too_rare,,,
26615,2.8008066323101054e-05,,too_rare,,,
26616,5.601613264620211e-05,,too_rare,,,
26617,0.0,,too_rare,,,
26618,2.8008066323101054e-05,,too_rare,,,
26619,0.0,,too_rare,,,
26620,0.0,,too_rare,,,
26621,0.0,,too_rare,,,
26622,0.0,,too_rare,,,
26623,0.0,,too_rare,,,
26624,0.0,,too_rare,,,
26626,0.0,,too_rare,,,
26627,0.0,,too_rare,,,
26628,0.0,,too_rare,,,
26629,0.0,,too_rare,,,
26630,0.0,,too_rare,,,
26631,0.0,,too_rare,,,
26632,0.0,,too_rare,,,
26633,5.601613264620211e-05,,too_rare,,,
26634,0.0,,too_rare,,,
26635,0.0,,too_rare,,,
26636,0.0,,too_rare,,,
26637,0.0,,too_rare,,,
26638,0.0,,too_rare,,,
26639,0.0,,too_rare,,,
26640,2.8008066323101054e-05,,too_rare,,,
26641,0.0,,too_rare,,,
26642,0.0,,too_rare,,,
26643,0.0,,too_rare,,,
26644,0.0014004033161550526,,too_rare,,,
26645,0.0,,too_rare,,,
26646,0.0,,too_rare,,,
26647,0.0,,too_rare,,,
26648,0.0,,too_rare,,,
26649,0.0,,too_rare,,,
26650,0.00044812906116961686,,too_rare,,,
26651,0.0,,too_rare,,,
26652,0.0,,too_rare,,,
26653,0.0,,too_rare,,,
26654,2.8008066323101054e-05,,too_rare,,,
26655,0.0,,too_rare,,,
26656,5.601613264620211e-05,,too_rare,,,
26657,0.0,,too_rare,,,
26658,0.0,,too_rare,,,
26659,0.0,,too_rare,,,
26660,0.0,,too_rare,,,
26661,0.0,,too_rare,,,
26662,2.8008066323101054e-05,,too_rare,,,
26663,0.0,,too_rare,,,
26664,0.0,,too_rare,,,
26665,5.601613264620211e-05,,too_rare,,,
26666,0.0,,too_rare,,,
26667,0.0,,too_rare,,,
26668,0.0,,too_rare,,,
26669,0.0,,too_rare,,,
26670,0.0,,too_rare,,,
26671,0.0,,too_rare,,,
26672,0.0,,too_rare,,,
26673,2.8008066323101054e-05,,too_rare,,,
26674,0.0,,too_rare,,,
26675,0.00610575845843603,,too_rare,,,
26676,0.0,,too_rare,,,
26677,0.0,,too_rare,,,
26678,0.0,,too_rare,,,
26679,8.402419896930316e-05,,too_rare,,,
26680,2.8008066323101054e-05,,too_rare,,,
26681,0.0,,too_rare,,,
26682,0.0,,too_rare,,,
26683,0.0,,too_rare,,,
26684,0.0,,too_rare,,,
26685,0.0,,too_rare,,,
26686,0.0,,too_rare,,,
26687,2.8008066323101054e-05,,too_rare,,,
26688,2.8008066323101054e-05,,too_rare,,,
26689,0.0,,too_rare,,,
26690,2.8008066323101054e-05,,too_rare,,,
26691,0.0,,too_rare,,,
26692,0.0,,too_rare,,,
26693,2.8008066323101054e-05,,too_rare,,,
26695,0.0,,too_rare,,,
26696,0.0069460004481290616,,too_rare,,,
26697,0.0,,too_rare,,,
26698,0.0,,too_rare,,,
26699,2.8008066323101054e-05,,too_rare,,,
26700,0.0,,too_rare,,,
26701,0.0,,too_rare,,,
26702,0.0,,too_rare,,,
26703,2.8008066323101054e-05,,too_rare,,,
26704,0.0,,too_rare,,,
26705,0.0,,too_rare,,,
26706,0.0,,too_rare,,,
26707,0.0,,too_rare,,,
26708,5.601613264620211e-05,,too_rare,,,
26709,0.0,,too_rare,,,
26710,0.0,,too_rare,,,
26711,0.0,,too_rare,,,
26712,0.0,,too_rare,,,
26713,0.0,,too_rare,,,
26714,0.0,,too_rare,,,
26715,0.0,,too_rare,,,
26716,2.8008066323101054e-05,,too_rare,,,
26717,8.402419896930316e-05,,too_rare,,,
26718,0.0,,too_rare,,,
26719,0.0,,too_rare,,,
26720,2.8008066323101054e-05,,too_rare,,,
26721,0.0,,too_rare,,,
26722,0.0,,too_rare,,,
26723,2.8008066323101054e-05,,too_rare,,,
26724,0.0,,too_rare,,,
26725,0.0,,too_rare,,,
26726,0.0,,too_rare,,,
26727,5.601613264620211e-05,,too_rare,,,
26728,2.8008066323101054e-05,,too_rare,,,
26730,0.0,,too_rare,,,
26731,0.00019605646426170737,,too_rare,,,
26732,0.0,,too_rare,,,
26733,2.8008066323101054e-05,,too_rare,,,
26734,0.0,,too_rare,,,
26735,2.8008066323101054e-05,,too_rare,,,
26736,0.0,,too_rare,,,
26737,0.00014004033161550526,,too_rare,,,
26738,0.0,,too_rare,,,
26739,0.0,,too_rare,,,
26740,2.8008066323101054e-05,,too_rare,,,
26741,2.8008066323101054e-05,,too_rare,,,
26742,0.0,,too_rare,,,
26743,0.0,,too_rare,,,
26744,0.0,,too_rare,,,
26745,0.0,,too_rare,,,
26746,0.0,,too_rare,,,
26747,2.8008066323101054e-05,,too_rare,,,
26748,0.0,,too_rare,,,
26749,2.8008066323101054e-05,,too_rare,,,
26750,0.0,,too_rare,,,
26751,2.8008066323101054e-05,,too_rare,,,
26752,2.8008066323101054e-05,,too_rare,,,
26753,0.0,,too_rare,,,
26754,0.0,,too_rare,,,
26755,2.8008066323101054e-05,,too_rare,,,
26756,0.0,,too_rare,,,
26758,0.0,,too_rare,,,
26759,0.0,,too_rare,,,
26760,0.0,,too_rare,,,
26761,2.8008066323101054e-05,,too_rare,,,
26762,0.0,,too_rare,,,
26763,0.0,,too_rare,,,
26764,0.0,,too_rare,,,
26765,0.006974008514452163,,too_rare,,,
26766,0.0,,too_rare,,,
26767,0.0,,too_rare,,,
26768,0.0,,too_rare,,,
26769,0.0,,too_rare,,,
26770,0.0,,too_rare,,,
26771,0.0,,too_rare,,,
26772,0.0,,too_rare,,,
26773,0.0,,too_rare,,,
26774,2.8008066323101054e-05,,too_rare,,,
26775,0.0,,too_rare,,,
26776,0.0,,too_rare,,,
26777,0.0,,too_rare,,,
26778,0.0,,too_rare,,,
26779,0.0,,too_rare,,,
26780,0.0,,too_rare,,,
26781,0.0,,too_rare,,,
26782,8.402419896930316e-05,,too_rare,,,
26783,2.8008066323101054e-05,,too_rare,,,
26784,0.0,,too_rare,,,
26785,0.0,,too_rare,,,
26786,0.0,,too_rare,,,
26787,0.0,,too_rare,,,
26788,0.0,,too_rare,,,
26789,0.0,,too_rare,,,
26790,5.601613264620211e-05,,too_rare,,,
26791,0.0,,too_rare,,,
26792,0.0,,too_rare,,,
26793,0.0,,too_rare,,,
26794,0.0,,too_rare,,,
26795,2.8008066323101054e-05,,too_rare,,,
26796,0.0,,too_rare,,,
26797,0.0,,too_rare,,,
26798,0.0,,too_rare,,,
26799,0.0,,too_rare,,,
26800,0.0,,too_rare,,,
26801,0.0,,too_rare,,,
26802,0.0,,too_rare,,,
26803,0.0,,too_rare,,,
26804,0.0,,too_rare,,,
26805,0.0,,too_rare,,,
26807,0.0,,too_rare,,,
26808,0.0,,too_rare,,,
26809,0.0,,too_rare,,,
26810,0.0,,too_rare,,,
26811,0.0,,too_rare,,,
26812,2.8008066323101054e-05,,too_rare,,,
26813,0.0005881693927851221,,too_rare,,,
26814,2.8008066323101054e-05,,too_rare,,,
26815,2.8008066323101054e-05,,too_rare,,,
26816,0.0,,too_rare,,,
26817,0.0,,too_rare,,,
26818,0.0,,too_rare,,,
26819,2.8008066323101054e-05,,too_rare,,,
26820,0.0,,too_rare,,,
26821,2.8008066323101054e-05,,too_rare,,,
26822,5.601613264620211e-05,,too_rare,,,
26824,0.0,,too_rare,,,
26825,0.0,,too_rare,,,
26826,0.0,,too_rare,,,
26827,0.0,,too_rare,,,
26828,0.0,,too_rare,,,
26829,0.0,,too_rare,,,
26830,0.0,,too_rare,,,
26831,8.402419896930316e-05,,too_rare,,,
26832,0.0,,too_rare,,,
26833,2.8008066323101054e-05,,too_rare,,,
26834,0.0,,too_rare,,,
26835,0.0,,too_rare,,,
26836,0.0,,too_rare,,,
26837,0.0,,too_rare,,,
26838,0.0,,too_rare,,,
26839,0.0,,too_rare,,,
26840,0.0,,too_rare,,,
26841,0.0,,too_rare,,,
26842,0.0,,too_rare,,,
26843,2.8008066323101054e-05,,too_rare,,,
26844,0.0,,too_rare,,,
26845,0.00016804839793860632,,too_rare,,,
26846,0.0,,too_rare,,,
26847,0.00014004033161550526,,too_rare,,,
26848,0.0,,too_rare,,,
26849,2.8008066323101054e-05,,too_rare,,,
26850,0.0,,too_rare,,,
26851,0.0,,too_rare,,,
26852,2.8008066323101054e-05,,too_rare,,,
26853,0.0,,too_rare,,,
26854,0.003697064754649339,,too_rare,,,
26855,2.8008066323101054e-05,,too_rare,,,
26856,0.0,,too_rare,,,
26857,0.0,,too_rare,,,
26858,0.0,,too_rare,,,
26859,2.8008066323101054e-05,,too_rare,,,
26860,0.0,,too_rare,,,
26861,0.0,,too_rare,,,
26862,2.8008066323101054e-05,,too_rare,,,
26863,2.8008066323101054e-05,,too_rare,,,
26864,0.0,,too_rare,,,
26865,0.0,,too_rare,,,
26866,0.0,,too_rare,,,
26867,0.0,,too_rare,,,
26868,0.0,,too_rare,,,
26869,0.0,,too_rare,,,
26870,0.0,,too_rare,,,
26871,0.00022406453058480843,,too_rare,,,
26872,5.601613264620211e-05,,too_rare,,,
26873,2.8008066323101054e-05,,too_rare,,,
26874,0.0,,too_rare,,,
26875,0.0,,too_rare,,,
26877,2.8008066323101054e-05,,too_rare,,,
26878,2.8008066323101054e-05,,too_rare,,,
26879,2.8008066323101054e-05,,too_rare,,,
26880,0.0,,too_rare,,,
26881,0.0,,too_rare,,,
26882,0.0,,too_rare,,,
26883,0.0,,too_rare,,,
26884,2.8008066323101054e-05,,too_rare,,,
26885,0.0,,too_rare,,,
26886,0.0,,too_rare,,,
26887,2.8008066323101054e-05,,too_rare,,,
26888,0.0,,too_rare,,,
26889,0.0,,too_rare,,,
26890,0.00022406453058480843,,too_rare,,,
26891,0.0,,too_rare,,,
26892,0.0,,too_rare,,,
26893,0.0017365001120322654,,too_rare,,,
26894,0.0,,too_rare,,,
26895,0.0,,too_rare,,,
26896,0.0,,too_rare,,,
26897,0.0,,too_rare,,,
26898,2.8008066323101054e-05,,too_rare,,,
26899,0.0,,too_rare,,,
26900,2.8008066323101054e-05,,too_rare,,,
26901,0.0,,too_rare,,,
26902,2.8008066323101054e-05,,too_rare,,,
26903,0.0,,too_rare,,,
26904,0.0,,too_rare,,,
26905,0.0,,too_rare,,,
26906,2.8008066323101054e-05,,too_rare,,,
26907,0.0012603629845395474,,too_rare,,,
26908,0.005433564866681604,,too_rare,,,
26909,0.0,,too_rare,,,
26910,0.0,,too_rare,,,
26911,5.601613264620211e-05,,too_rare,,,
26912,0.0,,too_rare,,,
26913,0.0,,too_rare,,,
26914,0.0,,too_rare,,,
26915,2.8008066323101054e-05,,too_rare,,,
26916,0.0,,too_rare,,,
26917,2.8008066323101054e-05,,too_rare,,,
26918,0.0,,too_rare,,,
26919,0.0,,too_rare,,,
26920,0.0,,too_rare,,,
26921,0.0,,too_rare,,,
26922,0.0,,too_rare,,,
26923,0.0,,too_rare,,,
26924,5.601613264620211e-05,,too_rare,,,
26925,0.0,,too_rare,,,
26926,5.601613264620211e-05,,too_rare,,,
26927,2.8008066323101054e-05,,too_rare,,,
26928,0.0,,too_rare,,,
26929,0.0,,too_rare,,,
26931,0.0,,too_rare,,,
26932,0.0,,too_rare,,,
26933,0.0,,too_rare,,,
26934,0.0,,too_rare,,,
26935,0.0,,too_rare,,,
26936,0.0,,too_rare,,,
26937,0.0,,too_rare,,,
26938,0.0,,too_rare,,,
26939,0.0,,too_rare,,,
26940,2.8008066323101054e-05,,too_rare,,,
26941,0.0019045485099708716,,too_rare,,,
26942,2.8008066323101054e-05,,too_rare,,,
26943,8.402419896930316e-05,,too_rare,,,
26944,0.0,,too_rare,,,
26945,0.0,,too_rare,,,
26946,0.0,,too_rare,,,
26947,0.0,,too_rare,,,
26948,0.0,,too_rare,,,
26949,0.0,,too_rare,,,
26950,2.8008066323101054e-05,,too_rare,,,
26951,0.0,,too_rare,,,
26952,2.8008066323101054e-05,,too_rare,,,
26953,0.0,,too_rare,,,
26954,2.8008066323101054e-05,,too_rare,,,
26955,0.0008122339233699305,,too_rare,,,
26956,2.8008066323101054e-05,,too_rare,,,
26957,2.8008066323101054e-05,,too_rare,,,
26958,0.0,,too_rare,,,
26959,0.0,,too_rare,,,
26960,0.0,,too_rare,,,
26961,0.0,,too_rare,,,
26962,0.0,,too_rare,,,
26963,2.8008066323101054e-05,,too_rare,,,
26964,0.0,,too_rare,,,
26965,0.0023526775711404883,,too_rare,,,
26966,0.0,,too_rare,,,
26967,2.8008066323101054e-05,,too_rare,,,
26968,0.0,,too_rare,,,
26969,0.0,,too_rare,,,
26970,0.0,,too_rare,,,
26971,0.0,,too_rare,,,
26972,0.0,,too_rare,,,
26973,0.0,,too_rare,,,
26974,2.8008066323101054e-05,,too_rare,,,
26975,2.8008066323101054e-05,,too_rare,,,
26976,0.0,,too_rare,,,
26977,0.0,,too_rare,,,
26978,0.0,,too_rare,,,
26979,0.0,,too_rare,,,
26980,0.00014004033161550526,,too_rare,,,
26981,0.0,,too_rare,,,
26982,0.0,,too_rare,,,
26983,0.0,,too_rare,,,
26984,2.8008066323101054e-05,,too_rare,,,
26985,0.0,,too_rare,,,
26986,0.0,,too_rare,,,
26987,0.0,,too_rare,,,
26988,0.0,,too_rare,,,
26990,0.0,,too_rare,,,
26991,0.0,,too_rare,,,
26992,0.0,,too_rare,,,
26993,5.601613264620211e-05,,too_rare,,,
26994,0.00039211292852341475,,too_rare,,,
26995,0.0,,too_rare,,,
26996,0.0,,too_rare,,,
26997,0.0,,too_rare,,,
26998,0.0,,too_rare,,,
26999,0.0,,too_rare,,,
27000,0.0,,too_rare,,,
27001,0.0,,too_rare,,,
27002,0.0,,too_rare,,,
27003,0.0,,too_rare,,,
27004,0.0002520725969079095,,too_rare,,,
27006,0.009466726417208155,,too_rare,,,
27007,0.0,,too_rare,,,
27008,0.0,,too_rare,,,
27009,0.0,,too_rare,,,
27010,0.00019605646426170737,,too_rare,,,
27011,0.0,,too_rare,,,
27012,0.0,,too_rare,,,
27013,0.0,,too_rare,,,
27014,0.0,,too_rare,,,
27015,0.0,,too_rare,,,
27016,0.0,,too_rare,,,
27017,0.0,,too_rare,,,
27019,5.601613264620211e-05,,too_rare,,,
27020,0.0,,too_rare,,,
27021,0.0,,too_rare,,,
27022,0.00022406453058480843,,too_rare,,,
27023,0.0,,too_rare,,,
27024,0.0,,too_rare,,,
27025,0.0,,too_rare,,,
27026,2.8008066323101054e-05,,too_rare,,,
27027,0.0,,too_rare,,,
27028,0.0,,too_rare,,,
27029,5.601613264620211e-05,,too_rare,,,
27030,0.0,,too_rare,,,
27031,2.8008066323101054e-05,,too_rare,,,
27032,2.8008066323101054e-05,,too_rare,,,
27033,0.0,,too_rare,,,
27034,2.8008066323101054e-05,,too_rare,,,
27035,0.0009242661886623348,,too_rare,,,
27036,0.0,,too_rare,,,
27037,0.0,,too_rare,,,
27038,0.0007002016580775263,,too_rare,,,
27039,0.0,,too_rare,,,
27040,0.0,,too_rare,,,
27041,0.0,,too_rare,,,
27042,0.0,,too_rare,,,
27043,0.0,,too_rare,,,
27044,5.601613264620211e-05,,too_rare,,,
27045,0.0,,too_rare,,,
27046,0.0,,too_rare,,,
27047,0.0,,too_rare,,,
27048,0.0,,too_rare,,,
27049,0.0,,too_rare,,,
27050,0.0,,too_rare,,,
27051,0.0,,too_rare,,,
27052,0.0,,too_rare,,,
27053,0.0,,too_rare,,,
27054,2.8008066323101054e-05,,too_rare,,,
27055,0.0,,too_rare,,,
27056,0.0,,too_rare,,,
27057,0.0,,too_rare,,,
27058,2.8008066323101054e-05,,too_rare,,,
27059,2.8008066323101054e-05,,too_rare,,,
27060,0.0006161774591082232,,too_rare,,,
27061,2.8008066323101054e-05,,too_rare,,,
27062,0.0,,too_rare,,,
27063,2.8008066323101054e-05,,too_rare,,,
27065,0.0,,too_rare,,,
27066,0.0,,too_rare,,,
27067,0.0,,too_rare,,,
27068,0.0,,too_rare,,,
27069,0.0,,too_rare,,,
27070,0.0,,too_rare,,,
27071,0.0,,too_rare,,,
27072,0.0,,too_rare,,,
27073,5.601613264620211e-05,,too_rare,,,
27074,0.0007002016580775263,,too_rare,,,
27075,0.0,,too_rare,,,
27076,0.0,,too_rare,,,
27077,0.0,,too_rare,,,
27078,0.0,,too_rare,,,
27079,0.0,,too_rare,,,
27080,0.0,,too_rare,,,
27082,0.0,,too_rare,,,
27083,0.0,,too_rare,,,
27084,0.0,,too_rare,,,
27087,2.8008066323101054e-05,,too_rare,,,
27088,0.0,,too_rare,,,
27089,0.0,,too_rare,,,
27090,0.0,,too_rare,,,
27091,0.0,,too_rare,,,
27092,0.0,,too_rare,,,
27093,5.601613264620211e-05,,too_rare,,,
27094,0.00014004033161550526,,too_rare,,,
27095,0.0,,too_rare,,,
27096,0.0,,too_rare,,,
27097,0.0,,too_rare,,,
27098,2.8008066323101054e-05,,too_rare,,,
27099,2.8008066323101054e-05,,too_rare,,,
27100,0.0,,too_rare,,,
27101,0.0,,too_rare,,,
27102,0.0,,too_rare,,,
27103,8.402419896930316e-05,,too_rare,,,
27104,0.0,,too_rare,,,
27106,0.0,,too_rare,,,
27107,0.0,,too_rare,,,
27108,0.0,,too_rare,,,
27109,0.0,,too_rare,,,
27110,2.8008066323101054e-05,,too_rare,,,
27111,0.0,,too_rare,,,
27112,0.0,,too_rare,,,
27113,0.0,,too_rare,,,
27114,0.0,,too_rare,,,
27115,0.0,,too_rare,,,
27116,2.8008066323101054e-05,,too_rare,,,
27117,0.0,,too_rare,,,
27118,2.8008066323101054e-05,,too_rare,,,
27119,0.0,,too_rare,,,
27120,0.0,,too_rare,,,
27121,0.0,,too_rare,,,
27122,0.0,,too_rare,,,
27123,0.0,,too_rare,,,
27124,0.0,,too_rare,,,
27125,0.0,,too_rare,,,
27126,0.0,,too_rare,,,
27127,0.0,,too_rare,,,
27128,0.0,,too_rare,,,
27129,0.0,,too_rare,,,
27130,0.0,,too_rare,,,
27131,0.0,,too_rare,,,
27132,0.0,,too_rare,,,
27133,5.601613264620211e-05,,too_rare,,,
27134,0.0,,too_rare,,,
27135,0.0,,too_rare,,,
27136,0.0,,too_rare,,,
27137,0.0,,too_rare,,,
27138,0.0,,too_rare,,,
27139,0.00014004033161550526,,too_rare,,,
27140,0.0,,too_rare,,,
27141,0.0,,too_rare,,,
27142,0.0,,too_rare,,,
27143,0.0,,too_rare,,,
27144,0.007506161774591082,,too_rare,,,
27145,0.0,,too_rare,,,
27146,0.0,,too_rare,,,
27147,0.0,,too_rare,,,
27148,0.0,,too_rare,,,
27149,2.8008066323101054e-05,,too_rare,,,
27150,0.0,,too_rare,,,
27151,0.0,,too_rare,,,
27152,0.0,,too_rare,,,
27153,0.0,,too_rare,,,
27154,2.8008066323101054e-05,,too_rare,,,
27155,0.0,,too_rare,,,
27156,2.8008066323101054e-05,,too_rare,,,
27157,0.0,,too_rare,,,
27158,0.0,,too_rare,,,
27159,0.0,,too_rare,,,
27160,0.0,,too_rare,,,
27161,2.8008066323101054e-05,,too_rare,,,
27162,0.0,,too_rare,,,
27163,0.0,,too_rare,,,
27164,0.0009522742549854358,,too_rare,,,
27165,0.0,,too_rare,,,
27166,0.0,,too_rare,,,
27167,0.0,,too_rare,,,
27168,0.0,,too_rare,,,
27169,5.601613264620211e-05,,too_rare,,,
27170,0.0,,too_rare,,,
27171,0.0,,too_rare,,,
27172,0.0,,too_rare,,,
27173,0.0,,too_rare,,,
27174,0.0,,too_rare,,,
27175,0.0,,too_rare,,,
27176,0.0,,too_rare,,,
27177,2.8008066323101054e-05,,too_rare,,,
27178,0.0,,too_rare,,,
27179,2.8008066323101054e-05,,too_rare,,,
27180,0.0,,too_rare,,,
27181,0.0,,too_rare,,,
27182,0.0,,too_rare,,,
27183,0.0,,too_rare,,,
27184,0.0,,too_rare,,,
27185,0.0,,too_rare,,,
27186,0.0,,too_rare,,,
27187,0.0,,too_rare,,,
27188,0.00011203226529240422,,too_rare,,,
27189,0.0,,too_rare,,,
27190,0.0,,too_rare,,,
27191,0.0,,too_rare,,,
27192,0.0,,too_rare,,,
27193,8.402419896930316e-05,,too_rare,,,
27194,0.0,,too_rare,,,
27195,0.0,,too_rare,,,
27196,0.0,,too_rare,,,
27197,0.0,,too_rare,,,
27198,0.0,,too_rare,,,
27199,5.601613264620211e-05,,too_rare,,,
27200,2.8008066323101054e-05,,too_rare,,,
27201,0.0,,too_rare,,,
27202,0.00022406453058480843,,too_rare,,,
27203,0.0,,too_rare,,,
27204,0.0,,too_rare,,,
27205,0.0,,too_rare,,,
27206,0.0,,too_rare,,,
27207,0.0,,too_rare,,,
27208,2.8008066323101054e-05,,too_rare,,,
27209,0.0,,too_rare,,,
27210,0.0,,too_rare,,,
27211,0.0,,too_rare,,,
27212,2.8008066323101054e-05,,too_rare,,,
27213,0.0,,too_rare,,,
27214,0.0,,too_rare,,,
27215,0.0,,too_rare,,,
27216,2.8008066323101054e-05,,too_rare,,,
27217,0.0,,too_rare,,,
27218,0.0,,too_rare,,,
27219,0.0,,too_rare,,,
27220,0.0,,too_rare,,,
27221,0.0,,too_rare,,,
27222,0.0,,too_rare,,,
27223,2.8008066323101054e-05,,too_rare,,,
27224,0.0,,too_rare,,,
27225,0.0,,too_rare,,,
27227,0.0,,too_rare,,,
27228,0.0,,too_rare,,,
27229,0.0007002016580775263,,too_rare,,,
27230,0.0,,too_rare,,,
27231,0.0,,too_rare,,,
27232,0.0,,too_rare,,,
27234,5.601613264620211e-05,,too_rare,,,
27235,2.8008066323101054e-05,,too_rare,,,
27236,0.0,,too_rare,,,
27237,0.00011203226529240422,,too_rare,,,
27238,0.0,,too_rare,,,
27239,2.8008066323101054e-05,,too_rare,,,
27240,0.0,,too_rare,,,
27241,0.0,,too_rare,,,
27242,0.0,,too_rare,,,
27243,0.0,,too_rare,,,
27244,5.601613264620211e-05,,too_rare,,,
27245,0.0,,too_rare,,,
27246,0.0,,too_rare,,,
27247,0.0,,too_rare,,,
27248,0.0,,too_rare,,,
27249,0.0,,too_rare,,,
27250,2.8008066323101054e-05,,too_rare,,,
27251,0.0,,too_rare,,,
27252,0.0,,too_rare,,,
27253,0.0009522742549854358,,too_rare,,,
27254,0.0,,too_rare,,,
27255,5.601613264620211e-05,,too_rare,,,
27256,0.0,,too_rare,,,
27257,0.0,,too_rare,,,
27258,0.0,,too_rare,,,
27259,0.0,,too_rare,,,
27260,0.0,,too_rare,,,
27261,0.0,,too_rare,,,
27262,0.0,,too_rare,,,
27263,0.0,,too_rare,,,
27264,0.0,,too_rare,,,
27265,5.601613264620211e-05,,too_rare,,,
27266,2.8008066323101054e-05,,too_rare,,,
27267,0.0,,too_rare,,,
27269,0.0,,too_rare,,,
27270,0.0,,too_rare,,,
27271,0.0,,too_rare,,,
27272,0.0,,too_rare,,,
27273,0.0,,too_rare,,,
27274,0.0,,too_rare,,,
27275,0.0,,too_rare,,,
27276,0.0,,too_rare,,,
27277,5.601613264620211e-05,,too_rare,,,
27278,0.0,,too_rare,,,
27279,0.0,,too_rare,,,
27280,0.0,,too_rare,,,
27281,0.0,,too_rare,,,
27282,2.8008066323101054e-05,,too_rare,,,
27283,0.0,,too_rare,,,
27284,2.8008066323101054e-05,,too_rare,,,
27285,0.0,,too_rare,,,
27286,0.0,,too_rare,,,
27287,0.0,,too_rare,,,
27288,5.601613264620211e-05,,too_rare,,,
27289,0.0,,too_rare,,,
27290,0.0,,too_rare,,,
27291,0.0,,too_rare,,,
27292,0.0002520725969079095,,too_rare,,,
27293,0.0,,too_rare,,,
27294,0.0007842258570468295,,too_rare,,,
27295,0.0,,too_rare,,,
27296,2.8008066323101054e-05,,too_rare,,,
27297,2.8008066323101054e-05,,too_rare,,,
27298,0.0,,too_rare,,,
27299,0.0,,too_rare,,,
27300,0.0,,too_rare,,,
27301,0.0,,too_rare,,,
27302,0.0,,too_rare,,,
27303,0.0,,too_rare,,,
27304,0.0,,too_rare,,,
27305,0.0,,too_rare,,,
27306,2.8008066323101054e-05,,too_rare,,,
27307,0.0,,too_rare,,,
27308,0.0,,too_rare,,,
27309,0.0,,too_rare,,,
27310,0.0,,too_rare,,,
27311,2.8008066323101054e-05,,too_rare,,,
27312,0.0,,too_rare,,,
27313,0.0,,too_rare,,,
27314,0.0,,too_rare,,,
27315,0.0,,too_rare,,,
27316,0.0,,too_rare,,,
27317,0.0,,too_rare,,,
27318,0.0,,too_rare,,,
27319,0.0,,too_rare,,,
27320,2.8008066323101054e-05,,too_rare,,,
27321,0.00022406453058480843,,too_rare,,,
27322,2.8008066323101054e-05,,too_rare,,,
27323,0.00011203226529240422,,too_rare,,,
27324,2.8008066323101054e-05,,too_rare,,,
27325,0.0,,too_rare,,,
27326,0.0,,too_rare,,,
27327,2.8008066323101054e-05,,too_rare,,,
27328,0.0,,too_rare,,,
27329,0.0,,too_rare,,,
27330,0.0,,too_rare,,,
27331,0.0,,too_rare,,,
27332,0.0,,too_rare,,,
27333,0.0,,too_rare,,,
27334,0.0,,too_rare,,,
27335,0.0,,too_rare,,,
27336,2.8008066323101054e-05,,too_rare,,,
27337,0.0,,too_rare,,,
27339,0.0,,too_rare,,,
27340,0.0,,too_rare,,,
27342,0.0,,too_rare,,,
27343,0.0,,too_rare,,,
27344,0.0,,too_rare,,,
27345,5.601613264620211e-05,,too_rare,,,
27346,0.00022406453058480843,,too_rare,,,
27347,0.002968855030248712,,too_rare,,,
27348,0.0,,too_rare,,,
27349,2.8008066323101054e-05,,too_rare,,,
27350,2.8008066323101054e-05,,too_rare,,,
27351,0.0,,too_rare,,,
27352,0.0,,too_rare,,,
27353,0.0,,too_rare,,,
27354,0.0,,too_rare,,,
27355,0.0,,too_rare,,,
27356,0.0,,too_rare,,,
27357,0.0,,too_rare,,,
27359,0.0,,too_rare,,,
27360,0.0,,too_rare,,,
27361,0.0,,too_rare,,,
27362,0.0,,too_rare,,,
27363,2.8008066323101054e-05,,too_rare,,,
27364,2.8008066323101054e-05,,too_rare,,,
27365,5.601613264620211e-05,,too_rare,,,
27366,0.0,,too_rare,,,
27367,0.0,,too_rare,,,
27368,0.00106430652027784,,too_rare,,,
27369,0.0,,too_rare,,,
27370,0.0,,too_rare,,,
27371,0.0,,too_rare,,,
27372,0.0002520725969079095,,too_rare,,,
27373,2.8008066323101054e-05,,too_rare,,,
27374,2.8008066323101054e-05,,too_rare,,,
27375,0.0,,too_rare,,,
27376,0.0,,too_rare,,,
27377,0.0,,too_rare,,,
27378,0.00014004033161550526,,too_rare,,,
27379,0.0,,too_rare,,,
27380,8.402419896930316e-05,,too_rare,,,
27381,0.0,,too_rare,,,
27382,0.0,,too_rare,,,
27383,0.0,,too_rare,,,
27384,0.0,,too_rare,,,
27385,5.601613264620211e-05,,too_rare,,,
27386,0.0,,too_rare,,,
27387,0.0,,too_rare,,,
27388,0.0,,too_rare,,,
27389,0.0,,too_rare,,,
27390,2.8008066323101054e-05,,too_rare,,,
27391,2.8008066323101054e-05,,too_rare,,,
27392,0.0,,too_rare,,,
27393,0.00022406453058480843,,too_rare,,,
27394,2.8008066323101054e-05,,too_rare,,,
27395,0.0,,too_rare,,,
27396,0.0,,too_rare,,,
27397,0.0,,too_rare,,,
27398,0.0,,too_rare,,,
27399,2.8008066323101054e-05,,too_rare,,,
27400,0.0,,too_rare,,,
27401,0.0,,too_rare,,,
27402,0.0,,too_rare,,,
27403,0.0,,too_rare,,,
27404,0.0,,too_rare,,,
27405,0.0,,too_rare,,,
27406,0.0,,too_rare,,,
27407,0.0007282097244006273,,too_rare,,,
27408,2.8008066323101054e-05,,too_rare,,,
27409,0.0,,too_rare,,,
27410,0.0,,too_rare,,,
27411,0.0,,too_rare,,,
27412,0.0,,too_rare,,,
27413,0.0,,too_rare,,,
27414,0.0,,too_rare,,,
27415,0.0,,too_rare,,,
27416,0.0,,too_rare,,,
27417,0.0,,too_rare,,,
27418,0.0,,too_rare,,,
27419,5.601613264620211e-05,,too_rare,,,
27421,0.0,,too_rare,,,
27422,0.0,,too_rare,,,
27423,0.0,,too_rare,,,
27424,0.0,,too_rare,,,
27425,0.0,,too_rare,,,
27426,0.0,,too_rare,,,
27427,5.601613264620211e-05,,too_rare,,,
27428,0.0,,too_rare,,,
27429,0.0,,too_rare,,,
27430,0.0,,too_rare,,,
27431,0.0,,too_rare,,,
27432,0.0,,too_rare,,,
27433,0.0,,too_rare,,,
27434,0.0,,too_rare,,,
27435,0.0,,too_rare,,,
27436,0.0,,too_rare,,,
27437,0.0,,too_rare,,,
27438,0.0,,too_rare,,,
27439,5.601613264620211e-05,,too_rare,,,
27440,0.0,,too_rare,,,
27441,2.8008066323101054e-05,,too_rare,,,
27442,0.0,,too_rare,,,
27443,0.0,,too_rare,,,
27444,0.0,,too_rare,,,
27445,2.8008066323101054e-05,,too_rare,,,
27446,0.0,,too_rare,,,
27447,0.0,,too_rare,,,
27448,0.0,,too_rare,,,
27449,2.8008066323101054e-05,,too_rare,,,
27450,0.0,,too_rare,,,
27451,0.0,,too_rare,,,
27452,2.8008066323101054e-05,,too_rare,,,
27453,5.601613264620211e-05,,too_rare,,,
27454,0.000504145193815819,,too_rare,,,
27455,0.0,,too_rare,,,
27456,0.0,,too_rare,,,
27457,0.0,,too_rare,,,
27458,0.0,,too_rare,,,
27459,2.8008066323101054e-05,,too_rare,,,
27460,0.0,,too_rare,,,
27461,0.0,,too_rare,,,
27462,2.8008066323101054e-05,,too_rare,,,
27463,2.8008066323101054e-05,,too_rare,,,
27464,0.0,,too_rare,,,
27465,0.0,,too_rare,,,
27466,0.0,,too_rare,,,
27467,2.8008066323101054e-05,,too_rare,,,
27469,0.0,,too_rare,,,
27470,2.8008066323101054e-05,,too_rare,,,
27471,0.0,,too_rare,,,
27472,0.0,,too_rare,,,
27473,0.0,,too_rare,,,
27474,0.0,,too_rare,,,
27475,0.0,,too_rare,,,
27476,0.0,,too_rare,,,
27477,0.0,,too_rare,,,
27478,0.0,,too_rare,,,
27479,0.0,,too_rare,,,
27480,0.0006441855254313242,,too_rare,,,
27481,0.0,,too_rare,,,
27482,5.601613264620211e-05,,too_rare,,,
27483,0.0,,too_rare,,,
27484,5.601613264620211e-05,,too_rare,,,
27485,0.0,,too_rare,,,
27486,0.0,,too_rare,,,
27487,0.0,,too_rare,,,
27488,0.0,,too_rare,,,
27489,0.0003080887295541116,,too_rare,,,
27490,2.8008066323101054e-05,,too_rare,,,
27491,0.0,,too_rare,,,
27492,0.0,,too_rare,,,
27493,0.0,,too_rare,,,
27494,0.0,,too_rare,,,
27495,0.0,,too_rare,,,
27496,0.0,,too_rare,,,
27497,0.0,,too_rare,,,
27498,0.0,,too_rare,,,
27499,0.0,,too_rare,,,
27500,0.0,,too_rare,,,
27501,0.0,,too_rare,,,
27502,0.0,,too_rare,,,
27503,0.0,,too_rare,,,
27504,2.8008066323101054e-05,,too_rare,,,
27505,0.0,,too_rare,,,
27506,2.8008066323101054e-05,,too_rare,,,
27507,0.0,,too_rare,,,
27508,0.0,,too_rare,,,
27509,0.0,,too_rare,,,
27510,0.0,,too_rare,,,
27511,0.0,,too_rare,,,
27512,0.0,,too_rare,,,
27513,5.601613264620211e-05,,too_rare,,,
27514,0.0,,too_rare,,,
27515,0.0,,too_rare,,,
27516,0.0,,too_rare,,,
27517,0.0,,too_rare,,,
27518,0.0,,too_rare,,,
27519,0.0,,too_rare,,,
27520,2.8008066323101054e-05,,too_rare,,,
27521,0.0,,too_rare,,,
27522,2.8008066323101054e-05,,too_rare,,,
27523,0.0,,too_rare,,,
27524,0.0,,too_rare,,,
27525,2.8008066323101054e-05,,too_rare,,,
27526,0.0,,too_rare,,,
27527,0.0,,too_rare,,,
27528,0.0,,too_rare,,,
27529,0.0,,too_rare,,,
27530,0.0,,too_rare,,,
27531,0.0,,too_rare,,,
27532,2.8008066323101054e-05,,too_rare,,,
27533,0.0,,too_rare,,,
27534,0.0,,too_rare,,,
27535,0.0,,too_rare,,,
27536,0.0,,too_rare,,,
27537,2.8008066323101054e-05,,too_rare,,,
27538,0.00014004033161550526,,too_rare,,,
27539,0.0,,too_rare,,,
27540,0.0,,too_rare,,,
27541,0.0,,too_rare,,,
27542,0.0,,too_rare,,,
27543,0.0,,too_rare,,,
27544,0.0,,too_rare,,,
27545,0.0,,too_rare,,,
27546,0.0,,too_rare,,,
27547,0.0,,too_rare,,,
27548,0.0,,too_rare,,,
27549,0.00016804839793860632,,too_rare,,,
27550,0.0,,too_rare,,,
27551,0.0,,too_rare,,,
27552,0.0,,too_rare,,,
27553,0.0,,too_rare,,,
27554,0.0,,too_rare,,,
27555,2.8008066323101054e-05,,too_rare,,,
27556,0.0,,too_rare,,,
27557,2.8008066323101054e-05,,too_rare,,,
27559,0.0,,too_rare,,,
27560,0.0,,too_rare,,,
27561,2.8008066323101054e-05,,too_rare,,,
27562,0.0,,too_rare,,,
27563,0.0,,too_rare,,,
27564,0.0,,too_rare,,,
27565,0.0,,too_rare,,,
27566,0.0,,too_rare,,,
27567,0.0,,too_rare,,,
27568,0.0,,too_rare,,,
27569,0.0,,too_rare,,,
27570,0.0,,too_rare,,,
27571,0.0,,too_rare,,,
27572,0.0,,too_rare,,,
27573,0.0,,too_rare,,,
27574,0.0,,too_rare,,,
27575,0.0,,too_rare,,,
27576,0.0,,too_rare,,,
27577,0.0,,too_rare,,,
27578,0.0,,too_rare,,,
27579,0.0,,too_rare,,,
27580,0.0,,too_rare,,,
27581,0.0,,too_rare,,,
27582,0.0,,too_rare,,,
27583,0.0,,too_rare,,,
27584,0.0,,too_rare,,,
27585,0.0,,too_rare,,,
27586,0.0,,too_rare,,,
27587,0.0,,too_rare,,,
27588,0.0,,too_rare,,,
27589,0.0,,too_rare,,,
27590,2.8008066323101054e-05,,too_rare,,,
27591,0.0,,too_rare,,,
27592,0.0,,too_rare,,,
27593,0.00044812906116961686,,too_rare,,,
27594,0.0,,too_rare,,,
27595,0.0,,too_rare,,,
27596,0.0,,too_rare,,,
27597,2.8008066323101054e-05,,too_rare,,,
27598,0.0,,too_rare,,,
27599,0.0,,too_rare,,,
27600,0.0,,too_rare,,,
27601,0.0,,too_rare,,,
27602,0.0,,too_rare,,,
27603,0.0,,too_rare,,,
27604,0.0,,too_rare,,,
27605,0.0,,too_rare,,,
27606,0.0,,too_rare,,,
27607,0.0,,too_rare,,,
27608,0.0,,too_rare,,,
27609,0.0,,too_rare,,,
27610,0.0,,too_rare,,,
27611,0.0,,too_rare,,,
27612,2.8008066323101054e-05,,too_rare,,,
27613,0.0,,too_rare,,,
27614,0.0,,too_rare,,,
27615,0.0,,too_rare,,,
27616,0.0,,too_rare,,,
27617,0.0,,too_rare,,,
27618,0.0,,too_rare,,,
27619,0.0,,too_rare,,,
27620,0.0,,too_rare,,,
27621,0.0,,too_rare,,,
27622,5.601613264620211e-05,,too_rare,,,
27623,5.601613264620211e-05,,too_rare,,,
27624,0.0,,too_rare,,,
27625,0.0,,too_rare,,,
27626,0.0,,too_rare,,,
27627,0.0,,too_rare,,,
27628,0.0,,too_rare,,,
27629,0.0,,too_rare,,,
27631,0.0,,too_rare,,,
27632,0.0,,too_rare,,,
27633,0.0,,too_rare,,,
27634,0.0,,too_rare,,,
27635,0.0,,too_rare,,,
27636,0.0,,too_rare,,,
27637,0.0,,too_rare,,,
27638,0.0,,too_rare,,,
27639,0.0,,too_rare,,,
27640,0.0,,too_rare,,,
27641,0.0,,too_rare,,,
27642,2.8008066323101054e-05,,too_rare,,,
27643,0.00014004033161550526,,too_rare,,,
27644,0.0007562177907237285,,too_rare,,,
27645,0.0,,too_rare,,,
27646,0.0004201209948465158,,too_rare,,,
27647,2.8008066323101054e-05,,too_rare,,,
27648,0.0,,too_rare,,,
27649,2.8008066323101054e-05,,too_rare,,,
27650,0.0,,too_rare,,,
27651,0.0,,too_rare,,,
27652,0.0,,too_rare,,,
27653,0.0,,too_rare,,,
27654,0.0,,too_rare,,,
27655,0.0,,too_rare,,,
27656,0.0,,too_rare,,,
27657,0.0,,too_rare,,,
27658,2.8008066323101054e-05,,too_rare,,,
27659,0.0,,too_rare,,,
27660,0.0,,too_rare,,,
27661,0.0,,too_rare,,,
27663,2.8008066323101054e-05,,too_rare,,,
27664,0.0,,too_rare,,,
27665,0.0,,too_rare,,,
27666,0.0,,too_rare,,,
27668,0.0002800806632310105,,too_rare,,,
27670,0.0,,too_rare,,,
27671,0.0,,too_rare,,,
27672,0.0,,too_rare,,,
27673,0.0,,too_rare,,,
27674,2.8008066323101054e-05,,too_rare,,,
27675,0.0012603629845395474,,too_rare,,,
27676,0.0,,too_rare,,,
27677,2.8008066323101054e-05,,too_rare,,,
27678,0.0,,too_rare,,,
27679,0.0,,too_rare,,,
27680,0.0,,too_rare,,,
27681,0.0,,too_rare,,,
27682,0.0,,too_rare,,,
27683,0.0,,too_rare,,,
27684,0.0,,too_rare,,,
27685,0.0,,too_rare,,,
27686,0.0,,too_rare,,,
27687,0.0,,too_rare,,,
27688,0.0,,too_rare,,,
27689,0.0,,too_rare,,,
27690,0.0,,too_rare,,,
27691,0.0,,too_rare,,,
27692,0.0,,too_rare,,,
27693,0.0,,too_rare,,,
27694,0.0,,too_rare,,,
27695,0.0,,too_rare,,,
27696,0.0,,too_rare,,,
27697,8.402419896930316e-05,,too_rare,,,
27698,8.402419896930316e-05,,too_rare,,,
27699,0.0,,too_rare,,,
27700,0.0,,too_rare,,,
27701,0.0,,too_rare,,,
27703,0.0,,too_rare,,,
27704,0.0,,too_rare,,,
27705,0.0,,too_rare,,,
27706,5.601613264620211e-05,,too_rare,,,
27707,0.0,,too_rare,,,
27708,0.0,,too_rare,,,
27709,0.0,,too_rare,,,
27710,0.0,,too_rare,,,
27711,0.0,,too_rare,,,
27712,0.0,,too_rare,,,
27713,5.601613264620211e-05,,too_rare,,,
27714,0.0,,too_rare,,,
27715,0.0,,too_rare,,,
27716,0.0,,too_rare,,,
27717,0.0,,too_rare,,,
27718,2.8008066323101054e-05,,too_rare,,,
27719,0.0,,too_rare,,,
27720,0.0,,too_rare,,,
27721,0.0014004033161550526,,too_rare,,,
27722,0.0,,too_rare,,,
27723,0.0,,too_rare,,,
27724,0.0,,too_rare,,,
27725,0.0,,too_rare,,,
27726,2.8008066323101054e-05,,too_rare,,,
27727,2.8008066323101054e-05,,too_rare,,,
27728,0.0,,too_rare,,,
27729,2.8008066323101054e-05,,too_rare,,,
27730,0.00011203226529240422,,too_rare,,,
27731,5.601613264620211e-05,,too_rare,,,
27732,0.0,,too_rare,,,
27733,0.0,,too_rare,,,
27734,0.0,,too_rare,,,
27735,0.0,,too_rare,,,
27736,0.0,,too_rare,,,
27737,0.0,,too_rare,,,
27739,0.0,,too_rare,,,
27740,0.0,,too_rare,,,
27741,0.0,,too_rare,,,
27742,0.0,,too_rare,,,
27743,0.0,,too_rare,,,
27744,0.0,,too_rare,,,
27745,0.0,,too_rare,,,
27746,0.0,,too_rare,,,
27747,0.0,,too_rare,,,
27748,2.8008066323101054e-05,,too_rare,,,
27749,0.0,,too_rare,,,
27750,0.0,,too_rare,,,
27751,5.601613264620211e-05,,too_rare,,,
27752,2.8008066323101054e-05,,too_rare,,,
27753,0.0,,too_rare,,,
27754,0.0,,too_rare,,,
27756,0.0,,too_rare,,,
27757,0.0,,too_rare,,,
27758,2.8008066323101054e-05,,too_rare,,,
27759,0.000504145193815819,,too_rare,,,
27763,0.0,,too_rare,,,
27764,0.0,,too_rare,,,
27765,0.0,,too_rare,,,
27766,0.0,,too_rare,,,
27767,0.0,,too_rare,,,
27768,0.0,,too_rare,,,
27769,8.402419896930316e-05,,too_rare,,,
27770,0.0,,too_rare,,,
27771,0.0,,too_rare,,,
27772,0.0,,too_rare,,,
27773,2.8008066323101054e-05,,too_rare,,,
27774,0.0,,too_rare,,,
27775,0.0,,too_rare,,,
27776,0.0,,too_rare,,,
27777,0.0,,too_rare,,,
27778,2.8008066323101054e-05,,too_rare,,,
27779,8.402419896930316e-05,,too_rare,,,
27780,0.0,,too_rare,,,
27781,0.0,,too_rare,,,
27782,0.0,,too_rare,,,
27783,0.0,,too_rare,,,
27784,0.0,,too_rare,,,
27786,0.0,,too_rare,,,
27787,0.0,,too_rare,,,
27788,0.0,,too_rare,,,
27789,0.0,,too_rare,,,
27790,0.000504145193815819,,too_rare,,,
27791,0.0,,too_rare,,,
27792,0.0,,too_rare,,,
27793,0.0,,too_rare,,,
27794,0.0,,too_rare,,,
27795,0.0,,too_rare,,,
27796,0.0,,too_rare,,,
27797,0.0,,too_rare,,,
27798,2.8008066323101054e-05,,too_rare,,,
27799,0.0,,too_rare,,,
27800,5.601613264620211e-05,,too_rare,,,
27801,2.8008066323101054e-05,,too_rare,,,
27802,8.402419896930316e-05,,too_rare,,,
27803,2.8008066323101054e-05,,too_rare,,,
27804,2.8008066323101054e-05,,too_rare,,,
27805,0.0,,too_rare,,,
27806,0.0,,too_rare,,,
27807,0.0,,too_rare,,,
27808,2.8008066323101054e-05,,too_rare,,,
27809,2.8008066323101054e-05,,too_rare,,,
27810,0.0,,too_rare,,,
27811,0.00044812906116961686,,too_rare,,,
27812,0.0,,too_rare,,,
27813,0.0,,too_rare,,,
27814,0.0,,too_rare,,,
27816,0.0,,too_rare,,,
27817,5.601613264620211e-05,,too_rare,,,
27818,2.8008066323101054e-05,,too_rare,,,
27819,2.8008066323101054e-05,,too_rare,,,
27820,0.0,,too_rare,,,
27821,0.0,,too_rare,,,
27822,0.0,,too_rare,,,
27823,5.601613264620211e-05,,too_rare,,,
27824,0.0004201209948465158,,too_rare,,,
27825,2.8008066323101054e-05,,too_rare,,,
27826,0.0,,too_rare,,,
27827,0.0,,too_rare,,,
27828,0.0,,too_rare,,,
27829,0.0,,too_rare,,,
27830,0.0,,too_rare,,,
27831,0.0,,too_rare,,,
27833,0.0,,too_rare,,,
27834,0.0,,too_rare,,,
27835,0.0,,too_rare,,,
27836,0.0,,too_rare,,,
27837,0.0,,too_rare,,,
27838,0.0,,too_rare,,,
27839,0.0,,too_rare,,,
27840,0.0,,too_rare,,,
27841,0.0,,too_rare,,,
27842,2.8008066323101054e-05,,too_rare,,,
27843,0.0,,too_rare,,,
27844,0.0,,too_rare,,,
27845,0.0,,too_rare,,,
27846,2.8008066323101054e-05,,too_rare,,,
27847,0.0,,too_rare,,,
27848,0.0,,too_rare,,,
27849,2.8008066323101054e-05,,too_rare,,,
27850,0.001652475913062962,,too_rare,,,
27853,0.0,,too_rare,,,
27854,0.0,,too_rare,,,
27855,2.8008066323101054e-05,,too_rare,,,
27856,0.0,,too_rare,,,
27857,0.0,,too_rare,,,
27858,0.0,,too_rare,,,
27859,0.0,,too_rare,,,
27860,0.0,,too_rare,,,
27861,0.0,,too_rare,,,
27862,0.0,,too_rare,,,
27863,0.0,,too_rare,,,
27864,2.8008066323101054e-05,,too_rare,,,
27865,0.0,,too_rare,,,
27866,0.0,,too_rare,,,
27867,2.8008066323101054e-05,,too_rare,,,
27868,0.0,,too_rare,,,
27869,0.0,,too_rare,,,
27870,2.8008066323101054e-05,,too_rare,,,
27871,2.8008066323101054e-05,,too_rare,,,
27872,0.0,,too_rare,,,
27873,0.0,,too_rare,,,
27874,2.8008066323101054e-05,,too_rare,,,
27875,0.0,,too_rare,,,
27876,0.0,,too_rare,,,
27877,0.0,,too_rare,,,
27878,0.0,,too_rare,,,
27879,0.0,,too_rare,,,
27880,0.0,,too_rare,,,
27881,0.0,,too_rare,,,
27882,0.0,,too_rare,,,
27883,0.002744790499663903,,too_rare,,,
27884,5.601613264620211e-05,,too_rare,,,
27885,2.8008066323101054e-05,,too_rare,,,
27886,0.0,,too_rare,,,
27887,2.8008066323101054e-05,,too_rare,,,
27888,0.00014004033161550526,,too_rare,,,
27889,0.0,,too_rare,,,
27890,0.0,,too_rare,,,
27891,0.0,,too_rare,,,
27892,0.00033609679587721263,,too_rare,,,
27893,0.0,,too_rare,,,
27894,0.0,,too_rare,,,
27895,2.8008066323101054e-05,,too_rare,,,
27896,2.8008066323101054e-05,,too_rare,,,
27897,0.0,,too_rare,,,
27898,0.0,,too_rare,,,
27899,0.0,,too_rare,,,
27900,5.601613264620211e-05,,too_rare,,,
27901,0.0,,too_rare,,,
27902,0.0,,too_rare,,,
27904,0.0,,too_rare,,,
27905,0.0,,too_rare,,,
27906,0.0,,too_rare,,,
27907,0.0,,too_rare,,,
27908,0.0,,too_rare,,,
27909,0.0,,too_rare,,,
27911,0.0,,too_rare,,,
27912,0.0,,too_rare,,,
27913,5.601613264620211e-05,,too_rare,,,
27914,0.00022406453058480843,,too_rare,,,
27915,0.0,,too_rare,,,
27916,0.0,,too_rare,,,
27917,0.0,,too_rare,,,
27918,0.0,,too_rare,,,
27919,2.8008066323101054e-05,,too_rare,,,
27920,0.0,,too_rare,,,
27921,2.8008066323101054e-05,,too_rare,,,
27922,0.0,,too_rare,,,
27923,2.8008066323101054e-05,,too_rare,,,
27924,0.0,,too_rare,,,
27925,0.0,,too_rare,,,
27926,0.0,,too_rare,,,
27927,0.0,,too_rare,,,
27928,2.8008066323101054e-05,,too_rare,,,
27929,0.0,,too_rare,,,
27930,0.0,,too_rare,,,
27931,0.0,,too_rare,,,
27932,0.0,,too_rare,,,
27933,0.0,,too_rare,,,
27934,0.0,,too_rare,,,
27935,0.0,,too_rare,,,
27936,0.0,,too_rare,,,
27937,0.0,,too_rare,,,
27938,0.0,,too_rare,,,
27939,0.0,,too_rare,,,
27940,2.8008066323101054e-05,,too_rare,,,
27941,0.0,,too_rare,,,
27942,0.0,,too_rare,,,
27943,0.0,,too_rare,,,
27944,0.0,,too_rare,,,
27945,2.8008066323101054e-05,,too_rare,,,
27946,0.0,,too_rare,,,
27947,2.8008066323101054e-05,,too_rare,,,
27948,8.402419896930316e-05,,too_rare,,,
27949,0.0,,too_rare,,,
27950,0.0,,too_rare,,,
27951,2.8008066323101054e-05,,too_rare,,,
27952,2.8008066323101054e-05,,too_rare,,,
27953,0.0,,too_rare,,,
27954,5.601613264620211e-05,,too_rare,,,
27955,2.8008066323101054e-05,,too_rare,,,
27956,0.0,,too_rare,,,
27957,0.0,,too_rare,,,
27958,0.0,,too_rare,,,
27959,0.0,,too_rare,,,
27960,2.8008066323101054e-05,,too_rare,,,
27961,0.0017925162446784674,,too_rare,,,
27962,0.0,,too_rare,,,
27963,0.0,,too_rare,,,
27964,5.601613264620211e-05,,too_rare,,,
27965,0.0,,too_rare,,,
27966,0.0,,too_rare,,,
27967,0.0,,too_rare,,,
27968,0.0,,too_rare,,,
27969,0.002520725969079095,,too_rare,,,
27970,8.402419896930316e-05,,too_rare,,,
27971,0.0,,too_rare,,,
27972,2.8008066323101054e-05,,too_rare,,,
27973,0.0,,too_rare,,,
27974,0.0,,too_rare,,,
27975,0.0,,too_rare,,,
27976,0.0,,too_rare,,,
27977,0.0,,too_rare,,,
27978,0.0,,too_rare,,,
27979,5.601613264620211e-05,,too_rare,,,
27980,0.0,,too_rare,,,
27981,2.8008066323101054e-05,,too_rare,,,
27982,0.0,,too_rare,,,
27983,0.0,,too_rare,,,
27984,0.0,,too_rare,,,
27985,0.0,,too_rare,,,
27986,0.0,,too_rare,,,
27987,2.8008066323101054e-05,,too_rare,,,
27988,0.0,,too_rare,,,
27989,0.0,,too_rare,,,
27990,0.0,,too_rare,,,
27991,0.00044812906116961686,,too_rare,,,
27992,0.0,,too_rare,,,
27993,0.0,,too_rare,,,
27994,5.601613264620211e-05,,too_rare,,,
27995,0.0,,too_rare,,,
27996,0.0,,too_rare,,,
27997,0.0,,too_rare,,,
27998,0.0,,too_rare,,,
27999,0.00022406453058480843,,too_rare,,,
28000,0.0,,too_rare,,,
28001,0.0,,too_rare,,,
28002,0.001568451714093659,,too_rare,,,
28003,0.0,,too_rare,,,
28004,0.0,,too_rare,,,
28005,2.8008066323101054e-05,,too_rare,,,
28006,0.0,,too_rare,,,
28007,0.0,,too_rare,,,
28008,0.0,,too_rare,,,
28009,0.0,,too_rare,,,
28010,2.8008066323101054e-05,,too_rare,,,
28011,0.0,,too_rare,,,
28012,0.0,,too_rare,,,
28013,0.00011203226529240422,,too_rare,,,
28014,0.0,,too_rare,,,
28015,2.8008066323101054e-05,,too_rare,,,
28016,0.0,,too_rare,,,
28017,0.0,,too_rare,,,
28018,0.0,,too_rare,,,
28019,0.0,,too_rare,,,
28020,0.0,,too_rare,,,
28021,0.0,,too_rare,,,
28022,2.8008066323101054e-05,,too_rare,,,
28023,0.0,,too_rare,,,
28024,0.0,,too_rare,,,
28025,0.0,,too_rare,,,
28027,2.8008066323101054e-05,,too_rare,,,
28028,0.0,,too_rare,,,
28029,0.0,,too_rare,,,
28030,0.0,,too_rare,,,
28031,0.0,,too_rare,,,
28032,0.0,,too_rare,,,
28033,0.00011203226529240422,,too_rare,,,
28034,0.0,,too_rare,,,
28035,0.0,,too_rare,,,
28036,2.8008066323101054e-05,,too_rare,,,
28037,0.0,,too_rare,,,
28038,2.8008066323101054e-05,,too_rare,,,
28039,2.8008066323101054e-05,,too_rare,,,
28040,0.0,,too_rare,,,
28041,0.0,,too_rare,,,
28042,0.0,,too_rare,,,
28043,0.0,,too_rare,,,
28044,0.0,,too_rare,,,
28045,0.0,,too_rare,,,
28046,0.0,,too_rare,,,
28047,0.0,,too_rare,,,
28048,0.0,,too_rare,,,
28049,0.0,,too_rare,,,
28050,5.601613264620211e-05,,too_rare,,,
28051,0.0,,too_rare,,,
28052,0.0,,too_rare,,,
28053,0.0,,too_rare,,,
28054,0.000560161326462021,,too_rare,,,
28055,0.0,,too_rare,,,
28056,0.0,,too_rare,,,
28057,0.0,,too_rare,,,
28058,0.0,,too_rare,,,
28059,0.0,,too_rare,,,
28060,0.0,,too_rare,,,
28061,5.601613264620211e-05,,too_rare,,,
28062,0.0,,too_rare,,,
28063,0.0,,too_rare,,,
28064,0.0,,too_rare,,,
28065,0.0,,too_rare,,,
28066,0.0,,too_rare,,,
28067,0.00014004033161550526,,too_rare,,,
28068,0.0,,too_rare,,,
28069,0.0,,too_rare,,,
28070,0.0,,too_rare,,,
28071,0.0006721935917544253,,too_rare,,,
28072,0.0,,too_rare,,,
28073,0.0,,too_rare,,,
28074,0.0,,too_rare,,,
28075,2.8008066323101054e-05,,too_rare,,,
28076,2.8008066323101054e-05,,too_rare,,,
28077,0.0,,too_rare,,,
28078,0.0,,too_rare,,,
28079,0.0,,too_rare,,,
28080,0.0,,too_rare,,,
28081,0.0,,too_rare,,,
28082,0.0,,too_rare,,,
28083,0.0,,too_rare,,,
28084,0.0,,too_rare,,,
28085,0.0,,too_rare,,,
28086,0.0,,too_rare,,,
28087,0.0,,too_rare,,,
28088,0.0,,too_rare,,,
28089,0.0,,too_rare,,,
28090,0.00044812906116961686,,too_rare,,,
28091,2.8008066323101054e-05,,too_rare,,,
28092,0.0,,too_rare,,,
28093,2.8008066323101054e-05,,too_rare,,,
28094,0.0,,too_rare,,,
28095,8.402419896930316e-05,,too_rare,,,
28096,0.0,,too_rare,,,
28097,0.0,,too_rare,,,
28099,0.0,,too_rare,,,
28100,0.0,,too_rare,,,
28101,0.00036410486220031366,,too_rare,,,
28102,0.0,,too_rare,,,
28103,0.0,,too_rare,,,
28105,0.0,,too_rare,,,
28106,0.0,,too_rare,,,
28107,0.0,,too_rare,,,
28108,0.0,,too_rare,,,
28109,0.0007282097244006273,,too_rare,,,
28110,0.0,,too_rare,,,
28111,0.0,,too_rare,,,
28112,0.0,,too_rare,,,
28113,0.0,,too_rare,,,
28114,0.0,,too_rare,,,
28115,0.0,,too_rare,,,
28116,0.0,,too_rare,,,
28117,8.402419896930316e-05,,too_rare,,,
28118,2.8008066323101054e-05,,too_rare,,,
28119,0.0,,too_rare,,,
28120,0.0,,too_rare,,,
28121,0.0,,too_rare,,,
28122,0.0034449921577414297,,too_rare,,,
28123,0.0,,too_rare,,,
28124,0.0,,too_rare,,,
28125,0.0,,too_rare,,,
28126,0.0,,too_rare,,,
28127,0.0,,too_rare,,,
28128,0.0,,too_rare,,,
28129,0.0,,too_rare,,,
28130,0.0,,too_rare,,,
28131,0.0002520725969079095,,too_rare,,,
28132,0.0,,too_rare,,,
28133,2.8008066323101054e-05,,too_rare,,,
28134,0.0,,too_rare,,,
28135,0.0,,too_rare,,,
28136,0.0,,too_rare,,,
28137,0.0,,too_rare,,,
28138,0.0,,too_rare,,,
28139,0.0,,too_rare,,,
28140,0.0,,too_rare,,,
28141,0.0,,too_rare,,,
28142,0.0,,too_rare,,,
28143,0.0,,too_rare,,,
28144,5.601613264620211e-05,,too_rare,,,
28145,2.8008066323101054e-05,,too_rare,,,
28146,0.0,,too_rare,,,
28147,2.8008066323101054e-05,,too_rare,,,
28148,0.0,,too_rare,,,
28149,0.0,,too_rare,,,
28150,0.0,,too_rare,,,
28151,0.0,,too_rare,,,
28152,0.0,,too_rare,,,
28153,8.402419896930316e-05,,too_rare,,,
28154,0.0,,too_rare,,,
28155,0.0,,too_rare,,,
28156,2.8008066323101054e-05,,too_rare,,,
28157,2.8008066323101054e-05,,too_rare,,,
28158,2.8008066323101054e-05,,too_rare,,,
28159,8.402419896930316e-05,,too_rare,,,
28160,0.0,,too_rare,,,
28161,0.0,,too_rare,,,
28162,0.0,,too_rare,,,
28163,0.0,,too_rare,,,
28164,0.0,,too_rare,,,
28165,0.0,,too_rare,,,
28166,2.8008066323101054e-05,,too_rare,,,
28167,0.0,,too_rare,,,
28169,0.0,,too_rare,,,
28170,0.0,,too_rare,,,
28171,0.0,,too_rare,,,
28172,0.0,,too_rare,,,
28173,0.0,,too_rare,,,
28174,0.0,,too_rare,,,
28176,0.0,,too_rare,,,
28177,0.0,,too_rare,,,
28178,0.0,,too_rare,,,
28179,0.0,,too_rare,,,
28180,0.0,,too_rare,,,
28182,0.0,,too_rare,,,
28183,0.0,,too_rare,,,
28184,0.0,,too_rare,,,
28185,5.601613264620211e-05,,too_rare,,,
28186,0.0,,too_rare,,,
28187,0.0,,too_rare,,,
28188,0.0,,too_rare,,,
28189,0.0,,too_rare,,,
28190,0.0,,too_rare,,,
28191,0.0,,too_rare,,,
28192,0.0,,too_rare,,,
28193,0.0,,too_rare,,,
28194,0.0,,too_rare,,,
28195,0.0,,too_rare,,,
28196,0.0,,too_rare,,,
28197,0.00016804839793860632,,too_rare,,,
28198,0.0,,too_rare,,,
28199,0.0,,too_rare,,,
28200,0.0008682500560161327,,too_rare,,,
28201,0.00011203226529240422,,too_rare,,,
28202,0.0,,too_rare,,,
28203,8.402419896930316e-05,,too_rare,,,
28205,0.00039211292852341475,,too_rare,,,
28206,0.0,,too_rare,,,
28207,0.0,,too_rare,,,
28208,0.0,,too_rare,,,
28209,0.0,,too_rare,,,
28210,0.0,,too_rare,,,
28211,0.0,,too_rare,,,
28212,0.0,,too_rare,,,
28213,0.0,,too_rare,,,
28214,0.0,,too_rare,,,
28215,0.0,,too_rare,,,
28216,2.8008066323101054e-05,,too_rare,,,
28218,0.0,,too_rare,,,
28219,2.8008066323101054e-05,,too_rare,,,
28220,0.0,,too_rare,,,
28221,0.0009522742549854358,,too_rare,,,
28222,0.0,,too_rare,,,
28223,0.0,,too_rare,,,
28224,0.0,,too_rare,,,
28225,0.0013723952498319516,,too_rare,,,
28226,0.0,,too_rare,,,
28227,5.601613264620211e-05,,too_rare,,,
28228,0.0,,too_rare,,,
28229,0.0,,too_rare,,,
28230,0.0008962581223392337,,too_rare,,,
28231,0.0,,too_rare,,,
28232,0.0,,too_rare,,,
28233,0.0,,too_rare,,,
28234,0.0,,too_rare,,,
28235,0.0,,too_rare,,,
28236,2.8008066323101054e-05,,too_rare,,,
28237,0.0,,too_rare,,,
28238,0.0,,too_rare,,,
28239,0.0,,too_rare,,,
28241,0.0,,too_rare,,,
28242,2.8008066323101054e-05,,too_rare,,,
28243,0.0,,too_rare,,,
28244,0.0,,too_rare,,,
28245,0.0,,too_rare,,,
28246,0.0,,too_rare,,,
28247,0.0,,too_rare,,,
28248,0.0,,too_rare,,,
28249,0.0,,too_rare,,,
28250,0.0,,too_rare,,,
28251,0.001512435581447457,,too_rare,,,
28252,0.00011203226529240422,,too_rare,,,
28253,0.0,,too_rare,,,
28254,0.0,,too_rare,,,
28255,0.0,,too_rare,,,
28256,0.0047893793412502805,,too_rare,,,
28257,0.0,,too_rare,,,
28258,8.402419896930316e-05,,too_rare,,,
28260,0.0,,too_rare,,,
28261,0.0,,too_rare,,,
28262,0.0,,too_rare,,,
28263,0.0,,too_rare,,,
28265,2.8008066323101054e-05,,too_rare,,,
28266,0.0,,too_rare,,,
28267,0.0,,too_rare,,,
28268,0.0,,too_rare,,,
28269,0.0,,too_rare,,,
28270,0.0,,too_rare,,,
28271,0.0,,too_rare,,,
28272,2.8008066323101054e-05,,too_rare,,,
28273,0.0,,too_rare,,,
28274,0.0,,too_rare,,,
28275,0.0,,too_rare,,,
28277,0.0,,too_rare,,,
28278,0.0,,too_rare,,,
28279,0.0,,too_rare,,,
28280,0.0,,too_rare,,,
28281,0.0,,too_rare,,,
28282,0.0,,too_rare,,,
28283,0.0,,too_rare,,,
28284,0.0,,too_rare,,,
28285,0.0,,too_rare,,,
28286,0.0,,too_rare,,,
28287,0.0,,too_rare,,,
28288,0.0,,too_rare,,,
28289,0.0,,too_rare,,,
28290,0.0,,too_rare,,,
28291,0.0,,too_rare,,,
28292,0.0,,too_rare,,,
28293,0.0,,too_rare,,,
28294,0.0,,too_rare,,,
28295,0.00011203226529240422,,too_rare,,,
28296,0.0,,too_rare,,,
28297,2.8008066323101054e-05,,too_rare,,,
28298,0.0,,too_rare,,,
28300,2.8008066323101054e-05,,too_rare,,,
28301,2.8008066323101054e-05,,too_rare,,,
28302,0.0,,too_rare,,,
28303,5.601613264620211e-05,,too_rare,,,
28304,0.0,,too_rare,,,
28305,0.0,,too_rare,,,
28306,0.0,,too_rare,,,
28307,0.0,,too_rare,,,
28308,2.8008066323101054e-05,,too_rare,,,
28309,2.8008066323101054e-05,,too_rare,,,
28310,0.0,,too_rare,,,
28311,0.0,,too_rare,,,
28312,0.0,,too_rare,,,
28313,0.0,,too_rare,,,
28314,0.0,,too_rare,,,
28315,5.601613264620211e-05,,too_rare,,,
28316,0.0,,too_rare,,,
28317,0.0,,too_rare,,,
28318,0.0,,too_rare,,,
28319,0.00011203226529240422,,too_rare,,,
28321,0.0,,too_rare,,,
28322,0.0,,too_rare,,,
28323,0.0,,too_rare,,,
28325,0.0,,too_rare,,,
28326,0.0,,too_rare,,,
28328,0.0,,too_rare,,,
28329,0.0,,too_rare,,,
28330,0.0,,too_rare,,,
28331,2.8008066323101054e-05,,too_rare,,,
28332,0.0,,too_rare,,,
28333,2.8008066323101054e-05,,too_rare,,,
28334,0.0,,too_rare,,,
28335,0.0,,too_rare,,,
28336,0.0,,too_rare,,,
28337,2.8008066323101054e-05,,too_rare,,,
28338,0.0006721935917544253,,too_rare,,,
28339,0.0,,too_rare,,,
28340,0.0,,too_rare,,,
28341,0.0,,too_rare,,,
28342,0.0,,too_rare,,,
28343,0.0,,too_rare,,,
28344,0.0,,too_rare,,,
28345,0.0,,too_rare,,,
28346,0.0,,too_rare,,,
28347,0.0,,too_rare,,,
28348,0.0002520725969079095,,too_rare,,,
28349,0.0,,too_rare,,,
28350,0.0,,too_rare,,,
28351,0.0,,too_rare,,,
28352,0.0,,too_rare,,,
28353,5.601613264620211e-05,,too_rare,,,
28354,0.0,,too_rare,,,
28355,0.0,,too_rare,,,
28356,2.8008066323101054e-05,,too_rare,,,
28357,0.0,,too_rare,,,
28358,0.0,,too_rare,,,
28360,0.0,,too_rare,,,
28361,0.001512435581447457,,too_rare,,,
28362,0.0,,too_rare,,,
28363,0.0,,too_rare,,,
28364,0.0,,too_rare,,,
28365,0.0,,too_rare,,,
28366,0.0,,too_rare,,,
28367,2.8008066323101054e-05,,too_rare,,,
28368,2.8008066323101054e-05,,too_rare,,,
28369,0.0,,too_rare,,,
28370,0.0,,too_rare,,,
28371,0.0,,too_rare,,,
28372,0.0,,too_rare,,,
28373,2.8008066323101054e-05,,too_rare,,,
28374,0.0,,too_rare,,,
28375,0.0002520725969079095,,too_rare,,,
28376,0.0,,too_rare,,,
28377,0.0,,too_rare,,,
28378,0.0,,too_rare,,,
28379,0.0023246695048173872,,too_rare,,,
28380,0.0,,too_rare,,,
28381,0.0,,too_rare,,,
28382,0.0,,too_rare,,,
28383,0.0,,too_rare,,,
28384,2.8008066323101054e-05,,too_rare,,,
28385,5.601613264620211e-05,,too_rare,,,
28386,0.0,,too_rare,,,
28387,2.8008066323101054e-05,,too_rare,,,
28388,0.0,,too_rare,,,
28389,8.402419896930316e-05,,too_rare,,,
28390,0.0,,too_rare,,,
28391,0.0,,too_rare,,,
28392,0.0,,too_rare,,,
28393,0.0,,too_rare,,,
28394,0.0,,too_rare,,,
28395,0.0,,too_rare,,,
28396,0.0,,too_rare,,,
28397,0.0,,too_rare,,,
28398,0.0,,too_rare,,,
28399,0.0,,too_rare,,,
28400,2.8008066323101054e-05,,too_rare,,,
28401,0.0,,too_rare,,,
28402,0.0,,too_rare,,,
28403,0.0,,too_rare,,,
28404,0.0,,too_rare,,,
28405,2.8008066323101054e-05,,too_rare,,,
28406,0.0,,too_rare,,,
28407,0.0,,too_rare,,,
28408,0.0,,too_rare,,,
28409,0.0,,too_rare,,,
28410,0.0,,too_rare,,,
28411,0.0,,too_rare,,,
28412,0.00106430652027784,,too_rare,,,
28413,0.0,,too_rare,,,
28414,0.0,,too_rare,,,
28415,0.0,,too_rare,,,
28416,0.0,,too_rare,,,
28417,0.0,,too_rare,,,
28418,0.0,,too_rare,,,
28419,0.0,,too_rare,,,
28420,0.0,,too_rare,,,
28421,0.0,,too_rare,,,
28422,0.0,,too_rare,,,
28423,2.8008066323101054e-05,,too_rare,,,
28424,0.0,,too_rare,,,
28425,0.0,,too_rare,,,
28426,0.0,,too_rare,,,
28427,0.0,,too_rare,,,
28428,0.0,,too_rare,,,
28429,0.0,,too_rare,,,
28430,0.0,,too_rare,,,
28431,2.8008066323101054e-05,,too_rare,,,
28432,5.601613264620211e-05,,too_rare,,,
28433,0.0,,too_rare,,,
28434,0.0,,too_rare,,,
28435,0.0,,too_rare,,,
28436,0.0,,too_rare,,,
28437,2.8008066323101054e-05,,too_rare,,,
28438,0.0,,too_rare,,,
28439,0.0,,too_rare,,,
28440,2.8008066323101054e-05,,too_rare,,,
28441,0.0,,too_rare,,,
28442,0.0,,too_rare,,,
28443,0.0,,too_rare,,,
28444,0.0,,too_rare,,,
28445,0.0,,too_rare,,,
28446,0.0,,too_rare,,,
28447,0.0,,too_rare,,,
28448,0.0,,too_rare,,,
28449,0.0,,too_rare,,,
28450,0.001036298453954739,,too_rare,,,
28451,2.8008066323101054e-05,,too_rare,,,
28452,0.0,,too_rare,,,
28453,0.0,,too_rare,,,
28454,0.002072596907909478,,too_rare,,,
28455,0.0,,too_rare,,,
28456,0.0,,too_rare,,,
28457,0.0,,too_rare,,,
28458,0.0,,too_rare,,,
28459,0.0,,too_rare,,,
28460,0.0003080887295541116,,too_rare,,,
28461,0.0,,too_rare,,,
28462,0.0,,too_rare,,,
28463,0.00039211292852341475,,too_rare,,,
28464,2.8008066323101054e-05,,too_rare,,,
28466,0.0,,too_rare,,,
28467,0.0,,too_rare,,,
28468,0.0005881693927851221,,too_rare,,,
28469,0.0017365001120322654,,too_rare,,,
28470,0.0,,too_rare,,,
28471,0.0,,too_rare,,,
28472,0.0,,too_rare,,,
28473,0.0,,too_rare,,,
28474,0.0,,too_rare,,,
28475,0.0017084920457091641,,too_rare,,,
28476,0.0,,too_rare,,,
28477,2.8008066323101054e-05,,too_rare,,,
28478,0.0,,too_rare,,,
28479,0.0,,too_rare,,,
28480,0.0,,too_rare,,,
28481,0.0,,too_rare,,,
28482,0.0,,too_rare,,,
28483,0.0,,too_rare,,,
28484,0.0,,too_rare,,,
28485,0.0,,too_rare,,,
28486,2.8008066323101054e-05,,too_rare,,,
28487,0.0,,too_rare,,,
28488,2.8008066323101054e-05,,too_rare,,,
28489,0.0,,too_rare,,,
28490,0.0,,too_rare,,,
28491,0.0,,too_rare,,,
28492,0.0,,too_rare,,,
28493,0.0,,too_rare,,,
28494,0.0,,too_rare,,,
28495,0.0,,too_rare,,,
28496,0.0,,too_rare,,,
28497,0.0,,too_rare,,,
28498,0.0,,too_rare,,,
28499,0.0,,too_rare,,,
28500,0.0,,too_rare,,,
28501,0.0,,too_rare,,,
28502,0.0,,too_rare,,,
28503,0.0,,too_rare,,,
28504,5.601613264620211e-05,,too_rare,,,
28505,2.8008066323101054e-05,,too_rare,,,
28506,0.0,,too_rare,,,
28507,0.0,,too_rare,,,
28508,0.0,,too_rare,,,
28509,0.0,,too_rare,,,
28510,0.0,,too_rare,,,
28511,0.0,,too_rare,,,
28513,0.0,,too_rare,,,
28514,0.0,,too_rare,,,
28515,2.8008066323101054e-05,,too_rare,,,
28516,0.0,,too_rare,,,
28517,2.8008066323101054e-05,,too_rare,,,
28518,2.8008066323101054e-05,,too_rare,,,
28519,0.0,,too_rare,,,
28520,0.0,,too_rare,,,
28521,0.0,,too_rare,,,
28523,0.0,,too_rare,,,
28524,2.8008066323101054e-05,,too_rare,,,
28525,0.0,,too_rare,,,
28526,0.0,,too_rare,,,
28527,0.0,,too_rare,,,
28528,0.0,,too_rare,,,
28529,2.8008066323101054e-05,,too_rare,,,
28530,0.0017084920457091641,,too_rare,,,
28531,0.0,,too_rare,,,
28532,0.0,,too_rare,,,
28533,0.0,,too_rare,,,
28534,0.0,,too_rare,,,
28536,0.0,,too_rare,,,
28537,0.00016804839793860632,,too_rare,,,
28538,0.0,,too_rare,,,
28539,0.0,,too_rare,,,
28540,5.601613264620211e-05,,too_rare,,,
28541,0.0,,too_rare,,,
28542,0.0,,too_rare,,,
28543,0.0,,too_rare,,,
28544,0.008122339233699306,,too_rare,,,
28545,0.0,,too_rare,,,
28546,0.0,,too_rare,,,
28547,2.8008066323101054e-05,,too_rare,,,
28548,0.0,,too_rare,,,
28549,0.0,,too_rare,,,
28551,0.0,,too_rare,,,
28552,0.002744790499663903,,too_rare,,,
28553,0.0,,too_rare,,,
28554,0.0,,too_rare,,,
28555,0.0,,too_rare,,,
28556,0.0,,too_rare,,,
28557,0.0,,too_rare,,,
28558,0.00011203226529240422,,too_rare,,,
28559,2.8008066323101054e-05,,too_rare,,,
28560,0.0,,too_rare,,,
28561,2.8008066323101054e-05,,too_rare,,,
28562,2.8008066323101054e-05,,too_rare,,,
28563,0.0,,too_rare,,,
28564,0.0,,too_rare,,,
28566,0.0,,too_rare,,,
28567,0.0008122339233699305,,too_rare,,,
28568,2.8008066323101054e-05,,too_rare,,,
28569,5.601613264620211e-05,,too_rare,,,
28570,0.0,,too_rare,,,
28571,2.8008066323101054e-05,,too_rare,,,
28572,0.0,,too_rare,,,
28573,0.0,,too_rare,,,
28574,0.0,,too_rare,,,
28575,0.0,,too_rare,,,
28576,0.0006161774591082232,,too_rare,,,
28577,2.8008066323101054e-05,,too_rare,,,
28578,5.601613264620211e-05,,too_rare,,,
28579,0.0,,too_rare,,,
28580,0.00022406453058480843,,too_rare,,,
28581,0.0,,too_rare,,,
28582,0.0,,too_rare,,,
28583,0.0,,too_rare,,,
28584,2.8008066323101054e-05,,too_rare,,,
28585,0.0,,too_rare,,,
28586,0.0,,too_rare,,,
28587,0.0,,too_rare,,,
28588,0.0,,too_rare,,,
28589,0.0,,too_rare,,,
28590,0.0,,too_rare,,,
28591,0.0,,too_rare,,,
28592,0.0,,too_rare,,,
28593,0.0,,too_rare,,,
28594,0.0,,too_rare,,,
28595,0.0,,too_rare,,,
28596,0.0,,too_rare,,,
28597,0.0,,too_rare,,,
28599,0.0,,too_rare,,,
28600,0.0,,too_rare,,,
28601,2.8008066323101054e-05,,too_rare,,,
28602,2.8008066323101054e-05,,too_rare,,,
28603,2.8008066323101054e-05,,too_rare,,,
28604,0.0,,too_rare,,,
28605,2.8008066323101054e-05,,too_rare,,,
28606,0.0,,too_rare,,,
28607,0.0,,too_rare,,,
28608,0.00014004033161550526,,too_rare,,,
28609,0.00011203226529240422,,too_rare,,,
28610,0.0,,too_rare,,,
28611,0.0,,too_rare,,,
28612,0.0,,too_rare,,,
28613,2.8008066323101054e-05,,too_rare,,,
28614,0.0007842258570468295,,too_rare,,,
28615,0.00022406453058480843,,too_rare,,,
28616,0.0013163791171857495,,too_rare,,,
28617,0.0,,too_rare,,,
28618,0.0,,too_rare,,,
28619,0.0,,too_rare,,,
28620,0.0,,too_rare,,,
28621,0.0,,too_rare,,,
28622,0.0,,too_rare,,,
28623,0.0,,too_rare,,,
28624,0.0,,too_rare,,,
28625,0.0,,too_rare,,,
28626,0.0,,too_rare,,,
28627,0.001568451714093659,,too_rare,,,
28628,0.00036410486220031366,,too_rare,,,
28629,0.0,,too_rare,,,
28630,2.8008066323101054e-05,,too_rare,,,
28631,0.0,,too_rare,,,
28632,0.0,,too_rare,,,
28633,0.0,,too_rare,,,
28634,0.0,,too_rare,,,
28635,0.0,,too_rare,,,
28636,2.8008066323101054e-05,,too_rare,,,
28637,0.0,,too_rare,,,
28638,0.0,,too_rare,,,
28639,0.0,,too_rare,,,
28640,0.0018765404436477705,,too_rare,,,
28641,5.601613264620211e-05,,too_rare,,,
28642,0.0,,too_rare,,,
28643,0.0,,too_rare,,,
28644,0.0,,too_rare,,,
28645,0.0,,too_rare,,,
28646,0.0,,too_rare,,,
28647,0.0,,too_rare,,,
28648,0.0,,too_rare,,,
28649,0.0,,too_rare,,,
28650,0.0,,too_rare,,,
28652,2.8008066323101054e-05,,too_rare,,,
28654,0.0,,too_rare,,,
28655,0.0,,too_rare,,,
28656,0.0,,too_rare,,,
28657,0.0,,too_rare,,,
28658,0.0,,too_rare,,,
28659,0.0,,too_rare,,,
28660,0.0,,too_rare,,,
28661,8.402419896930316e-05,,too_rare,,,
28662,0.0,,too_rare,,,
28663,0.0,,too_rare,,,
28664,0.0,,too_rare,,,
28665,2.8008066323101054e-05,,too_rare,,,
28666,0.0,,too_rare,,,
28667,0.0,,too_rare,,,
28668,0.0,,too_rare,,,
28669,0.0,,too_rare,,,
28670,0.0,,too_rare,,,
28671,0.0,,too_rare,,,
28672,0.0,,too_rare,,,
28673,2.8008066323101054e-05,,too_rare,,,
28674,0.0,,too_rare,,,
28675,8.402419896930316e-05,,too_rare,,,
28676,0.0,,too_rare,,,
28677,0.0,,too_rare,,,
28679,2.8008066323101054e-05,,too_rare,,,
28680,2.8008066323101054e-05,,too_rare,,,
28681,2.8008066323101054e-05,,too_rare,,,
28682,0.0,,too_rare,,,
28683,0.0,,too_rare,,,
28684,5.601613264620211e-05,,too_rare,,,
28685,8.402419896930316e-05,,too_rare,,,
28686,2.8008066323101054e-05,,too_rare,,,
28687,0.00453730674434237,,too_rare,,,
28688,2.8008066323101054e-05,,too_rare,,,
28689,2.8008066323101054e-05,,too_rare,,,
28690,0.0,,too_rare,,,
28691,0.0,,too_rare,,,
28692,0.0,,too_rare,,,
28693,0.0,,too_rare,,,
28694,0.0,,too_rare,,,
28695,0.0,,too_rare,,,
28696,0.0,,too_rare,,,
28697,0.0,,too_rare,,,
28698,0.0,,too_rare,,,
28700,0.0,,too_rare,,,
28701,0.0,,too_rare,,,
28702,0.0,,too_rare,,,
28703,0.0,,too_rare,,,
28704,0.0,,too_rare,,,
28705,0.0,,too_rare,,,
28706,0.0,,too_rare,,,
28707,0.0,,too_rare,,,
28708,8.402419896930316e-05,,too_rare,,,
28709,0.0,,too_rare,,,
28710,0.0,,too_rare,,,
28711,0.0,,too_rare,,,
28712,0.0,,too_rare,,,
28713,0.0007282097244006273,,too_rare,,,
28714,0.0,,too_rare,,,
28715,0.0,,too_rare,,,
28716,0.00033609679587721263,,too_rare,,,
28717,0.0,,too_rare,,,
28718,0.0,,too_rare,,,
28719,8.402419896930316e-05,,too_rare,,,
28720,0.0,,too_rare,,,
28721,0.0,,too_rare,,,
28722,0.0,,too_rare,,,
28723,0.0,,too_rare,,,
28724,0.0,,too_rare,,,
28725,2.8008066323101054e-05,,too_rare,,,
28726,0.0,,too_rare,,,
28727,0.00033609679587721263,,too_rare,,,
28728,0.0,,too_rare,,,
28729,0.0,,too_rare,,,
28730,0.0,,too_rare,,,
28732,0.0,,too_rare,,,
28733,0.0009522742549854358,,too_rare,,,
28734,0.0,,too_rare,,,
28735,0.0,,too_rare,,,
28736,2.8008066323101054e-05,,too_rare,,,
28737,2.8008066323101054e-05,,too_rare,,,
28738,0.0,,too_rare,,,
28739,0.0,,too_rare,,,
28740,0.0,,too_rare,,,
28742,0.0,,too_rare,,,
28743,0.0,,too_rare,,,
28744,0.0,,too_rare,,,
28745,0.0,,too_rare,,,
28746,2.8008066323101054e-05,,too_rare,,,
28747,5.601613264620211e-05,,too_rare,,,
28748,0.0,,too_rare,,,
28749,0.0,,too_rare,,,
28750,0.0,,too_rare,,,
28751,0.0,,too_rare,,,
28752,0.0,,too_rare,,,
28753,0.0,,too_rare,,,
28754,0.0,,too_rare,,,
28755,0.0,,too_rare,,,
28756,0.0,,too_rare,,,
28757,2.8008066323101054e-05,,too_rare,,,
28758,0.0,,too_rare,,,
28759,0.0,,too_rare,,,
28760,2.8008066323101054e-05,,too_rare,,,
28761,0.0,,too_rare,,,
28762,0.0,,too_rare,,,
28763,0.0,,too_rare,,,
28764,0.0,,too_rare,,,
28765,0.0,,too_rare,,,
28766,0.0,,too_rare,,,
28767,0.0,,too_rare,,,
28768,0.0,,too_rare,,,
28769,0.0,,too_rare,,,
28770,5.601613264620211e-05,,too_rare,,,
28771,5.601613264620211e-05,,too_rare,,,
28772,0.0,,too_rare,,,
28773,0.0,,too_rare,,,
28774,8.402419896930316e-05,,too_rare,,,
28775,0.0,,too_rare,,,
28776,0.0,,too_rare,,,
28777,0.0,,too_rare,,,
28778,0.0,,too_rare,,,
28779,2.8008066323101054e-05,,too_rare,,,
28780,0.00019605646426170737,,too_rare,,,
28781,0.0,,too_rare,,,
28782,0.0,,too_rare,,,
28783,2.8008066323101054e-05,,too_rare,,,
28785,0.0,,too_rare,,,
28786,8.402419896930316e-05,,too_rare,,,
28787,0.0,,too_rare,,,
28788,0.0,,too_rare,,,
28789,0.0,,too_rare,,,
28790,0.0,,too_rare,,,
28791,2.8008066323101054e-05,,too_rare,,,
28792,0.0,,too_rare,,,
28793,2.8008066323101054e-05,,too_rare,,,
28794,0.0,,too_rare,,,
28795,0.0,,too_rare,,,
28796,0.0,,too_rare,,,
28797,0.0,,too_rare,,,
28798,0.0,,too_rare,,,
28799,0.0,,too_rare,,,
28800,0.0,,too_rare,,,
28801,0.0,,too_rare,,,
28802,0.00036410486220031366,,too_rare,,,
28803,0.00016804839793860632,,too_rare,,,
28804,0.0,,too_rare,,,
28805,0.00014004033161550526,,too_rare,,,
28806,0.0,,too_rare,,,
28807,0.0,,too_rare,,,
28808,0.0,,too_rare,,,
28809,0.0,,too_rare,,,
28810,0.0,,too_rare,,,
28811,0.0,,too_rare,,,
28812,0.0,,too_rare,,,
28813,0.0,,too_rare,,,
28814,0.0,,too_rare,,,
28815,0.0,,too_rare,,,
28816,0.0,,too_rare,,,
28817,0.0,,too_rare,,,
28818,0.0,,too_rare,,,
28819,0.0,,too_rare,,,
28820,0.0,,too_rare,,,
28821,0.0,,too_rare,,,
28822,2.8008066323101054e-05,,too_rare,,,
28823,0.0,,too_rare,,,
28824,2.8008066323101054e-05,,too_rare,,,
28826,0.0,,too_rare,,,
28827,0.0,,too_rare,,,
28828,0.0,,too_rare,,,
28829,0.0,,too_rare,,,
28830,0.0,,too_rare,,,
28831,0.0,,too_rare,,,
28832,0.00014004033161550526,,too_rare,,,
28833,0.0,,too_rare,,,
28834,0.0,,too_rare,,,
28835,0.0,,too_rare,,,
28836,2.8008066323101054e-05,,too_rare,,,
28837,0.00022406453058480843,,too_rare,,,
28838,0.0,,too_rare,,,
28839,2.8008066323101054e-05,,too_rare,,,
28840,0.0,,too_rare,,,
28841,0.0008402419896930316,,too_rare,,,
28842,0.0,,too_rare,,,
28843,0.0,,too_rare,,,
28844,0.0,,too_rare,,,
28845,8.402419896930316e-05,,too_rare,,,
28846,0.0,,too_rare,,,
28847,0.0,,too_rare,,,
28848,0.0,,too_rare,,,
28849,0.0,,too_rare,,,
28850,0.0,,too_rare,,,
28851,0.0,,too_rare,,,
28852,0.0,,too_rare,,,
28853,0.0,,too_rare,,,
28854,0.0,,too_rare,,,
28855,0.0,,too_rare,,,
28856,0.0,,too_rare,,,
28857,0.0,,too_rare,,,
28858,5.601613264620211e-05,,too_rare,,,
28859,0.0,,too_rare,,,
28860,0.0,,too_rare,,,
28861,0.0,,too_rare,,,
28862,0.0,,too_rare,,,
28863,0.0,,too_rare,,,
28864,0.0,,too_rare,,,
28865,0.0,,too_rare,,,
28866,2.8008066323101054e-05,,too_rare,,,
28867,5.601613264620211e-05,,too_rare,,,
28868,0.0,,too_rare,,,
28869,0.0,,too_rare,,,
28870,5.601613264620211e-05,,too_rare,,,
28871,0.0,,too_rare,,,
28872,0.0,,too_rare,,,
28873,0.0,,too_rare,,,
28874,0.0,,too_rare,,,
28875,0.0,,too_rare,,,
28876,0.0,,too_rare,,,
28877,2.8008066323101054e-05,,too_rare,,,
28878,0.0,,too_rare,,,
28879,0.0,,too_rare,,,
28880,0.001092314586600941,,too_rare,,,
28881,0.0,,too_rare,,,
28882,0.0,,too_rare,,,
28883,0.0,,too_rare,,,
28884,5.601613264620211e-05,,too_rare,,,
28885,0.0,,too_rare,,,
28886,0.0,,too_rare,,,
28888,0.0,,too_rare,,,
28889,0.0,,too_rare,,,
28890,0.0,,too_rare,,,
28891,0.0,,too_rare,,,
28892,2.8008066323101054e-05,,too_rare,,,
28893,2.8008066323101054e-05,,too_rare,,,
28894,0.0,,too_rare,,,
28895,0.0,,too_rare,,,
28896,0.0,,too_rare,,,
28897,0.0,,too_rare,,,
28898,0.0,,too_rare,,,
28899,0.0,,too_rare,,,
28900,0.0007002016580775263,,too_rare,,,
28901,2.8008066323101054e-05,,too_rare,,,
28902,0.0,,too_rare,,,
28903,0.0,,too_rare,,,
28904,0.0,,too_rare,,,
28905,0.0,,too_rare,,,
28906,2.8008066323101054e-05,,too_rare,,,
28907,0.0,,too_rare,,,
28908,0.0,,too_rare,,,
28909,0.0,,too_rare,,,
28910,0.0,,too_rare,,,
28911,0.0,,too_rare,,,
28912,0.0,,too_rare,,,
28913,5.601613264620211e-05,,too_rare,,,
28915,0.0,,too_rare,,,
28916,0.0,,too_rare,,,
28918,5.601613264620211e-05,,too_rare,,,
28919,0.0,,too_rare,,,
28920,0.0,,too_rare,,,
28921,0.0,,too_rare,,,
28922,0.0,,too_rare,,,
28923,0.0,,too_rare,,,
28924,0.0,,too_rare,,,
28925,0.0,,too_rare,,,
28926,0.0,,too_rare,,,
28927,5.601613264620211e-05,,too_rare,,,
28928,0.0,,too_rare,,,
28929,2.8008066323101054e-05,,too_rare,,,
28930,0.0,,too_rare,,,
28931,0.0,,too_rare,,,
28932,0.00011203226529240422,,too_rare,,,
28933,0.0,,too_rare,,,
28934,0.0,,too_rare,,,
28935,0.0,,too_rare,,,
28936,0.0,,too_rare,,,
28937,0.0,,too_rare,,,
28938,0.005377548734035402,,too_rare,,,
28939,0.0,,too_rare,,,
28940,2.8008066323101054e-05,,too_rare,,,
28941,0.0004761371274927179,,too_rare,,,
28942,0.0,,too_rare,,,
28943,0.0,,too_rare,,,
28944,0.00106430652027784,,too_rare,,,
28945,8.402419896930316e-05,,too_rare,,,
28946,0.0,,too_rare,,,
28947,2.8008066323101054e-05,,too_rare,,,
28948,0.0,,too_rare,,,
28949,0.0,,too_rare,,,
28950,0.0,,too_rare,,,
28951,0.0,,too_rare,,,
28952,0.0,,too_rare,,,
28953,0.0,,too_rare,,,
28954,0.00014004033161550526,,too_rare,,,
28955,0.0,,too_rare,,,
28956,5.601613264620211e-05,,too_rare,,,
28957,0.0,,too_rare,,,
28958,0.0,,too_rare,,,
28959,0.0,,too_rare,,,
28960,2.8008066323101054e-05,,too_rare,,,
28961,0.0,,too_rare,,,
28962,0.0,,too_rare,,,
28963,0.0,,too_rare,,,
28964,2.8008066323101054e-05,,too_rare,,,
28965,0.0,,too_rare,,,
28966,0.0,,too_rare,,,
28967,0.0,,too_rare,,,
28968,0.0,,too_rare,,,
28969,0.0,,too_rare,,,
28971,0.0,,too_rare,,,
28972,0.0,,too_rare,,,
28973,0.0,,too_rare,,,
28974,2.8008066323101054e-05,,too_rare,,,
28975,0.0,,too_rare,,,
28976,0.0,,too_rare,,,
28977,0.0,,too_rare,,,
28978,0.0,,too_rare,,,
28979,0.0,,too_rare,,,
28980,0.0,,too_rare,,,
28981,0.0,,too_rare,,,
28982,0.00011203226529240422,,too_rare,,,
28983,5.601613264620211e-05,,too_rare,,,
28984,0.00014004033161550526,,too_rare,,,
28985,0.00033609679587721263,,too_rare,,,
28986,0.0,,too_rare,,,
28987,0.0,,too_rare,,,
28988,0.0,,too_rare,,,
28989,0.0,,too_rare,,,
28990,0.0,,too_rare,,,
28991,0.0,,too_rare,,,
28992,0.0,,too_rare,,,
28993,0.0,,too_rare,,,
28994,0.0,,too_rare,,,
28995,0.0,,too_rare,,,
28997,0.0,,too_rare,,,
28998,0.0,,too_rare,,,
28999,0.0,,too_rare,,,
29000,0.0,,too_rare,,,
29001,5.601613264620211e-05,,too_rare,,,
29002,0.0,,too_rare,,,
29003,0.0,,too_rare,,,
29004,0.0,,too_rare,,,
29005,0.0,,too_rare,,,
29006,2.8008066323101054e-05,,too_rare,,,
29007,0.0,,too_rare,,,
29008,0.0,,too_rare,,,
29009,0.0,,too_rare,,,
29010,0.00011203226529240422,,too_rare,,,
29011,0.0,,too_rare,,,
29012,0.0,,too_rare,,,
29013,0.0,,too_rare,,,
29014,0.0,,too_rare,,,
29015,0.0014004033161550526,,too_rare,,,
29016,2.8008066323101054e-05,,too_rare,,,
29017,0.0,,too_rare,,,
29018,0.0,,too_rare,,,
29019,0.0,,too_rare,,,
29020,0.0,,too_rare,,,
29021,0.0,,too_rare,,,
29022,0.0,,too_rare,,,
29023,0.0,,too_rare,,,
29024,0.0,,too_rare,,,
29025,0.0,,too_rare,,,
29026,5.601613264620211e-05,,too_rare,,,
29027,0.0,,too_rare,,,
29028,0.00011203226529240422,,too_rare,,,
29029,0.0,,too_rare,,,
29030,2.8008066323101054e-05,,too_rare,,,
29031,0.0,,too_rare,,,
29032,0.0,,too_rare,,,
29034,0.0,,too_rare,,,
29035,0.0,,too_rare,,,
29036,2.8008066323101054e-05,,too_rare,,,
29037,0.0,,too_rare,,,
29038,0.0,,too_rare,,,
29039,0.0,,too_rare,,,
29040,2.8008066323101054e-05,,too_rare,,,
29041,0.0,,too_rare,,,
29042,0.0,,too_rare,,,
29044,0.0,,too_rare,,,
29045,2.8008066323101054e-05,,too_rare,,,
29046,0.007618194039883486,,too_rare,,,
29047,0.0,,too_rare,,,
29048,0.0,,too_rare,,,
29049,2.8008066323101054e-05,,too_rare,,,
29050,0.0,,too_rare,,,
29051,0.0,,too_rare,,,
29052,0.0,,too_rare,,,
29053,2.8008066323101054e-05,,too_rare,,,
29054,2.8008066323101054e-05,,too_rare,,,
29055,0.0,,too_rare,,,
29056,8.402419896930316e-05,,too_rare,,,
29057,2.8008066323101054e-05,,too_rare,,,
29058,0.0,,too_rare,,,
29059,0.0,,too_rare,,,
29060,0.0,,too_rare,,,
29061,0.0,,too_rare,,,
29062,0.0,,too_rare,,,
29063,2.8008066323101054e-05,,too_rare,,,
29064,0.0004201209948465158,,too_rare,,,
29065,0.0,,too_rare,,,
29066,0.0,,too_rare,,,
29067,0.0,,too_rare,,,
29068,0.0,,too_rare,,,
29069,0.0,,too_rare,,,
29070,0.0,,too_rare,,,
29071,0.0011763387855702441,,too_rare,,,
29072,0.0,,too_rare,,,
29073,0.0,,too_rare,,,
29074,0.0,,too_rare,,,
29075,2.8008066323101054e-05,,too_rare,,,
29076,0.0,,too_rare,,,
29077,0.0,,too_rare,,,
29078,5.601613264620211e-05,,too_rare,,,
29079,0.0,,too_rare,,,
29080,0.0,,too_rare,,,
29081,8.402419896930316e-05,,too_rare,,,
29082,0.0,,too_rare,,,
29083,0.0,,too_rare,,,
29084,0.0,,too_rare,,,
29085,0.0,,too_rare,,,
29086,0.0,,too_rare,,,
29087,0.0,,too_rare,,,
29088,0.0,,too_rare,,,
29089,0.0,,too_rare,,,
29090,0.0,,too_rare,,,
29091,2.8008066323101054e-05,,too_rare,,,
29092,0.00014004033161550526,,too_rare,,,
29093,0.0,,too_rare,,,
29094,0.0,,too_rare,,,
29095,0.0,,too_rare,,,
29096,0.0,,too_rare,,,
29098,0.00011203226529240422,,too_rare,,,
29099,2.8008066323101054e-05,,too_rare,,,
29100,0.0,,too_rare,,,
29101,0.0,,too_rare,,,
29102,0.0,,too_rare,,,
29103,0.0,,too_rare,,,
29104,0.0,,too_rare,,,
29105,0.0,,too_rare,,,
29106,0.0,,too_rare,,,
29107,0.00036410486220031366,,too_rare,,,
29108,0.0,,too_rare,,,
29109,0.0,,too_rare,,,
29110,0.0,,too_rare,,,
29111,0.0,,too_rare,,,
29112,2.8008066323101054e-05,,too_rare,,,
29113,0.0,,too_rare,,,
29114,2.8008066323101054e-05,,too_rare,,,
29115,2.8008066323101054e-05,,too_rare,,,
29116,8.402419896930316e-05,,too_rare,,,
29117,0.0,,too_rare,,,
29118,2.8008066323101054e-05,,too_rare,,,
29119,0.0,,too_rare,,,
29120,5.601613264620211e-05,,too_rare,,,
29121,8.402419896930316e-05,,too_rare,,,
29122,0.0,,too_rare,,,
29123,0.0,,too_rare,,,
29124,0.0,,too_rare,,,
29125,0.0,,too_rare,,,
29126,0.0,,too_rare,,,
29127,0.0,,too_rare,,,
29128,5.601613264620211e-05,,too_rare,,,
29129,0.0,,too_rare,,,
29130,0.0,,too_rare,,,
29131,0.00022406453058480843,,too_rare,,,
29133,0.0,,too_rare,,,
29134,0.0,,too_rare,,,
29135,0.0,,too_rare,,,
29136,0.0,,too_rare,,,
29137,0.0,,too_rare,,,
29138,0.0,,too_rare,,,
29139,0.0016804839793860631,,too_rare,,,
29140,0.0,,too_rare,,,
29141,0.0,,too_rare,,,
29142,0.0,,too_rare,,,
29143,0.0,,too_rare,,,
29144,0.00022406453058480843,,too_rare,,,
29145,0.0,,too_rare,,,
29146,0.0,,too_rare,,,
29147,0.0,,too_rare,,,
29148,0.0,,too_rare,,,
29149,0.0,,too_rare,,,
29150,0.0,,too_rare,,,
29151,2.8008066323101054e-05,,too_rare,,,
29152,0.0,,too_rare,,,
29153,0.00014004033161550526,,too_rare,,,
29154,2.8008066323101054e-05,,too_rare,,,
29155,0.0,,too_rare,,,
29156,0.0,,too_rare,,,
29157,2.8008066323101054e-05,,too_rare,,,
29158,0.0,,too_rare,,,
29159,0.0,,too_rare,,,
29160,0.0,,too_rare,,,
29161,0.00033609679587721263,,too_rare,,,
29162,8.402419896930316e-05,,too_rare,,,
29163,0.0,,too_rare,,,
29164,5.601613264620211e-05,,too_rare,,,
29165,0.0,,too_rare,,,
29166,0.0,,too_rare,,,
29167,0.0,,too_rare,,,
29168,0.0,,too_rare,,,
29169,0.0,,too_rare,,,
29170,0.0,,too_rare,,,
29171,2.8008066323101054e-05,,too_rare,,,
29172,0.0,,too_rare,,,
29173,2.8008066323101054e-05,,too_rare,,,
29174,0.0,,too_rare,,,
29175,0.000980282321308537,,too_rare,,,
29177,0.0,,too_rare,,,
29178,0.0,,too_rare,,,
29179,0.0,,too_rare,,,
29180,0.0,,too_rare,,,
29181,0.0,,too_rare,,,
29182,0.0,,too_rare,,,
29183,0.0,,too_rare,,,
29184,0.0,,too_rare,,,
29185,2.8008066323101054e-05,,too_rare,,,
29186,0.0,,too_rare,,,
29187,0.0,,too_rare,,,
29188,0.0,,too_rare,,,
29189,0.0,,too_rare,,,
29190,2.8008066323101054e-05,,too_rare,,,
29191,0.0,,too_rare,,,
29192,2.8008066323101054e-05,,too_rare,,,
29193,0.0,,too_rare,,,
29194,0.0,,too_rare,,,
29195,0.0,,too_rare,,,
29196,2.8008066323101054e-05,,too_rare,,,
29197,0.0,,too_rare,,,
29198,0.0,,too_rare,,,
29199,8.402419896930316e-05,,too_rare,,,
29200,0.0,,too_rare,,,
29201,8.402419896930316e-05,,too_rare,,,
29202,2.8008066323101054e-05,,too_rare,,,
29203,0.0,,too_rare,,,
29204,0.0,,too_rare,,,
29205,0.0,,too_rare,,,
29206,0.0,,too_rare,,,
29207,0.0,,too_rare,,,
29208,0.0,,too_rare,,,
29209,5.601613264620211e-05,,too_rare,,,
29210,8.402419896930316e-05,,too_rare,,,
29211,0.003809097019941743,,too_rare,,,
29212,0.0,,too_rare,,,
29213,0.0,,too_rare,,,
29214,0.0,,too_rare,,,
29215,0.0,,too_rare,,,
29217,0.0,,too_rare,,,
29218,0.0,,too_rare,,,
29219,0.0,,too_rare,,,
29220,0.0,,too_rare,,,
29221,0.0,,too_rare,,,
29222,2.8008066323101054e-05,,too_rare,,,
29223,0.0,,too_rare,,,
29224,0.0,,too_rare,,,
29225,0.0,,too_rare,,,
29226,0.0,,too_rare,,,
29227,0.0,,too_rare,,,
29228,2.8008066323101054e-05,,too_rare,,,
29229,0.0,,too_rare,,,
29230,0.0,,too_rare,,,
29231,2.8008066323101054e-05,,too_rare,,,
29232,2.8008066323101054e-05,,too_rare,,,
29233,0.0,,too_rare,,,
29234,0.0,,too_rare,,,
29235,0.0,,too_rare,,,
29236,0.0,,too_rare,,,
29237,0.0,,too_rare,,,
29238,0.0,,too_rare,,,
29239,0.0,,too_rare,,,
29240,0.0,,too_rare,,,
29241,2.8008066323101054e-05,,too_rare,,,
29242,0.0,,too_rare,,,
29243,0.0,,too_rare,,,
29244,0.0,,too_rare,,,
29245,5.601613264620211e-05,,too_rare,,,
29246,0.0,,too_rare,,,
29247,8.402419896930316e-05,,too_rare,,,
29248,0.0,,too_rare,,,
29249,0.0,,too_rare,,,
29250,0.0,,too_rare,,,
29251,0.00014004033161550526,,too_rare,,,
29252,0.0,,too_rare,,,
29253,0.0,,too_rare,,,
29254,0.0,,too_rare,,,
29256,0.0,,too_rare,,,
29257,0.0,,too_rare,,,
29258,2.8008066323101054e-05,,too_rare,,,
29259,2.8008066323101054e-05,,too_rare,,,
29260,0.0,,too_rare,,,
29261,0.0,,too_rare,,,
29262,0.0,,too_rare,,,
29263,0.0,,too_rare,,,
29264,0.0,,too_rare,,,
29265,0.0,,too_rare,,,
29266,0.0,,too_rare,,,
29268,0.0,,too_rare,,,
29269,0.0048173874075733815,,too_rare,,,
29270,0.0,,too_rare,,,
29271,0.0,,too_rare,,,
29272,0.0,,too_rare,,,
29273,0.0,,too_rare,,,
29274,0.0,,too_rare,,,
29275,0.0,,too_rare,,,
29276,0.0,,too_rare,,,
29277,0.0,,too_rare,,,
29278,0.0,,too_rare,,,
29279,0.0,,too_rare,,,
29280,2.8008066323101054e-05,,too_rare,,,
29281,0.0,,too_rare,,,
29282,2.8008066323101054e-05,,too_rare,,,
29283,0.0,,too_rare,,,
29284,0.0,,too_rare,,,
29285,0.0,,too_rare,,,
29286,0.0,,too_rare,,,
29287,0.0,,too_rare,,,
29288,2.8008066323101054e-05,,too_rare,,,
29289,0.0,,too_rare,,,
29290,0.0,,too_rare,,,
29291,0.00019605646426170737,,too_rare,,,
29292,0.0,,too_rare,,,
29293,2.8008066323101054e-05,,too_rare,,,
29294,0.0,,too_rare,,,
29295,0.0,,too_rare,,,
29296,0.0,,too_rare,,,
29297,0.0002520725969079095,,too_rare,,,
29298,0.0,,too_rare,,,
29299,0.0,,too_rare,,,
29300,2.8008066323101054e-05,,too_rare,,,
29301,5.601613264620211e-05,,too_rare,,,
29302,0.0,,too_rare,,,
29303,0.0,,too_rare,,,
29304,0.0,,too_rare,,,
29305,0.0,,too_rare,,,
29306,0.0,,too_rare,,,
29307,5.601613264620211e-05,,too_rare,,,
29308,0.0,,too_rare,,,
29309,0.0,,too_rare,,,
29310,0.0,,too_rare,,,
29311,0.0006721935917544253,,too_rare,,,
29312,0.0,,too_rare,,,
29313,0.0,,too_rare,,,
29314,0.0,,too_rare,,,
29315,0.0,,too_rare,,,
29316,0.00011203226529240422,,too_rare,,,
29317,0.0,,too_rare,,,
29318,0.0,,too_rare,,,
29319,2.8008066323101054e-05,,too_rare,,,
29320,0.0005881693927851221,,too_rare,,,
29321,0.0,,too_rare,,,
29322,2.8008066323101054e-05,,too_rare,,,
29323,0.0,,too_rare,,,
29324,0.0,,too_rare,,,
29326,0.0,,too_rare,,,
29327,0.0,,too_rare,,,
29328,0.0,,too_rare,,,
29329,0.00044812906116961686,,too_rare,,,
29330,0.0,,too_rare,,,
29331,0.0,,too_rare,,,
29332,0.0,,too_rare,,,
29333,0.0,,too_rare,,,
29334,0.0,,too_rare,,,
29335,0.0013723952498319516,,too_rare,,,
29336,0.0,,too_rare,,,
29337,0.0,,too_rare,,,
29338,0.0,,too_rare,,,
29339,0.0,,too_rare,,,
29340,0.0,,too_rare,,,
29341,0.0,,too_rare,,,
29342,0.0,,too_rare,,,
29343,0.0,,too_rare,,,
29344,5.601613264620211e-05,,too_rare,,,
29345,0.0,,too_rare,,,
29346,5.601613264620211e-05,,too_rare,,,
29348,0.0,,too_rare,,,
29349,2.8008066323101054e-05,,too_rare,,,
29350,0.0,,too_rare,,,
29351,0.0,,too_rare,,,
29352,0.0006441855254313242,,too_rare,,,
29353,0.0,,too_rare,,,
29354,0.004453282545373067,,too_rare,,,
29355,8.402419896930316e-05,,too_rare,,,
29356,0.0,,too_rare,,,
29357,0.0,,too_rare,,,
29358,0.0,,too_rare,,,
29359,0.0,,too_rare,,,
29360,0.0,,too_rare,,,
29361,0.0,,too_rare,,,
29362,0.0,,too_rare,,,
29363,0.0,,too_rare,,,
29364,0.0,,too_rare,,,
29365,0.0,,too_rare,,,
29366,0.0,,too_rare,,,
29368,0.00019605646426170737,,too_rare,,,
29369,0.0,,too_rare,,,
29370,0.0,,too_rare,,,
29371,0.0,,too_rare,,,
29372,0.0,,too_rare,,,
29373,0.0,,too_rare,,,
29374,0.0,,too_rare,,,
29375,2.8008066323101054e-05,,too_rare,,,
29376,0.0,,too_rare,,,
29377,0.0,,too_rare,,,
29378,0.0,,too_rare,,,
29379,2.8008066323101054e-05,,too_rare,,,
29380,0.0,,too_rare,,,
29381,0.0,,too_rare,,,
29382,0.00036410486220031366,,too_rare,,,
29383,0.0,,too_rare,,,
29384,2.8008066323101054e-05,,too_rare,,,
29385,0.0,,too_rare,,,
29386,0.0,,too_rare,,,
29387,0.0,,too_rare,,,
29388,0.00011203226529240422,,too_rare,,,
29389,8.402419896930316e-05,,too_rare,,,
29390,0.0,,too_rare,,,
29391,0.0,,too_rare,,,
29392,5.601613264620211e-05,,too_rare,,,
29393,0.0,,too_rare,,,
29394,0.0,,too_rare,,,
29395,0.004313242213757562,,too_rare,,,
29396,0.0,,too_rare,,,
29397,0.0,,too_rare,,,
29398,0.0,,too_rare,,,
29399,0.0,,too_rare,,,
29400,0.0,,too_rare,,,
29401,0.0,,too_rare,,,
29402,2.8008066323101054e-05,,too_rare,,,
29403,0.0,,too_rare,,,
29404,0.0,,too_rare,,,
29405,0.0,,too_rare,,,
29406,0.0,,too_rare,,,
29407,0.0,,too_rare,,,
29408,0.0,,too_rare,,,
29409,0.0,,too_rare,,,
29410,0.0,,too_rare,,,
29411,0.0,,too_rare,,,
29412,0.0,,too_rare,,,
29413,0.0,,too_rare,,,
29414,0.0,,too_rare,,,
29415,2.8008066323101054e-05,,too_rare,,,
29416,0.0,,too_rare,,,
29417,0.0,,too_rare,,,
29418,0.0,,too_rare,,,
29419,0.0,,too_rare,,,
29420,0.0,,too_rare,,,
29421,0.0,,too_rare,,,
29423,0.0,,too_rare,,,
29424,0.0,,too_rare,,,
29425,0.0,,too_rare,,,
29426,0.0,,too_rare,,,
29427,2.8008066323101054e-05,,too_rare,,,
29428,0.0,,too_rare,,,
29429,0.0,,too_rare,,,
29430,0.0,,too_rare,,,
29431,0.0,,too_rare,,,
29432,0.0,,too_rare,,,
29433,0.0,,too_rare,,,
29434,2.8008066323101054e-05,,too_rare,,,
29435,2.8008066323101054e-05,,too_rare,,,
29436,0.0,,too_rare,,,
29437,0.0,,too_rare,,,
29438,0.0,,too_rare,,,
29440,0.0,,too_rare,,,
29441,0.0,,too_rare,,,
29442,0.0,,too_rare,,,
29443,2.8008066323101054e-05,,too_rare,,,
29444,0.0,,too_rare,,,
29445,0.00011203226529240422,,too_rare,,,
29446,0.0,,too_rare,,,
29448,0.0,,too_rare,,,
29449,0.0,,too_rare,,,
29450,0.0,,too_rare,,,
29451,0.0,,too_rare,,,
29452,8.402419896930316e-05,,too_rare,,,
29453,0.0,,too_rare,,,
29454,0.0,,too_rare,,,
29455,0.004985435805511988,,too_rare,,,
29456,0.0,,too_rare,,,
29458,2.8008066323101054e-05,,too_rare,,,
29459,8.402419896930316e-05,,too_rare,,,
29460,5.601613264620211e-05,,too_rare,,,
29461,0.0,,too_rare,,,
29462,2.8008066323101054e-05,,too_rare,,,
29463,0.0,,too_rare,,,
29464,0.0,,too_rare,,,
29465,0.0,,too_rare,,,
29466,2.8008066323101054e-05,,too_rare,,,
29467,5.601613264620211e-05,,too_rare,,,
29468,5.601613264620211e-05,,too_rare,,,
29469,0.0,,too_rare,,,
29470,0.0,,too_rare,,,
29471,2.8008066323101054e-05,,too_rare,,,
29472,0.0,,too_rare,,,
29473,0.0,,too_rare,,,
29474,0.0,,too_rare,,,
29475,0.0,,too_rare,,,
29476,0.0,,too_rare,,,
29477,0.0,,too_rare,,,
29478,0.0,,too_rare,,,
29479,0.0,,too_rare,,,
29481,0.0,,too_rare,,,
29482,2.8008066323101054e-05,,too_rare,,,
29483,0.0,,too_rare,,,
29485,2.8008066323101054e-05,,too_rare,,,
29486,0.0,,too_rare,,,
29487,0.0,,too_rare,,,
29488,0.0,,too_rare,,,
29490,0.0,,too_rare,,,
29491,0.0,,too_rare,,,
29492,2.8008066323101054e-05,,too_rare,,,
29493,0.0,,too_rare,,,
29494,0.0,,too_rare,,,
29495,0.0,,too_rare,,,
29496,0.0,,too_rare,,,
29497,0.0,,too_rare,,,
29498,5.601613264620211e-05,,too_rare,,,
29499,0.0,,too_rare,,,
29500,0.0,,too_rare,,,
29501,0.0,,too_rare,,,
29502,0.0,,too_rare,,,
29503,0.0,,too_rare,,,
29504,0.0,,too_rare,,,
29505,0.0,,too_rare,,,
29506,0.0,,too_rare,,,
29507,2.8008066323101054e-05,,too_rare,,,
29508,0.0,,too_rare,,,
29509,2.8008066323101054e-05,,too_rare,,,
29510,0.00014004033161550526,,too_rare,,,
29511,0.0,,too_rare,,,
29512,0.0,,too_rare,,,
29513,0.0,,too_rare,,,
29514,0.0,,too_rare,,,
29515,0.0,,too_rare,,,
29516,0.0,,too_rare,,,
29517,0.0,,too_rare,,,
29518,5.601613264620211e-05,,too_rare,,,
29519,0.0,,too_rare,,,
29520,0.0,,too_rare,,,
29521,0.0,,too_rare,,,
29522,0.0,,too_rare,,,
29523,0.0,,too_rare,,,
29524,2.8008066323101054e-05,,too_rare,,,
29525,0.0,,too_rare,,,
29526,0.0,,too_rare,,,
29527,0.0,,too_rare,,,
29528,2.8008066323101054e-05,,too_rare,,,
29529,0.0,,too_rare,,,
29530,0.0,,too_rare,,,
29531,0.0,,too_rare,,,
29532,0.0,,too_rare,,,
29533,0.0023526775711404883,,too_rare,,,
29534,0.0,,too_rare,,,
29535,0.0,,too_rare,,,
29536,0.00019605646426170737,,too_rare,,,
29537,2.8008066323101054e-05,,too_rare,,,
29538,0.0,,too_rare,,,
29539,2.8008066323101054e-05,,too_rare,,,
29540,0.0,,too_rare,,,
29541,0.0,,too_rare,,,
29542,0.0,,too_rare,,,
29543,0.0,,too_rare,,,
29544,0.0,,too_rare,,,
29545,0.0,,too_rare,,,
29546,0.0,,too_rare,,,
29548,0.0,,too_rare,,,
29549,0.0,,too_rare,,,
29550,0.0,,too_rare,,,
29551,0.0,,too_rare,,,
29552,0.0,,too_rare,,,
29553,0.0,,too_rare,,,
29554,0.0,,too_rare,,,
29555,0.0,,too_rare,,,
29556,0.0,,too_rare,,,
29557,0.0,,too_rare,,,
29558,0.0,,too_rare,,,
29559,2.8008066323101054e-05,,too_rare,,,
29560,0.0,,too_rare,,,
29561,0.0,,too_rare,,,
29562,2.8008066323101054e-05,,too_rare,,,
29563,0.0,,too_rare,,,
29565,0.0,,too_rare,,,
29567,0.0,,too_rare,,,
29568,2.8008066323101054e-05,,too_rare,,,
29569,2.8008066323101054e-05,,too_rare,,,
29570,0.0,,too_rare,,,
29571,0.0,,too_rare,,,
29573,0.0,,too_rare,,,
29574,0.0,,too_rare,,,
29575,0.0,,too_rare,,,
29576,0.0,,too_rare,,,
29577,0.0,,too_rare,,,
29578,0.0,,too_rare,,,
29579,0.0,,too_rare,,,
29580,0.0,,too_rare,,,
29581,2.8008066323101054e-05,,too_rare,,,
29583,0.0,,too_rare,,,
29584,0.0,,too_rare,,,
29585,0.00016804839793860632,,too_rare,,,
29586,0.0,,too_rare,,,
29587,2.8008066323101054e-05,,too_rare,,,
29588,0.0,,too_rare,,,
29589,0.0,,too_rare,,,
29590,0.0,,too_rare,,,
29591,2.8008066323101054e-05,,too_rare,,,
29592,0.005629621330943311,,too_rare,,,
29593,0.0,,too_rare,,,
29594,0.0,,too_rare,,,
29595,0.00016804839793860632,,too_rare,,,
29596,0.0,,too_rare,,,
29597,0.0,,too_rare,,,
29598,0.0,,too_rare,,,
29599,0.0,,too_rare,,,
29600,0.0,,too_rare,,,
29601,0.0,,too_rare,,,
29603,0.0,,too_rare,,,
29604,0.0,,too_rare,,,
29605,0.0,,too_rare,,,
29606,0.0,,too_rare,,,
29607,2.8008066323101054e-05,,too_rare,,,
29608,2.8008066323101054e-05,,too_rare,,,
29609,0.0,,too_rare,,,
29610,0.0,,too_rare,,,
29611,0.0,,too_rare,,,
29612,0.0,,too_rare,,,
29613,0.0,,too_rare,,,
29614,0.0,,too_rare,,,
29615,0.0,,too_rare,,,
29616,0.0,,too_rare,,,
29617,2.8008066323101054e-05,,too_rare,,,
29618,2.8008066323101054e-05,,too_rare,,,
29619,2.8008066323101054e-05,,too_rare,,,
29620,0.0,,too_rare,,,
29621,0.0,,too_rare,,,
29622,5.601613264620211e-05,,too_rare,,,
29623,2.8008066323101054e-05,,too_rare,,,
29624,0.0,,too_rare,,,
29625,8.402419896930316e-05,,too_rare,,,
29626,0.0,,too_rare,,,
29627,0.0,,too_rare,,,
29628,0.0,,too_rare,,,
29629,2.8008066323101054e-05,,too_rare,,,
29630,0.0,,too_rare,,,
29631,0.0,,too_rare,,,
29632,0.0,,too_rare,,,
29633,0.0,,too_rare,,,
29634,0.0008122339233699305,,too_rare,,,
29635,8.402419896930316e-05,,too_rare,,,
29636,0.00014004033161550526,,too_rare,,,
29637,0.0,,too_rare,,,
29638,0.0,,too_rare,,,
29639,8.402419896930316e-05,,too_rare,,,
29640,0.0,,too_rare,,,
29641,0.0012603629845395474,,too_rare,,,
29642,0.0,,too_rare,,,
29643,0.00014004033161550526,,too_rare,,,
29644,0.0,,too_rare,,,
29645,0.0,,too_rare,,,
29646,0.0,,too_rare,,,
29647,0.00014004033161550526,,too_rare,,,
29648,0.0,,too_rare,,,
29649,0.0,,too_rare,,,
29650,0.0,,too_rare,,,
29651,0.0,,too_rare,,,
29652,0.0,,too_rare,,,
29653,8.402419896930316e-05,,too_rare,,,
29654,0.0,,too_rare,,,
29655,0.0,,too_rare,,,
29656,0.0,,too_rare,,,
29657,2.8008066323101054e-05,,too_rare,,,
29658,0.0,,too_rare,,,
29659,0.0,,too_rare,,,
29660,0.0,,too_rare,,,
29661,0.0,,too_rare,,,
29662,0.0,,too_rare,,,
29663,0.0,,too_rare,,,
29665,0.0,,too_rare,,,
29666,0.00011203226529240422,,too_rare,,,
29667,5.601613264620211e-05,,too_rare,,,
29668,0.0,,too_rare,,,
29669,2.8008066323101054e-05,,too_rare,,,
29670,0.0,,too_rare,,,
29671,2.8008066323101054e-05,,too_rare,,,
29672,0.0,,too_rare,,,
29673,0.0,,too_rare,,,
29674,0.0,,too_rare,,,
29675,0.0,,too_rare,,,
29676,0.0,,too_rare,,,
29677,0.0,,too_rare,,,
29678,0.0,,too_rare,,,
29679,0.0,,too_rare,,,
29680,0.0,,too_rare,,,
29681,0.0,,too_rare,,,
29682,0.0,,too_rare,,,
29683,2.8008066323101054e-05,,too_rare,,,
29684,0.0,,too_rare,,,
29685,0.0,,too_rare,,,
29686,5.601613264620211e-05,,too_rare,,,
29687,0.0,,too_rare,,,
29688,0.0,,too_rare,,,
29689,0.00011203226529240422,,too_rare,,,
29690,0.0,,too_rare,,,
29691,2.8008066323101054e-05,,too_rare,,,
29692,0.0,,too_rare,,,
29693,0.0,,too_rare,,,
29694,0.0,,too_rare,,,
29695,0.00016804839793860632,,too_rare,,,
29696,0.0,,too_rare,,,
29697,0.0,,too_rare,,,
29698,0.000504145193815819,,too_rare,,,
29699,0.0,,too_rare,,,
29700,0.0,,too_rare,,,
29701,0.0,,too_rare,,,
29702,0.0,,too_rare,,,
29703,0.0,,too_rare,,,
29704,0.0,,too_rare,,,
29705,0.0,,too_rare,,,
29706,0.0,,too_rare,,,
29708,0.00014004033161550526,,too_rare,,,
29709,0.0,,too_rare,,,
29710,0.0,,too_rare,,,
29711,0.0,,too_rare,,,
29712,0.0,,too_rare,,,
29713,0.0,,too_rare,,,
29714,0.009018597356038539,,too_rare,,,
29715,0.006245798790051535,,too_rare,,,
29716,0.0,,too_rare,,,
29717,0.0,,too_rare,,,
29718,5.601613264620211e-05,,too_rare,,,
29719,0.0,,too_rare,,,
29720,0.0,,too_rare,,,
29721,0.0,,too_rare,,,
29722,0.006049742325789828,,too_rare,,,
29723,0.0,,too_rare,,,
29724,8.402419896930316e-05,,too_rare,,,
29725,5.601613264620211e-05,,too_rare,,,
29726,0.0,,too_rare,,,
29727,0.0,,too_rare,,,
29729,0.0,,too_rare,,,
29730,0.0,,too_rare,,,
29731,2.8008066323101054e-05,,too_rare,,,
29732,0.0,,too_rare,,,
29733,0.0,,too_rare,,,
29734,0.0,,too_rare,,,
29735,0.0,,too_rare,,,
29737,0.0,,too_rare,,,
29738,0.0,,too_rare,,,
29739,0.00011203226529240422,,too_rare,,,
29740,0.003809097019941743,,too_rare,,,
29741,8.402419896930316e-05,,too_rare,,,
29742,0.004509298678019269,,too_rare,,,
29743,0.0,,too_rare,,,
29744,0.0,,too_rare,,,
29745,0.0,,too_rare,,,
29746,0.0,,too_rare,,,
29747,0.0,,too_rare,,,
29748,0.0,,too_rare,,,
29749,0.0,,too_rare,,,
29750,0.0,,too_rare,,,
29751,0.0,,too_rare,,,
29752,0.0,,too_rare,,,
29753,0.0,,too_rare,,,
29754,0.0,,too_rare,,,
29755,5.601613264620211e-05,,too_rare,,,
29756,0.0,,too_rare,,,
29758,5.601613264620211e-05,,too_rare,,,
29759,0.0,,too_rare,,,
29760,0.0,,too_rare,,,
29761,0.000504145193815819,,too_rare,,,
29762,0.0,,too_rare,,,
29763,0.0,,too_rare,,,
29764,0.0,,too_rare,,,
29765,0.0,,too_rare,,,
29766,0.0,,too_rare,,,
29767,0.0,,too_rare,,,
29768,0.0,,too_rare,,,
29769,0.0,,too_rare,,,
29770,0.0,,too_rare,,,
29771,0.0,,too_rare,,,
29772,0.0,,too_rare,,,
29773,0.0,,too_rare,,,
29774,0.0,,too_rare,,,
29775,0.0,,too_rare,,,
29776,0.00033609679587721263,,too_rare,,,
29777,2.8008066323101054e-05,,too_rare,,,
29778,0.0,,too_rare,,,
29779,0.0,,too_rare,,,
29780,2.8008066323101054e-05,,too_rare,,,
29781,0.0,,too_rare,,,
29782,2.8008066323101054e-05,,too_rare,,,
29783,0.0,,too_rare,,,
29784,0.0,,too_rare,,,
29786,0.0,,too_rare,,,
29787,5.601613264620211e-05,,too_rare,,,
29788,0.0,,too_rare,,,
29789,2.8008066323101054e-05,,too_rare,,,
29790,0.0,,too_rare,,,
29791,0.0,,too_rare,,,
29792,0.0,,too_rare,,,
29793,0.0,,too_rare,,,
29794,2.8008066323101054e-05,,too_rare,,,
29795,0.0,,too_rare,,,
29796,0.0,,too_rare,,,
29797,0.0,,too_rare,,,
29798,0.0,,too_rare,,,
29799,0.0,,too_rare,,,
29800,0.0,,too_rare,,,
29801,0.0,,too_rare,,,
29802,0.0,,too_rare,,,
29803,0.0,,too_rare,,,
29804,0.0,,too_rare,,,
29805,2.8008066323101054e-05,,too_rare,,,
29806,0.0,,too_rare,,,
29807,0.0,,too_rare,,,
29808,0.0,,too_rare,,,
29810,0.0,,too_rare,,,
29811,0.0,,too_rare,,,
29812,2.8008066323101054e-05,,too_rare,,,
29813,0.0,,too_rare,,,
29814,0.0,,too_rare,,,
29815,0.0,,too_rare,,,
29816,0.001092314586600941,,too_rare,,,
29817,0.0,,too_rare,,,
29818,0.0,,too_rare,,,
29819,0.0,,too_rare,,,
29820,0.0,,too_rare,,,
29821,0.0,,too_rare,,,
29822,0.0,,too_rare,,,
29823,0.0,,too_rare,,,
29824,0.0,,too_rare,,,
29825,0.0,,too_rare,,,
29826,5.601613264620211e-05,,too_rare,,,
29827,0.0,,too_rare,,,
29828,0.0,,too_rare,,,
29829,2.8008066323101054e-05,,too_rare,,,
29831,2.8008066323101054e-05,,too_rare,,,
29832,0.0,,too_rare,,,
29833,0.0,,too_rare,,,
29834,0.0,,too_rare,,,
29835,2.8008066323101054e-05,,too_rare,,,
29836,0.0,,too_rare,,,
29837,0.0,,too_rare,,,
29838,0.0,,too_rare,,,
29839,2.8008066323101054e-05,,too_rare,,,
29840,0.0,,too_rare,,,
29841,2.8008066323101054e-05,,too_rare,,,
29842,0.0,,too_rare,,,
29843,2.8008066323101054e-05,,too_rare,,,
29844,0.0,,too_rare,,,
29845,0.0,,too_rare,,,
29846,0.0,,too_rare,,,
29847,0.0,,too_rare,,,
29848,0.0,,too_rare,,,
29849,0.0,,too_rare,,,
29850,0.0,,too_rare,,,
29851,0.0,,too_rare,,,
29852,0.0,,too_rare,,,
29853,0.0,,too_rare,,,
29854,0.0,,too_rare,,,
29855,0.0,,too_rare,,,
29856,0.0002800806632310105,,too_rare,,,
29857,0.0,,too_rare,,,
29858,0.0,,too_rare,,,
29859,0.0,,too_rare,,,
29860,0.0,,too_rare,,,
29861,0.0,,too_rare,,,
29862,0.0,,too_rare,,,
29863,8.402419896930316e-05,,too_rare,,,
29864,0.0,,too_rare,,,
29865,0.0,,too_rare,,,
29866,0.0,,too_rare,,,
29867,0.0,,too_rare,,,
29868,0.0,,too_rare,,,
29869,0.0,,too_rare,,,
29870,0.0,,too_rare,,,
29871,2.8008066323101054e-05,,too_rare,,,
29872,0.0,,too_rare,,,
29874,2.8008066323101054e-05,,too_rare,,,
29875,0.0,,too_rare,,,
29876,0.0,,too_rare,,,
29877,0.0,,too_rare,,,
29878,5.601613264620211e-05,,too_rare,,,
29879,0.0,,too_rare,,,
29880,5.601613264620211e-05,,too_rare,,,
29881,0.0,,too_rare,,,
29882,2.8008066323101054e-05,,too_rare,,,
29883,0.0,,too_rare,,,
29884,0.0,,too_rare,,,
29885,0.00011203226529240422,,too_rare,,,
29886,0.0,,too_rare,,,
29887,0.0,,too_rare,,,
29888,2.8008066323101054e-05,,too_rare,,,
29889,0.0,,too_rare,,,
29890,0.0,,too_rare,,,
29891,0.0,,too_rare,,,
29892,0.0,,too_rare,,,
29893,0.0,,too_rare,,,
29894,0.0,,too_rare,,,
29895,0.0,,too_rare,,,
29896,0.0,,too_rare,,,
29897,0.0,,too_rare,,,
29898,0.0,,too_rare,,,
29899,0.0,,too_rare,,,
29900,0.0,,too_rare,,,
29901,5.601613264620211e-05,,too_rare,,,
29902,2.8008066323101054e-05,,too_rare,,,
29904,0.00014004033161550526,,too_rare,,,
29905,0.0,,too_rare,,,
29906,0.0,,too_rare,,,
29907,0.0,,too_rare,,,
29908,0.00022406453058480843,,too_rare,,,
29909,0.00011203226529240422,,too_rare,,,
29910,2.8008066323101054e-05,,too_rare,,,
29911,0.0,,too_rare,,,
29913,0.0,,too_rare,,,
29914,0.0,,too_rare,,,
29915,0.0,,too_rare,,,
29916,0.0,,too_rare,,,
29917,0.0,,too_rare,,,
29918,0.0,,too_rare,,,
29919,0.0,,too_rare,,,
29920,0.0,,too_rare,,,
29921,2.8008066323101054e-05,,too_rare,,,
29922,0.0,,too_rare,,,
29923,0.0,,too_rare,,,
29924,0.0,,too_rare,,,
29925,0.0,,too_rare,,,
29926,0.0,,too_rare,,,
29927,0.0,,too_rare,,,
29928,0.0,,too_rare,,,
29929,0.0,,too_rare,,,
29930,0.0,,too_rare,,,
29931,0.0,,too_rare,,,
29932,0.0,,too_rare,,,
29933,2.8008066323101054e-05,,too_rare,,,
29934,8.402419896930316e-05,,too_rare,,,
29935,2.8008066323101054e-05,,too_rare,,,
29936,0.0,,too_rare,,,
29937,0.0,,too_rare,,,
29938,2.8008066323101054e-05,,too_rare,,,
29939,0.0,,too_rare,,,
29940,0.0,,too_rare,,,
29941,0.0,,too_rare,,,
29942,0.0,,too_rare,,,
29943,0.0,,too_rare,,,
29944,0.0,,too_rare,,,
29945,0.0,,too_rare,,,
29946,0.00826237956531481,,too_rare,,,
29947,2.8008066323101054e-05,,too_rare,,,
29948,0.0,,too_rare,,,
29949,0.0,,too_rare,,,
29950,0.0,,too_rare,,,
29951,0.0,,too_rare,,,
29952,0.0,,too_rare,,,
29953,0.0,,too_rare,,,
29954,0.0,,too_rare,,,
29955,0.0,,too_rare,,,
29956,5.601613264620211e-05,,too_rare,,,
29957,0.005489580999327806,,too_rare,,,
29958,0.0,,too_rare,,,
29960,0.0,,too_rare,,,
29961,0.0,,too_rare,,,
29962,0.0,,too_rare,,,
29963,2.8008066323101054e-05,,too_rare,,,
29964,0.0,,too_rare,,,
29965,0.0,,too_rare,,,
29966,2.8008066323101054e-05,,too_rare,,,
29967,0.00011203226529240422,,too_rare,,,
29968,2.8008066323101054e-05,,too_rare,,,
29969,0.0,,too_rare,,,
29970,2.8008066323101054e-05,,too_rare,,,
29972,8.402419896930316e-05,,too_rare,,,
29973,2.8008066323101054e-05,,too_rare,,,
29974,2.8008066323101054e-05,,too_rare,,,
29975,0.001624467846739861,,too_rare,,,
29976,0.0,,too_rare,,,
29977,0.0,,too_rare,,,
29978,0.0,,too_rare,,,
29979,0.0,,too_rare,,,
29980,0.0,,too_rare,,,
29981,0.0,,too_rare,,,
29982,0.002212637239524983,,too_rare,,,
29983,0.0,,too_rare,,,
29984,0.0,,too_rare,,,
29985,0.0,,too_rare,,,
29986,0.0,,too_rare,,,
29987,0.0,,too_rare,,,
29988,0.0,,too_rare,,,
29989,0.0,,too_rare,,,
29990,0.0,,too_rare,,,
29991,0.0,,too_rare,,,
29992,0.0,,too_rare,,,
29993,0.0,,too_rare,,,
29994,0.0,,too_rare,,,
29996,0.0,,too_rare,,,
29998,0.0,,too_rare,,,
29999,0.0,,too_rare,,,
30000,2.8008066323101054e-05,,too_rare,,,
30001,0.0,,too_rare,,,
30002,0.0,,too_rare,,,
30003,0.0,,too_rare,,,
30004,8.402419896930316e-05,,too_rare,,,
30005,0.0,,too_rare,,,
30006,0.0,,too_rare,,,
30007,0.0,,too_rare,,,
30008,0.0016804839793860631,,too_rare,,,
30009,0.0,,too_rare,,,
30010,0.0,,too_rare,,,
30011,0.0,,too_rare,,,
30012,2.8008066323101054e-05,,too_rare,,,
30013,0.0,,too_rare,,,
30014,2.8008066323101054e-05,,too_rare,,,
30015,0.0,,too_rare,,,
30016,0.0,,too_rare,,,
30017,2.8008066323101054e-05,,too_rare,,,
30018,0.0,,too_rare,,,
30019,2.8008066323101054e-05,,too_rare,,,
30020,0.0,,too_rare,,,
30022,0.0,,too_rare,,,
30023,2.8008066323101054e-05,,too_rare,,,
30024,0.0,,too_rare,,,
30025,0.0,,too_rare,,,
30026,0.0,,too_rare,,,
30027,0.0,,too_rare,,,
30028,0.0,,too_rare,,,
30029,0.0,,too_rare,,,
30030,0.0,,too_rare,,,
30031,0.0,,too_rare,,,
30033,0.0,,too_rare,,,
30034,0.00039211292852341475,,too_rare,,,
30035,0.0,,too_rare,,,
30036,2.8008066323101054e-05,,too_rare,,,
30037,0.0,,too_rare,,,
30039,2.8008066323101054e-05,,too_rare,,,
30040,0.0,,too_rare,,,
30041,0.0,,too_rare,,,
30042,0.0,,too_rare,,,
30043,0.0,,too_rare,,,
30044,2.8008066323101054e-05,,too_rare,,,
30045,2.8008066323101054e-05,,too_rare,,,
30046,0.0,,too_rare,,,
30047,0.0,,too_rare,,,
30048,2.8008066323101054e-05,,too_rare,,,
30049,0.0058536858615281205,,too_rare,,,
30050,0.0,,too_rare,,,
30051,0.0,,too_rare,,,
30052,0.0,,too_rare,,,
30053,0.0,,too_rare,,,
30054,2.8008066323101054e-05,,too_rare,,,
30055,0.0,,too_rare,,,
30056,0.0,,too_rare,,,
30057,0.0,,too_rare,,,
30058,0.0,,too_rare,,,
30059,0.0,,too_rare,,,
30060,0.0,,too_rare,,,
30061,0.0,,too_rare,,,
30062,2.8008066323101054e-05,,too_rare,,,
30063,0.0,,too_rare,,,
30064,0.0,,too_rare,,,
30065,5.601613264620211e-05,,too_rare,,,
30066,0.0,,too_rare,,,
30067,0.002100604974232579,,too_rare,,,
30068,0.0,,too_rare,,,
30069,0.0,,too_rare,,,
30070,0.0046493390096347745,,too_rare,,,
30071,0.0,,too_rare,,,
30072,5.601613264620211e-05,,too_rare,,,
30073,2.8008066323101054e-05,,too_rare,,,
30074,0.0,,too_rare,,,
30076,0.0,,too_rare,,,
30077,0.0,,too_rare,,,
30078,0.0,,too_rare,,,
30079,0.0,,too_rare,,,
30080,0.0,,too_rare,,,
30081,0.0,,too_rare,,,
30083,2.8008066323101054e-05,,too_rare,,,
30084,0.0,,too_rare,,,
30085,2.8008066323101054e-05,,too_rare,,,
30086,2.8008066323101054e-05,,too_rare,,,
30087,0.0,,too_rare,,,
30088,0.0,,too_rare,,,
30089,0.0,,too_rare,,,
30090,2.8008066323101054e-05,,too_rare,,,
30091,0.0,,too_rare,,,
30092,0.0,,too_rare,,,
30093,0.0,,too_rare,,,
30094,0.0,,too_rare,,,
30095,0.0,,too_rare,,,
30096,0.0,,too_rare,,,
30097,0.0,,too_rare,,,
30098,0.0,,too_rare,,,
30099,0.0,,too_rare,,,
30100,0.0,,too_rare,,,
30101,0.0,,too_rare,,,
30102,0.0,,too_rare,,,
30103,0.0,,too_rare,,,
30104,2.8008066323101054e-05,,too_rare,,,
30105,2.8008066323101054e-05,,too_rare,,,
30106,0.0,,too_rare,,,
30107,0.0,,too_rare,,,
30108,0.0,,too_rare,,,
30110,0.0,,too_rare,,,
30112,0.0,,too_rare,,,
30113,0.0,,too_rare,,,
30114,2.8008066323101054e-05,,too_rare,,,
30115,0.0,,too_rare,,,
30116,0.0,,too_rare,,,
30117,0.0,,too_rare,,,
30118,0.0,,too_rare,,,
30120,0.0,,too_rare,,,
30121,0.0,,too_rare,,,
30122,0.0,,too_rare,,,
30123,0.0,,too_rare,,,
30124,0.0,,too_rare,,,
30125,0.0002800806632310105,,too_rare,,,
30126,0.0,,too_rare,,,
30127,0.0,,too_rare,,,
30128,0.0,,too_rare,,,
30129,8.402419896930316e-05,,too_rare,,,
30130,0.0,,too_rare,,,
30131,0.0,,too_rare,,,
30132,0.0,,too_rare,,,
30134,0.0,,too_rare,,,
30135,0.0,,too_rare,,,
30136,0.002576742101725297,,too_rare,,,
30137,5.601613264620211e-05,,too_rare,,,
30138,0.0,,too_rare,,,
30139,0.0,,too_rare,,,
30140,0.0,,too_rare,,,
30141,0.0,,too_rare,,,
30142,0.0,,too_rare,,,
30143,0.0,,too_rare,,,
30144,0.0,,too_rare,,,
30145,0.0,,too_rare,,,
30146,0.002436701770109792,,too_rare,,,
30147,0.0,,too_rare,,,
30148,0.0,,too_rare,,,
30149,0.0,,too_rare,,,
30150,2.8008066323101054e-05,,too_rare,,,
30151,2.8008066323101054e-05,,too_rare,,,
30152,0.0,,too_rare,,,
30153,0.0,,too_rare,,,
30154,0.0,,too_rare,,,
30155,5.601613264620211e-05,,too_rare,,,
30156,0.0,,too_rare,,,
30157,0.0,,too_rare,,,
30158,0.0,,too_rare,,,
30159,0.00044812906116961686,,too_rare,,,
30160,5.601613264620211e-05,,too_rare,,,
30161,0.0,,too_rare,,,
30162,0.0,,too_rare,,,
30163,0.0,,too_rare,,,
30164,0.0,,too_rare,,,
30165,0.0,,too_rare,,,
30166,0.0,,too_rare,,,
30167,0.0,,too_rare,,,
30168,0.0,,too_rare,,,
30169,0.0,,too_rare,,,
30171,0.0,,too_rare,,,
30173,0.0,,too_rare,,,
30174,0.0,,too_rare,,,
30175,0.00011203226529240422,,too_rare,,,
30176,0.0,,too_rare,,,
30177,2.8008066323101054e-05,,too_rare,,,
30178,5.601613264620211e-05,,too_rare,,,
30179,0.0,,too_rare,,,
30180,0.0,,too_rare,,,
30182,0.0,,too_rare,,,
30183,5.601613264620211e-05,,too_rare,,,
30184,0.0,,too_rare,,,
30185,0.0,,too_rare,,,
30186,0.00016804839793860632,,too_rare,,,
30187,0.0,,too_rare,,,
30188,0.0,,too_rare,,,
30189,0.0,,too_rare,,,
30190,0.0,,too_rare,,,
30191,0.0,,too_rare,,,
30192,0.0,,too_rare,,,
30193,0.0,,too_rare,,,
30194,0.0,,too_rare,,,
30195,0.0,,too_rare,,,
30196,0.0,,too_rare,,,
30197,0.0,,too_rare,,,
30198,0.003304951826125924,,too_rare,,,
30199,0.00033609679587721263,,too_rare,,,
30200,0.0,,too_rare,,,
30201,0.0,,too_rare,,,
30202,0.0,,too_rare,,,
30203,0.0,,too_rare,,,
30204,0.0,,too_rare,,,
30205,0.0,,too_rare,,,
30206,0.0,,too_rare,,,
30207,0.00016804839793860632,,too_rare,,,
30208,0.0,,too_rare,,,
30209,0.0,,too_rare,,,
30210,0.0,,too_rare,,,
30211,0.0,,too_rare,,,
30212,0.0,,too_rare,,,
30213,0.0,,too_rare,,,
30214,0.0,,too_rare,,,
30215,0.0,,too_rare,,,
30216,0.00019605646426170737,,too_rare,,,
30217,0.0,,too_rare,,,
30218,0.0,,too_rare,,,
30219,0.0,,too_rare,,,
30220,0.0,,too_rare,,,
30221,0.0046213309433116734,,too_rare,,,
30222,2.8008066323101054e-05,,too_rare,,,
30223,0.0,,too_rare,,,
30224,0.0,,too_rare,,,
30225,0.0,,too_rare,,,
30226,0.0,,too_rare,,,
30227,2.8008066323101054e-05,,too_rare,,,
30228,0.0,,too_rare,,,
30229,0.0009242661886623348,,too_rare,,,
30230,2.8008066323101054e-05,,too_rare,,,
30231,0.0,,too_rare,,,
30232,0.00014004033161550526,,too_rare,,,
30233,0.0,,too_rare,,,
30234,0.0003080887295541116,,too_rare,,,
30235,0.0,,too_rare,,,
30236,5.601613264620211e-05,,too_rare,,,
30237,0.0,,too_rare,,,
30238,2.8008066323101054e-05,,too_rare,,,
30239,0.0,,too_rare,,,
30240,0.0,,too_rare,,,
30241,0.0,,too_rare,,,
30242,0.0,,too_rare,,,
30243,0.0,,too_rare,,,
30244,2.8008066323101054e-05,,too_rare,,,
30245,0.0,,too_rare,,,
30246,0.0,,too_rare,,,
30247,0.0,,too_rare,,,
30248,2.8008066323101054e-05,,too_rare,,,
30249,0.0,,too_rare,,,
30250,0.0,,too_rare,,,
30251,0.0,,too_rare,,,
30252,0.00016804839793860632,,too_rare,,,
30253,2.8008066323101054e-05,,too_rare,,,
30254,0.0,,too_rare,,,
30255,0.0,,too_rare,,,
30256,8.402419896930316e-05,,too_rare,,,
30257,2.8008066323101054e-05,,too_rare,,,
30258,0.0,,too_rare,,,
30259,8.402419896930316e-05,,too_rare,,,
30260,0.0,,too_rare,,,
30261,0.0,,too_rare,,,
30262,0.0,,too_rare,,,
30263,0.0,,too_rare,,,
30264,0.0,,too_rare,,,
30265,2.8008066323101054e-05,,too_rare,,,
30266,5.601613264620211e-05,,too_rare,,,
30267,0.0,,too_rare,,,
30268,0.0,,too_rare,,,
30269,0.0,,too_rare,,,
30270,0.0,,too_rare,,,
30271,2.8008066323101054e-05,,too_rare,,,
30272,0.0,,too_rare,,,
30273,0.0,,too_rare,,,
30274,0.0,,too_rare,,,
30275,2.8008066323101054e-05,,too_rare,,,
30276,0.0,,too_rare,,,
30277,0.0,,too_rare,,,
30278,0.0,,too_rare,,,
30279,0.0,,too_rare,,,
30280,0.0,,too_rare,,,
30281,0.0,,too_rare,,,
30282,0.0,,too_rare,,,
30283,0.0,,too_rare,,,
30284,0.0,,too_rare,,,
30285,0.0,,too_rare,,,
30286,0.0,,too_rare,,,
30287,0.0,,too_rare,,,
30288,0.0,,too_rare,,,
30289,2.8008066323101054e-05,,too_rare,,,
30290,0.0,,too_rare,,,
30291,0.0,,too_rare,,,
30292,0.0,,too_rare,,,
30293,0.0,,too_rare,,,
30294,5.601613264620211e-05,,too_rare,,,
30295,0.0,,too_rare,,,
30296,0.0,,too_rare,,,
30297,0.0,,too_rare,,,
30298,0.0,,too_rare,,,
30299,0.00019605646426170737,,too_rare,,,
30300,0.0,,too_rare,,,
30301,0.0,,too_rare,,,
30302,0.0,,too_rare,,,
30303,0.0,,too_rare,,,
30304,0.0,,too_rare,,,
30305,2.8008066323101054e-05,,too_rare,,,
30306,0.0,,too_rare,,,
30307,2.8008066323101054e-05,,too_rare,,,
30308,2.8008066323101054e-05,,too_rare,,,
30309,0.0,,too_rare,,,
30310,0.0,,too_rare,,,
30311,0.0,,too_rare,,,
30312,0.0,,too_rare,,,
30313,5.601613264620211e-05,,too_rare,,,
30314,0.0,,too_rare,,,
30315,0.0,,too_rare,,,
30316,0.0,,too_rare,,,
30318,0.0,,too_rare,,,
30319,0.0,,too_rare,,,
30320,2.8008066323101054e-05,,too_rare,,,
30321,0.0,,too_rare,,,
30322,0.0,,too_rare,,,
30323,0.0,,too_rare,,,
30324,2.8008066323101054e-05,,too_rare,,,
30325,0.0,,too_rare,,,
30326,0.0,,too_rare,,,
30327,0.0,,too_rare,,,
30328,0.0,,too_rare,,,
30329,0.0,,too_rare,,,
30330,0.0,,too_rare,,,
30331,0.0,,too_rare,,,
30332,8.402419896930316e-05,,too_rare,,,
30335,0.0,,too_rare,,,
30336,0.0,,too_rare,,,
30337,0.0004201209948465158,,too_rare,,,
30338,2.8008066323101054e-05,,too_rare,,,
30339,0.0,,too_rare,,,
30340,0.0,,too_rare,,,
30341,0.0,,too_rare,,,
30342,0.0,,too_rare,,,
30343,0.0,,too_rare,,,
30344,0.0,,too_rare,,,
30345,2.8008066323101054e-05,,too_rare,,,
30346,0.0003080887295541116,,too_rare,,,
30347,0.0,,too_rare,,,
30348,0.0,,too_rare,,,
30349,0.0,,too_rare,,,
30350,0.00036410486220031366,,too_rare,,,
30351,0.0,,too_rare,,,
30352,2.8008066323101054e-05,,too_rare,,,
30353,0.001120322652924042,,too_rare,,,
30354,2.8008066323101054e-05,,too_rare,,,
30355,0.0,,too_rare,,,
30356,2.8008066323101054e-05,,too_rare,,,
30357,0.0,,too_rare,,,
30358,0.0,,too_rare,,,
30359,0.0,,too_rare,,,
30360,0.0,,too_rare,,,
30361,0.0,,too_rare,,,
30362,0.0016804839793860631,,too_rare,,,
30363,2.8008066323101054e-05,,too_rare,,,
30364,0.0,,too_rare,,,
30365,0.0,,too_rare,,,
30366,0.0,,too_rare,,,
30367,0.0,,too_rare,,,
30368,2.8008066323101054e-05,,too_rare,,,
30369,0.0,,too_rare,,,
30370,0.0,,too_rare,,,
30371,0.006021734259466727,,too_rare,,,
30372,0.0,,too_rare,,,
30373,0.0,,too_rare,,,
30374,0.0,,too_rare,,,
30375,0.0,,too_rare,,,
30376,0.0,,too_rare,,,
30377,0.0,,too_rare,,,
30378,0.0,,too_rare,,,
30379,2.8008066323101054e-05,,too_rare,,,
30380,0.0,,too_rare,,,
30381,0.0,,too_rare,,,
30382,0.0,,too_rare,,,
30383,0.0,,too_rare,,,
30384,2.8008066323101054e-05,,too_rare,,,
30385,0.0,,too_rare,,,
30386,0.0,,too_rare,,,
30387,0.0,,too_rare,,,
30388,0.0,,too_rare,,,
30389,0.0,,too_rare,,,
30390,0.0,,too_rare,,,
30391,0.0,,too_rare,,,
30392,0.0,,too_rare,,,
30393,5.601613264620211e-05,,too_rare,,,
30394,0.0,,too_rare,,,
30395,0.0,,too_rare,,,
30396,0.0,,too_rare,,,
30397,0.00011203226529240422,,too_rare,,,
30398,0.0,,too_rare,,,
30399,0.0,,too_rare,,,
30400,0.0,,too_rare,,,
30401,5.601613264620211e-05,,too_rare,,,
30402,0.0,,too_rare,,,
30403,0.0,,too_rare,,,
30404,0.0,,too_rare,,,
30405,2.8008066323101054e-05,,too_rare,,,
30407,0.0,,too_rare,,,
30408,0.0,,too_rare,,,
30409,0.0,,too_rare,,,
30411,2.8008066323101054e-05,,too_rare,,,
30412,0.0,,too_rare,,,
30413,0.0,,too_rare,,,
30414,0.0,,too_rare,,,
30415,0.0,,too_rare,,,
30416,0.0,,too_rare,,,
30417,0.0,,too_rare,,,
30418,0.0,,too_rare,,,
30419,0.0,,too_rare,,,
30420,0.0,,too_rare,,,
30421,0.0,,too_rare,,,
30422,0.0,,too_rare,,,
30423,0.0,,too_rare,,,
30424,0.0,,too_rare,,,
30425,0.0,,too_rare,,,
30426,0.0,,too_rare,,,
30427,2.8008066323101054e-05,,too_rare,,,
30428,0.0,,too_rare,,,
30429,0.0003080887295541116,,too_rare,,,
30430,0.00014004033161550526,,too_rare,,,
30431,2.8008066323101054e-05,,too_rare,,,
30432,0.009578758682500561,,too_rare,,,
30433,0.0,,too_rare,,,
30434,0.0,,too_rare,,,
30435,0.0,,too_rare,,,
30436,0.0,,too_rare,,,
30438,0.0,,too_rare,,,
30439,0.0,,too_rare,,,
30440,0.0,,too_rare,,,
30441,0.0,,too_rare,,,
30442,0.0,,too_rare,,,
30443,0.0,,too_rare,,,
30444,0.0,,too_rare,,,
30445,0.0,,too_rare,,,
30446,0.0,,too_rare,,,
30447,0.0,,too_rare,,,
30448,0.0,,too_rare,,,
30449,0.0,,too_rare,,,
30450,0.0,,too_rare,,,
30451,0.0,,too_rare,,,
30452,0.0,,too_rare,,,
30453,0.0004761371274927179,,too_rare,,,
30454,0.0,,too_rare,,,
30455,0.0,,too_rare,,,
30456,0.0,,too_rare,,,
30457,0.0,,too_rare,,,
30458,2.8008066323101054e-05,,too_rare,,,
30459,0.0,,too_rare,,,
30460,0.0,,too_rare,,,
30461,0.0,,too_rare,,,
30462,0.0,,too_rare,,,
30464,0.0,,too_rare,,,
30465,0.0,,too_rare,,,
30466,0.0,,too_rare,,,
30467,0.0,,too_rare,,,
30468,0.0,,too_rare,,,
30469,0.0,,too_rare,,,
30470,0.0,,too_rare,,,
30471,0.0,,too_rare,,,
30472,0.0,,too_rare,,,
30473,0.0,,too_rare,,,
30474,2.8008066323101054e-05,,too_rare,,,
30475,0.0,,too_rare,,,
30476,0.0,,too_rare,,,
30477,0.0,,too_rare,,,
30478,0.00039211292852341475,,too_rare,,,
30479,0.0,,too_rare,,,
30480,0.0,,too_rare,,,
30481,2.8008066323101054e-05,,too_rare,,,
30482,0.0,,too_rare,,,
30485,5.601613264620211e-05,,too_rare,,,
30486,2.8008066323101054e-05,,too_rare,,,
30487,0.0,,too_rare,,,
30488,0.0,,too_rare,,,
30489,0.0,,too_rare,,,
30490,0.0,,too_rare,,,
30491,0.0,,too_rare,,,
30492,0.0,,too_rare,,,
30493,0.0,,too_rare,,,
30494,5.601613264620211e-05,,too_rare,,,
30495,0.0,,too_rare,,,
30498,5.601613264620211e-05,,too_rare,,,
30499,0.0,,too_rare,,,
30500,0.0,,too_rare,,,
30501,0.0,,too_rare,,,
30502,0.0,,too_rare,,,
30503,0.0,,too_rare,,,
30504,5.601613264620211e-05,,too_rare,,,
30505,0.0,,too_rare,,,
30507,0.006581895585928747,,too_rare,,,
30508,0.0,,too_rare,,,
30509,2.8008066323101054e-05,,too_rare,,,
30510,2.8008066323101054e-05,,too_rare,,,
30511,0.0,,too_rare,,,
30512,2.8008066323101054e-05,,too_rare,,,
30513,0.0,,too_rare,,,
30514,0.0,,too_rare,,,
30515,0.0,,too_rare,,,
30516,0.0,,too_rare,,,
30518,0.0,,too_rare,,,
30519,0.0003080887295541116,,too_rare,,,
30520,0.0,,too_rare,,,
30521,0.0,,too_rare,,,
30522,0.0,,too_rare,,,
30523,0.0,,too_rare,,,
30524,2.8008066323101054e-05,,too_rare,,,
30525,0.0,,too_rare,,,
30526,0.0,,too_rare,,,
30527,0.0,,too_rare,,,
30529,0.0,,too_rare,,,
30531,0.0,,too_rare,,,
30532,2.8008066323101054e-05,,too_rare,,,
30533,0.00011203226529240422,,too_rare,,,
30534,0.001540443647770558,,too_rare,,,
30535,0.0,,too_rare,,,
30536,0.0013723952498319516,,too_rare,,,
30537,2.8008066323101054e-05,,too_rare,,,
30538,0.0,,too_rare,,,
30539,2.8008066323101054e-05,,too_rare,,,
30540,0.0,,too_rare,,,
30541,2.8008066323101054e-05,,too_rare,,,
30542,0.00019605646426170737,,too_rare,,,
30543,0.0,,too_rare,,,
30544,2.8008066323101054e-05,,too_rare,,,
30545,0.0,,too_rare,,,
30546,0.0,,too_rare,,,
30547,0.0,,too_rare,,,
30548,0.0,,too_rare,,,
30549,0.0,,too_rare,,,
30550,0.0,,too_rare,,,
30551,0.0,,too_rare,,,
30552,0.00022406453058480843,,too_rare,,,
30553,0.0,,too_rare,,,
30554,0.0,,too_rare,,,
30555,0.0,,too_rare,,,
30556,0.0,,too_rare,,,
30557,0.0,,too_rare,,,
30558,8.402419896930316e-05,,too_rare,,,
30559,0.0,,too_rare,,,
30560,0.0,,too_rare,,,
30561,0.0,,too_rare,,,
30562,0.0,,too_rare,,,
30564,2.8008066323101054e-05,,too_rare,,,
30565,2.8008066323101054e-05,,too_rare,,,
30566,0.00011203226529240422,,too_rare,,,
30567,0.0,,too_rare,,,
30568,0.0,,too_rare,,,
30569,2.8008066323101054e-05,,too_rare,,,
30570,0.0,,too_rare,,,
30571,2.8008066323101054e-05,,too_rare,,,
30572,0.0,,too_rare,,,
30574,0.0,,too_rare,,,
30575,0.0,,too_rare,,,
30576,0.0,,too_rare,,,
30577,0.0,,too_rare,,,
30578,0.0,,too_rare,,,
30579,0.0,,too_rare,,,
30580,0.0,,too_rare,,,
30581,2.8008066323101054e-05,,too_rare,,,
30582,0.004593322876988572,,too_rare,,,
30583,0.00039211292852341475,,too_rare,,,
30584,0.0,,too_rare,,,
30585,0.0,,too_rare,,,
30586,2.8008066323101054e-05,,too_rare,,,
30587,0.0,,too_rare,,,
30588,2.8008066323101054e-05,,too_rare,,,
30590,0.0,,too_rare,,,
30591,0.0,,too_rare,,,
30592,8.402419896930316e-05,,too_rare,,,
30593,0.0,,too_rare,,,
30594,0.0,,too_rare,,,
30595,2.8008066323101054e-05,,too_rare,,,
30596,0.0,,too_rare,,,
30597,2.8008066323101054e-05,,too_rare,,,
30598,0.0,,too_rare,,,
30599,0.0,,too_rare,,,
30600,0.0,,too_rare,,,
30601,2.8008066323101054e-05,,too_rare,,,
30602,0.0006441855254313242,,too_rare,,,
30603,0.0,,too_rare,,,
30604,0.0,,too_rare,,,
30605,2.8008066323101054e-05,,too_rare,,,
30607,0.0,,too_rare,,,
30608,0.0,,too_rare,,,
30610,0.0,,too_rare,,,
30611,8.402419896930316e-05,,too_rare,,,
30612,0.0,,too_rare,,,
30613,0.0,,too_rare,,,
30614,0.0,,too_rare,,,
30615,0.0,,too_rare,,,
30616,0.0,,too_rare,,,
30617,0.0,,too_rare,,,
30618,0.0,,too_rare,,,
30619,0.0,,too_rare,,,
30620,0.0,,too_rare,,,
30621,0.0,,too_rare,,,
30622,0.0,,too_rare,,,
30623,0.0,,too_rare,,,
30624,0.0,,too_rare,,,
30625,2.8008066323101054e-05,,too_rare,,,
30626,0.0,,too_rare,,,
30627,2.8008066323101054e-05,,too_rare,,,
30628,0.0,,too_rare,,,
30629,2.8008066323101054e-05,,too_rare,,,
30630,0.00014004033161550526,,too_rare,,,
30631,2.8008066323101054e-05,,too_rare,,,
30632,2.8008066323101054e-05,,too_rare,,,
30633,8.402419896930316e-05,,too_rare,,,
30634,0.0,,too_rare,,,
30635,2.8008066323101054e-05,,too_rare,,,
30636,0.0,,too_rare,,,
30637,2.8008066323101054e-05,,too_rare,,,
30638,0.0,,too_rare,,,
30639,0.0,,too_rare,,,
30640,0.0,,too_rare,,,
30641,0.0,,too_rare,,,
30642,0.0,,too_rare,,,
30643,0.00019605646426170737,,too_rare,,,
30644,0.00022406453058480843,,too_rare,,,
30645,0.0,,too_rare,,,
30646,8.402419896930316e-05,,too_rare,,,
30647,0.0,,too_rare,,,
30648,0.0,,too_rare,,,
30649,0.0,,too_rare,,,
30650,0.0006161774591082232,,too_rare,,,
30651,0.0,,too_rare,,,
30652,0.0,,too_rare,,,
30653,0.0,,too_rare,,,
30654,0.0,,too_rare,,,
30655,2.8008066323101054e-05,,too_rare,,,
30656,0.0,,too_rare,,,
30657,0.0,,too_rare,,,
30658,0.0,,too_rare,,,
30659,0.0,,too_rare,,,
30660,0.0,,too_rare,,,
30661,0.0,,too_rare,,,
30662,0.0,,too_rare,,,
30663,0.0,,too_rare,,,
30664,0.0,,too_rare,,,
30665,0.0,,too_rare,,,
30666,0.0,,too_rare,,,
30667,2.8008066323101054e-05,,too_rare,,,
30668,0.0,,too_rare,,,
30669,0.0,,too_rare,,,
30670,0.00036410486220031366,,too_rare,,,
30671,0.0,,too_rare,,,
30672,0.0,,too_rare,,,
30673,0.00011203226529240422,,too_rare,,,
30674,0.0,,too_rare,,,
30675,0.0,,too_rare,,,
30676,0.0,,too_rare,,,
30677,0.0,,too_rare,,,
30678,0.0,,too_rare,,,
30679,0.0,,too_rare,,,
30680,2.8008066323101054e-05,,too_rare,,,
30681,0.0,,too_rare,,,
30682,0.0,,too_rare,,,
30683,0.0,,too_rare,,,
30684,2.8008066323101054e-05,,too_rare,,,
30685,0.008066323101053104,,too_rare,,,
30686,0.0,,too_rare,,,
30687,2.8008066323101054e-05,,too_rare,,,
30688,0.0,,too_rare,,,
30689,2.8008066323101054e-05,,too_rare,,,
30690,0.0,,too_rare,,,
30691,0.0,,too_rare,,,
30692,0.0,,too_rare,,,
30693,0.0,,too_rare,,,
30694,0.0,,too_rare,,,
30695,0.0,,too_rare,,,
30696,0.00011203226529240422,,too_rare,,,
30697,2.8008066323101054e-05,,too_rare,,,
30698,0.0,,too_rare,,,
30699,0.0,,too_rare,,,
30700,0.0,,too_rare,,,
30701,0.00022406453058480843,,too_rare,,,
30702,0.0,,too_rare,,,
30703,0.0,,too_rare,,,
30704,0.0,,too_rare,,,
30705,0.0,,too_rare,,,
30706,0.0,,too_rare,,,
30707,0.0,,too_rare,,,
30708,0.0,,too_rare,,,
30709,0.0,,too_rare,,,
30710,0.0,,too_rare,,,
30711,0.0,,too_rare,,,
30712,0.000560161326462021,,too_rare,,,
30713,0.0,,too_rare,,,
30714,0.0,,too_rare,,,
30715,0.0,,too_rare,,,
30716,0.0,,too_rare,,,
30717,0.0,,too_rare,,,
30718,0.00011203226529240422,,too_rare,,,
30719,0.0,,too_rare,,,
30720,0.0,,too_rare,,,
30722,0.0003080887295541116,,too_rare,,,
30724,2.8008066323101054e-05,,too_rare,,,
30725,0.0,,too_rare,,,
30726,0.0,,too_rare,,,
30727,0.0,,too_rare,,,
30728,0.0,,too_rare,,,
30729,2.8008066323101054e-05,,too_rare,,,
30730,0.0,,too_rare,,,
30731,0.0,,too_rare,,,
30732,0.0,,too_rare,,,
30733,0.0,,too_rare,,,
30734,0.0,,too_rare,,,
30735,0.0,,too_rare,,,
30736,2.8008066323101054e-05,,too_rare,,,
30737,0.001568451714093659,,too_rare,,,
30738,0.0,,too_rare,,,
30739,0.0,,too_rare,,,
30740,0.0,,too_rare,,,
30741,0.0,,too_rare,,,
30742,0.0,,too_rare,,,
30743,0.0,,too_rare,,,
30744,0.00022406453058480843,,too_rare,,,
30745,0.00019605646426170737,,too_rare,,,
30746,2.8008066323101054e-05,,too_rare,,,
30747,0.0,,too_rare,,,
30748,0.0,,too_rare,,,
30749,0.00014004033161550526,,too_rare,,,
30750,0.0,,too_rare,,,
30751,0.0,,too_rare,,,
30752,0.008430427963253417,,too_rare,,,
30753,5.601613264620211e-05,,too_rare,,,
30754,5.601613264620211e-05,,too_rare,,,
30756,2.8008066323101054e-05,,too_rare,,,
30757,0.0,,too_rare,,,
30758,0.00019605646426170737,,too_rare,,,
30759,0.0,,too_rare,,,
30760,0.0,,too_rare,,,
30761,0.00011203226529240422,,too_rare,,,
30762,0.0,,too_rare,,,
30763,0.0,,too_rare,,,
30764,0.0,,too_rare,,,
30765,0.0,,too_rare,,,
30766,0.0,,too_rare,,,
30767,5.601613264620211e-05,,too_rare,,,
30768,0.0,,too_rare,,,
30770,0.0,,too_rare,,,
30771,5.601613264620211e-05,,too_rare,,,
30772,0.0,,too_rare,,,
30773,5.601613264620211e-05,,too_rare,,,
30774,0.0,,too_rare,,,
30775,0.0,,too_rare,,,
30776,0.0,,too_rare,,,
30777,0.0,,too_rare,,,
30778,0.00014004033161550526,,too_rare,,,
30779,0.0,,too_rare,,,
30780,0.0,,too_rare,,,
30781,8.402419896930316e-05,,too_rare,,,
30782,0.00011203226529240422,,too_rare,,,
30783,0.0,,too_rare,,,
30784,0.0,,too_rare,,,
30785,0.0,,too_rare,,,
30786,0.0,,too_rare,,,
30787,0.0,,too_rare,,,
30788,0.0,,too_rare,,,
30789,0.0,,too_rare,,,
30790,0.0,,too_rare,,,
30791,0.0,,too_rare,,,
30792,0.0,,too_rare,,,
30793,0.0,,too_rare,,,
30794,2.8008066323101054e-05,,too_rare,,,
30795,5.601613264620211e-05,,too_rare,,,
30796,2.8008066323101054e-05,,too_rare,,,
30797,5.601613264620211e-05,,too_rare,,,
30798,0.0,,too_rare,,,
30799,2.8008066323101054e-05,,too_rare,,,
30800,0.0002800806632310105,,too_rare,,,
30801,2.8008066323101054e-05,,too_rare,,,
30802,2.8008066323101054e-05,,too_rare,,,
30803,0.0,,too_rare,,,
30804,0.0,,too_rare,,,
30805,0.0,,too_rare,,,
30806,0.0,,too_rare,,,
30807,0.0,,too_rare,,,
30808,2.8008066323101054e-05,,too_rare,,,
30809,0.0,,too_rare,,,
30810,0.0,,too_rare,,,
30811,0.0,,too_rare,,,
30812,0.0,,too_rare,,,
30814,0.004873403540219584,,too_rare,,,
30815,0.0,,too_rare,,,
30816,0.0,,too_rare,,,
30817,0.0,,too_rare,,,
30818,0.0,,too_rare,,,
30819,0.0,,too_rare,,,
30820,0.0,,too_rare,,,
30821,0.0,,too_rare,,,
30822,0.0033889760250952273,,too_rare,,,
30823,0.0,,too_rare,,,
30824,0.0,,too_rare,,,
30825,2.8008066323101054e-05,,too_rare,,,
30826,0.0,,too_rare,,,
30827,0.0,,too_rare,,,
30828,0.0,,too_rare,,,
30829,0.0,,too_rare,,,
30830,0.0,,too_rare,,,
30831,0.0,,too_rare,,,
30832,0.0,,too_rare,,,
30833,0.0,,too_rare,,,
30834,0.0,,too_rare,,,
30836,0.0,,too_rare,,,
30837,0.0,,too_rare,,,
30838,0.0,,too_rare,,,
30839,0.0,,too_rare,,,
30840,0.0,,too_rare,,,
30841,0.0,,too_rare,,,
30843,0.0,,too_rare,,,
30845,0.0,,too_rare,,,
30846,0.0,,too_rare,,,
30847,0.0,,too_rare,,,
30848,2.8008066323101054e-05,,too_rare,,,
30849,0.0,,too_rare,,,
30850,0.0,,too_rare,,,
30851,5.601613264620211e-05,,too_rare,,,
30852,5.601613264620211e-05,,too_rare,,,
30853,0.0,,too_rare,,,
30854,2.8008066323101054e-05,,too_rare,,,
30855,0.0,,too_rare,,,
30856,0.00039211292852341475,,too_rare,,,
30857,8.402419896930316e-05,,too_rare,,,
30858,0.0,,too_rare,,,
30859,0.0,,too_rare,,,
30860,0.0,,too_rare,,,
30861,0.0,,too_rare,,,
30862,0.0,,too_rare,,,
30863,2.8008066323101054e-05,,too_rare,,,
30864,0.0,,too_rare,,,
30865,0.0,,too_rare,,,
30866,0.0,,too_rare,,,
30867,0.0,,too_rare,,,
30868,0.0,,too_rare,,,
30869,2.8008066323101054e-05,,too_rare,,,
30870,0.005013443871835089,,too_rare,,,
30871,0.0,,too_rare,,,
30872,8.402419896930316e-05,,too_rare,,,
30873,0.0,,too_rare,,,
30875,0.0,,too_rare,,,
30876,0.0,,too_rare,,,
30877,0.0,,too_rare,,,
30878,0.0,,too_rare,,,
30879,0.0,,too_rare,,,
30880,0.0,,too_rare,,,
30881,0.0,,too_rare,,,
30882,0.0,,too_rare,,,
30883,0.0,,too_rare,,,
30884,8.402419896930316e-05,,too_rare,,,
30885,0.0,,too_rare,,,
30886,0.0,,too_rare,,,
30887,2.8008066323101054e-05,,too_rare,,,
30888,0.0,,too_rare,,,
30889,0.0,,too_rare,,,
30890,0.0,,too_rare,,,
30891,0.0,,too_rare,,,
30892,0.0,,too_rare,,,
30893,0.0,,too_rare,,,
30894,2.8008066323101054e-05,,too_rare,,,
30895,2.8008066323101054e-05,,too_rare,,,
30896,0.0,,too_rare,,,
30897,0.0,,too_rare,,,
30898,0.0,,too_rare,,,
30899,0.0,,too_rare,,,
30900,0.0,,too_rare,,,
30901,2.8008066323101054e-05,,too_rare,,,
30902,0.0,,too_rare,,,
30903,0.0,,too_rare,,,
30904,2.8008066323101054e-05,,too_rare,,,
30905,0.0,,too_rare,,,
30906,0.0,,too_rare,,,
30907,2.8008066323101054e-05,,too_rare,,,
30908,0.0,,too_rare,,,
30909,0.0,,too_rare,,,
30910,0.0,,too_rare,,,
30911,0.0,,too_rare,,,
30912,0.0,,too_rare,,,
30913,0.0,,too_rare,,,
30914,0.0,,too_rare,,,
30915,5.601613264620211e-05,,too_rare,,,
30916,0.00011203226529240422,,too_rare,,,
30917,2.8008066323101054e-05,,too_rare,,,
30918,2.8008066323101054e-05,,too_rare,,,
30919,0.0,,too_rare,,,
30920,0.0,,too_rare,,,
30921,2.8008066323101054e-05,,too_rare,,,
30922,0.0,,too_rare,,,
30923,5.601613264620211e-05,,too_rare,,,
30924,0.0,,too_rare,,,
30925,0.0,,too_rare,,,
30926,0.0,,too_rare,,,
30927,0.0,,too_rare,,,
30928,0.0,,too_rare,,,
30929,0.0,,too_rare,,,
30930,0.0,,too_rare,,,
30931,0.0,,too_rare,,,
30932,0.0,,too_rare,,,
30933,0.0004761371274927179,,too_rare,,,
30934,5.601613264620211e-05,,too_rare,,,
30935,0.0,,too_rare,,,
30936,0.0,,too_rare,,,
30937,0.0,,too_rare,,,
30938,2.8008066323101054e-05,,too_rare,,,
30939,0.0,,too_rare,,,
30940,0.006357831055343939,,too_rare,,,
30941,0.0,,too_rare,,,
30942,0.0,,too_rare,,,
30943,2.8008066323101054e-05,,too_rare,,,
30944,2.8008066323101054e-05,,too_rare,,,
30945,0.0,,too_rare,,,
30946,0.0,,too_rare,,,
30947,2.8008066323101054e-05,,too_rare,,,
30948,0.0,,too_rare,,,
30949,0.0,,too_rare,,,
30950,2.8008066323101054e-05,,too_rare,,,
30951,2.8008066323101054e-05,,too_rare,,,
30952,0.0,,too_rare,,,
30953,0.0,,too_rare,,,
30954,0.0,,too_rare,,,
30955,2.8008066323101054e-05,,too_rare,,,
30956,0.0,,too_rare,,,
30957,0.0,,too_rare,,,
30958,0.0,,too_rare,,,
30959,0.0,,too_rare,,,
30960,0.0,,too_rare,,,
30961,0.0,,too_rare,,,
30962,0.0,,too_rare,,,
30963,0.0,,too_rare,,,
30964,0.0,,too_rare,,,
30965,0.0,,too_rare,,,
30966,0.0002800806632310105,,too_rare,,,
30967,5.601613264620211e-05,,too_rare,,,
30968,0.0,,too_rare,,,
30969,2.8008066323101054e-05,,too_rare,,,
30970,0.0,,too_rare,,,
30971,0.0,,too_rare,,,
30972,2.8008066323101054e-05,,too_rare,,,
30973,0.0,,too_rare,,,
30974,0.0,,too_rare,,,
30975,0.0,,too_rare,,,
30976,0.0,,too_rare,,,
30977,0.0,,too_rare,,,
30978,0.0,,too_rare,,,
30980,0.0,,too_rare,,,
30981,2.8008066323101054e-05,,too_rare,,,
30982,0.0,,too_rare,,,
30983,0.0,,too_rare,,,
30984,0.00016804839793860632,,too_rare,,,
30985,0.00019605646426170737,,too_rare,,,
30986,0.0,,too_rare,,,
30987,0.0,,too_rare,,,
30988,0.0,,too_rare,,,
30989,2.8008066323101054e-05,,too_rare,,,
30990,0.0,,too_rare,,,
30991,0.0,,too_rare,,,
30992,0.0,,too_rare,,,
30993,0.0,,too_rare,,,
30994,0.0,,too_rare,,,
30995,2.8008066323101054e-05,,too_rare,,,
30996,0.00014004033161550526,,too_rare,,,
30997,0.0,,too_rare,,,
30998,2.8008066323101054e-05,,too_rare,,,
30999,2.8008066323101054e-05,,too_rare,,,
31000,2.8008066323101054e-05,,too_rare,,,
31001,0.0,,too_rare,,,
31002,0.0,,too_rare,,,
31003,0.0,,too_rare,,,
31004,2.8008066323101054e-05,,too_rare,,,
31005,0.0,,too_rare,,,
31006,0.0,,too_rare,,,
31007,0.0,,too_rare,,,
31008,0.0,,too_rare,,,
31009,2.8008066323101054e-05,,too_rare,,,
31010,0.0,,too_rare,,,
31011,0.0,,too_rare,,,
31012,0.0,,too_rare,,,
31013,0.0,,too_rare,,,
31014,0.0,,too_rare,,,
31015,0.0,,too_rare,,,
31016,2.8008066323101054e-05,,too_rare,,,
31017,0.0,,too_rare,,,
31018,0.0,,too_rare,,,
31019,2.8008066323101054e-05,,too_rare,,,
31020,2.8008066323101054e-05,,too_rare,,,
31021,0.0,,too_rare,,,
31022,8.402419896930316e-05,,too_rare,,,
31023,0.0,,too_rare,,,
31024,0.0,,too_rare,,,
31025,0.0,,too_rare,,,
31026,0.0,,too_rare,,,
31027,0.0,,too_rare,,,
31028,0.0,,too_rare,,,
31029,0.0033609679587721262,,too_rare,,,
31030,0.0,,too_rare,,,
31031,2.8008066323101054e-05,,too_rare,,,
31032,0.0,,too_rare,,,
31033,0.0,,too_rare,,,
31034,2.8008066323101054e-05,,too_rare,,,
31035,0.001008290387631638,,too_rare,,,
31036,0.0,,too_rare,,,
31037,0.0,,too_rare,,,
31038,0.0,,too_rare,,,
31039,0.0,,too_rare,,,
31040,0.0,,too_rare,,,
31041,0.0,,too_rare,,,
31042,0.0,,too_rare,,,
31043,0.0,,too_rare,,,
31044,0.0,,too_rare,,,
31045,0.0,,too_rare,,,
31046,0.0,,too_rare,,,
31047,0.0,,too_rare,,,
31048,0.0,,too_rare,,,
31049,0.0,,too_rare,,,
31050,0.0002520725969079095,,too_rare,,,
31051,0.0,,too_rare,,,
31052,2.8008066323101054e-05,,too_rare,,,
31053,0.0,,too_rare,,,
31054,0.0,,too_rare,,,
31055,0.0,,too_rare,,,
31056,0.0,,too_rare,,,
31057,0.0,,too_rare,,,
31058,0.0,,too_rare,,,
31059,0.0,,too_rare,,,
31060,0.0,,too_rare,,,
31062,0.0,,too_rare,,,
31063,0.0,,too_rare,,,
31064,2.8008066323101054e-05,,too_rare,,,
31065,0.0,,too_rare,,,
31066,0.0,,too_rare,,,
31067,0.0,,too_rare,,,
31068,0.0,,too_rare,,,
31069,0.0,,too_rare,,,
31070,0.0,,too_rare,,,
31071,0.0,,too_rare,,,
31072,0.0,,too_rare,,,
31073,5.601613264620211e-05,,too_rare,,,
31074,0.0002520725969079095,,too_rare,,,
31075,0.0,,too_rare,,,
31076,0.0,,too_rare,,,
31077,0.0,,too_rare,,,
31078,0.0,,too_rare,,,
31079,0.0,,too_rare,,,
31081,0.0,,too_rare,,,
31082,5.601613264620211e-05,,too_rare,,,
31083,0.0,,too_rare,,,
31084,2.8008066323101054e-05,,too_rare,,,
31085,0.0,,too_rare,,,
31086,2.8008066323101054e-05,,too_rare,,,
31087,0.0,,too_rare,,,
31088,0.0,,too_rare,,,
31089,0.0,,too_rare,,,
31090,0.0,,too_rare,,,
31091,0.0,,too_rare,,,
31092,0.0003080887295541116,,too_rare,,,
31093,0.0,,too_rare,,,
31094,0.0,,too_rare,,,
31095,0.0,,too_rare,,,
31096,0.0,,too_rare,,,
31097,2.8008066323101054e-05,,too_rare,,,
31098,5.601613264620211e-05,,too_rare,,,
31099,5.601613264620211e-05,,too_rare,,,
31100,0.0,,too_rare,,,
31101,0.0012323549182164464,,too_rare,,,
31102,0.0,,too_rare,,,
31103,0.0,,too_rare,,,
31104,0.0,,too_rare,,,
31105,5.601613264620211e-05,,too_rare,,,
31106,0.0,,too_rare,,,
31107,0.0,,too_rare,,,
31109,0.0,,too_rare,,,
31110,0.00019605646426170737,,too_rare,,,
31111,0.0,,too_rare,,,
31112,0.00011203226529240422,,too_rare,,,
31113,0.0,,too_rare,,,
31114,0.0,,too_rare,,,
31115,0.00019605646426170737,,too_rare,,,
31116,0.0,,too_rare,,,
31117,0.0,,too_rare,,,
31118,0.0,,too_rare,,,
31119,0.0,,too_rare,,,
31120,0.0017645081783553664,,too_rare,,,
31121,2.8008066323101054e-05,,too_rare,,,
31122,0.0,,too_rare,,,
31123,0.0,,too_rare,,,
31124,0.0,,too_rare,,,
31125,0.0,,too_rare,,,
31126,0.0,,too_rare,,,
31127,0.0,,too_rare,,,
31128,0.0013443871835088505,,too_rare,,,
31129,0.0,,too_rare,,,
31130,5.601613264620211e-05,,too_rare,,,
31131,0.0,,too_rare,,,
31132,0.0,,too_rare,,,
31133,0.0,,too_rare,,,
31134,0.00011203226529240422,,too_rare,,,
31135,0.0,,too_rare,,,
31136,0.0,,too_rare,,,
31137,0.0,,too_rare,,,
31138,0.0,,too_rare,,,
31140,0.0,,too_rare,,,
31141,0.0,,too_rare,,,
31142,0.0,,too_rare,,,
31143,0.0,,too_rare,,,
31144,0.0,,too_rare,,,
31145,0.0,,too_rare,,,
31146,0.0,,too_rare,,,
31147,0.0,,too_rare,,,
31148,0.0,,too_rare,,,
31149,2.8008066323101054e-05,,too_rare,,,
31150,0.0,,too_rare,,,
31151,0.00053215326013892,,too_rare,,,
31152,0.0,,too_rare,,,
31153,0.0,,too_rare,,,
31154,0.0,,too_rare,,,
31155,0.0,,too_rare,,,
31156,0.0,,too_rare,,,
31157,2.8008066323101054e-05,,too_rare,,,
31160,8.402419896930316e-05,,too_rare,,,
31161,0.0,,too_rare,,,
31162,0.0,,too_rare,,,
31163,0.0,,too_rare,,,
31164,2.8008066323101054e-05,,too_rare,,,
31165,0.0,,too_rare,,,
31166,0.0,,too_rare,,,
31167,0.002184629173201882,,too_rare,,,
31168,2.8008066323101054e-05,,too_rare,,,
31169,2.8008066323101054e-05,,too_rare,,,
31170,0.0,,too_rare,,,
31171,0.0,,too_rare,,,
31172,0.0,,too_rare,,,
31173,0.0,,too_rare,,,
31174,0.0,,too_rare,,,
31175,0.0,,too_rare,,,
31176,0.0,,too_rare,,,
31177,0.00014004033161550526,,too_rare,,,
31178,0.0,,too_rare,,,
31179,0.0,,too_rare,,,
31180,0.0,,too_rare,,,
31181,0.0,,too_rare,,,
31182,0.0,,too_rare,,,
31183,0.0,,too_rare,,,
31184,0.0,,too_rare,,,
31185,0.0,,too_rare,,,
31186,0.0,,too_rare,,,
31187,0.0,,too_rare,,,
31188,8.402419896930316e-05,,too_rare,,,
31190,0.0,,too_rare,,,
31191,0.0,,too_rare,,,
31192,0.0,,too_rare,,,
31193,0.0,,too_rare,,,
31194,0.0002800806632310105,,too_rare,,,
31195,0.0004761371274927179,,too_rare,,,
31196,0.0,,too_rare,,,
31197,0.0,,too_rare,,,
31198,0.0,,too_rare,,,
31199,0.0,,too_rare,,,
31200,0.0,,too_rare,,,
31202,0.0,,too_rare,,,
31203,0.001624467846739861,,too_rare,,,
31204,0.0,,too_rare,,,
31205,0.0,,too_rare,,,
31206,0.0,,too_rare,,,
31207,0.0,,too_rare,,,
31208,0.0,,too_rare,,,
31209,0.0,,too_rare,,,
31210,0.0,,too_rare,,,
31211,0.0,,too_rare,,,
31212,0.0,,too_rare,,,
31213,0.0,,too_rare,,,
31214,0.0,,too_rare,,,
31215,0.0,,too_rare,,,
31216,0.0,,too_rare,,,
31217,0.00014004033161550526,,too_rare,,,
31218,0.0,,too_rare,,,
31219,0.0,,too_rare,,,
31220,0.0,,too_rare,,,
31221,0.0,,too_rare,,,
31222,2.8008066323101054e-05,,too_rare,,,
31224,0.0,,too_rare,,,
31225,0.006273806856374636,,too_rare,,,
31226,0.0,,too_rare,,,
31227,0.0,,too_rare,,,
31228,0.0,,too_rare,,,
31229,0.0,,too_rare,,,
31230,2.8008066323101054e-05,,too_rare,,,
31231,0.0,,too_rare,,,
31232,0.0,,too_rare,,,
31233,0.0,,too_rare,,,
31234,0.0,,too_rare,,,
31235,0.0,,too_rare,,,
31236,0.0,,too_rare,,,
31237,0.0,,too_rare,,,
31238,0.0,,too_rare,,,
31239,0.0,,too_rare,,,
31240,0.0,,too_rare,,,
31241,0.0,,too_rare,,,
31242,2.8008066323101054e-05,,too_rare,,,
31243,0.0,,too_rare,,,
31244,0.0,,too_rare,,,
31245,0.0,,too_rare,,,
31246,0.0,,too_rare,,,
31247,0.0,,too_rare,,,
31248,0.0,,too_rare,,,
31249,2.8008066323101054e-05,,too_rare,,,
31250,2.8008066323101054e-05,,too_rare,,,
31251,0.0,,too_rare,,,
31252,8.402419896930316e-05,,too_rare,,,
31253,0.00053215326013892,,too_rare,,,
31254,0.0,,too_rare,,,
31255,0.008570468294868922,,too_rare,,,
31256,0.0,,too_rare,,,
31257,0.0,,too_rare,,,
31258,0.0,,too_rare,,,
31259,0.0,,too_rare,,,
31260,0.0,,too_rare,,,
31261,0.0,,too_rare,,,
31262,2.8008066323101054e-05,,too_rare,,,
31263,2.8008066323101054e-05,,too_rare,,,
31264,5.601613264620211e-05,,too_rare,,,
31265,5.601613264620211e-05,,too_rare,,,
31266,0.0,,too_rare,,,
31267,2.8008066323101054e-05,,too_rare,,,
31268,0.0004761371274927179,,too_rare,,,
31269,0.0,,too_rare,,,
31270,0.0,,too_rare,,,
31271,0.0,,too_rare,,,
31272,0.0,,too_rare,,,
31273,0.0,,too_rare,,,
31274,0.0,,too_rare,,,
31275,0.0,,too_rare,,,
31276,0.0,,too_rare,,,
31277,0.0,,too_rare,,,
31278,0.0,,too_rare,,,
31279,0.0,,too_rare,,,
31280,0.0,,too_rare,,,
31281,0.0,,too_rare,,,
31282,0.0,,too_rare,,,
31283,0.0,,too_rare,,,
31284,8.402419896930316e-05,,too_rare,,,
31285,0.0,,too_rare,,,
31286,8.402419896930316e-05,,too_rare,,,
31287,2.8008066323101054e-05,,too_rare,,,
31288,5.601613264620211e-05,,too_rare,,,
31289,0.0,,too_rare,,,
31290,0.0,,too_rare,,,
31291,0.0,,too_rare,,,
31292,0.0,,too_rare,,,
31293,5.601613264620211e-05,,too_rare,,,
31294,0.0006161774591082232,,too_rare,,,
31295,0.0007842258570468295,,too_rare,,,
31296,0.0,,too_rare,,,
31297,0.0,,too_rare,,,
31298,0.0,,too_rare,,,
31299,0.0,,too_rare,,,
31300,0.0,,too_rare,,,
31301,0.0,,too_rare,,,
31302,0.0,,too_rare,,,
31303,0.0,,too_rare,,,
31304,0.0,,too_rare,,,
31305,0.003080887295541116,,too_rare,,,
31306,0.0003080887295541116,,too_rare,,,
31307,0.0,,too_rare,,,
31308,5.601613264620211e-05,,too_rare,,,
31309,0.0,,too_rare,,,
31310,0.0,,too_rare,,,
31311,0.0,,too_rare,,,
31312,0.0,,too_rare,,,
31313,0.0,,too_rare,,,
31314,0.001008290387631638,,too_rare,,,
31315,0.0,,too_rare,,,
31316,0.0,,too_rare,,,
31317,0.0,,too_rare,,,
31318,2.8008066323101054e-05,,too_rare,,,
31319,2.8008066323101054e-05,,too_rare,,,
31320,0.0,,too_rare,,,
31321,0.0,,too_rare,,,
31322,0.0,,too_rare,,,
31323,0.0,,too_rare,,,
31324,0.0,,too_rare,,,
31325,0.0,,too_rare,,,
31326,0.0,,too_rare,,,
31327,2.8008066323101054e-05,,too_rare,,,
31328,0.0,,too_rare,,,
31329,0.0,,too_rare,,,
31330,0.0,,too_rare,,,
31331,0.004985435805511988,,too_rare,,,
31332,0.0,,too_rare,,,
31333,0.0,,too_rare,,,
31334,0.0,,too_rare,,,
31335,2.8008066323101054e-05,,too_rare,,,
31336,0.0,,too_rare,,,
31337,2.8008066323101054e-05,,too_rare,,,
31338,0.0,,too_rare,,,
31339,0.0,,too_rare,,,
31340,0.0,,too_rare,,,
31341,0.0,,too_rare,,,
31342,2.8008066323101054e-05,,too_rare,,,
31343,0.0,,too_rare,,,
31344,0.0,,too_rare,,,
31345,0.0,,too_rare,,,
31346,0.0,,too_rare,,,
31347,0.0,,too_rare,,,
31348,0.0,,too_rare,,,
31349,5.601613264620211e-05,,too_rare,,,
31350,0.0,,too_rare,,,
31351,0.0,,too_rare,,,
31352,0.0,,too_rare,,,
31353,0.0,,too_rare,,,
31354,0.0,,too_rare,,,
31355,0.0,,too_rare,,,
31356,2.8008066323101054e-05,,too_rare,,,
31357,2.8008066323101054e-05,,too_rare,,,
31358,0.0,,too_rare,,,
31360,0.0,,too_rare,,,
31361,0.0,,too_rare,,,
31362,0.0,,too_rare,,,
31363,0.0,,too_rare,,,
31364,0.0,,too_rare,,,
31365,0.0,,too_rare,,,
31366,0.0,,too_rare,,,
31367,0.0,,too_rare,,,
31368,0.0,,too_rare,,,
31369,2.8008066323101054e-05,,too_rare,,,
31370,0.0,,too_rare,,,
31372,0.0,,too_rare,,,
31373,0.0,,too_rare,,,
31374,0.0,,too_rare,,,
31375,2.8008066323101054e-05,,too_rare,,,
31376,0.0,,too_rare,,,
31377,0.0,,too_rare,,,
31378,0.0,,too_rare,,,
31379,0.0,,too_rare,,,
31380,0.0,,too_rare,,,
31381,2.8008066323101054e-05,,too_rare,,,
31382,0.0,,too_rare,,,
31383,5.601613264620211e-05,,too_rare,,,
31384,0.0,,too_rare,,,
31385,0.0,,too_rare,,,
31386,0.0,,too_rare,,,
31387,0.0,,too_rare,,,
31388,0.0,,too_rare,,,
31389,0.0,,too_rare,,,
31390,0.0,,too_rare,,,
31391,0.006609903652251848,,too_rare,,,
31392,2.8008066323101054e-05,,too_rare,,,
31393,0.0,,too_rare,,,
31394,0.0,,too_rare,,,
31395,0.0,,too_rare,,,
31396,0.0,,too_rare,,,
31397,0.0,,too_rare,,,
31398,0.0,,too_rare,,,
31399,0.0,,too_rare,,,
31400,0.0,,too_rare,,,
31401,0.003108895361864217,,too_rare,,,
31402,0.0,,too_rare,,,
31403,0.0,,too_rare,,,
31404,0.0,,too_rare,,,
31405,0.0,,too_rare,,,
31406,0.0,,too_rare,,,
31407,0.0,,too_rare,,,
31408,0.0,,too_rare,,,
31409,2.8008066323101054e-05,,too_rare,,,
31410,0.00039211292852341475,,too_rare,,,
31411,0.0,,too_rare,,,
31412,0.0,,too_rare,,,
31413,0.0,,too_rare,,,
31414,0.0,,too_rare,,,
31415,0.0,,too_rare,,,
31417,0.0,,too_rare,,,
31418,0.0,,too_rare,,,
31419,2.8008066323101054e-05,,too_rare,,,
31420,2.8008066323101054e-05,,too_rare,,,
31421,0.0,,too_rare,,,
31422,0.0,,too_rare,,,
31423,0.0,,too_rare,,,
31424,0.0,,too_rare,,,
31425,0.0,,too_rare,,,
31426,5.601613264620211e-05,,too_rare,,,
31427,0.0,,too_rare,,,
31428,0.0,,too_rare,,,
31429,0.0,,too_rare,,,
31430,0.0,,too_rare,,,
31431,0.0,,too_rare,,,
31432,0.0,,too_rare,,,
31433,0.0,,too_rare,,,
31434,0.0,,too_rare,,,
31435,2.8008066323101054e-05,,too_rare,,,
31436,0.0,,too_rare,,,
31437,0.007926282769437598,,too_rare,,,
31438,2.8008066323101054e-05,,too_rare,,,
31439,0.0,,too_rare,,,
31440,0.0,,too_rare,,,
31441,0.0,,too_rare,,,
31442,0.0,,too_rare,,,
31443,2.8008066323101054e-05,,too_rare,,,
31444,0.0,,too_rare,,,
31445,0.0,,too_rare,,,
31446,0.0,,too_rare,,,
31447,0.0,,too_rare,,,
31448,2.8008066323101054e-05,,too_rare,,,
31449,0.0,,too_rare,,,
31450,0.0,,too_rare,,,
31451,0.0,,too_rare,,,
31452,0.0,,too_rare,,,
31453,0.0,,too_rare,,,
31454,0.0,,too_rare,,,
31455,0.0,,too_rare,,,
31456,0.00011203226529240422,,too_rare,,,
31457,0.0,,too_rare,,,
31458,0.0,,too_rare,,,
31459,0.004565314810665471,,too_rare,,,
31460,0.0,,too_rare,,,
31461,5.601613264620211e-05,,too_rare,,,
31462,0.0,,too_rare,,,
31463,2.8008066323101054e-05,,too_rare,,,
31464,0.0,,too_rare,,,
31465,0.0,,too_rare,,,
31466,0.0,,too_rare,,,
31467,0.0,,too_rare,,,
31468,0.0,,too_rare,,,
31469,0.0,,too_rare,,,
31470,0.0,,too_rare,,,
31471,0.0,,too_rare,,,
31472,0.0,,too_rare,,,
31473,0.0,,too_rare,,,
31474,2.8008066323101054e-05,,too_rare,,,
31475,0.0,,too_rare,,,
31476,0.0,,too_rare,,,
31477,0.0,,too_rare,,,
31478,0.0,,too_rare,,,
31479,0.0,,too_rare,,,
31480,0.0,,too_rare,,,
31481,0.0002800806632310105,,too_rare,,,
31482,0.0,,too_rare,,,
31483,0.0,,too_rare,,,
31484,0.0,,too_rare,,,
31485,0.00022406453058480843,,too_rare,,,
31486,0.0,,too_rare,,,
31487,0.0,,too_rare,,,
31488,0.0,,too_rare,,,
31489,0.0,,too_rare,,,
31490,0.0,,too_rare,,,
31491,0.0,,too_rare,,,
31492,0.0,,too_rare,,,
31493,0.0,,too_rare,,,
31495,0.0,,too_rare,,,
31497,2.8008066323101054e-05,,too_rare,,,
31498,0.0,,too_rare,,,
31499,0.0,,too_rare,,,
31500,0.0,,too_rare,,,
31501,0.0,,too_rare,,,
31502,0.0,,too_rare,,,
31503,0.0,,too_rare,,,
31504,0.00039211292852341475,,too_rare,,,
31505,0.0,,too_rare,,,
31506,0.0,,too_rare,,,
31507,0.0,,too_rare,,,
31508,0.0,,too_rare,,,
31509,0.0,,too_rare,,,
31510,0.0,,too_rare,,,
31511,0.0,,too_rare,,,
31512,0.0,,too_rare,,,
31513,0.0,,too_rare,,,
31514,0.0,,too_rare,,,
31515,0.0,,too_rare,,,
31516,0.0,,too_rare,,,
31517,0.003052879229218015,,too_rare,,,
31518,0.0,,too_rare,,,
31519,0.0003080887295541116,,too_rare,,,
31521,0.0,,too_rare,,,
31522,0.0,,too_rare,,,
31523,0.0,,too_rare,,,
31524,2.8008066323101054e-05,,too_rare,,,
31525,0.0,,too_rare,,,
31526,0.0,,too_rare,,,
31527,0.0,,too_rare,,,
31528,0.0,,too_rare,,,
31529,2.8008066323101054e-05,,too_rare,,,
31530,0.0,,too_rare,,,
31532,0.0,,too_rare,,,
31533,0.0,,too_rare,,,
31534,0.0,,too_rare,,,
31535,0.0,,too_rare,,,
31536,0.0,,too_rare,,,
31537,0.0,,too_rare,,,
31538,0.0,,too_rare,,,
31539,2.8008066323101054e-05,,too_rare,,,
31540,0.0,,too_rare,,,
31541,0.0,,too_rare,,,
31542,5.601613264620211e-05,,too_rare,,,
31543,0.0,,too_rare,,,
31544,0.0,,too_rare,,,
31545,0.0,,too_rare,,,
31546,0.0,,too_rare,,,
31547,0.0,,too_rare,,,
31548,0.001008290387631638,,too_rare,,,
31549,0.0,,too_rare,,,
31550,0.0,,too_rare,,,
31551,0.0,,too_rare,,,
31552,0.0,,too_rare,,,
31553,5.601613264620211e-05,,too_rare,,,
31554,0.0,,too_rare,,,
31555,0.00033609679587721263,,too_rare,,,
31556,0.00014004033161550526,,too_rare,,,
31557,8.402419896930316e-05,,too_rare,,,
31558,0.0,,too_rare,,,
31559,0.0,,too_rare,,,
31560,0.0,,too_rare,,,
31561,2.8008066323101054e-05,,too_rare,,,
31562,0.0,,too_rare,,,
31563,2.8008066323101054e-05,,too_rare,,,
31564,0.0,,too_rare,,,
31565,0.0,,too_rare,,,
31566,0.0,,too_rare,,,
31567,0.0,,too_rare,,,
31568,2.8008066323101054e-05,,too_rare,,,
31570,0.0,,too_rare,,,
31571,2.8008066323101054e-05,,too_rare,,,
31572,0.0,,too_rare,,,
31573,5.601613264620211e-05,,too_rare,,,
31574,0.0,,too_rare,,,
31575,0.0,,too_rare,,,
31576,0.0,,too_rare,,,
31577,5.601613264620211e-05,,too_rare,,,
31578,0.0,,too_rare,,,
31579,2.8008066323101054e-05,,too_rare,,,
31580,0.00016804839793860632,,too_rare,,,
31581,0.0,,too_rare,,,
31582,0.0,,too_rare,,,
31583,0.0007282097244006273,,too_rare,,,
31584,0.0,,too_rare,,,
31585,0.0,,too_rare,,,
31586,2.8008066323101054e-05,,too_rare,,,
31587,0.0,,too_rare,,,
31588,0.0,,too_rare,,,
31589,0.0,,too_rare,,,
31590,0.0,,too_rare,,,
31591,0.0,,too_rare,,,
31592,0.0,,too_rare,,,
31593,0.0,,too_rare,,,
31594,0.0,,too_rare,,,
31595,2.8008066323101054e-05,,too_rare,,,
31596,0.0,,too_rare,,,
31597,0.0,,too_rare,,,
31598,0.0,,too_rare,,,
31599,0.0,,too_rare,,,
31600,0.00019605646426170737,,too_rare,,,
31601,0.0,,too_rare,,,
31602,0.0,,too_rare,,,
31603,2.8008066323101054e-05,,too_rare,,,
31604,2.8008066323101054e-05,,too_rare,,,
31605,0.0,,too_rare,,,
31606,0.0,,too_rare,,,
31607,0.0,,too_rare,,,
31608,2.8008066323101054e-05,,too_rare,,,
31609,0.0,,too_rare,,,
31610,0.0007002016580775263,,too_rare,,,
31611,0.0003080887295541116,,too_rare,,,
31612,0.0,,too_rare,,,
31613,8.402419896930316e-05,,too_rare,,,
31614,0.0,,too_rare,,,
31615,2.8008066323101054e-05,,too_rare,,,
31616,0.0,,too_rare,,,
31617,8.402419896930316e-05,,too_rare,,,
31618,0.0,,too_rare,,,
31619,0.0009522742549854358,,too_rare,,,
31620,0.0,,too_rare,,,
31621,0.0,,too_rare,,,
31623,0.009746807080439167,,too_rare,,,
31624,0.0,,too_rare,,,
31625,2.8008066323101054e-05,,too_rare,,,
31626,0.0,,too_rare,,,
31627,0.0,,too_rare,,,
31628,0.0,,too_rare,,,
31629,0.0,,too_rare,,,
31630,0.0,,too_rare,,,
31631,0.0,,too_rare,,,
31632,0.0,,too_rare,,,
31633,0.0,,too_rare,,,
31634,0.0,,too_rare,,,
31635,2.8008066323101054e-05,,too_rare,,,
31636,0.0,,too_rare,,,
31637,0.0,,too_rare,,,
31638,0.0,,too_rare,,,
31639,2.8008066323101054e-05,,too_rare,,,
31640,0.0,,too_rare,,,
31642,0.0,,too_rare,,,
31643,0.0,,too_rare,,,
31644,0.0,,too_rare,,,
31645,0.0,,too_rare,,,
31646,5.601613264620211e-05,,too_rare,,,
31647,0.0,,too_rare,,,
31648,0.0,,too_rare,,,
31649,0.0,,too_rare,,,
31650,5.601613264620211e-05,,too_rare,,,
31651,0.0,,too_rare,,,
31653,0.0,,too_rare,,,
31654,0.0,,too_rare,,,
31655,0.00022406453058480843,,too_rare,,,
31656,0.00053215326013892,,too_rare,,,
31657,0.0,,too_rare,,,
31658,0.0,,too_rare,,,
31659,0.0,,too_rare,,,
31660,0.0,,too_rare,,,
31661,0.0,,too_rare,,,
31662,0.0,,too_rare,,,
31663,0.0,,too_rare,,,
31664,2.8008066323101054e-05,,too_rare,,,
31666,0.0,,too_rare,,,
31667,0.0,,too_rare,,,
31668,0.0,,too_rare,,,
31669,2.8008066323101054e-05,,too_rare,,,
31670,0.0,,too_rare,,,
31671,0.0,,too_rare,,,
31672,0.0,,too_rare,,,
31673,0.0,,too_rare,,,
31674,0.0,,too_rare,,,
31675,8.402419896930316e-05,,too_rare,,,
31676,5.601613264620211e-05,,too_rare,,,
31677,0.0,,too_rare,,,
31678,0.0,,too_rare,,,
31679,2.8008066323101054e-05,,too_rare,,,
31680,0.0,,too_rare,,,
31681,0.0,,too_rare,,,
31682,2.8008066323101054e-05,,too_rare,,,
31683,0.0,,too_rare,,,
31684,0.0,,too_rare,,,
31685,0.0,,too_rare,,,
31686,0.0,,too_rare,,,
31687,0.0,,too_rare,,,
31688,0.0,,too_rare,,,
31689,0.0,,too_rare,,,
31690,0.0,,too_rare,,,
31691,0.0,,too_rare,,,
31692,5.601613264620211e-05,,too_rare,,,
31693,0.0,,too_rare,,,
31694,0.0,,too_rare,,,
31695,5.601613264620211e-05,,too_rare,,,
31696,0.0,,too_rare,,,
31697,0.00106430652027784,,too_rare,,,
31698,0.0,,too_rare,,,
31699,0.0,,too_rare,,,
31700,0.0,,too_rare,,,
31701,0.0008402419896930316,,too_rare,,,
31702,0.0,,too_rare,,,
31703,0.0,,too_rare,,,
31704,2.8008066323101054e-05,,too_rare,,,
31705,0.0,,too_rare,,,
31707,0.001988572708940175,,too_rare,,,
31708,0.0,,too_rare,,,
31709,0.0,,too_rare,,,
31710,0.0,,too_rare,,,
31711,0.0,,too_rare,,,
31712,0.0,,too_rare,,,
31713,5.601613264620211e-05,,too_rare,,,
31714,0.0,,too_rare,,,
31715,0.0,,too_rare,,,
31716,0.0,,too_rare,,,
31717,0.0,,too_rare,,,
31718,0.0,,too_rare,,,
31719,0.0,,too_rare,,,
31720,0.001120322652924042,,too_rare,,,
31721,0.0,,too_rare,,,
31722,8.402419896930316e-05,,too_rare,,,
31723,0.0,,too_rare,,,
31724,0.0,,too_rare,,,
31725,0.0,,too_rare,,,
31726,0.0,,too_rare,,,
31727,0.0,,too_rare,,,
31728,0.0,,too_rare,,,
31729,0.00019605646426170737,,too_rare,,,
31730,0.0,,too_rare,,,
31731,0.0,,too_rare,,,
31732,0.0,,too_rare,,,
31733,0.0,,too_rare,,,
31734,2.8008066323101054e-05,,too_rare,,,
31736,0.0,,too_rare,,,
31737,2.8008066323101054e-05,,too_rare,,,
31738,0.0,,too_rare,,,
31739,0.0,,too_rare,,,
31740,0.0014564194488012547,,too_rare,,,
31741,0.008094331167376205,,too_rare,,,
31742,0.00011203226529240422,,too_rare,,,
31743,0.0,,too_rare,,,
31744,2.8008066323101054e-05,,too_rare,,,
31745,0.0,,too_rare,,,
31746,0.0,,too_rare,,,
31747,0.0,,too_rare,,,
31748,0.0,,too_rare,,,
31749,0.0,,too_rare,,,
31750,0.0,,too_rare,,,
31752,0.0,,too_rare,,,
31753,0.00016804839793860632,,too_rare,,,
31754,0.0,,too_rare,,,
31756,0.0,,too_rare,,,
31757,0.0,,too_rare,,,
31758,0.0,,too_rare,,,
31759,0.0,,too_rare,,,
31760,0.0,,too_rare,,,
31761,0.0,,too_rare,,,
31762,2.8008066323101054e-05,,too_rare,,,
31764,0.0,,too_rare,,,
31765,0.0,,too_rare,,,
31766,0.0,,too_rare,,,
31767,0.0,,too_rare,,,
31768,2.8008066323101054e-05,,too_rare,,,
31769,0.0,,too_rare,,,
31770,0.0,,too_rare,,,
31771,0.0,,too_rare,,,
31772,5.601613264620211e-05,,too_rare,,,
31773,0.0,,too_rare,,,
31774,5.601613264620211e-05,,too_rare,,,
31775,0.00016804839793860632,,too_rare,,,
31776,0.0,,too_rare,,,
31777,0.001036298453954739,,too_rare,,,
31778,0.0,,too_rare,,,
31779,0.0,,too_rare,,,
31780,0.00033609679587721263,,too_rare,,,
31781,0.0,,too_rare,,,
31782,0.0,,too_rare,,,
31783,0.0,,too_rare,,,
31784,0.0,,too_rare,,,
31785,0.0,,too_rare,,,
31786,0.0,,too_rare,,,
31787,2.8008066323101054e-05,,too_rare,,,
31788,0.0,,too_rare,,,
31789,0.00019605646426170737,,too_rare,,,
31790,0.0,,too_rare,,,
31791,0.0,,too_rare,,,
31792,0.0,,too_rare,,,
31793,0.0,,too_rare,,,
31794,0.0003080887295541116,,too_rare,,,
31795,0.0,,too_rare,,,
31796,2.8008066323101054e-05,,too_rare,,,
31797,0.0,,too_rare,,,
31798,0.0,,too_rare,,,
31800,0.0,,too_rare,,,
31801,0.0,,too_rare,,,
31802,2.8008066323101054e-05,,too_rare,,,
31803,0.0,,too_rare,,,
31804,0.0,,too_rare,,,
31805,0.0,,too_rare,,,
31807,0.0,,too_rare,,,
31808,0.0,,too_rare,,,
31809,0.0,,too_rare,,,
31810,0.0,,too_rare,,,
31811,0.0,,too_rare,,,
31812,0.0,,too_rare,,,
31813,0.0,,too_rare,,,
31814,2.8008066323101054e-05,,too_rare,,,
31815,0.0,,too_rare,,,
31816,0.0,,too_rare,,,
31817,0.0,,too_rare,,,
31818,0.0,,too_rare,,,
31819,5.601613264620211e-05,,too_rare,,,
31820,0.0,,too_rare,,,
31821,0.0,,too_rare,,,
31822,0.0,,too_rare,,,
31823,0.0,,too_rare,,,
31824,0.0,,too_rare,,,
31825,0.0,,too_rare,,,
31826,0.0,,too_rare,,,
31827,0.0,,too_rare,,,
31828,0.0,,too_rare,,,
31829,0.0,,too_rare,,,
31830,0.0009242661886623348,,too_rare,,,
31831,0.0,,too_rare,,,
31832,2.8008066323101054e-05,,too_rare,,,
31833,5.601613264620211e-05,,too_rare,,,
31835,0.0,,too_rare,,,
31836,0.0,,too_rare,,,
31837,0.0,,too_rare,,,
31838,0.0,,too_rare,,,
31839,0.0,,too_rare,,,
31840,0.0,,too_rare,,,
31841,0.0,,too_rare,,,
31842,0.0,,too_rare,,,
31843,0.0,,too_rare,,,
31844,0.0,,too_rare,,,
31845,0.0,,too_rare,,,
31846,0.0,,too_rare,,,
31847,0.0,,too_rare,,,
31848,0.0,,too_rare,,,
31849,0.0,,too_rare,,,
31850,0.0,,too_rare,,,
31851,0.0,,too_rare,,,
31852,0.0,,too_rare,,,
31853,2.8008066323101054e-05,,too_rare,,,
31854,2.8008066323101054e-05,,too_rare,,,
31855,2.8008066323101054e-05,,too_rare,,,
31857,0.0,,too_rare,,,
31858,0.0,,too_rare,,,
31859,2.8008066323101054e-05,,too_rare,,,
31860,0.0,,too_rare,,,
31861,0.0,,too_rare,,,
31862,0.0,,too_rare,,,
31863,0.002212637239524983,,too_rare,,,
31864,2.8008066323101054e-05,,too_rare,,,
31865,0.0,,too_rare,,,
31866,0.0,,too_rare,,,
31867,0.0,,too_rare,,,
31868,0.0,,too_rare,,,
31869,0.0,,too_rare,,,
31870,0.0,,too_rare,,,
31871,0.0,,too_rare,,,
31872,0.0,,too_rare,,,
31873,0.0,,too_rare,,,
31874,0.0,,too_rare,,,
31875,8.402419896930316e-05,,too_rare,,,
31876,8.402419896930316e-05,,too_rare,,,
31877,0.0,,too_rare,,,
31878,0.0,,too_rare,,,
31879,0.0,,too_rare,,,
31880,0.0,,too_rare,,,
31881,0.0,,too_rare,,,
31882,2.8008066323101054e-05,,too_rare,,,
31883,0.0,,too_rare,,,
31884,0.0,,too_rare,,,
31885,2.8008066323101054e-05,,too_rare,,,
31886,0.0,,too_rare,,,
31887,0.0,,too_rare,,,
31888,0.0,,too_rare,,,
31889,2.8008066323101054e-05,,too_rare,,,
31890,0.0,,too_rare,,,
31891,0.0,,too_rare,,,
31892,0.0,,too_rare,,,
31893,0.0,,too_rare,,,
31894,0.0,,too_rare,,,
31895,0.0,,too_rare,,,
31896,0.0,,too_rare,,,
31897,0.0,,too_rare,,,
31899,0.0,,too_rare,,,
31900,0.0,,too_rare,,,
31901,0.0,,too_rare,,,
31902,5.601613264620211e-05,,too_rare,,,
31903,0.0,,too_rare,,,
31904,0.0,,too_rare,,,
31905,0.0,,too_rare,,,
31906,0.0,,too_rare,,,
31907,0.0,,too_rare,,,
31908,0.0,,too_rare,,,
31909,0.0,,too_rare,,,
31910,0.0,,too_rare,,,
31911,0.0,,too_rare,,,
31912,0.001568451714093659,,too_rare,,,
31913,5.601613264620211e-05,,too_rare,,,
31914,5.601613264620211e-05,,too_rare,,,
31915,0.0,,too_rare,,,
31916,0.0,,too_rare,,,
31917,0.0,,too_rare,,,
31918,2.8008066323101054e-05,,too_rare,,,
31919,0.0,,too_rare,,,
31920,0.0,,too_rare,,,
31921,0.0,,too_rare,,,
31922,0.0,,too_rare,,,
31923,0.0,,too_rare,,,
31924,0.0,,too_rare,,,
31925,0.0,,too_rare,,,
31926,0.0,,too_rare,,,
31927,0.0,,too_rare,,,
31928,0.0,,too_rare,,,
31929,0.0,,too_rare,,,
31930,0.0,,too_rare,,,
31931,0.0,,too_rare,,,
31932,0.0,,too_rare,,,
31933,0.0,,too_rare,,,
31934,2.8008066323101054e-05,,too_rare,,,
31935,0.0,,too_rare,,,
31936,2.8008066323101054e-05,,too_rare,,,
31937,0.0,,too_rare,,,
31938,0.0,,too_rare,,,
31939,0.0,,too_rare,,,
31940,0.00039211292852341475,,too_rare,,,
31941,0.0,,too_rare,,,
31942,0.0,,too_rare,,,
31943,0.0,,too_rare,,,
31944,0.0,,too_rare,,,
31945,0.0,,too_rare,,,
31946,0.0,,too_rare,,,
31947,0.0,,too_rare,,,
31948,0.0,,too_rare,,,
31949,0.0,,too_rare,,,
31950,2.8008066323101054e-05,,too_rare,,,
31952,0.0,,too_rare,,,
31953,0.0,,too_rare,,,
31954,0.0,,too_rare,,,
31955,0.0,,too_rare,,,
31956,0.0,,too_rare,,,
31957,0.0,,too_rare,,,
31958,0.0,,too_rare,,,
31959,0.0,,too_rare,,,
31960,0.0,,too_rare,,,
31961,0.0,,too_rare,,,
31962,2.8008066323101054e-05,,too_rare,,,
31963,5.601613264620211e-05,,too_rare,,,
31964,0.0,,too_rare,,,
31965,0.0,,too_rare,,,
31966,0.0,,too_rare,,,
31967,0.0,,too_rare,,,
31968,0.0,,too_rare,,,
31969,0.0,,too_rare,,,
31970,2.8008066323101054e-05,,too_rare,,,
31971,0.0,,too_rare,,,
31972,0.0,,too_rare,,,
31973,0.0,,too_rare,,,
31974,0.0,,too_rare,,,
31975,0.0,,too_rare,,,
31976,0.0,,too_rare,,,
31977,0.002716782433340802,,too_rare,,,
31978,0.0,,too_rare,,,
31979,0.0,,too_rare,,,
31982,2.8008066323101054e-05,,too_rare,,,
31984,0.0,,too_rare,,,
31985,0.0,,too_rare,,,
31986,0.0,,too_rare,,,
31987,5.601613264620211e-05,,too_rare,,,
31988,0.0,,too_rare,,,
31989,0.0,,too_rare,,,
31990,0.0,,too_rare,,,
31991,0.0,,too_rare,,,
31992,0.0,,too_rare,,,
31993,0.0053215326013892,,too_rare,,,
31994,0.0,,too_rare,,,
31995,0.0,,too_rare,,,
31996,0.0,,too_rare,,,
31997,0.0,,too_rare,,,
31998,0.0,,too_rare,,,
31999,0.0,,too_rare,,,
32000,0.0,,too_rare,,,
32001,2.8008066323101054e-05,,too_rare,,,
32002,0.0,,too_rare,,,
32003,0.0,,too_rare,,,
32004,0.0,,too_rare,,,
32005,0.0,,too_rare,,,
32006,8.402419896930316e-05,,too_rare,,,
32007,0.0,,too_rare,,,
32008,0.0,,too_rare,,,
32009,2.8008066323101054e-05,,too_rare,,,
32010,0.0,,too_rare,,,
32011,0.0,,too_rare,,,
32012,0.0,,too_rare,,,
32013,0.0,,too_rare,,,
32014,0.0,,too_rare,,,
32015,0.005937710060497424,,too_rare,,,
32016,0.0,,too_rare,,,
32017,8.402419896930316e-05,,too_rare,,,
32018,0.00014004033161550526,,too_rare,,,
32019,0.0,,too_rare,,,
32020,0.0,,too_rare,,,
32021,0.0,,too_rare,,,
32022,2.8008066323101054e-05,,too_rare,,,
32023,0.0,,too_rare,,,
32024,0.0,,too_rare,,,
32025,0.0,,too_rare,,,
32026,0.0,,too_rare,,,
32027,0.0,,too_rare,,,
32028,0.0,,too_rare,,,
32029,0.0,,too_rare,,,
32030,0.0,,too_rare,,,
32031,0.0,,too_rare,,,
32032,0.0,,too_rare,,,
32033,0.0,,too_rare,,,
32034,0.0,,too_rare,,,
32035,0.0,,too_rare,,,
32036,0.0,,too_rare,,,
32037,0.0,,too_rare,,,
32038,0.0,,too_rare,,,
32039,0.0,,too_rare,,,
32040,0.003669056688326238,,too_rare,,,
32041,0.0,,too_rare,,,
32042,0.0,,too_rare,,,
32043,0.0,,too_rare,,,
32044,2.8008066323101054e-05,,too_rare,,,
32045,0.0,,too_rare,,,
32046,2.8008066323101054e-05,,too_rare,,,
32047,2.8008066323101054e-05,,too_rare,,,
32048,0.0,,too_rare,,,
32049,8.402419896930316e-05,,too_rare,,,
32050,0.0,,too_rare,,,
32051,0.0,,too_rare,,,
32052,0.0,,too_rare,,,
32053,0.0,,too_rare,,,
32054,0.0,,too_rare,,,
32055,2.8008066323101054e-05,,too_rare,,,
32056,0.0,,too_rare,,,
32057,0.0,,too_rare,,,
32058,0.0,,too_rare,,,
32059,2.8008066323101054e-05,,too_rare,,,
32060,0.0,,too_rare,,,
32061,8.402419896930316e-05,,too_rare,,,
32062,0.0012603629845395474,,too_rare,,,
32063,0.0,,too_rare,,,
32064,0.0,,too_rare,,,
32065,0.0,,too_rare,,,
32066,0.0,,too_rare,,,
32067,0.0,,too_rare,,,
32068,0.0,,too_rare,,,
32069,0.0,,too_rare,,,
32070,0.00014004033161550526,,too_rare,,,
32071,2.8008066323101054e-05,,too_rare,,,
32072,0.0,,too_rare,,,
32073,0.0,,too_rare,,,
32074,0.0,,too_rare,,,
32075,5.601613264620211e-05,,too_rare,,,
32076,0.0,,too_rare,,,
32078,0.00016804839793860632,,too_rare,,,
32079,0.0,,too_rare,,,
32080,2.8008066323101054e-05,,too_rare,,,
32081,0.0,,too_rare,,,
32082,0.0,,too_rare,,,
32083,0.0,,too_rare,,,
32084,0.0,,too_rare,,,
32085,0.0,,too_rare,,,
32086,0.0,,too_rare,,,
32087,0.0,,too_rare,,,
32088,2.8008066323101054e-05,,too_rare,,,
32089,0.0,,too_rare,,,
32090,0.0,,too_rare,,,
32092,2.8008066323101054e-05,,too_rare,,,
32093,0.0,,too_rare,,,
32094,0.0,,too_rare,,,
32095,0.0,,too_rare,,,
32096,0.00011203226529240422,,too_rare,,,
32097,0.0,,too_rare,,,
32098,0.0,,too_rare,,,
32099,0.0,,too_rare,,,
32100,0.0,,too_rare,,,
32102,0.0,,too_rare,,,
32103,0.0,,too_rare,,,
32104,0.00022406453058480843,,too_rare,,,
32106,0.0,,too_rare,,,
32107,0.0,,too_rare,,,
32108,0.0,,too_rare,,,
32109,8.402419896930316e-05,,too_rare,,,
32110,0.0,,too_rare,,,
32111,0.0,,too_rare,,,
32112,0.0,,too_rare,,,
32113,2.8008066323101054e-05,,too_rare,,,
32114,0.0,,too_rare,,,
32115,5.601613264620211e-05,,too_rare,,,
32116,2.8008066323101054e-05,,too_rare,,,
32117,0.0,,too_rare,,,
32118,0.0,,too_rare,,,
32119,0.0,,too_rare,,,
32120,0.0,,too_rare,,,
32121,2.8008066323101054e-05,,too_rare,,,
32122,2.8008066323101054e-05,,too_rare,,,
32123,0.0,,too_rare,,,
32124,0.0,,too_rare,,,
32125,0.0,,too_rare,,,
32126,2.8008066323101054e-05,,too_rare,,,
32127,0.0,,too_rare,,,
32128,0.0,,too_rare,,,
32129,2.8008066323101054e-05,,too_rare,,,
32130,5.601613264620211e-05,,too_rare,,,
32131,0.0002520725969079095,,too_rare,,,
32132,0.0,,too_rare,,,
32133,0.0,,too_rare,,,
32134,5.601613264620211e-05,,too_rare,,,
32135,0.0,,too_rare,,,
32136,0.0,,too_rare,,,
32137,0.0,,too_rare,,,
32138,8.402419896930316e-05,,too_rare,,,
32139,8.402419896930316e-05,,too_rare,,,
32140,0.0,,too_rare,,,
32141,0.0,,too_rare,,,
32142,0.0,,too_rare,,,
32143,0.0,,too_rare,,,
32144,0.0,,too_rare,,,
32145,0.0,,too_rare,,,
32146,0.0,,too_rare,,,
32147,8.402419896930316e-05,,too_rare,,,
32148,0.0,,too_rare,,,
32149,0.0,,too_rare,,,
32150,0.0,,too_rare,,,
32151,0.0,,too_rare,,,
32152,0.0,,too_rare,,,
32153,0.0,,too_rare,,,
32154,0.0,,too_rare,,,
32155,0.0,,too_rare,,,
32156,0.001148330719247143,,too_rare,,,
32157,0.0,,too_rare,,,
32158,0.0,,too_rare,,,
32159,0.0,,too_rare,,,
32160,0.0,,too_rare,,,
32161,0.0,,too_rare,,,
32162,0.0,,too_rare,,,
32163,0.0,,too_rare,,,
32164,0.0,,too_rare,,,
32165,0.00022406453058480843,,too_rare,,,
32166,0.0,,too_rare,,,
32167,0.0,,too_rare,,,
32168,0.0,,too_rare,,,
32169,0.0,,too_rare,,,
32170,0.0,,too_rare,,,
32171,0.0,,too_rare,,,
32172,0.0,,too_rare,,,
32173,0.0,,too_rare,,,
32174,0.0,,too_rare,,,
32175,0.0,,too_rare,,,
32177,0.0,,too_rare,,,
32178,0.0,,too_rare,,,
32179,0.0,,too_rare,,,
32180,0.0,,too_rare,,,
32181,0.0,,too_rare,,,
32182,0.0,,too_rare,,,
32183,2.8008066323101054e-05,,too_rare,,,
32184,0.0,,too_rare,,,
32185,0.0,,too_rare,,,
32186,2.8008066323101054e-05,,too_rare,,,
32187,0.0,,too_rare,,,
32188,0.0,,too_rare,,,
32189,2.8008066323101054e-05,,too_rare,,,
32190,0.0,,too_rare,,,
32191,0.0,,too_rare,,,
32192,5.601613264620211e-05,,too_rare,,,
32193,0.0,,too_rare,,,
32194,0.0,,too_rare,,,
32195,0.0,,too_rare,,,
32196,0.0,,too_rare,,,
32197,0.0,,too_rare,,,
32198,0.0,,too_rare,,,
32199,0.0,,too_rare,,,
32200,0.0,,too_rare,,,
32201,0.0,,too_rare,,,
32202,2.8008066323101054e-05,,too_rare,,,
32203,0.0,,too_rare,,,
32204,0.0,,too_rare,,,
32205,0.0,,too_rare,,,
32206,2.8008066323101054e-05,,too_rare,,,
32207,0.0,,too_rare,,,
32208,0.0,,too_rare,,,
32209,2.8008066323101054e-05,,too_rare,,,
32210,0.0,,too_rare,,,
32211,0.0,,too_rare,,,
32212,2.8008066323101054e-05,,too_rare,,,
32213,0.0,,too_rare,,,
32214,0.0,,too_rare,,,
32215,0.0,,too_rare,,,
32216,0.0,,too_rare,,,
32217,0.0,,too_rare,,,
32218,0.0,,too_rare,,,
32219,2.8008066323101054e-05,,too_rare,,,
32220,0.0046493390096347745,,too_rare,,,
32221,0.0,,too_rare,,,
32222,0.0,,too_rare,,,
32223,0.0,,too_rare,,,
32224,0.0,,too_rare,,,
32225,0.0,,too_rare,,,
32226,0.0,,too_rare,,,
32227,0.0,,too_rare,,,
32228,0.0,,too_rare,,,
32229,0.0,,too_rare,,,
32230,0.0,,too_rare,,,
32231,0.0,,too_rare,,,
32232,2.8008066323101054e-05,,too_rare,,,
32234,0.0,,too_rare,,,
32235,0.0,,too_rare,,,
32236,0.0,,too_rare,,,
32237,0.0,,too_rare,,,
32238,0.0,,too_rare,,,
32239,0.0,,too_rare,,,
32240,0.0,,too_rare,,,
32241,2.8008066323101054e-05,,too_rare,,,
32242,0.0,,too_rare,,,
32243,0.0,,too_rare,,,
32244,0.0,,too_rare,,,
32245,0.0,,too_rare,,,
32246,0.0002800806632310105,,too_rare,,,
32247,8.402419896930316e-05,,too_rare,,,
32248,0.0,,too_rare,,,
32249,0.0,,too_rare,,,
32250,0.0,,too_rare,,,
32251,0.0,,too_rare,,,
32252,0.0,,too_rare,,,
32253,0.0,,too_rare,,,
32254,5.601613264620211e-05,,too_rare,,,
32255,0.0,,too_rare,,,
32256,5.601613264620211e-05,,too_rare,,,
32257,0.0,,too_rare,,,
32258,0.0,,too_rare,,,
32259,2.8008066323101054e-05,,too_rare,,,
32260,0.0,,too_rare,,,
32261,0.0,,too_rare,,,
32262,0.0,,too_rare,,,
32263,0.0,,too_rare,,,
32264,2.8008066323101054e-05,,too_rare,,,
32265,0.0,,too_rare,,,
32266,0.0,,too_rare,,,
32267,2.8008066323101054e-05,,too_rare,,,
32268,0.0,,too_rare,,,
32269,0.0,,too_rare,,,
32270,0.0,,too_rare,,,
32271,0.0,,too_rare,,,
32272,8.402419896930316e-05,,too_rare,,,
32273,0.0,,too_rare,,,
32274,2.8008066323101054e-05,,too_rare,,,
32275,2.8008066323101054e-05,,too_rare,,,
32276,0.0,,too_rare,,,
32277,0.0,,too_rare,,,
32278,0.00011203226529240422,,too_rare,,,
32279,2.8008066323101054e-05,,too_rare,,,
32280,0.0,,too_rare,,,
32281,0.0,,too_rare,,,
32282,0.0,,too_rare,,,
32283,0.0,,too_rare,,,
32284,0.0,,too_rare,,,
32285,0.0,,too_rare,,,
32286,2.8008066323101054e-05,,too_rare,,,
32287,0.0,,too_rare,,,
32288,0.00033609679587721263,,too_rare,,,
32289,0.0,,too_rare,,,
32290,2.8008066323101054e-05,,too_rare,,,
32291,0.0,,too_rare,,,
32292,0.0,,too_rare,,,
32293,0.00019605646426170737,,too_rare,,,
32294,0.0,,too_rare,,,
32295,0.0,,too_rare,,,
32296,0.0,,too_rare,,,
32297,0.0,,too_rare,,,
32298,0.0,,too_rare,,,
32299,5.601613264620211e-05,,too_rare,,,
32300,5.601613264620211e-05,,too_rare,,,
32301,0.0,,too_rare,,,
32302,0.0,,too_rare,,,
32303,0.0,,too_rare,,,
32304,0.0,,too_rare,,,
32305,0.0,,too_rare,,,
32306,0.0,,too_rare,,,
32307,0.0,,too_rare,,,
32308,0.0,,too_rare,,,
32309,0.0,,too_rare,,,
32310,5.601613264620211e-05,,too_rare,,,
32311,0.0,,too_rare,,,
32312,2.8008066323101054e-05,,too_rare,,,
32313,0.0,,too_rare,,,
32314,0.0,,too_rare,,,
32315,0.0,,too_rare,,,
32316,0.0,,too_rare,,,
32317,0.0,,too_rare,,,
32318,0.0,,too_rare,,,
32319,0.0,,too_rare,,,
32320,0.0,,too_rare,,,
32321,0.0,,too_rare,,,
32322,8.402419896930316e-05,,too_rare,,,
32323,0.0,,too_rare,,,
32324,0.0,,too_rare,,,
32325,0.0,,too_rare,,,
32326,0.0,,too_rare,,,
32327,8.402419896930316e-05,,too_rare,,,
32328,0.00014004033161550526,,too_rare,,,
32329,0.0,,too_rare,,,
32330,0.0,,too_rare,,,
32331,0.0,,too_rare,,,
32332,0.0,,too_rare,,,
32333,0.0,,too_rare,,,
32334,8.402419896930316e-05,,too_rare,,,
32335,0.0,,too_rare,,,
32336,0.0,,too_rare,,,
32337,0.0,,too_rare,,,
32338,0.0,,too_rare,,,
32339,0.0,,too_rare,,,
32340,0.0,,too_rare,,,
32341,0.0,,too_rare,,,
32342,0.0,,too_rare,,,
32343,5.601613264620211e-05,,too_rare,,,
32344,0.0,,too_rare,,,
32345,0.0,,too_rare,,,
32346,0.0004761371274927179,,too_rare,,,
32347,0.0,,too_rare,,,
32348,0.0,,too_rare,,,
32349,0.0,,too_rare,,,
32350,0.0,,too_rare,,,
32351,0.0,,too_rare,,,
32352,0.0,,too_rare,,,
32353,0.0,,too_rare,,,
32354,0.0,,too_rare,,,
32355,0.0,,too_rare,,,
32356,0.0,,too_rare,,,
32358,0.0,,too_rare,,,
32359,0.0008962581223392337,,too_rare,,,
32360,0.0,,too_rare,,,
32361,0.0,,too_rare,,,
32362,0.0,,too_rare,,,
32363,0.0,,too_rare,,,
32364,0.0,,too_rare,,,
32365,0.0,,too_rare,,,
32366,2.8008066323101054e-05,,too_rare,,,
32367,0.0,,too_rare,,,
32368,0.0,,too_rare,,,
32369,0.0,,too_rare,,,
32370,2.8008066323101054e-05,,too_rare,,,
32371,0.0,,too_rare,,,
32372,0.0007002016580775263,,too_rare,,,
32373,0.0,,too_rare,,,
32374,5.601613264620211e-05,,too_rare,,,
32375,2.8008066323101054e-05,,too_rare,,,
32376,0.0,,too_rare,,,
32377,0.0,,too_rare,,,
32378,0.0,,too_rare,,,
32379,0.0,,too_rare,,,
32380,0.0,,too_rare,,,
32381,5.601613264620211e-05,,too_rare,,,
32382,0.0,,too_rare,,,
32384,0.0,,too_rare,,,
32385,0.0,,too_rare,,,
32386,0.0,,too_rare,,,
32387,0.0,,too_rare,,,
32388,2.8008066323101054e-05,,too_rare,,,
32389,2.8008066323101054e-05,,too_rare,,,
32390,2.8008066323101054e-05,,too_rare,,,
32391,0.0,,too_rare,,,
32392,5.601613264620211e-05,,too_rare,,,
32393,2.8008066323101054e-05,,too_rare,,,
32394,0.0,,too_rare,,,
32395,2.8008066323101054e-05,,too_rare,,,
32396,0.0,,too_rare,,,
32397,0.00453730674434237,,too_rare,,,
32398,0.0,,too_rare,,,
32399,0.0,,too_rare,,,
32401,0.0,,too_rare,,,
32402,0.0,,too_rare,,,
32403,0.0,,too_rare,,,
32404,0.0,,too_rare,,,
32405,0.0,,too_rare,,,
32406,0.0,,too_rare,,,
32407,0.0,,too_rare,,,
32408,0.0,,too_rare,,,
32409,0.0,,too_rare,,,
32410,0.0,,too_rare,,,
32411,0.0,,too_rare,,,
32412,0.0,,too_rare,,,
32413,0.0,,too_rare,,,
32414,0.0,,too_rare,,,
32415,2.8008066323101054e-05,,too_rare,,,
32416,0.0,,too_rare,,,
32417,2.8008066323101054e-05,,too_rare,,,
32418,0.0,,too_rare,,,
32419,2.8008066323101054e-05,,too_rare,,,
32421,0.0,,too_rare,,,
32422,0.00016804839793860632,,too_rare,,,
32423,0.0,,too_rare,,,
32424,0.0,,too_rare,,,
32425,0.0,,too_rare,,,
32426,0.0,,too_rare,,,
32427,5.601613264620211e-05,,too_rare,,,
32428,0.00014004033161550526,,too_rare,,,
32429,0.0,,too_rare,,,
32430,0.0012883710508626485,,too_rare,,,
32431,0.0,,too_rare,,,
32432,2.8008066323101054e-05,,too_rare,,,
32433,0.0,,too_rare,,,
32434,0.0,,too_rare,,,
32435,2.8008066323101054e-05,,too_rare,,,
32436,0.0,,too_rare,,,
32437,0.0,,too_rare,,,
32438,0.0,,too_rare,,,
32440,0.0,,too_rare,,,
32441,5.601613264620211e-05,,too_rare,,,
32442,0.0,,too_rare,,,
32443,0.0,,too_rare,,,
32444,0.0,,too_rare,,,
32445,0.0,,too_rare,,,
32446,0.00011203226529240422,,too_rare,,,
32447,0.0,,too_rare,,,
32448,0.0,,too_rare,,,
32449,0.0,,too_rare,,,
32450,0.0,,too_rare,,,
32451,2.8008066323101054e-05,,too_rare,,,
32452,2.8008066323101054e-05,,too_rare,,,
32453,0.0,,too_rare,,,
32454,0.0,,too_rare,,,
32455,0.0,,too_rare,,,
32456,0.0,,too_rare,,,
32457,0.0,,too_rare,,,
32458,0.0,,too_rare,,,
32459,0.0,,too_rare,,,
32460,0.0,,too_rare,,,
32461,0.0,,too_rare,,,
32462,0.00016804839793860632,,too_rare,,,
32463,0.0,,too_rare,,,
32464,0.00014004033161550526,,too_rare,,,
32465,0.003753080887295541,,too_rare,,,
32466,0.0,,too_rare,,,
32467,0.005797669728881918,,too_rare,,,
32468,0.0,,too_rare,,,
32469,0.0,,too_rare,,,
32470,0.002548734035402196,,too_rare,,,
32471,0.0,,too_rare,,,
32472,0.0,,too_rare,,,
32473,5.601613264620211e-05,,too_rare,,,
32475,2.8008066323101054e-05,,too_rare,,,
32476,0.0,,too_rare,,,
32477,0.0,,too_rare,,,
32478,0.0,,too_rare,,,
32479,0.0,,too_rare,,,
32480,2.8008066323101054e-05,,too_rare,,,
32481,5.601613264620211e-05,,too_rare,,,
32482,0.0,,too_rare,,,
32483,0.0,,too_rare,,,
32484,2.8008066323101054e-05,,too_rare,,,
32485,0.0,,too_rare,,,
32486,0.0,,too_rare,,,
32487,0.0,,too_rare,,,
32488,2.8008066323101054e-05,,too_rare,,,
32489,0.0,,too_rare,,,
32491,0.0,,too_rare,,,
32492,0.0,,too_rare,,,
32493,2.8008066323101054e-05,,too_rare,,,
32494,2.8008066323101054e-05,,too_rare,,,
32495,0.0,,too_rare,,,
32496,0.0,,too_rare,,,
32497,5.601613264620211e-05,,too_rare,,,
32498,0.0,,too_rare,,,
32499,0.0,,too_rare,,,
32500,0.0,,too_rare,,,
32502,0.0,,too_rare,,,
32503,5.601613264620211e-05,,too_rare,,,
32504,0.0,,too_rare,,,
32505,0.0,,too_rare,,,
32506,0.0,,too_rare,,,
32507,0.0,,too_rare,,,
32508,0.0,,too_rare,,,
32509,0.0,,too_rare,,,
32510,0.0,,too_rare,,,
32511,0.0,,too_rare,,,
32512,0.0,,too_rare,,,
32513,0.0,,too_rare,,,
32514,2.8008066323101054e-05,,too_rare,,,
32515,0.0,,too_rare,,,
32516,0.0,,too_rare,,,
32517,5.601613264620211e-05,,too_rare,,,
32518,0.0,,too_rare,,,
32519,0.0,,too_rare,,,
32520,0.0,,too_rare,,,
32521,0.0,,too_rare,,,
32522,0.0,,too_rare,,,
32523,2.8008066323101054e-05,,too_rare,,,
32524,5.601613264620211e-05,,too_rare,,,
32525,0.0,,too_rare,,,
32526,0.0,,too_rare,,,
32527,0.00019605646426170737,,too_rare,,,
32528,0.0,,too_rare,,,
32529,0.0,,too_rare,,,
32530,0.0,,too_rare,,,
32531,5.601613264620211e-05,,too_rare,,,
32532,0.0,,too_rare,,,
32533,0.0,,too_rare,,,
32534,2.8008066323101054e-05,,too_rare,,,
32535,0.0,,too_rare,,,
32536,0.0,,too_rare,,,
32537,0.0,,too_rare,,,
32538,2.8008066323101054e-05,,too_rare,,,
32539,0.0,,too_rare,,,
32540,0.0,,too_rare,,,
32541,0.0,,too_rare,,,
32542,0.0,,too_rare,,,
32543,2.8008066323101054e-05,,too_rare,,,
32544,0.0,,too_rare,,,
32545,0.0,,too_rare,,,
32546,0.0,,too_rare,,,
32547,0.0,,too_rare,,,
32548,0.0,,too_rare,,,
32549,0.0,,too_rare,,,
32551,0.0,,too_rare,,,
32552,0.0,,too_rare,,,
32553,2.8008066323101054e-05,,too_rare,,,
32554,0.0,,too_rare,,,
32556,2.8008066323101054e-05,,too_rare,,,
32557,0.0,,too_rare,,,
32558,0.0,,too_rare,,,
32559,8.402419896930316e-05,,too_rare,,,
32560,0.0,,too_rare,,,
32561,0.0,,too_rare,,,
32562,0.0,,too_rare,,,
32563,0.0,,too_rare,,,
32564,0.0,,too_rare,,,
32565,0.0,,too_rare,,,
32566,0.0,,too_rare,,,
32567,0.0,,too_rare,,,
32568,0.0,,too_rare,,,
32569,0.0,,too_rare,,,
32570,0.0,,too_rare,,,
32571,0.0,,too_rare,,,
32572,0.0,,too_rare,,,
32573,0.0,,too_rare,,,
32574,0.0,,too_rare,,,
32575,0.0,,too_rare,,,
32576,0.0,,too_rare,,,
32577,0.0,,too_rare,,,
32578,0.0,,too_rare,,,
32579,0.0,,too_rare,,,
32580,0.0,,too_rare,,,
32581,2.8008066323101054e-05,,too_rare,,,
32582,2.8008066323101054e-05,,too_rare,,,
32583,2.8008066323101054e-05,,too_rare,,,
32584,0.0,,too_rare,,,
32585,0.0,,too_rare,,,
32586,5.601613264620211e-05,,too_rare,,,
32587,0.00019605646426170737,,too_rare,,,
32588,0.0,,too_rare,,,
32589,5.601613264620211e-05,,too_rare,,,
32590,2.8008066323101054e-05,,too_rare,,,
32591,2.8008066323101054e-05,,too_rare,,,
32592,0.0,,too_rare,,,
32593,0.0,,too_rare,,,
32594,0.0,,too_rare,,,
32595,0.0,,too_rare,,,
32596,0.0,,too_rare,,,
32597,0.00011203226529240422,,too_rare,,,
32598,0.0,,too_rare,,,
32599,0.0,,too_rare,,,
32600,0.0,,too_rare,,,
32601,2.8008066323101054e-05,,too_rare,,,
32602,0.0,,too_rare,,,
32603,0.0,,too_rare,,,
32604,8.402419896930316e-05,,too_rare,,,
32605,0.0,,too_rare,,,
32606,0.0,,too_rare,,,
32607,0.0,,too_rare,,,
32608,0.0,,too_rare,,,
32609,0.0,,too_rare,,,
32610,0.0,,too_rare,,,
32611,0.0,,too_rare,,,
32612,0.0,,too_rare,,,
32613,0.0,,too_rare,,,
32614,0.0,,too_rare,,,
32615,0.00014004033161550526,,too_rare,,,
32616,0.0,,too_rare,,,
32617,0.0,,too_rare,,,
32618,0.0,,too_rare,,,
32619,0.0,,too_rare,,,
32620,0.0,,too_rare,,,
32621,0.0,,too_rare,,,
32623,0.0,,too_rare,,,
32624,0.00019605646426170737,,too_rare,,,
32626,0.0,,too_rare,,,
32627,0.0,,too_rare,,,
32628,0.0,,too_rare,,,
32629,0.0,,too_rare,,,
32630,0.0,,too_rare,,,
32631,0.0,,too_rare,,,
32632,0.0,,too_rare,,,
32633,0.0,,too_rare,,,
32634,0.0,,too_rare,,,
32635,0.0,,too_rare,,,
32636,0.0,,too_rare,,,
32637,0.00022406453058480843,,too_rare,,,
32638,0.0,,too_rare,,,
32639,0.0,,too_rare,,,
32640,0.00011203226529240422,,too_rare,,,
32641,0.0,,too_rare,,,
32642,0.0,,too_rare,,,
32643,0.0,,too_rare,,,
32644,0.0,,too_rare,,,
32645,0.0,,too_rare,,,
32646,0.0,,too_rare,,,
32647,0.0,,too_rare,,,
32648,0.0,,too_rare,,,
32649,2.8008066323101054e-05,,too_rare,,,
32650,0.0,,too_rare,,,
32651,0.0,,too_rare,,,
32652,0.0,,too_rare,,,
32653,0.0,,too_rare,,,
32654,0.0,,too_rare,,,
32655,0.0,,too_rare,,,
32656,0.0,,too_rare,,,
32657,0.0,,too_rare,,,
32658,0.0,,too_rare,,,
32659,0.0,,too_rare,,,
32660,0.0,,too_rare,,,
32661,0.0,,too_rare,,,
32662,0.0,,too_rare,,,
32663,0.0,,too_rare,,,
32664,0.0,,too_rare,,,
32665,0.0,,too_rare,,,
32666,0.0,,too_rare,,,
32667,0.0,,too_rare,,,
32668,0.0,,too_rare,,,
32669,0.0,,too_rare,,,
32670,0.0,,too_rare,,,
32671,0.0,,too_rare,,,
32672,0.0,,too_rare,,,
32673,0.0,,too_rare,,,
32674,0.0,,too_rare,,,
32675,2.8008066323101054e-05,,too_rare,,,
32676,0.0,,too_rare,,,
32677,0.0,,too_rare,,,
32679,0.0,,too_rare,,,
32680,8.402419896930316e-05,,too_rare,,,
32681,0.0,,too_rare,,,
32682,0.0,,too_rare,,,
32683,0.0,,too_rare,,,
32684,0.0,,too_rare,,,
32685,0.0,,too_rare,,,
32686,2.8008066323101054e-05,,too_rare,,,
32687,0.0,,too_rare,,,
32688,2.8008066323101054e-05,,too_rare,,,
32689,0.00016804839793860632,,too_rare,,,
32690,2.8008066323101054e-05,,too_rare,,,
32691,0.0,,too_rare,,,
32692,2.8008066323101054e-05,,too_rare,,,
32694,0.0,,too_rare,,,
32695,0.0,,too_rare,,,
32696,5.601613264620211e-05,,too_rare,,,
32697,0.0,,too_rare,,,
32698,2.8008066323101054e-05,,too_rare,,,
32699,0.0,,too_rare,,,
32700,0.0,,too_rare,,,
32701,0.0,,too_rare,,,
32702,0.0,,too_rare,,,
32703,5.601613264620211e-05,,too_rare,,,
32704,0.0,,too_rare,,,
32706,0.0,,too_rare,,,
32707,0.0,,too_rare,,,
32708,0.0,,too_rare,,,
32709,0.0,,too_rare,,,
32710,0.0,,too_rare,,,
32711,0.0,,too_rare,,,
32712,8.402419896930316e-05,,too_rare,,,
32713,0.0,,too_rare,,,
32714,2.8008066323101054e-05,,too_rare,,,
32715,2.8008066323101054e-05,,too_rare,,,
32716,2.8008066323101054e-05,,too_rare,,,
32717,0.0,,too_rare,,,
32718,0.0,,too_rare,,,
32719,0.0,,too_rare,,,
32720,0.0,,too_rare,,,
32721,0.0,,too_rare,,,
32722,0.0,,too_rare,,,
32723,2.8008066323101054e-05,,too_rare,,,
32724,0.0,,too_rare,,,
32725,0.0,,too_rare,,,
32726,0.0,,too_rare,,,
32727,0.0,,too_rare,,,
32728,0.0,,too_rare,,,
32729,5.601613264620211e-05,,too_rare,,,
32730,5.601613264620211e-05,,too_rare,,,
32731,0.0,,too_rare,,,
32732,0.0,,too_rare,,,
32733,2.8008066323101054e-05,,too_rare,,,
32734,0.0,,too_rare,,,
32735,0.0,,too_rare,,,
32736,0.0,,too_rare,,,
32737,0.0,,too_rare,,,
32738,0.0,,too_rare,,,
32739,0.0,,too_rare,,,
32740,0.0,,too_rare,,,
32741,0.0,,too_rare,,,
32742,0.000560161326462021,,too_rare,,,
32744,0.0,,too_rare,,,
32745,2.8008066323101054e-05,,too_rare,,,
32746,0.0,,too_rare,,,
32747,0.0,,too_rare,,,
32748,0.0,,too_rare,,,
32749,0.0,,too_rare,,,
32750,0.0,,too_rare,,,
32751,0.0,,too_rare,,,
32752,0.0,,too_rare,,,
32753,0.0,,too_rare,,,
32754,0.0,,too_rare,,,
32755,0.0,,too_rare,,,
32756,0.0,,too_rare,,,
32757,0.0,,too_rare,,,
32758,0.0,,too_rare,,,
32759,0.0,,too_rare,,,
32760,0.0,,too_rare,,,
32762,0.0,,too_rare,,,
32763,5.601613264620211e-05,,too_rare,,,
32764,2.8008066323101054e-05,,too_rare,,,
32765,0.0,,too_rare,,,
32766,0.0,,too_rare,,,
32767,0.0,,too_rare,,,
